feature,horizon_seconds,days_scored,mean_pearson_ic,pearson_ic_std,pearson_pct_same_sign,pearson_t_pvalue,mean_spearman_ic,spearman_ic_std,spearman_pct_same_sign,spearman_t_pvalue,mean_pair_count,expected_development_days,available_development_days,missing_development_days,pearson_fdr_reject,pearson_fdr_qvalue,spearman_fdr_reject,spearman_fdr_qvalue
BB10_T1,1,70,-0.015038825713898737,0.01744940527424031,0.8857142857142857,5.512358719647664e-10,-0.03182012470534925,0.019296633785768465,0.9428571428571428,1.6124913168157719e-21,22286.685714285715,85,70,15,True,1.9354877415023045e-09,True,9.208524792724779e-21
BB10_T1,5,70,-0.012633711415504687,0.0191338878584529,0.7571428571428571,5.463031069234224e-07,-0.024779712129150405,0.0214454945569781,0.9,1.8462199309676858e-14,22282.685714285715,85,70,15,True,1.6327657737200901e-06,True,6.933804078017649e-14
BB10_T1,30,70,-0.007014949986010272,0.01468983350578415,0.7,0.00015941212775626325,-0.01242426301955029,0.016055944500201477,0.8285714285714286,1.1771947842774166e-08,22257.685714285715,85,70,15,True,0.00035080821745215376,True,3.123917453848157e-08
BB10_T1,60,70,-0.005575049666289791,0.013923452558177674,0.7,0.0013129243770676163,-0.009863101250148547,0.013313780478593384,0.8,3.6485827471471364e-08,22227.742857142857,85,70,15,True,0.002440104208084307,True,9.414431686835987e-08
BB10_T1,300,70,-0.004526027960759263,0.012482522894556104,0.6285714285714286,0.0034040707680806385,-0.0060981670652396095,0.011943442882212798,0.7142857142857143,6.082289746335459e-05,21988.742857142857,85,70,15,True,0.005839654669175077,True,0.0001061865137624508
BB10_T10,1,70,-0.004970833233217113,0.007766921496991419,0.7285714285714285,1.0632785456875147e-06,-0.009515500663878592,0.010072129156590011,0.9142857142857143,2.992183938211907e-11,21300.17142857143,85,70,15,True,3.1053485844062944e-06,True,9.415299852627353e-11
BB10_T10,5,70,-0.008470303729690156,0.01661830049151657,0.7,6.244774750148623e-05,-0.012754561235277023,0.017659290218695094,0.8428571428571429,6.859388393850059e-08,21296.17142857143,85,70,15,True,0.0001450147012170592,True,1.7148470984625146e-07
BB10_T10,30,70,-0.014124287240241637,0.03979421451162494,0.6571428571428571,0.004098979878345146,-0.019282236417834584,0.03671185687762778,0.7714285714285715,3.928218985695004e-05,21271.17142857143,85,70,15,True,0.006925171383707951,True,7.035768072793953e-05
BB10_T10,60,70,-0.017989656809451565,0.05623107586208014,0.6428571428571429,0.0092822004600216,-0.024070364641235832,0.051152794015804096,0.7142857142857143,0.00019454400192456234,21241.17142857143,85,70,15,True,0.014874769290063039,True,0.00032237387369274005
BB10_T10,300,70,-0.03339159277807582,0.11259382730377256,0.6428571428571429,0.0155327884989539,-0.039859294222589166,0.10436291206427328,0.6714285714285714,0.0021062366305845807,21001.17142857143,85,70,15,True,0.0239131963304261,True,0.003056298851359604
BB10_T11,1,70,-0.00457803576906491,0.007860465004957353,0.7571428571428571,6.7515349896452225e-06,-0.00906677195060878,0.01020126762852769,0.8857142857142857,2.1428469740772994e-10,21000.17142857143,85,70,15,True,1.8124750108177345e-05,True,6.437857648206148e-10
BB10_T11,5,70,-0.007812651876318978,0.017105538577350726,0.7285714285714285,0.0002872951707321968,-0.01242452777531334,0.017908023666087142,0.8285714285714286,1.7908522652906336e-07,20996.17142857143,85,70,15,True,0.000607097746103843,True,4.357320124351507e-07
BB10_T11,30,70,-0.012601749616623427,0.041042269884633054,0.6714285714285714,0.012368063349473065,-0.01872723613750335,0.03777700715261591,0.7714285714285715,9.417535631007801e-05,20971.17142857143,85,70,15,True,0.019408867047217795,True,0.00016107715646104925
BB10_T11,60,70,-0.01588828772426739,0.05726103339140512,0.6571428571428571,0.023219957171206024,-0.023578378483090568,0.05228192727426034,0.7142857142857143,0.0003372041447020257,20941.17142857143,85,70,15,True,0.0341673560589942,True,0.0005408729433358863
BB10_T11,300,70,-0.032293552068976515,0.11718974345417388,0.6285714285714286,0.024147186360647464,-0.04029692057032796,0.10895326034083978,0.6571428571428571,0.002847418017369723,20701.17142857143,85,70,15,True,0.03536605717509059,True,0.004051824238061117
BB10_T12,1,70,-0.004587460096577591,0.008408017562515798,0.7714285714285715,2.117463804663288e-05,-0.008404303530092846,0.009965284215746424,0.8857142857142857,1.0527720653305648e-09,19200.17142857143,85,70,15,True,5.2898318475138535e-05,True,3.014568071673417e-09
BB10_T12,5,70,-0.008472151958144596,0.018530295837749712,0.7285714285714285,0.00028351739229156794,-0.013937125030491321,0.01828273728882807,0.8285714285714286,1.748342892422392e-08,19196.17142857143,85,70,15,True,0.0005998484937950809,True,4.5900643566256564e-08
BB10_T12,30,70,-0.015956560429628723,0.04504590199970594,0.7,0.004169111546956719,-0.024339269571964212,0.03875233058427156,0.8285714285714286,1.5677316133395933e-06,19171.17142857143,85,70,15,True,0.00702647824133457,True,3.4066117761561603e-06
BB10_T12,60,70,-0.020758519610062944,0.062350016324814024,0.7,0.006893539496272201,-0.030622286485027597,0.05503004699027396,0.8285714285714286,1.5165268122573976e-05,19141.17142857143,85,70,15,True,0.011277073371032611,True,2.8996126930544043e-05
BB10_T12,300,70,-0.04077605245091417,0.128116138776406,0.6285714285714286,0.009633796714618434,-0.05117262686140926,0.11814093609350533,0.7285714285714285,0.0005503627586651451,18901.17142857143,85,70,15,True,0.015388242093854369,True,0.0008553771170436692
BB10_T2,1,70,-0.013742314758648068,0.016524938524091107,0.8571428571428571,1.5864298030703588e-09,-0.03132855251423518,0.018561687303715022,0.9285714285714286,4.899991860412277e-22,22753.7,85,70,15,True,5.368581135049216e-09,True,3.0285280639936347e-21
BB10_T2,5,70,-0.012061135430349318,0.021697823593857243,0.6428571428571429,1.544703216751479e-05,-0.027386254061928992,0.025054319741990343,0.8428571428571429,1.6244185602865835e-13,22749.7,85,70,15,True,3.9591614346263796e-05,True,5.75041272669272e-13
BB10_T2,30,70,-0.008166281991232248,0.02034241692966251,0.6571428571428571,0.0012781524564385621,-0.01641730382579848,0.022438819725807833,0.7714285714285715,4.9866920171993044e-08,22724.7,85,70,15,True,0.0023844582813198176,True,1.2649935440228577e-07
BB10_T2,60,70,-0.006192031991068197,0.020305144270795123,0.6857142857142857,0.012949644836533424,-0.01293996699876148,0.019403348044884576,0.8,4.389870818671179e-07,22694.7,85,70,15,True,0.020180885390359733,True,1.025505130771203e-06
BB10_T2,300,70,-0.00553775215653371,0.019237863094211095,0.6142857142857143,0.018699146652812935,-0.008375698914086268,0.018423830014612994,0.7,0.000304822174190172,22454.72857142857,85,70,15,True,0.02810158837997782,True,0.0004921354084788039
BB10_T3,1,70,-0.011645979572022437,0.013351921517704823,0.8428571428571429,3.8313773489246794e-10,-0.027000644713475335,0.01589501870215777,0.9428571428571428,3.5175469858146013e-22,22768.9,85,70,15,True,1.3590768727448427e-09,True,2.229931162566871e-21
BB10_T3,5,70,-0.013060577355692788,0.02054776077654682,0.7285714285714285,1.226588231079047e-06,-0.02955268774945317,0.025533396521882062,0.8571428571428571,1.7260878376906258e-14,22764.9,85,70,15,True,3.567224190557013e-06,True,6.496335536212673e-14
BB10_T3,30,70,-0.011179166615724403,0.02929292308834622,0.7,0.0021220108256254544,-0.023938066684926058,0.03236567320053667,0.8,3.801825113732287e-08,22739.9,85,70,15,True,0.003781097164794498,True,9.766026593267696e-08
BB10_T3,60,70,-0.009099842726833503,0.03315989237117057,0.6428571428571429,0.024719289102443504,-0.019931124589931418,0.030790389549284817,0.7714285714285715,8.368859586497127e-07,22709.9,85,70,15,True,0.036112111564041566,True,1.8787791216526644e-06
BB10_T3,300,70,-0.007829610368898364,0.031493309203357016,0.5857142857142857,0.04123872030314446,-0.012371507290677588,0.030547458679695463,0.6428571428571429,0.001165204343575137,22469.9,85,70,15,False,0.05794216293101428,True,0.0017435171580657647
BB10_T4,1,70,-0.010181308808901677,0.011161797766438192,0.8142857142857143,9.423131813676535e-11,-0.022933190623851813,0.01390404574168792,0.9428571428571428,1.5931476973865936e-21,22739.32857142857,85,70,15,True,3.437900783131196e-10,True,9.143403143149374e-21
BB10_T4,5,70,-0.01254190088592809,0.019522712659921986,0.7571428571428571,9.822386055814204e-07,-0.027527874489939284,0.023670894585101753,0.9,1.424932554496147e-14,22735.32857142857,85,70,15,True,2.8808441275757928e-06,True,5.398183934429781e-14
BB10_T4,30,70,-0.010180333452516788,0.03470803585798016,0.6714285714285714,0.01665429236385216,-0.025457372653752957,0.03513013342584181,0.8,6.32289265379258e-08,22710.32857142857,85,70,15,True,0.025449172984137174,True,1.5876158543842182e-07
BB10_T4,60,70,-0.009602924583591813,0.04219920484116247,0.6428571428571429,0.061091649835617594,-0.022105989174191102,0.038920916313441904,0.7285714285714285,1.0613332508558073e-05,22680.32857142857,85,70,15,False,0.08228914237119363,True,2.077567472833674e-05
BB10_T4,300,70,-0.009177418895505409,0.04453599321675416,0.5285714285714286,0.08917055133470925,-0.014981941577390717,0.043294103367124415,0.6285714285714286,0.005069099191411891,22440.32857142857,85,70,15,False,0.1151716840603441,True,0.006927902573705729
BB10_T5,1,70,-0.008964371465811232,0.010173883217151397,0.8,2.805407143704956e-10,-0.02037785297113089,0.012441295849795827,0.9714285714285714,2.2711192144340226e-21,22709.757142857143,85,70,15,True,1.001310091065299e-09,True,1.2800516942690944e-20
BB10_T5,5,70,-0.010950259553282066,0.018595117382478845,0.7428571428571429,5.505267362792509e-06,-0.02498270391806126,0.021395927228825367,0.8857142857142857,1.2109229127565105e-14,22705.757142857143,85,70,15,True,1.4906503713517733e-05,True,4.6331546661946226e-14
BB10_T5,30,70,-0.00804944058969065,0.03570514105874011,0.6428571428571429,0.06347932671855665,-0.02394839903437549,0.035007615636711696,0.8142857142857143,2.477882546092656e-07,22680.757142857143,85,70,15,False,0.08510712992340495,True,5.949328837213431e-07
BB10_T5,60,70,-0.007366328499437507,0.04447840105277242,0.6142857142857143,0.17031896362680454,-0.020535530387520387,0.04093996357608841,0.7,7.92960604230997e-05,22650.757142857143,85,70,15,False,0.20389882859688485,True,0.00013657422758724556
BB10_T5,300,70,-0.010240832411460274,0.053115081935389434,0.5285714285714286,0.11128331253831553,-0.01681344707160565,0.05198628882341924,0.6142857142857143,0.008575237969800741,22410.757142857143,85,70,15,False,0.13986855575655113,True,0.011434753864604979
BB10_T6,1,70,-0.00801291006827775,0.00979038899262948,0.7857142857142857,2.509380517681919e-09,-0.018624599889494404,0.01176425272446661,0.9571428571428572,1.2548024937957192e-20,22680.17142857143,85,70,15,True,8.441976327741998e-09,True,6.649300132847775e-20
BB10_T6,5,70,-0.009637655903539795,0.018430103726316725,0.7857142857142857,4.209308736315087e-05,-0.0227723409213907,0.020633075412609444,0.8857142857142857,1.121128657528772e-13,22676.17142857143,85,70,15,True,9.967896973247858e-05,True,4.0306966823745127e-13
BB10_T6,30,70,-0.006293943989231212,0.03596136290541895,0.6714285714285714,0.14764816594699431,-0.021849349314989577,0.035210603407905,0.7714285714285715,2.001014178502038e-06,22651.17142857143,85,70,15,False,0.1789910222269703,True,4.310164766201679e-06
BB10_T6,60,70,-0.006148939755336559,0.04484898108907749,0.5857142857142857,0.2553073420868147,-0.019337492374918143,0.04151732510938531,0.6857142857142857,0.00022282889817627614,22621.17142857143,85,70,15,False,0.29140629894613307,True,0.00036573579618640983
BB10_T6,300,70,-0.011275207830388243,0.05861644650818877,0.5428571428571428,0.11210301787189589,-0.0182664025327348,0.05796180380765938,0.6142857142857143,0.01033412780550672,22381.17142857143,85,70,15,False,0.14058654328399284,True,0.013644000151158832
BB10_T7,1,70,-0.005885676758229535,0.008837242822655899,0.8,4.5204556895335077e-07,-0.013903535681380906,0.011106082375570498,0.9,6.678809172110215e-16,22500.17142857143,85,70,15,True,1.3604681539493267e-06,True,2.7405327422376236e-15
BB10_T7,5,70,-0.00753843811210676,0.01739917470158262,0.7,0.000548644783281014,-0.016834987075205234,0.019442318266568646,0.8428571428571429,4.784703705530631e-10,22496.17142857143,85,70,15,True,0.0011059321623313322,True,1.4081049667419367e-09
BB10_T7,30,70,-0.0066132546009896095,0.03657478535580371,0.5857142857142857,0.13489667655914947,-0.01880836292511244,0.03554715796173392,0.7142857142857143,3.495256426359562e-05,22471.17142857143,85,70,15,False,0.16509671183559102,True,6.312656013106266e-05
BB10_T7,60,70,-0.006890801121066816,0.050911727041374984,0.5285714285714286,0.26138504032500764,-0.018166770116807056,0.048133168404713135,0.6857142857142857,0.0023584902149527327,22441.17142857143,85,70,15,False,0.29726310543875273,True,0.003395243205275705
BB10_T7,300,70,-0.022439914364470154,0.08129406347103742,0.6,0.02391663339192164,-0.027856974610044674,0.07719570971455293,0.6285714285714286,0.0035505512610652943,22201.17142857143,85,70,15,True,0.03505811131484541,True,0.004974515250194887
BB10_T8,1,70,-0.005456637370711154,0.008141446690348511,0.7714285714285715,3.930337716448234e-07,-0.01181142282047912,0.009776850070680684,0.9285714285714286,2.994920773559416e-15,22200.17142857143,85,70,15,True,1.1922139429612509e-06,True,1.1852750598680165e-14
BB10_T8,5,70,-0.008106990353106674,0.01678139651888777,0.6857142857142857,0.00013588929639377832,-0.014241686029233397,0.017127434683235677,0.8714285714285714,1.5918363248582039e-09,22196.17142857143,85,70,15,True,0.00030251128804156195,True,4.5117264606945724e-09
BB10_T8,30,70,-0.010437285032363923,0.037886252211977604,0.6142857142857143,0.024185017058693893,-0.018271743034853054,0.03376471255156096,0.7,2.4262004379560356e-05,22171.17142857143,85,70,15,True,0.035391458677589506,True,4.494650183808495e-05
BB10_T8,60,70,-0.012452693264396193,0.05240366777393548,0.5857142857142857,0.050763122046652995,-0.02035114230684734,0.046368128911899495,0.6428571428571429,0.0004704707946649483,22141.17142857143,85,70,15,False,0.06970850026676713,True,0.0007398619005768758
BB10_T8,300,70,-0.028309012470586783,0.0929014370157328,0.5857142857142857,0.01301442951917752,-0.031194307473339376,0.08948042687115072,0.6285714285714286,0.004769086723004292,21901.17142857143,85,70,15,True,0.020236207915732822,True,0.006535975658690617
BB10_T9,1,70,-0.004820875925374685,0.007935302281477125,0.7,3.0408493306907043e-06,-0.01056640231946429,0.010034203061020236,0.9142857142857143,6.609353430684018e-13,21900.17142857143,85,70,15,True,8.527706523975848e-06,True,2.267658383449859e-12
BB10_T9,5,70,-0.007460575238374475,0.01650998778326691,0.6571428571428571,0.00032889993407210434,-0.012989382012089224,0.017343863634889076,0.8571428571428571,2.7653739901314855e-08,21896.17142857143,85,70,15,True,0.0006882793895937472,True,7.199975234291095e-08
BB10_T9,30,70,-0.01025713889280881,0.038177934966553986,0.5857142857142857,0.02778611800391277,-0.017209116441401873,0.03542055291210015,0.7,0.0001254935663695365,21871.17142857143,85,70,15,True,0.04018461184743599,True,0.0002122272520320418
BB10_T9,60,70,-0.012496970613110938,0.053134902108979955,0.5714285714285714,0.0531152564917917,-0.019942198040864147,0.04925558083683097,0.6428571428571429,0.0011688968427862186,21841.17142857143,85,70,15,False,0.07256354732271404,True,0.0017467727473297944
BB10_T9,300,70,-0.029669026612586562,0.10023533356779651,0.6428571428571429,0.015725289108771377,-0.03344580466205735,0.09721160579783415,0.6714285714285714,0.005314815111265268,21601.17142857143,85,70,15,True,0.024157791850069516,True,0.007249382633012832
BB11_T1,1,70,-0.011956494340010705,0.006896493513974694,0.9285714285714286,1.2188303200683097e-22,-0.012359814399214162,0.009093083312677337,0.9142857142857143,1.7822418675748145e-17,22795.17142857143,85,70,15,True,3.05149185205508e-21,True,7.904551543608452e-17
BB11_T1,5,70,-0.026726441099753074,0.015708496160269165,0.9285714285714286,3.2388572055130177e-22,-0.028288337381095537,0.01641040781813424,0.9428571428571428,1.6428729955098733e-22,22791.17142857143,85,70,15,True,3.464474193513151e-21,True,1.08323019074172e-21
BB11_T1,30,70,-0.06430403432277529,0.03842439320745143,0.9285714285714286,7.584785633805798e-22,-0.0691205284072347,0.03327498493169904,0.9428571428571428,6.59440247014674e-27,22766.17142857143,85,70,15,True,5.28335370258045e-21,True,1.0036854860950213e-25
BB11_T1,60,70,-0.0901345235333908,0.05344813125532914,0.9285714285714286,5.116264910407944e-22,-0.09765340624796572,0.0456672822908181,0.9428571428571428,1.2760325267237536e-27,22736.17142857143,85,70,15,True,4.1788877696121625e-21,True,4.1623084319529176e-26
BB11_T1,300,70,-0.1994443234636507,0.1112396633111358,0.9285714285714286,2.0817559711121042e-23,-0.2111217164170781,0.09804804044303932,0.9571428571428572,8.593712284354555e-28,22496.17142857143,85,70,15,True,1.3379154825388102e-21,True,4.1623084319529176e-26
BB11_T10,1,70,-0.00938523195883287,0.006356720757629549,0.9285714285714286,3.785689433237411e-19,-0.00815120313948228,0.00824364999714,0.8714285714285714,6.337214592594241e-12,21300.17142857143,85,70,15,True,1.5911869819750917e-18,True,2.0675237410210673e-11
BB11_T10,5,70,-0.021346565990273157,0.014474193722058892,0.9285714285714286,3.990280171965055e-19,-0.021812379420308878,0.015640750376867286,0.9142857142857143,5.513259500969673e-18,21296.17142857143,85,70,15,True,1.675141919093471e-18,True,2.5533929726340778e-17
BB11_T10,30,70,-0.05266886046315049,0.03556675309179878,0.9285714285714286,3.281218757296513e-19,-0.05599683771983436,0.031361660282054234,0.9428571428571428,2.5922059936873355e-23,21271.17142857143,85,70,15,True,1.3808295744773998e-18,True,1.869743571647128e-22
BB11_T10,60,70,-0.07431197652712243,0.04985143308658451,0.9428571428571428,2.3889940788914717e-19,-0.08153445492589312,0.04333038460475483,0.9428571428571428,1.56046962882039e-24,21241.17142857143,85,70,15,True,1.0090433426124737e-18,True,1.2394074867987236e-23
BB11_T10,300,70,-0.16960883224775194,0.1038126484862235,0.9571428571428572,2.580596982079639e-21,-0.1822910142353247,0.09427386580606795,0.9571428571428572,3.5384743899581166e-25,21001.17142857143,85,70,15,True,1.5398899089957084e-20,True,3.095045320836783e-24
BB11_T11,1,70,-0.009619722646322807,0.006658586604949461,0.9142857142857143,1.0619029024488495e-18,-0.008301809733127257,0.008371400807160156,0.9,5.721489317241434e-12,21000.17142857143,85,70,15,True,4.409704961491316e-18,True,1.8684069556776136e-11
BB11_T11,5,70,-0.021897602398021323,0.01509390149043425,0.9285714285714286,8.717100765128305e-19,-0.02178715073381619,0.015494977744256509,0.9142857142857143,3.772359925680642e-18,20996.17142857143,85,70,15,True,3.6286244751226856e-18,True,1.7589073607593276e-17
BB11_T11,30,70,-0.0537575690479558,0.036954851089726674,0.9428571428571428,7.6707788376420225e-19,-0.05632847269060122,0.031249350393529773,0.9428571428571428,1.566667722629688e-23,20971.17142857143,85,70,15,True,3.204660324552985e-18,True,1.149222289105217e-22
BB11_T11,60,70,-0.07524103721027117,0.05183056320604271,0.9428571428571428,8.460961875545261e-19,-0.0813918718828075,0.04295297397349849,0.9428571428571428,1.0674178801638494e-24,20941.17142857143,85,70,15,True,3.526251300362952e-18,True,8.596570573347552e-24
BB11_T11,300,70,-0.16613475050637572,0.10775824882560647,0.9428571428571428,4.651631563890409e-20,-0.1781449187671167,0.09380913331677997,0.9428571428571428,9.488506898519005e-25,20701.17142857143,85,70,15,True,2.0844859991233935e-19,True,7.695490923564123e-24
BB11_T12,1,70,-0.009778854734975485,0.0063724260355981326,0.9428571428571428,5.846497260570861e-20,-0.007923501646104489,0.008263316593891502,0.8714285714285714,1.818012527731726e-11,19200.17142857143,85,70,15,True,2.5930228543353433e-19,True,5.767890985595145e-11
BB11_T12,5,70,-0.022318210173808212,0.014636967777373179,0.9428571428571428,7.9873846537395e-20,-0.020928805581852814,0.01583670795609444,0.9142857142857143,6.303627145529866e-17,19196.17142857143,85,70,15,True,3.5109941448689534e-19,True,2.7189802481655045e-16
BB11_T12,30,70,-0.05508676392158306,0.0367520812814635,0.9428571428571428,1.833858649839553e-19,-0.05506873838696767,0.03631336016048716,0.9142857142857143,1.0416403790719842e-19,19171.17142857143,85,70,15,True,7.802933048270512e-19,True,5.170786651858772e-19
BB11_T12,60,70,-0.07769957393950985,0.052856521467391476,0.9285714285714286,4.660994240951009e-19,-0.0791145962126769,0.049827573954772955,0.9142857142857143,1.085352367951556e-20,19141.17142857143,85,70,15,True,1.9519678912103923e-18,True,5.804787045313662e-20
BB11_T12,300,70,-0.17091920752765272,0.11451370033431578,0.9428571428571428,2.2472196829824834e-19,-0.17258023852424653,0.10915515103514459,0.9571428571428572,1.340403280605691e-20,18901.17142857143,85,70,15,True,9.51488235870647e-19,True,7.073490610148234e-20
BB11_T2,1,70,-0.011787005972371156,0.0068891293344064235,0.9285714285714286,2.4232964275636546e-22,-0.011952086813910837,0.009009197064226305,0.9142857142857143,5.3075459209761203e-17,22790.17142857143,85,70,15,True,3.171397408042586e-21,True,2.3095177779562337e-16
BB11_T2,5,70,-0.026450308742056988,0.015613035311932937,0.9285714285714286,4.042444809396857e-22,-0.027718943287274984,0.016341540755284312,0.9428571428571428,3.7910039878071116e-22,22786.17142857143,85,70,15,True,3.836990883644544e-21,True,2.3814397777951947e-21
BB11_T2,30,70,-0.06390063993314861,0.0382557162401106,0.9285714285714286,8.357926254836686e-22,-0.0684504223831658,0.03318274769810671,0.9428571428571428,9.759642581210356e-27,22761.17142857143,85,70,15,True,5.651004933553963e-21,True,1.3541994023326015e-25
BB11_T2,60,70,-0.0898065655686212,0.053258444514847646,0.9285714285714286,5.139994467953454e-22,-0.09707923203686122,0.04556855614035664,0.9428571428571428,1.577983458775123e-27,22731.17142857143,85,70,15,True,4.188368133674336e-21,True,4.1830972034960324e-26
BB11_T2,300,70,-0.19917318558708988,0.11122407581549683,0.9285714285714286,2.2208898909408382e-23,-0.21077925248411353,0.09805554973984969,0.9571428571428572,9.46902271360669e-28,22491.17142857143,85,70,15,True,1.3379154825388102e-21,True,4.1623084319529176e-26
BB11_T3,1,70,-0.011397385682202638,0.006734635497288492,0.9142857142857143,4.2655715868823e-22,-0.011140591503703081,0.00879863422015539,0.9142857142857143,4.104032139515228e-16,22770.17142857143,85,70,15,True,3.951085746026366e-21,True,1.7124916717421633e-15
BB11_T3,5,70,-0.025766728550753928,0.015309779650349532,0.9285714285714286,5.670708512137812e-22,-0.02650032036535296,0.01595680889078918,0.9428571428571428,1.122530627637633e-21,22766.17142857143,85,70,15,True,4.4598988933175776e-21,True,6.5846236307097146e-21
BB11_T3,30,70,-0.06326074045922538,0.037686875092953674,0.9285714285714286,6.49461701060386e-22,-0.06674214949781505,0.03305693068654163,0.9428571428571428,3.247151482718353e-26,22741.17142857143,85,70,15,True,4.964358799034588e-21,True,3.430858829599972e-25
BB11_T3,60,70,-0.08914577891515303,0.05293286461459875,0.9285714285714286,5.482434078384549e-22,-0.09542069168200795,0.04543539414693268,0.9428571428571428,3.552010674935361e-27,22711.17142857143,85,70,15,True,4.394851447985758e-21,True,7.072604848399328e-26
BB11_T3,300,70,-0.1983788491835115,0.11123788321955823,0.9285714285714286,2.762371270018105e-23,-0.2096054518580607,0.09813850528089967,0.9571428571428572,1.3658724487698769e-27,22471.17142857143,85,70,15,True,1.4035283438106695e-21,True,4.1623084319529176e-26
BB11_T4,1,70,-0.011309824558314523,0.00661240034203139,0.9285714285714286,2.464863810901455e-22,-0.01062196678689507,0.008661751857342262,0.8857142857142857,1.6023687995613812e-15,22740.17142857143,85,70,15,True,3.201543032580649e-21,True,6.4150454258222155e-15
BB11_T4,5,70,-0.025570250001055176,0.01506966727415835,0.9285714285714286,3.725028076797201e-22,-0.025592948701375125,0.015700942231020955,0.9428571428571428,2.9008252194321507e-21,22736.17142857143,85,70,15,True,3.693436811054518e-21,True,1.6113104715656077e-20
BB11_T4,30,70,-0.06294875730443904,0.03752842043456178,0.9285714285714286,6.742912935560757e-22,-0.06523303429876237,0.03294402477992809,0.9428571428571428,9.564422116739637e-26,22711.17142857143,85,70,15,True,5.062643492557023e-21,True,8.955305803071937e-25
BB11_T4,60,70,-0.08869281371882394,0.052700703935817016,0.9285714285714286,5.6830294424838795e-22,-0.09377602623911785,0.04546533696914832,0.9428571428571428,9.826019190500643e-27,22681.17142857143,85,70,15,True,4.4598988933175776e-21,True,1.356299880627607e-25
BB11_T4,300,70,-0.19737242886780174,0.11150603739978986,0.9285714285714286,4.103509044202662e-23,-0.20825507681175642,0.098494291002942,0.9571428571428572,2.4219226766384763e-27,22441.17142857143,85,70,15,True,1.62961192502531e-21,True,5.32286506611587e-26
BB11_T5,1,70,-0.011206110613438618,0.006694241637362479,0.9285714285714286,7.476002931106333e-22,-0.010333275182494345,0.008647802607854338,0.8857142857142857,4.719068711665112e-15,22710.17142857143,85,70,15,True,5.239267774233748e-21,True,1.8464759228542423e-14
BB11_T5,5,70,-0.025407242537128217,0.015248662774839888,0.9285714285714286,9.496397882006265e-22,-0.02513758559247694,0.015736937918934595,0.9428571428571428,8.032647355475795e-21,22706.17142857143,85,70,15,True,6.346238816698577e-21,True,4.349968121186344e-20
BB11_T5,30,70,-0.06258258187007008,0.03733225040190157,0.9285714285714286,6.951382516510706e-22,-0.06426741184808712,0.03302331929847888,0.9428571428571428,2.485248309427598e-25,22681.17142857143,85,70,15,True,5.062643492557023e-21,True,2.2073349380648716e-24
BB11_T5,60,70,-0.08849800144114744,0.05271243021933352,0.9285714285714286,6.436281591689415e-22,-0.09292041920857487,0.0457674708488962,0.9428571428571428,2.38029004516105e-26,22651.17142857143,85,70,15,True,4.93067691780198e-21,True,2.6358660596254578e-25
BB11_T5,300,70,-0.19653959174288493,0.11206755783983177,0.9285714285714286,6.675915141028309e-23,-0.20742396955561201,0.09896030847394668,0.9571428571428572,3.9679334772981806e-27,22411.17142857143,85,70,15,True,2.2836917635893868e-21,True,7.616227868925118e-26
BB11_T6,1,70,-0.011105941589820164,0.0064874299370917396,0.9285714285714286,2.3538268771925877e-22,-0.010125768114603792,0.008613607033733045,0.8857142857142857,9.206469897479071e-15,22680.17142857143,85,70,15,True,3.171397408042586e-21,True,3.55798137536803e-14
BB11_T6,5,70,-0.025250863497627642,0.014858926768953978,0.9285714285714286,3.44476379817416e-22,-0.024923973798742997,0.015663639251919697,0.9428571428571428,9.744805825735317e-21,22676.17142857143,85,70,15,True,3.581063363416904e-21,True,5.2361281691937046e-20
BB11_T6,30,70,-0.06258402967685316,0.03743584758822715,0.9285714285714286,8.003702841147182e-22,-0.06382456867635769,0.03328225521023182,0.9428571428571428,5.568200993194587e-25,22651.17142857143,85,70,15,True,5.5085245649728124e-21,True,4.726814356630786e-24
BB11_T6,60,70,-0.08841106114352255,0.05281853623730738,0.9285714285714286,7.505445170635108e-22,-0.09240838960477614,0.04568932138794374,0.9428571428571428,2.945580004739858e-26,22621.17142857143,85,70,15,True,5.2492536567903435e-21,True,3.141042875424756e-25
BB11_T6,300,70,-0.19559006758623548,0.11258798358686982,0.9285714285714286,1.0965463817733004e-22,-0.20658408562358188,0.0993665946634562,0.9571428571428572,6.2874851270768224e-27,22381.17142857143,85,70,15,True,2.8360564012870428e-21,True,9.785252754076766e-26
BB11_T7,1,70,-0.010771419529625915,0.00668503418016262,0.9285714285714286,5.199514590117012e-21,-0.009374673780664802,0.008543656487058288,0.8857142857142857,1.402892581228484e-13,22500.17142857143,85,70,15,True,2.916286186502317e-20,True,4.986619205909889e-13
BB11_T7,5,70,-0.024472945058295146,0.01526325889202773,0.9142857142857143,6.651614661798181e-21,-0.023949077693091732,0.01594361354414076,0.9428571428571428,1.6524918399118262e-19,22496.17142857143,85,70,15,True,3.6237486676484304e-20,True,8.1445924492087875e-19
BB11_T7,30,70,-0.060563848859943925,0.038181603803683524,0.9142857142857143,1.139961441369769e-20,-0.061669652986388775,0.033614376156425464,0.9428571428571428,6.11136448087282e-24,22471.17142857143,85,70,15,True,5.775024604006675e-20,True,4.600166510112329e-23
BB11_T7,60,70,-0.08537217127548336,0.0544323631138082,0.9142857142857143,1.9970514938432624e-20,-0.08965479916576884,0.04723004553319325,0.9571428571428572,9.696500494127759e-25,22441.17142857143,85,70,15,True,9.503874533372552e-20,True,7.845763280377379e-24
BB11_T7,300,70,-0.19068059647139848,0.11515789163611202,0.9285714285714286,1.3066686254204637e-21,-0.20148132112960063,0.10204010520144918,0.9571428571428572,1.1181885743875888e-25,22201.17142857143,85,70,15,True,8.465489404481097e-21,True,1.0413319473070402e-24
BB11_T8,1,70,-0.010394715191866766,0.006901364062690256,0.9285714285714286,1.449757338981735e-19,-0.00884265892866772,0.008732292456088947,0.8857142857142857,2.735742133803007e-12,22200.17142857143,85,70,15,True,6.253322854159669e-19,True,9.071006787225902e-12
BB11_T8,5,70,-0.0235452132759688,0.015665756174462857,0.9285714285714286,1.6072966573368217e-19,-0.02323724549034963,0.016681168639851116,0.9285714285714286,5.805917594965432e-18,22196.17142857143,85,70,15,True,6.864289185536118e-19,True,2.6853340415803974e-17
BB11_T8,30,70,-0.05825329821618425,0.03874712734236325,0.9142857142857143,1.5842546825828676e-19,-0.05977877194456538,0.03548197666685381,0.9571428571428572,5.377058971801849e-22,22171.17142857143,85,70,15,True,6.791066908590332e-19,True,3.2939253098537924e-21
BB11_T8,60,70,-0.08241298324108903,0.05449270001609895,0.9142857142857143,1.1886969956864455e-19,-0.08678417104308046,0.04885235316319404,0.9571428571428572,3.3921942251182474e-23,22141.17142857143,85,70,15,True,5.165972478109018e-19,True,2.4265074633092225e-22
BB11_T8,300,70,-0.18561866307897956,0.11247377074000169,0.9285714285714286,1.5476618601813945e-21,-0.19428423878283857,0.09967669377613175,0.9714285714285714,2.2820738729369113e-25,21901.17142857143,85,70,15,True,9.811324269590307e-21,True,2.0373553568467774e-24
BB11_T9,1,70,-0.010273066732394634,0.006770338520530622,0.9285714285714286,1.0127885651271996e-19,-0.008595915817150907,0.008232417479379889,0.8857142857142857,9.0298791370993e-13,21900.17142857143,85,70,15,True,4.434961333985393e-19,True,3.0586502371253024e-12
BB11_T9,5,70,-0.02336593297492776,0.015359264448104853,0.9285714285714286,8.930932862003716e-20,-0.022804005659682384,0.01599509009712955,0.9571428571428572,1.97919024298112e-18,21896.17142857143,85,70,15,True,3.9207589629253927e-19,True,9.341669794398593e-18
BB11_T9,30,70,-0.058150220807187826,0.03786815524419849,0.9285714285714286,5.65598218935911e-20,-0.05867233729001158,0.033086462572672753,0.9571428571428572,3.72588597187282e-23,21871.17142857143,85,70,15,True,2.511750445274515e-19,True,2.6542136150145554e-22
BB11_T9,60,70,-0.08231005932478773,0.05331020941949723,0.9285714285714286,4.330733189345708e-20,-0.08530352801489627,0.045237519931610584,0.9571428571428572,1.3912532635025423e-24,21841.17142857143,85,70,15,True,1.9508061498291292e-19,True,1.1126805614354823e-23
BB11_T9,300,70,-0.17893340676690067,0.11032326156506489,0.9428571428571428,3.7339423695703425e-21,-0.1882692736312895,0.09490663246855385,0.9571428571428572,8.646139299820135e-26,21601.17142857143,85,70,15,True,2.1645588736351565e-20,True,8.161861005704526e-25
BB12_T1,1,70,-0.011946570591304113,0.0069423163238569365,0.9285714285714286,1.797152660945379e-22,-0.012447556107369655,0.009063007883867805,0.9285714285714286,1.1111489212866403e-17,22795.17142857143,85,70,15,True,3.1258946082149716e-21,True,4.9663900686226936e-17
BB12_T1,5,70,-0.02685066225660086,0.01572027235628625,0.9285714285714286,2.6484206791598707e-22,-0.028461188545910725,0.016440995572589778,0.9428571428571428,1.3179272346833607e-22,22791.17142857143,85,70,15,True,3.3153237124990414e-21,True,8.85882995297862e-22
BB12_T1,30,70,-0.06460030106184068,0.038510051642110084,0.9285714285714286,6.716205981407276e-22,-0.06941543557937029,0.0333122405306014,0.9428571428571428,5.5249330088309286e-27,22766.17142857143,85,70,15,True,5.056558267427952e-21,True,9.064424920797659e-26
BB12_T1,60,70,-0.09043900950611689,0.05346837935707967,0.9285714285714286,4.38491634184945e-22,-0.09785597991919079,0.04558866527548547,0.9428571428571428,1.0279122727229604e-27,22736.17142857143,85,70,15,True,3.978894323402182e-21,True,4.1623084319529176e-26
BB12_T1,300,70,-0.1994997556193802,0.1110379581764098,0.9285714285714286,1.8629671016752803e-23,-0.21098717560826055,0.09782498931988481,0.9571428571428572,7.825629393041692e-28,22496.17142857143,85,70,15,True,1.3379154825388102e-21,True,4.1623084319529176e-26
BB12_T10,1,70,-0.009419288148827164,0.005895522086688951,0.9285714285714286,7.947502109045416e-21,-0.008304548326802086,0.007361352564252734,0.9,4.7778298140517745e-14,21300.17142857143,85,70,15,True,4.2049953731626204e-20,True,1.7654975409143188e-13
BB12_T10,5,70,-0.02142065326383323,0.013390362688021804,0.9285714285714286,7.463942804195856e-21,-0.02183594305723868,0.013915785986305633,0.9428571428571428,1.9508748871274136e-20,21296.17142857143,85,70,15,True,3.991938450231684e-20,True,1.0197084319251459e-19
BB12_T10,30,70,-0.053019246046253646,0.032853635696714324,0.9285714285714286,4.8052943278788604e-21,-0.05606598324651376,0.027526435314962714,0.9571428571428572,1.9889819712205697e-26,21271.17142857143,85,70,15,True,2.72418732756822e-20,True,2.2311469839503466e-25
BB12_T10,60,70,-0.07445744987601258,0.046403835526527014,0.9285714285714286,6.413766219446412e-21,-0.07996180964002518,0.0389242922952238,0.9571428571428572,1.232056130995468e-26,21241.17142857143,85,70,15,True,3.51181652744649e-20,True,1.5705852175365535e-25
BB12_T10,300,70,-0.16584216931602017,0.09909251637754539,0.9428571428571428,7.564292030188386e-22,-0.18012292739541289,0.08898432841606375,0.9428571428571428,2.812884169265367e-26,21001.17142857143,85,70,15,True,5.279723023091086e-21,True,3.0181722996310074e-25
BB12_T11,1,70,-0.00966006209625822,0.006091092821612477,0.9428571428571428,1.1497637802494679e-20,-0.00851917326238762,0.007439450189699267,0.9,2.6438008068908815e-14,21000.17142857143,85,70,15,True,5.816154993794892e-20,True,9.874953284116752e-14
BB12_T11,5,70,-0.021947280226887637,0.013784248854561313,0.9428571428571428,9.443636712370118e-21,-0.02210326131723863,0.013637620506356196,0.9428571428571428,3.8693059097684746e-21,20996.17142857143,85,70,15,True,4.906430803193798e-20,True,2.11861361620445e-20
BB12_T11,30,70,-0.05411631515999574,0.033443508405563725,0.9428571428571428,4.1975094357997006e-21,-0.056891529863719606,0.027841639410404143,0.9571428571428572,1.6599026339263832e-26,20971.17142857143,85,70,15,True,2.397090099287267e-20,True,1.9440554577002218e-25
BB12_T11,60,70,-0.07568193101317197,0.04706600466176776,0.9428571428571428,5.759765717012025e-21,-0.08087868241980045,0.0387580765280167,0.9571428571428572,5.09755730823993e-27,20941.17142857143,85,70,15,True,3.1789122287981704e-20,True,9.064424920797659e-26
BB12_T11,300,70,-0.16553379485511485,0.10067434104717639,0.9428571428571428,1.867225009622324e-21,-0.18000831673975645,0.08871166553163862,0.9571428571428572,2.455680900734486e-26,20701.17142857143,85,70,15,True,1.1418163554416159e-20,True,2.70203105478906e-25
BB12_T12,1,70,-0.009996187515367032,0.0063435847410398165,0.9285714285714286,1.581896257198007e-20,-0.008465182644513196,0.0074906826713726955,0.9142857142857143,4.4614623065529646e-14,19200.17142857143,85,70,15,True,7.804751919001149e-20,True,1.6556769354608478e-13
BB12_T12,5,70,-0.022763804873050686,0.014498439549503687,0.9285714285714286,1.8939795304641947e-20,-0.02206187654994714,0.01397259691583457,0.9428571428571428,1.432714467947564e-20,19196.17142857143,85,70,15,True,9.117160896474138e-20,True,7.534289934183917e-20
BB12_T12,30,70,-0.05616025590814482,0.03577459657105892,0.9285714285714286,1.9090090161996007e-20,-0.0568776393969626,0.032330486234852705,0.9571428571428572,5.663927323032094e-23,19171.17142857143,85,70,15,True,9.147886478459945e-20,True,4.0018136812016125e-22
BB12_T12,60,70,-0.07903740808777421,0.05072666619450333,0.9428571428571428,2.766533036870089e-20,-0.0799301711209662,0.04540072461689429,0.9571428571428572,5.44961435474846e-23,19141.17142857143,85,70,15,True,1.288190248300021e-19,True,3.858282294191789e-22
BB12_T12,300,70,-0.16772405968533793,0.11158556215231498,0.9142857142857143,1.6008534376077478e-19,-0.17232410738681808,0.10566692795933226,0.9428571428571428,2.829943794866467e-21,18901.17142857143,85,70,15,True,6.853715770675054e-19,True,1.5744695348250632e-20
BB12_T2,1,70,-0.011872180305182368,0.006949701823026573,0.9285714285714286,2.626587825072244e-22,-0.012144395676826394,0.009040959075231702,0.9142857142857143,3.0407634919837894e-17,22790.17142857143,85,70,15,True,3.2999494311362193e-21,True,1.3332281554319789e-16
BB12_T2,5,70,-0.026819350686585308,0.015706087560737474,0.9285714285714286,2.684909010333311e-22,-0.028120226455009764,0.016387166128943954,0.9428571428571428,2.0806267450787529e-22,22786.17142857143,85,70,15,True,3.3194640556929945e-21,True,1.3614707205013432e-21
BB12_T2,30,70,-0.06440793976336887,0.0383951220602231,0.9285714285714286,6.713892404880865e-22,-0.06893951187712744,0.033232246612219005,0.9428571428571428,7.110298672439437e-27,22761.17142857143,85,70,15,True,5.056558267427952e-21,True,1.0634667494925651e-25
BB12_T2,60,70,-0.09028389849196465,0.05322864942271413,0.9285714285714286,3.7994928973987347e-22,-0.09740432597389925,0.045382178646214424,0.9428571428571428,1.0329967322397213e-27,22731.17142857143,85,70,15,True,3.712006091354079e-21,True,4.1623084319529176e-26
BB12_T2,300,70,-0.19925082055698828,0.11083714959909709,0.9285714285714286,1.8082473003016792e-23,-0.2105344470655559,0.09766018057175524,0.9571428571428572,8.034778979824691e-28,22491.17142857143,85,70,15,True,1.3379154825388102e-21,True,4.1623084319529176e-26
BB12_T3,1,70,-0.011569208018213414,0.006860042693618887,0.9285714285714286,5.105255895379384e-22,-0.011500383178283178,0.008874719967315375,0.9142857142857143,1.4988838572784266e-16,22770.17142857143,85,70,15,True,4.1788877696121625e-21,True,6.377640057754882e-16
BB12_T3,5,70,-0.026214751435486523,0.015471194618471934,0.9285714285714286,4.00491468374887e-22,-0.02714664652665475,0.016111031288068737,0.9428571428571428,5.342973452656398e-22,22766.17142857143,85,70,15,True,3.811840284394586e-21,True,3.278858486488074e-21
BB12_T3,30,70,-0.06389806768155469,0.03755520348914387,0.9285714285714286,3.2345850015318293e-22,-0.06760295828158905,0.032912423815460876,0.9428571428571428,1.2410123426555112e-26,22741.17142857143,85,70,15,True,3.464474193513151e-21,True,1.5705852175365535e-25
BB12_T3,60,70,-0.0897404352845394,0.05239521110591862,0.9428571428571428,2.294448691632997e-22,-0.09600225715085889,0.04479482176800231,0.9428571428571428,1.1233977593817976e-27,22711.17142857143,85,70,15,True,3.171397408042586e-21,True,4.1623084319529176e-26
BB12_T3,300,70,-0.19820037872924323,0.11006780807039387,0.9285714285714286,1.6539160472366567e-23,-0.20895171460040793,0.09699203273192886,0.9571428571428572,8.353309753953985e-28,22471.17142857143,85,70,15,True,1.3379154825388102e-21,True,4.1623084319529176e-26
BB12_T4,1,70,-0.011514580845378363,0.006657051997669369,0.9428571428571428,1.3759394781719883e-22,-0.011124096182599684,0.008692043342239034,0.9142857142857143,2.5824857168356315e-16,22740.17142857143,85,70,15,True,3.1191825066201304e-21,True,1.0947838222904426e-15
BB12_T4,5,70,-0.02609030523445054,0.015054222825737365,0.9428571428571428,1.241704109023108e-22,-0.026400498754918338,0.015648863207512822,0.9428571428571428,5.013758562165932e-22,22736.17142857143,85,70,15,True,3.0863940263847756e-21,True,3.0933099700505886e-21
BB12_T4,30,70,-0.06368383886466167,0.03669646961073702,0.9428571428571428,1.1575055250841892e-22,-0.0663959552573674,0.03213715265905691,0.9428571428571428,8.948320867956969e-27,22711.17142857143,85,70,15,True,2.9405746979160834e-21,True,1.2484001292762442e-25
BB12_T4,60,70,-0.08930228652597545,0.051600769041263414,0.9428571428571428,1.336819536343525e-22,-0.09445699820013975,0.044061657482805945,0.9428571428571428,1.1058953595548356e-27,22681.17142857143,85,70,15,True,3.1191825066201304e-21,True,4.1623084319529176e-26
BB12_T4,300,70,-0.1967307618928069,0.10916327393735627,0.9285714285714286,1.5842671786556672e-23,-0.20679666876612293,0.09620804487634632,0.9571428571428572,9.49833220851427e-28,22441.17142857143,85,70,15,True,1.3379154825388102e-21,True,4.1623084319529176e-26
BB12_T5,1,70,-0.01144916275701258,0.006669925982158646,0.9285714285714286,2.0466282327585953e-22,-0.010841318895669375,0.008609071917274716,0.9142857142857143,5.188151484945866e-16,22710.17142857143,85,70,15,True,3.1624675178459957e-21,True,2.151868352999756e-15
BB12_T5,5,70,-0.02597392381958628,0.01506709628041718,0.9428571428571428,1.638949364018747e-22,-0.025935916937437745,0.015455022791000446,0.9428571428571428,6.581362486034252e-22,22706.17142857143,85,70,15,True,3.1191825066201304e-21,True,3.940833169713751e-21
BB12_T5,30,70,-0.06336404824640503,0.03624733318462292,0.9285714285714286,7.908765715035071e-23,-0.06546195823981871,0.03175321672852169,0.9571428571428572,1.009687875629713e-26,22681.17142857143,85,70,15,True,2.553718275275343e-21,True,1.3788425337156751e-25
BB12_T5,60,70,-0.08893253629026521,0.051017810936281924,0.9285714285714286,9.17106942694032e-23,-0.09342494427136469,0.04384148426975283,0.9571428571428572,1.5540891106278624e-27,22651.17142857143,85,70,15,True,2.6864733658249034e-21,True,4.1623084319529176e-26
BB12_T5,300,70,-0.1953609987898672,0.10857445283431001,0.9285714285714286,1.722883329840513e-23,-0.2049155438857486,0.09551353280757596,0.9571428571428572,1.0580972550739049e-27,22411.17142857143,85,70,15,True,1.3379154825388102e-21,True,4.1623084319529176e-26
BB12_T6,1,70,-0.011321654651850172,0.006403184985021093,0.9285714285714286,4.346605454355106e-23,-0.010608846178123748,0.008537196237024076,0.9,9.15237242069383e-16,22680.17142857143,85,70,15,True,1.6858618396527945e-21,True,3.7333467194211556e-15
BB12_T6,5,70,-0.025768167692439566,0.014525101970281533,0.9285714285714286,3.6447094309498973e-23,-0.025699903639997513,0.015290613867600058,0.9428571428571428,6.076502583051076e-22,22676.17142857143,85,70,15,True,1.5546260597446784e-21,True,3.6832134077967485e-21
BB12_T6,30,70,-0.06320102486991558,0.03582501664752712,0.9285714285714286,4.892784309522879e-23,-0.06488784513399486,0.031588225994544826,0.9571428571428572,1.2358467103350967e-26,22651.17142857143,85,70,15,True,1.7794283988843734e-21,True,1.5705852175365535e-25
BB12_T6,60,70,-0.08875765574836905,0.05049299216592976,0.9285714285714286,5.91227155316174e-23,-0.0926988979046018,0.043593285439282176,0.9571428571428572,1.753567651046038e-27,22621.17142857143,85,70,15,True,2.0843773689973277e-21,True,4.214359086885259e-26
BB12_T6,300,70,-0.19385956749291153,0.10804983637595914,0.9285714285714286,2.0065883020599514e-23,-0.20306070280508337,0.09482752638586658,0.9428571428571428,1.1780578637329513e-27,22381.17142857143,85,70,15,True,1.3379154825388102e-21,True,4.1623084319529176e-26
BB12_T7,1,70,-0.010903373237208608,0.006250354540353763,0.9285714285714286,8.826886064394756e-23,-0.009833794773774529,0.00814798033341607,0.9,3.1213342653810847e-15,22500.17142857143,85,70,15,True,2.6864733658249034e-21,True,1.2338912914063671e-14
BB12_T7,5,70,-0.024791174040743397,0.014179210858712233,0.9285714285714286,7.834504863549389e-23,-0.024179600505758268,0.014675803638143565,0.9571428571428572,1.68454618836635e-21,22496.17142857143,85,70,15,True,2.5536051229776546e-21,True,9.588314795396604e-21
BB12_T7,30,70,-0.06080282513598792,0.03471338711650855,0.9285714285714286,7.12890058127982e-23,-0.061312297418997706,0.030101095610774054,0.9571428571428572,1.9849338710946932e-26,22471.17142857143,85,70,15,True,2.3683030296463248e-21,True,2.2311469839503466e-25
BB12_T7,60,70,-0.08524312210909124,0.04934461969812576,0.9285714285714286,1.4692375524881058e-22,-0.08777963781603268,0.04188543635257089,0.9571428571428572,4.002773763074894e-27,22441.17142857143,85,70,15,True,3.1191825066201304e-21,True,7.640653785316995e-26
BB12_T7,300,70,-0.18660732841637648,0.10653630209433741,0.9285714285714286,7.125190531697416e-23,-0.19512188940183958,0.0918694092167926,0.9428571428571428,1.876976719914349e-27,22201.17142857143,85,70,15,True,2.3683030296463248e-21,True,4.3817260589892407e-26
BB12_T8,1,70,-0.010441113184986197,0.0061038919900773415,0.9285714285714286,2.4521723851409463e-22,-0.009191304130487058,0.007740415333117602,0.9285714285714286,6.104333267228094e-15,22200.17142857143,85,70,15,True,3.197077581381875e-21,True,2.3750530898956153e-14
BB12_T8,5,70,-0.023683472579811356,0.013829434902813704,0.9285714285714286,2.30974929273715e-22,-0.02326648372603936,0.01465459995109995,0.9428571428571428,1.089109007942996e-20,22196.17142857143,85,70,15,True,3.171397408042586e-21,True,5.81587576884552e-20
BB12_T8,30,70,-0.058087626783238,0.033689591383214576,0.9285714285714286,1.6233296828795979e-22,-0.05931013670037697,0.029797335879448394,0.9428571428571428,7.168837607909408e-26,22171.17142857143,85,70,15,True,3.1191825066201304e-21,True,6.880092759813057e-25
BB12_T8,60,70,-0.08152874768615,0.04740301189737088,0.9285714285714286,1.8482233548765884e-22,-0.08460323061101566,0.04094045987777864,0.9428571428571428,8.833189224533264e-27,22141.17142857143,85,70,15,True,3.1555836566432795e-21,True,1.2405962914944074e-25
BB12_T8,300,70,-0.17788195324173545,0.10149776769146746,0.9285714285714286,6.917968076524869e-23,-0.19054391231012074,0.08910122029347904,0.9571428571428572,1.2711576663626718e-27,21901.17142857143,85,70,15,True,2.343292127881708e-21,True,4.1623084319529176e-26
BB12_T9,1,70,-0.009960022142708014,0.006064877205510933,0.9285714285714286,1.9865627317709893e-21,-0.00884835768136019,0.007431495232437349,0.9,5.463427636038609e-15,21900.17142857143,85,70,15,True,1.2020270119560014e-20,True,2.128088216743336e-14
BB12_T9,5,70,-0.022665734349596327,0.013772338167665205,0.9285714285714286,1.783019082718834e-21,-0.022940451241023604,0.01433195120460817,0.9428571428571428,7.246569067741397e-21,21896.17142857143,85,70,15,True,1.0947456586386646e-20,True,3.936618888214863e-20
BB12_T9,30,70,-0.05600103011691115,0.03371664691641164,0.9285714285714286,1.1163996555289508e-21,-0.05843040218424042,0.029515616612527575,0.9428571428571428,9.691878633311811e-26,21871.17142857143,85,70,15,True,7.31909072078278e-21,True,9.05011910218711e-25
BB12_T9,60,70,-0.07875139724393793,0.047774232812445666,0.9285714285714286,1.6421974391894238e-21,-0.08361513582237592,0.04084927506137145,0.9428571428571428,1.5072697332485066e-26,21841.17142857143,85,70,15,True,1.0241502080143427e-20,True,1.801943573831692e-25
BB12_T9,300,70,-0.16890668153558117,0.10431827883699428,0.9285714285714286,4.0680109246140446e-21,-0.18385453936818108,0.08802703982850194,0.9571428571428572,4.847846986862581e-27,21601.17142857143,85,70,15,True,2.3269830702883317e-20,True,8.863620909951131e-26
BB13_T1,1,70,-0.012011435470383344,0.006938416992267358,0.9285714285714286,1.3164092614257647e-22,-0.012623025829080765,0.009082865208707885,0.9285714285714286,6.467319468845291e-18,22795.17142857143,85,70,15,True,3.1191825066201304e-21,True,2.975311420087947e-17
BB13_T1,5,70,-0.026831256698073576,0.015714965776120547,0.9285714285714286,2.701832131103503e-22,-0.02861939337607374,0.016433777893441727,0.9428571428571428,9.642251331646245e-23,22791.17142857143,85,70,15,True,3.3194640556929945e-21,True,6.703013752683658e-22
BB13_T1,30,70,-0.0644803216616992,0.03847386091463931,0.9285714285714286,7.040583235034778e-22,-0.06946999279796207,0.03330399558637726,0.9428571428571428,5.212061757454588e-27,22766.17142857143,85,70,15,True,5.062643492557023e-21,True,9.064424920797659e-26
BB13_T1,60,70,-0.09031329362860058,0.0534658642294233,0.9285714285714286,4.699474659830763e-22,-0.0979564880293658,0.04563740660226231,0.9428571428571428,1.030376934921124e-27,22736.17142857143,85,70,15,True,4.056996203165502e-21,True,4.1623084319529176e-26
BB13_T1,300,70,-0.1995490819126957,0.11117316760004546,0.9285714285714286,1.9613567700552147e-23,-0.21126250539127264,0.09795002012371104,0.9571428571428572,7.813654111206636e-28,22496.17142857143,85,70,15,True,1.3379154825388102e-21,True,4.1623084319529176e-26
BB13_T10,1,70,-0.010163419538970934,0.006470011848913668,0.9428571428571428,1.8488699642157656e-20,-0.008853822902343274,0.008046410402000763,0.9142857142857143,1.2598013411934408e-13,21300.17142857143,85,70,15,True,8.934049966944713e-20,True,4.4965016878340267e-13
BB13_T10,5,70,-0.023151930450350945,0.014699551267681873,0.9285714285714286,1.6215488558860918e-20,-0.02373635237869402,0.0154501317541232,0.9428571428571428,5.527060914776492e-20,21296.17142857143,85,70,15,True,7.935483423635194e-20,True,2.7890593267771534e-19
BB13_T10,30,70,-0.057451052249969006,0.03611983679702034,0.9285714285714286,9.939881255900447e-21,-0.061789604797838835,0.03177816710760251,0.9571428571428572,2.6087954381052835e-25,21271.17142857143,85,70,15,True,5.1257148864382155e-20,True,2.3052143832874054e-24
BB13_T10,60,70,-0.08084576188628242,0.05095526051294795,0.9285714285714286,1.1257961890721046e-20,-0.08944350357350356,0.0436351755632349,0.9571428571428572,1.392869068492475e-26,21241.17142857143,85,70,15,True,5.728462199181327e-20,True,1.6885482918040353e-25
BB13_T10,300,70,-0.18085306816413357,0.10872376552397206,0.9285714285714286,1.0342160368741678e-21,-0.20012219949134405,0.0958160701511783,0.9571428571428572,4.848695664199027e-27,21001.17142857143,85,70,15,True,6.819115281298187e-21,True,8.863620909951131e-26
BB13_T11,1,70,-0.01041125101485609,0.006758950154433347,0.9428571428571428,4.8590328728927783e-20,-0.009075168627726171,0.008139103192969241,0.9142857142857143,7.548930196244631e-14,21000.17142857143,85,70,15,True,2.171792829992827e-19,True,2.7541239522729884e-13
BB13_T11,5,70,-0.023695531686538335,0.01526743554810213,0.9428571428571428,3.353856288529617e-20,-0.02397413695865886,0.015433244242513479,0.9285714285714286,3.210421323512465e-20,20996.17142857143,85,70,15,True,1.5429525268801369e-19,True,1.6604798911280788e-19
BB13_T11,30,70,-0.058570842485177216,0.03716476599335084,0.9285714285714286,1.5728009518462433e-20,-0.06276806567920779,0.03204386220252854,0.9571428571428572,1.7377932578557202e-25,20971.17142857143,85,70,15,True,7.774001843531862e-20,True,1.5744931391269373e-24
BB13_T11,60,70,-0.0821526696625261,0.05229288805372478,0.9285714285714286,1.8395481389130254e-20,-0.09040966544172613,0.044060844863377725,0.9571428571428572,1.3142404631312203e-26,20941.17142857143,85,70,15,True,8.913939438912347e-20,True,1.633345611553369e-25
BB13_T11,300,70,-0.18056636854473987,0.11134126475398903,0.9285714285714286,3.752913863774666e-21,-0.19880474787883998,0.09607563701163543,0.9714285714285714,8.194678607278725e-27,20701.17142857143,85,70,15,True,2.168280501562119e-20,True,1.1699427515763635e-25
BB13_T12,1,70,-0.01071129229403273,0.006686584442402861,0.9285714285714286,6.967080403400915e-21,-0.008865080565263566,0.008323547318186183,0.8857142857142857,4.3343142293241745e-13,19200.17142857143,85,70,15,True,3.746280937667443e-20,True,1.5050307198306556e-12
BB13_T12,5,70,-0.02442043345255226,0.015244811727513075,0.9285714285714286,6.972094480232028e-21,-0.023625399462922914,0.01603782239107359,0.9285714285714286,4.2157974323818255e-19,19196.17142857143,85,70,15,True,3.746280937667443e-20,True,2.042858363096663e-18
BB13_T12,30,70,-0.060425611564104045,0.03768714091882609,0.9285714285714286,6.6601458869949446e-21,-0.06238300993865502,0.03463043148884638,0.9571428571428572,1.6210038557486605e-23,19171.17142857143,85,70,15,True,3.6237486676484304e-20,True,1.184052499283641e-22
BB13_T12,60,70,-0.08522894470190837,0.053374831582332596,0.9285714285714286,8.175248774645306e-21,-0.08915072772216019,0.04773692319750542,0.9571428571428572,2.3474273569041173e-24,19141.17142857143,85,70,15,True,4.31228771242741e-20,True,1.8349234203854582e-23
BB13_T12,300,70,-0.18528136832561012,0.11431616809186508,0.9428571428571428,3.8664607642655936e-21,-0.19484361262608524,0.10598312400295187,0.9428571428571428,5.466696621263705e-24,18901.17142857143,85,70,15,True,2.222732436029555e-20,True,4.1510850168057364e-23
BB13_T2,1,70,-0.01184279252637608,0.006908100389437893,0.9285714285714286,2.1876366526375987e-22,-0.012242057909357208,0.009035157072530673,0.9142857142857143,2.0584697530194506e-17,22790.17142857143,85,70,15,True,3.171397408042586e-21,True,9.106290648760822e-17
BB13_T2,5,70,-0.02664517961043087,0.01564536400439957,0.9285714285714286,3.0784428651212603e-22,-0.028216761087861458,0.016375649738574326,0.9428571428571428,1.678582782825811e-22,22786.17142857143,85,70,15,True,3.3765143171409377e-21,True,1.1025672081108702e-21
BB13_T2,30,70,-0.06420016901965142,0.038307337288614934,0.9285714285714286,7.046592308866717e-22,-0.06903717214877408,0.03321315548350418,0.9428571428571428,6.356074960361845e-27,22761.17142857143,85,70,15,True,5.062643492557023e-21,True,9.803678119665256e-26
BB13_T2,60,70,-0.09009309733271073,0.0532548111188721,0.9285714285714286,4.34661155677095e-22,-0.09758338272488189,0.04550086159362402,0.9428571428571428,1.0796638643907525e-27,22731.17142857143,85,70,15,True,3.978894323402182e-21,True,4.1623084319529176e-26
BB13_T2,300,70,-0.1993498070953339,0.1110771402785002,0.9285714285714286,1.9754551260075772e-23,-0.21102649509358976,0.09788818072309528,0.9571428571428572,8.0336301620865885e-28,22491.17142857143,85,70,15,True,1.3379154825388102e-21,True,4.1623084319529176e-26
BB13_T3,1,70,-0.01150017588833019,0.006783609300533257,0.9285714285714286,3.9007351696854406e-22,-0.011529591505486566,0.008880875003564555,0.9142857142857143,1.3824720298514333e-16,22770.17142857143,85,70,15,True,3.754050142413147e-21,True,5.889569498318991e-16
BB13_T3,5,70,-0.026003410508921465,0.015308623176948859,0.9285714285714286,3.5254713379344153e-22,-0.027265574492543725,0.01607292576324604,0.9428571428571428,3.7747905684996134e-22,22766.17142857143,85,70,15,True,3.594262511550308e-21,True,2.3755740280812685e-21
BB13_T3,30,70,-0.06362351677931359,0.03756719845770649,0.9285714285714286,4.107587206463326e-22,-0.0679504914820608,0.032978605386464764,0.9428571428571428,1.041657820328748e-26,22741.17142857143,85,70,15,True,3.866951988645992e-21,True,1.411344223229735e-25
BB13_T3,60,70,-0.08960033726170788,0.052709151753678976,0.9285714285714286,3.3899262270187897e-22,-0.0965560893295142,0.04517969643133287,0.9428571428571428,1.3178286689439161e-27,22711.17142857143,85,70,15,True,3.570791193399365e-21,True,4.1623084319529176e-26
BB13_T3,300,70,-0.19863755133673425,0.1107866724470805,0.9285714285714286,2.0787532496422767e-23,-0.21020284587197388,0.09771562983070461,0.9571428571428572,9.080603735756727e-28,22471.17142857143,85,70,15,True,1.3379154825388102e-21,True,4.1623084319529176e-26
BB13_T4,1,70,-0.011384080185455328,0.006606529867356009,0.9285714285714286,1.675382962882859e-22,-0.011087951750747496,0.008746738868879864,0.9,3.9005859792406744e-16,22740.17142857143,85,70,15,True,3.1191825066201304e-21,True,1.633518128275943e-15
BB13_T4,5,70,-0.025829192699802942,0.015006691581233595,0.9285714285714286,1.7785208503738514e-22,-0.026655804264073157,0.015854773113766357,0.9428571428571428,5.9871286973992845e-22,22736.17142857143,85,70,15,True,3.1191825066201304e-21,True,3.635418216083397e-21
BB13_T4,30,70,-0.06360903172817209,0.03729481015083102,0.9285714285714286,2.853238585424772e-22,-0.06715962774224156,0.03268678435709809,0.9571428571428572,1.2203005170797893e-26,22711.17142857143,85,70,15,True,3.346731054896646e-21,True,1.5705852175365535e-25
BB13_T4,60,70,-0.08948316832845934,0.05236647646361171,0.9285714285714286,2.588104383959635e-22,-0.09574940795404087,0.044808361356543897,0.9571428571428572,1.3281154061716902e-27,22681.17142857143,85,70,15,True,3.2670608572125202e-21,True,4.1623084319529176e-26
BB13_T4,300,70,-0.19766463433653042,0.11061569541974242,0.9285714285714286,2.4846101283680576e-23,-0.2092806144153096,0.0976656592696864,0.9571428571428572,1.1332440623967444e-27,22441.17142857143,85,70,15,True,1.3583892098724437e-21,True,4.1623084319529176e-26
BB13_T5,1,70,-0.011360389081891551,0.0066642271213264315,0.9285714285714286,2.9314943425808827e-22,-0.010816772056581945,0.008631243429798657,0.9,6.383205241776874e-16,22710.17142857143,85,70,15,True,3.351739356052051e-21,True,2.6254731083737024e-15
BB13_T5,5,70,-0.025823306551918092,0.015125427037887251,0.9285714285714286,2.7093744246177263e-22,-0.026335900576168206,0.01565736511128254,0.9428571428571428,5.848603250348883e-22,22706.17142857143,85,70,15,True,3.3194640556929945e-21,True,3.563831433854566e-21
BB13_T5,30,70,-0.0635142092311687,0.037018254316683354,0.9285714285714286,2.095608219017623e-22,-0.066666873051558,0.03245141836671915,0.9571428571428572,1.2297478003738144e-26,22681.17142857143,85,70,15,True,3.171397408042586e-21,True,1.5705852175365535e-25
BB13_T5,60,70,-0.08937892761268158,0.052053848504540534,0.9285714285714286,2.0151501444137578e-22,-0.09527372803026506,0.0446872128903143,0.9571428571428572,1.5114810223173857e-27,22651.17142857143,85,70,15,True,3.1624675178459957e-21,True,4.1623084319529176e-26
BB13_T5,300,70,-0.1966667785668773,0.11054325583254537,0.9285714285714286,3.136722316538005e-23,-0.20847695534253782,0.09758546101024299,0.9571428571428572,1.3463590540937034e-27,22411.17142857143,85,70,15,True,1.44199451165267e-21,True,4.1623084319529176e-26
BB13_T6,1,70,-0.01125597603153964,0.00646424457818249,0.9285714285714286,9.709415979003619e-23,-0.010603932714234604,0.008573398144529192,0.9,1.1168864719990677e-15,22680.17142857143,85,70,15,True,2.6864733658249034e-21,True,4.523848488577701e-15
BB13_T6,5,70,-0.025642844063368458,0.014726703618080681,0.9285714285714286,9.714954740354205e-23,-0.02612724074705642,0.015547091071177322,0.9428571428571428,6.121376826242942e-22,22676.17142857143,85,70,15,True,2.6864733658249034e-21,True,3.697440023543595e-21
BB13_T6,30,70,-0.06341726882272591,0.036817796793462296,0.9285714285714286,1.7108446961765363e-22,-0.06629655908045287,0.032466340482283675,0.9571428571428572,1.7242938623170354e-26,22651.17142857143,85,70,15,True,3.1191825066201304e-21,True,1.9991393605051535e-25
BB13_T6,60,70,-0.08916556676822024,0.05165013216442863,0.9285714285714286,1.5219443793018881e-22,-0.09487354018822765,0.04445070169741518,0.9571428571428572,1.4200081009613594e-27,22621.17142857143,85,70,15,True,3.1191825066201304e-21,True,4.1623084319529176e-26
BB13_T6,300,70,-0.19552345235730714,0.11044124483313023,0.9285714285714286,4.064117270327094e-23,-0.20758258511228003,0.09756065957406798,0.9571428571428572,1.694640530642247e-27,22381.17142857143,85,70,15,True,1.62961192502531e-21,True,4.214359086885259e-26
BB13_T7,1,70,-0.010860831250741419,0.006392055568711217,0.9142857142857143,3.472038007036615e-22,-0.00981504373829105,0.008397935206227237,0.9,1.1653881712020402e-14,22500.17142857143,85,70,15,True,3.581063363416904e-21,True,4.468830334631575e-14
BB13_T7,5,70,-0.024716101450248468,0.014552513825549979,0.9285714285714286,3.5474486727602175e-22,-0.024944848474054006,0.015322175096218124,0.9428571428571428,3.0869914458075023e-21,22496.17142857143,85,70,15,True,3.594262511550308e-21,True,1.7037628506812972e-20
BB13_T7,30,70,-0.06099598260482797,0.036097458651383134,0.9285714285714286,4.6168316887185985e-22,-0.06363937016870119,0.031860363140764916,0.9714285714285714,5.900796657787866e-26,22471.17142857143,85,70,15,True,4.056996203165502e-21,True,5.802752623318109e-25
BB13_T7,60,70,-0.08574981396244091,0.051312418830510007,0.9285714285714286,8.161236452342723e-22,-0.09162922139290407,0.04427140637662856,0.9714285714285714,8.092122973090968e-27,22441.17142857143,85,70,15,True,5.5725438622221554e-21,True,1.164928536334554e-25
BB13_T7,300,70,-0.1916954590494974,0.11175008804324152,0.9285714285714286,2.118537943808149e-22,-0.20460063190147876,0.09827305808413914,0.9571428571428572,5.8042236878004905e-27,22201.17142857143,85,70,15,True,3.171397408042586e-21,True,9.25635644309035e-26
BB13_T8,1,70,-0.010681721852604114,0.006512611207763415,0.9285714285714286,2.119031992720404e-21,-0.009331993619560358,0.00838622178739438,0.9,8.160327780286708e-14,22200.17142857143,85,70,15,True,1.2710513081335062e-20,True,2.9553388344749034e-13
BB13_T8,5,70,-0.024257856527157083,0.01476984636147588,0.9142857142857143,1.9777184053472895e-21,-0.024361415669426068,0.01573661525471356,0.9428571428571428,3.802971129357663e-20,22196.17142857143,85,70,15,True,1.2008817382205421e-20,True,1.9465578151008485e-19
BB13_T8,30,70,-0.059940606235317696,0.03642195838928529,0.9285714285714286,1.783912607275161e-21,-0.06291804457755576,0.03283493335138811,0.9428571428571428,5.808544578161606e-25,22171.17142857143,85,70,15,True,1.0947456586386646e-20,True,4.882851950741691e-24
BB13_T8,60,70,-0.08466070287034008,0.05134329370175827,0.9285714285714286,1.6166879538616682e-21,-0.09090433353507656,0.04541495819270068,0.9428571428571428,5.252146172808145e-26,22141.17142857143,85,70,15,True,1.0155739782894662e-20,True,5.229442370908398e-25
BB13_T8,300,70,-0.1888123484298313,0.10941498606234044,0.9285714285714286,1.5536934311225532e-22,-0.2032777143621004,0.09559123318592463,0.9428571428571428,1.749732194410627e-27,21901.17142857143,85,70,15,True,3.1191825066201304e-21,True,4.214359086885259e-26
BB13_T9,1,70,-0.010559531479223212,0.0065563318874291,0.9428571428571428,5.312421615378757e-21,-0.009136973147780916,0.008195584200107894,0.8857142857142857,7.586702629181805e-14,21900.17142857143,85,70,15,True,2.946134298737336e-20,True,2.762071399770615e-13
BB13_T9,5,70,-0.024063124826391093,0.014911105331255899,0.9428571428571428,4.8097084509887534e-21,-0.024208189910064726,0.015757406273956144,0.9428571428571428,5.529683469876556e-20,21896.17142857143,85,70,15,True,2.72418732756822e-20,True,2.7890593267771534e-19
BB13_T9,30,70,-0.05994176853822505,0.03689743133857939,0.9285714285714286,3.438552740151587e-21,-0.06257702061966301,0.03271760068692476,0.9428571428571428,6.427459205227512e-25,21871.17142857143,85,70,15,True,2.0204421287795466e-20,True,5.351053386520736e-24
BB13_T9,60,70,-0.08469240495021192,0.052146014709530036,0.9285714285714286,3.482843912794732e-21,-0.0907020994398684,0.04491440765803752,0.9428571428571428,3.2082011733587333e-26,21841.17142857143,85,70,15,True,2.0357433092156865e-20,True,3.400102777286633e-25
BB13_T9,300,70,-0.1840578182962592,0.1116458409466821,0.9285714285714286,1.6331447098001267e-21,-0.20014208637452868,0.09510353671824195,0.9428571428571428,3.16161005533769e-27,21601.17142857143,85,70,15,True,1.0221947413694635e-20,True,6.540935773168693e-26
BB14_T1,1,70,-0.01199731029756036,0.0069287562040790725,0.9285714285714286,1.3016151413673624e-22,-0.012494016946600744,0.009064248434799064,0.9142857142857143,9.430658832406687e-18,22794.17142857143,85,70,15,True,3.1191825066201304e-21,True,4.2315488657097535e-17
BB14_T1,5,70,-0.02674571403589274,0.01572937121239183,0.9285714285714286,3.3421574873753247e-22,-0.02839905476947921,0.01638820636730826,0.9428571428571428,1.2489407843729254e-22,22790.17142857143,85,70,15,True,3.552970498117461e-21,True,8.411482280718241e-22
BB14_T1,30,70,-0.06426252780285567,0.038431344280801034,0.9285714285714286,7.913168228840689e-22,-0.06914323728490882,0.03324964700342008,0.9428571428571428,6.201401088115036e-27,22765.17142857143,85,70,15,True,5.457085075976962e-21,True,9.694950569881197e-26
BB14_T1,60,70,-0.09009614820621707,0.05343723004071295,0.9285714285714286,5.175042184419175e-22,-0.09768082727731649,0.04563130121868544,0.9428571428571428,1.2006737249361431e-27,22735.17142857143,85,70,15,True,4.207004881686647e-21,True,4.1623084319529176e-26
BB14_T1,300,70,-0.19949133400388708,0.11129754897418476,0.9285714285714286,2.1134076333093946e-23,-0.21120473730028075,0.0980837998408811,0.9571428571428572,8.579738993945466e-28,22495.17142857143,85,70,15,True,1.3379154825388102e-21,True,4.1623084319529176e-26
BB14_T10,1,70,-0.010167546481310259,0.006471773899709965,0.9428571428571428,1.8366569820989128e-20,-0.008862199481500991,0.0080519800078308,0.9142857142857143,1.2475667246442189e-13,21299.17142857143,85,70,15,True,8.913939438912347e-20,True,4.4620528298610516e-13
BB14_T10,5,70,-0.023174094454599416,0.014701810861020648,0.9285714285714286,1.5581417617831946e-20,-0.023761791791481784,0.015451082647585861,0.9428571428571428,5.260437547519082e-20,21295.17142857143,85,70,15,True,7.723643883731617e-20,True,2.6767027579791496e-19
BB14_T10,30,70,-0.057457913399025895,0.036116918249029774,0.9285714285714286,9.841013162270915e-21,-0.06180139978643293,0.03180980577183807,0.9571428571428572,2.7266086124711504e-25,21270.17142857143,85,70,15,True,5.0975562932003014e-20,True,2.4031716214509756e-24
BB14_T10,60,70,-0.08085426699592435,0.050955527267101564,0.9285714285714286,1.1201995458796e-20,-0.0894637520426127,0.04368556697836899,0.9571428571428572,1.467236932085998e-26,21240.17142857143,85,70,15,True,5.716823384067974e-20,True,1.7601748612351123e-25
BB14_T10,300,70,-0.18088743786040254,0.10877238434205704,0.9285714285714286,1.047897329861946e-21,-0.20031560000535592,0.09597333396467232,0.9571428571428572,5.036746776776146e-27,21000.17142857143,85,70,15,True,6.896162427948616e-21,True,9.064424920797659e-26
BB14_T11,1,70,-0.01041426752197422,0.006746058517548794,0.9428571428571428,4.362129861670703e-20,-0.009084438285681335,0.008130448057677443,0.9142857142857143,6.960256972902755e-14,20999.17142857143,85,70,15,True,1.9623904520927445e-19,True,2.5474245594681164e-13
BB14_T11,5,70,-0.023714892497452605,0.015283823899891202,0.9428571428571428,3.3964184003351086e-20,-0.02401357118305325,0.015412629226518225,0.9285714285714286,2.7716774692654973e-20,20995.17142857143,85,70,15,True,1.5583832102467197e-19,True,1.4421906108904057e-19
BB14_T11,30,70,-0.05857186433666256,0.03717965659152902,0.9285714285714286,1.6030149985842043e-20,-0.06286418456168286,0.03209394874149461,0.9571428571428572,1.740828883202576e-25,20970.17142857143,85,70,15,True,7.870174196594197e-20,True,1.5744931391269373e-24
BB14_T11,60,70,-0.08215908432571047,0.0523281331282423,0.9285714285714286,1.8946806146652476e-20,-0.09052955441684231,0.04416790002027381,0.9571428571428572,1.3979934625549292e-26,20940.17142857143,85,70,15,True,9.117160896474138e-20,True,1.6888347598347134e-25
BB14_T11,300,70,-0.1805580497302892,0.11143809227440463,0.9285714285714286,3.9302450279516535e-21,-0.19897757750607087,0.09624896264206041,0.9714285714285714,8.6365287156593e-27,20700.17142857143,85,70,15,True,2.2556472710254092e-20,True,1.217926804596036e-25
BB14_T12,1,70,-0.010723051670683135,0.00670780239186792,0.9285714285714286,7.728608654394776e-21,-0.008861100681145456,0.008361739846706675,0.8857142857142857,5.227580114329167e-13,19199.17142857143,85,70,15,True,4.1207319291564744e-20,True,1.8061289295007272e-12
BB14_T12,5,70,-0.02439921611871293,0.015267935940334782,0.9285714285714286,7.856680866017441e-21,-0.023647102888700734,0.016098529521758706,0.9285714285714286,4.832050551338146e-19,19195.17142857143,85,70,15,True,4.18256277227893e-20,True,2.3349279237585025e-18
BB14_T12,30,70,-0.06039349357799761,0.03768659222590957,0.9285714285714286,6.835071532619597e-21,-0.06244296189249059,0.034778125473331506,0.9571428571428572,1.931021509676238e-23,19170.17142857143,85,70,15,True,3.713077381320866e-20,True,1.407527281842068e-22
BB14_T12,60,70,-0.08517480431207074,0.053387667225687295,0.9285714285714286,8.541373960385392e-21,-0.08925319544599813,0.047920465771285045,0.9571428571428572,2.7140791207964976e-24,19140.17142857143,85,70,15,True,4.484870369776828e-20,True,2.102498511738094e-23
BB14_T12,300,70,-0.1851878197701787,0.11434164415242797,0.9428571428571428,4.011007846034043e-21,-0.19495702370324935,0.10608005238397814,0.9428571428571428,5.564986998316153e-24,18900.17142857143,85,70,15,True,2.2981811124457077e-20,True,4.2072275884425186e-23
BB14_T2,1,70,-0.011811690450757544,0.006886380738733784,0.9285714285714286,2.1294389422365477e-22,-0.012141668832405899,0.009025999498453282,0.9142857142857143,2.851134089434928e-17,22789.17142857143,85,70,15,True,3.171397408042586e-21,True,1.2516732247773414e-16
BB14_T2,5,70,-0.026550743544373742,0.01564798836249148,0.9285714285714286,3.7308522346107866e-22,-0.028056359626662936,0.01635242773093607,0.9428571428571428,2.0970820766030201e-22,22785.17142857143,85,70,15,True,3.693436811054518e-21,True,1.369644343036566e-21
BB14_T2,30,70,-0.06400580008020093,0.038269271715726014,0.9285714285714286,7.823159915706324e-22,-0.06879683344909392,0.03317483101674086,0.9428571428571428,7.248802967568454e-27,22760.17142857143,85,70,15,True,5.425497307811524e-21,True,1.0795092350409055e-25
BB14_T2,60,70,-0.08990064508455656,0.053243731921789036,0.9285714285714286,4.801351819956883e-22,-0.09738284389572442,0.045510892341246,0.9428571428571428,1.2292513293420043e-27,22730.17142857143,85,70,15,True,4.056996203165502e-21,True,4.1623084319529176e-26
BB14_T2,300,70,-0.19931631823806792,0.11122368889868169,0.9285714285714286,2.1375080255873607e-23,-0.2110294408026983,0.09803643886530619,0.9571428571428572,8.75151131545974e-28,22490.17142857143,85,70,15,True,1.3379154825388102e-21,True,4.1623084319529176e-26
BB14_T3,1,70,-0.011464634592276672,0.00675294128737893,0.9285714285714286,3.621950945683613e-22,-0.011470548429115877,0.008869928997498876,0.9142857142857143,1.6402420178291248e-16,22769.17142857143,85,70,15,True,3.627200149952719e-21,True,6.96196089877104e-16
BB14_T3,5,70,-0.025933969966912343,0.015294792037247805,0.9285714285714286,3.863001363850866e-22,-0.02715151127621643,0.01604191201052798,0.9428571428571428,4.241963775138225e-22,22765.17142857143,85,70,15,True,3.7539181703331414e-21,True,2.645484628718875e-21
BB14_T3,30,70,-0.06352121313415429,0.03756708217811024,0.9285714285714286,4.462358035558313e-22,-0.06782920452785669,0.032961183546196204,0.9428571428571428,1.1179289551005207e-26,22740.17142857143,85,70,15,True,4.014960159597389e-21,True,1.4912913281360227e-25
BB14_T3,60,70,-0.08948188766778684,0.05275196596248947,0.9285714285714286,3.785230009687432e-22,-0.09642245492147697,0.04521413759993024,0.9428571428571428,1.4890736020470043e-27,22710.17142857143,85,70,15,True,3.712006091354079e-21,True,4.1623084319529176e-26
BB14_T3,300,70,-0.19865087242129553,0.11098025575566212,0.9285714285714286,2.272239267496044e-23,-0.21026826937479492,0.09790497768278177,0.9571428571428572,9.962293080273203e-28,22470.17142857143,85,70,15,True,1.3379154825388102e-21,True,4.1623084319529176e-26
BB14_T4,1,70,-0.011363962812068229,0.006605257199990962,0.9285714285714286,1.8185378183826608e-22,-0.011047826501450133,0.008727603099186227,0.9142857142857143,4.14953231567336e-16,22739.17142857143,85,70,15,True,3.1258946082149716e-21,True,1.7293889204645908e-15
BB14_T4,5,70,-0.025797369579691823,0.015028606987442735,0.9285714285714286,2.0456533523933444e-22,-0.026599541895336764,0.015837328607406165,0.9428571428571428,6.3067883486244175e-22,22735.17142857143,85,70,15,True,3.1624675178459957e-21,True,3.796159188936823e-21
BB14_T4,30,70,-0.06353879971600997,0.037351028252236296,0.9285714285714286,3.2659976514909786e-22,-0.06708307897544748,0.03269755261202873,0.9571428571428572,1.3252006464048394e-26,22710.17142857143,85,70,15,True,3.4827228042905345e-21,True,1.635202940474543e-25
BB14_T4,60,70,-0.08939839392143543,0.05243451383721791,0.9285714285714286,2.9074627371061596e-22,-0.09565365693328019,0.044882587698247774,0.9571428571428572,1.544738004275011e-27,22680.17142857143,85,70,15,True,3.351739356052051e-21,True,4.1623084319529176e-26
BB14_T4,300,70,-0.19770524060432612,0.11085269984416067,0.9285714285714286,2.752544283729687e-23,-0.2093616103209137,0.09790407431374602,0.9571428571428572,1.2736834795811703e-27,22440.17142857143,85,70,15,True,1.4035283438106695e-21,True,4.1623084319529176e-26
BB14_T5,1,70,-0.011362726734344042,0.006683913746418728,0.9285714285714286,3.3786031032935476e-22,-0.010793362731746437,0.008624127564711198,0.9,6.759956366208929e-16,22709.17142857143,85,70,15,True,3.570791193399365e-21,True,2.7705396494960673e-15
BB14_T5,5,70,-0.025820461238505912,0.015139571561614901,0.9285714285714286,2.860041248454474e-22,-0.02630406425720928,0.015657164782434126,0.9428571428571428,6.219710974967177e-22,22705.17142857143,85,70,15,True,3.346731054896646e-21,True,3.750279479670436e-21
BB14_T5,30,70,-0.06345689358533786,0.03704774161332689,0.9285714285714286,2.2888379429541613e-22,-0.06657111767697381,0.03246750717434753,0.9571428571428572,1.370599368835596e-26,22680.17142857143,85,70,15,True,3.171397408042586e-21,True,1.6767257881639356e-25
BB14_T5,60,70,-0.08934136920449169,0.052136322617775975,0.9285714285714286,2.2360845088639566e-22,-0.09518172702319358,0.04476148322022946,0.9571428571428572,1.754912218714295e-27,22650.17142857143,85,70,15,True,3.171397408042586e-21,True,4.214359086885259e-26
BB14_T5,300,70,-0.19673305158422164,0.11079192905650286,0.9285714285714286,3.4697059653478474e-23,-0.20857113782423786,0.09783040507899758,0.9571428571428572,1.5133689876859199e-27,22410.17142857143,85,70,15,True,1.512090027428074e-21,True,4.1623084319529176e-26
BB14_T6,1,70,-0.011265228335050627,0.006470672341176234,0.9285714285714286,9.797269004166073e-23,-0.010586488299654927,0.008559740744516061,0.8857142857142857,1.1193562975627127e-15,22679.17142857143,85,70,15,True,2.6864733658249034e-21,True,4.528543334987321e-15
BB14_T6,5,70,-0.02566291453868198,0.014775383444394273,0.9285714285714286,1.108155178505791e-22,-0.02609882292583749,0.015549677432776625,0.9428571428571428,6.528971450120468e-22,22675.17142857143,85,70,15,True,2.8360564012870428e-21,True,3.9162493680844126e-21
BB14_T6,30,70,-0.06340818105104887,0.03689300878539597,0.9285714285714286,1.9166294451628563e-22,-0.0662233221176498,0.032478512125676214,0.9571428571428572,1.8732409098629015e-26,22650.17142857143,85,70,15,True,3.1624675178459957e-21,True,2.128962941965896e-25
BB14_T6,60,70,-0.08916687308350624,0.05175414597346937,0.9285714285714286,1.6887165276263006e-22,-0.09482365833700435,0.04451379936646237,0.9571428571428572,1.5860657992995086e-27,22620.17142857143,85,70,15,True,3.1191825066201304e-21,True,4.1830972034960324e-26
BB14_T6,300,70,-0.19561140786421619,0.11070651140458812,0.9285714285714286,4.5037859935620356e-23,-0.20770999903827836,0.09781230062464463,0.9571428571428572,1.894521138710431e-27,22380.17142857143,85,70,15,True,1.707276076372508e-21,True,4.393000358553382e-26
BB14_T7,1,70,-0.010879359783169965,0.006416361068997587,0.9142857142857143,3.868002514149344e-22,-0.00980821810506046,0.008403014939585323,0.9,1.2283386146999743e-14,22499.17142857143,85,70,15,True,3.7539181703331414e-21,True,4.684227277912154e-14
BB14_T7,5,70,-0.024755834742635065,0.014613894560605805,0.9142857142857143,4.0577480221240985e-22,-0.02495992948469328,0.015365935944878131,0.9428571428571428,3.458233039358412e-21,22495.17142857143,85,70,15,True,3.840964223681852e-21,True,1.9025788456979798e-20
BB14_T7,30,70,-0.061020598159048985,0.03621642346184236,0.9285714285714286,5.356886849294281e-22,-0.06363678533600382,0.0319520675380488,0.9714285714285714,6.936724244981401e-26,22470.17142857143,85,70,15,True,4.304196294025986e-21,True,6.6758724976074485e-25
BB14_T7,60,70,-0.0857903399083382,0.05148871031204941,0.9285714285714286,9.495724880021405e-22,-0.09168916477266205,0.04445577239870282,0.9714285714285714,9.853466110821614e-27,22440.17142857143,85,70,15,True,6.346238816698577e-21,True,1.356299880627607e-25
BB14_T7,300,70,-0.19182484388877913,0.11200194212073876,0.9285714285714286,2.2991898253995997e-22,-0.20480701714649394,0.09857645190065455,0.9571428571428572,6.524216233317866e-27,22200.17142857143,85,70,15,True,3.171397408042586e-21,True,9.973967737218243e-26
BB14_T8,1,70,-0.01067936821827683,0.00652049718920243,0.9285714285714286,2.278546468609155e-21,-0.009319587322231173,0.008407070965250167,0.8857142857142857,9.460734014970881e-14,22199.17142857143,85,70,15,True,1.3643636133526226e-20,True,3.411987058635114e-13
BB14_T8,5,70,-0.024269059878921494,0.01479398022756527,0.9142857142857143,2.098868412538116e-21,-0.024356674913402095,0.015758147521818804,0.9428571428571428,4.106422160360697e-20,22195.17142857143,85,70,15,True,1.2633432692193712e-20,True,2.0987704976399718e-19
BB14_T8,30,70,-0.05998171559996383,0.03648987334052247,0.9285714285714286,1.8939272870382687e-21,-0.06292483765328681,0.03294150433004263,0.9428571428571428,6.891254384327023e-25,22170.17142857143,85,70,15,True,1.154059748980109e-20,True,5.696000932499968e-24
BB14_T8,60,70,-0.08470713566603444,0.05142799289487193,0.9285714285714286,1.7097547415651292e-21,-0.09093149551350979,0.0455418595963092,0.9428571428571428,6.031650235476173e-26,22140.17142857143,85,70,15,True,1.0605390721916555e-20,True,5.903499026507133e-25
BB14_T8,300,70,-0.1889103153170858,0.10953258016752379,0.9285714285714286,1.5992885591375131e-22,-0.20339874813187725,0.0957607680428519,0.9428571428571428,1.8707062808819456e-27,21900.17142857143,85,70,15,True,3.1191825066201304e-21,True,4.3817260589892407e-26
BB14_T9,1,70,-0.010568237943734475,0.006561370068995409,0.9428571428571428,5.2974828041250934e-21,-0.009137551254475823,0.008202898802821424,0.8857142857142857,7.835225253537507e-14,21899.17142857143,85,70,15,True,2.946134298737336e-20,True,2.846551340796224e-13
BB14_T9,5,70,-0.024103472161278453,0.01494186162634252,0.9428571428571428,4.903831761282833e-21,-0.024223578430827068,0.0157902292654044,0.9428571428571428,5.934963146924527e-20,21895.17142857143,85,70,15,True,2.770109153019549e-20,True,2.967481573462263e-19
BB14_T9,30,70,-0.060001461211894924,0.0369446544197805,0.9285714285714286,3.488162196977385e-21,-0.06260467736928105,0.03282364819349498,0.9428571428571428,7.485279506873158e-25,21870.17142857143,85,70,15,True,2.0357433092156865e-20,True,6.157533499106371e-24
BB14_T9,60,70,-0.08474172512404551,0.05218894052648758,0.9285714285714286,3.525422480848452e-21,-0.0907110729978267,0.04505569638705963,0.9428571428571428,3.8008163008397916e-26,21840.17142857143,85,70,15,True,2.0540193374926477e-20,True,3.9553675660847833e-25
BB14_T9,300,70,-0.184104463057964,0.11160646442028578,0.9285714285714286,1.5835272927905369e-21,-0.2001448866542084,0.09504662073883968,0.9428571428571428,3.0538214695436706e-27,21600.17142857143,85,70,15,True,1.0001986831062715e-20,True,6.433508034922794e-26
BB15_T1,1,70,-0.012001996957572668,0.006935363203445221,0.9285714285714286,1.3403723649798018e-22,-0.012611601618646221,0.009079962669923553,0.9285714285714286,6.643969523614531e-18,22794.17142857143,85,70,15,True,3.1191825066201304e-21,True,3.052515253203218e-17
BB15_T1,5,70,-0.026897599633469303,0.015699118054991214,0.9285714285714286,2.2559297326563684e-22,-0.028635246780052453,0.016454981038207677,0.9428571428571428,1.0020448865700861e-22,22790.17142857143,85,70,15,True,3.171397408042586e-21,True,6.951937917870778e-22
BB15_T1,30,70,-0.06463774012065465,0.038472244034087284,0.9285714285714286,6.198469738895288e-22,-0.06953905447657177,0.03330782679068749,0.9428571428571428,4.959895660837543e-27,22765.17142857143,85,70,15,True,4.790987236662913e-21,True,9.019178688523006e-26
BB15_T1,60,70,-0.0904857078184743,0.05344669050808379,0.9285714285714286,4.181287280486697e-22,-0.09795866517886694,0.045604397372590894,0.9428571428571428,9.874818500860339e-28,22735.17142857143,85,70,15,True,3.892107184112801e-21,True,4.1623084319529176e-26
BB15_T1,300,70,-0.1994966779580829,0.11098235018977105,0.9285714285714286,1.815561892169864e-23,-0.2110209603086745,0.09777607979103216,0.9571428571428572,7.536057829282907e-28,22495.17142857143,85,70,15,True,1.3379154825388102e-21,True,4.1623084319529176e-26
BB15_T10,1,70,-0.010163066607845023,0.0064704906808665036,0.9428571428571428,1.8588634382849014e-20,-0.008860506978150351,0.008042759249377092,0.9142857142857143,1.202554148415166e-13,21299.17142857143,85,70,15,True,8.969794943120578e-20,True,4.305517702356889e-13
BB15_T10,5,70,-0.02316418311748816,0.014700307623789042,0.9285714285714286,1.5835401143906815e-20,-0.023744862921398147,0.015443481669511499,0.9285714285714286,5.317595691539662e-20,21295.17142857143,85,70,15,True,7.804751919001149e-20,True,2.70180781092199e-19
BB15_T10,30,70,-0.057442797681591995,0.036117035449642336,0.9285714285714286,9.972750887676776e-21,-0.06178320525478519,0.031721327527079686,0.9571428571428572,2.3778775072821376e-25,21270.17142857143,85,70,15,True,5.135000643356671e-20,True,2.1174141205308726e-24
BB15_T10,60,70,-0.08082738319341695,0.05095111884445777,0.9285714285714286,1.1340242824193647e-20,-0.08938301935896265,0.04355704483847971,0.9571428571428572,1.3083848717244363e-26,21240.17142857143,85,70,15,True,5.761843964351331e-20,True,1.633345611553369e-25
BB15_T10,300,70,-0.18084276215694492,0.10870583538251852,0.9285714285714286,1.0285238832570302e-21,-0.1999195934821512,0.09567087774765953,0.9571428571428572,4.712773508929687e-27,21000.17142857143,85,70,15,True,6.807567081710804e-21,True,8.754103480296811e-26
BB15_T11,1,70,-0.010406818214511098,0.006732459380849889,0.9428571428571428,4.091867176238515e-20,-0.009054529885018694,0.008124039931110405,0.9142857142857143,7.674575174701272e-14,20999.17142857143,85,70,15,True,1.8577399597771446e-19,True,2.7911218135360943e-13
BB15_T11,5,70,-0.023697483974115596,0.015255090490291045,0.9428571428571428,3.2098032091964847e-20,-0.02391714022457845,0.01540338241969262,0.9285714285714286,3.2813291358222366e-20,20995.17142857143,85,70,15,True,1.484587695819793e-19,True,1.6920883827262428e-19
BB15_T11,30,70,-0.05852917444718599,0.03710964090582199,0.9285714285714286,1.5135690677453353e-20,-0.06263278678612276,0.03194189503463291,0.9571428571428572,1.6419375594035624e-25,20970.17142857143,85,70,15,True,7.535131309884918e-20,True,1.4968058753929572e-24
BB15_T11,60,70,-0.08211210135405411,0.05223170518839097,0.9285714285714286,1.7788358151016896e-20,-0.09021959010944805,0.04392085768917134,0.9571428571428572,1.2371373725203044e-26,20940.17142857143,85,70,15,True,8.680618278497652e-20,True,1.5705852175365535e-25
BB15_T11,300,70,-0.18054074545756396,0.11126242413366311,0.9285714285714286,3.647166523681082e-21,-0.19859423485545824,0.09593431987305763,0.9714285714285714,8.006639064784603e-27,20700.17142857143,85,70,15,True,2.1213737944980032e-20,True,1.162308318018101e-25
BB15_T12,1,70,-0.010730331240457072,0.006703039942022416,0.9285714285714286,7.209311070662399e-21,-0.008867563070580425,0.00832173373179938,0.8857142857142857,4.2544149335719e-13,19199.17142857143,85,70,15,True,3.8677282219159294e-20,True,1.4802621949134857e-12
BB15_T12,5,70,-0.02441543299264034,0.015258037609664614,0.9285714285714286,7.356797621171685e-21,-0.02358826922033245,0.016010610160998712,0.9285714285714286,4.190642804407186e-19,19195.17142857143,85,70,15,True,3.9407342296353756e-20,True,2.0363812783722685e-18
BB15_T12,30,70,-0.06043246990837729,0.037666591203293166,0.9285714285714286,6.443655163506291e-21,-0.062315793625066326,0.03452428593899032,0.9571428571428572,1.458107792874215e-23,19170.17142857143,85,70,15,True,3.5225994604294675e-20,True,1.0741497706568045e-22
BB15_T12,60,70,-0.0852356502474706,0.05334589963214592,0.9285714285714286,7.92516574879626e-21,-0.0890808771819115,0.04759695093881857,0.9571428571428572,2.0896667148814106e-24,19140.17142857143,85,70,15,True,4.203827514152977e-20,True,1.644601025037648e-23
BB15_T12,300,70,-0.185313667696174,0.11431477920943342,0.9428571428571428,3.830268125674222e-21,-0.19474016690911547,0.1059614876814043,0.9428571428571428,5.5633858731860284e-24,18900.17142857143,85,70,15,True,2.2092781926885535e-20,True,4.2072275884425186e-23
BB15_T2,1,70,-0.011867087429407387,0.006900264186401085,0.9285714285714286,1.8540766491999585e-22,-0.012261912162006764,0.009052183606014012,0.9142857142857143,2.0830255290461545e-17,22789.17142857143,85,70,15,True,3.1555836566432795e-21,True,9.203137088049186e-17
BB15_T2,5,70,-0.026731194643094213,0.015665286712776238,0.9285714285714286,2.7827982743758516e-22,-0.028269937633395414,0.016380073563608644,0.9428571428571428,1.543402093127805e-22,22785.17142857143,85,70,15,True,3.3235728088246885e-21,True,1.0215429562752043e-21
BB15_T2,30,70,-0.06434361497833145,0.03831661536790063,0.9285714285714286,6.362177933398445e-22,-0.06914541217978033,0.03323757596027936,0.9428571428571428,6.0649833055915e-27,22760.17142857143,85,70,15,True,4.8956179866128344e-21,True,9.524780600372107e-26
BB15_T2,60,70,-0.09025432511130586,0.053238083135714695,0.9285714285714286,3.8998277468415155e-22,-0.09764193759144744,0.04547580355264021,0.9428571428571428,1.01111399677791e-27,22730.17142857143,85,70,15,True,3.754050142413147e-21,True,4.1623084319529176e-26
BB15_T2,300,70,-0.19930665318432408,0.11089000012047734,0.9285714285714286,1.827216305412729e-23,-0.21085781415208102,0.09772126150357938,0.9571428571428572,7.628131387304281e-28,22490.17142857143,85,70,15,True,1.3379154825388102e-21,True,4.1623084319529176e-26
BB15_T3,1,70,-0.011519085662069438,0.006756892999835482,0.9285714285714286,2.9218831579536023e-22,-0.01156831681905878,0.008886527031928689,0.9142857142857143,1.2269218005261136e-16,22769.17142857143,85,70,15,True,3.351739356052051e-21,True,5.252806469414773e-16
BB15_T3,5,70,-0.026070663602608252,0.015296520588738323,0.9285714285714286,2.9609873050536745e-22,-0.027331835445897925,0.01606490575784989,0.9428571428571428,3.2449979995933976e-22,22765.17142857143,85,70,15,True,3.3627207544386948e-21,True,2.0723600903133433e-21
BB15_T3,30,70,-0.0637357581659365,0.03753790644708227,0.9285714285714286,3.6022432004562667e-22,-0.06804811882927131,0.032995662896655974,0.9428571428571428,9.89254905696547e-27,22740.17142857143,85,70,15,True,3.61795065627221e-21,True,1.356299880627607e-25
BB15_T3,60,70,-0.08973474799631183,0.05266947976837512,0.9285714285714286,3.0172024135339955e-22,-0.09665774208793976,0.04514168454458918,0.9428571428571428,1.1831024910690012e-27,22710.17142857143,85,70,15,True,3.3627207544386948e-21,True,4.1623084319529176e-26
BB15_T3,300,70,-0.19858068664731401,0.11057522127558062,0.9285714285714286,1.9071330485884494e-23,-0.21008543989977096,0.09753612071154205,0.9571428571428572,8.440940668082769e-28,22470.17142857143,85,70,15,True,1.3379154825388102e-21,True,4.1623084319529176e-26
BB15_T4,1,70,-0.011398991022562515,0.00659924011006063,0.9285714285714286,1.4775565969966503e-22,-0.011120813556283183,0.008736370005817928,0.9,3.261062509068819e-16,22739.17142857143,85,70,15,True,3.1191825066201304e-21,True,1.377380314038236e-15
BB15_T4,5,70,-0.02588328443464966,0.015012080294618363,0.9285714285714286,1.6251566332988726e-22,-0.02671558191340578,0.015845785369021967,0.9428571428571428,5.1820508137032775e-22,22735.17142857143,85,70,15,True,3.1191825066201304e-21,True,3.185762555399435e-21
BB15_T4,30,70,-0.06369883340633818,0.03727800828256594,0.9285714285714286,2.5909541964579754e-22,-0.06724904429743728,0.032675651861372314,0.9428571428571428,1.1110220407342917e-26,22710.17142857143,85,70,15,True,3.2670608572125202e-21,True,1.487822151448441e-25
BB15_T4,60,70,-0.08956642756493649,0.05228979223001034,0.9285714285714286,2.285758801724397e-22,-0.0958323984409433,0.04475134585717253,0.9571428571428572,1.1757742072196482e-27,22680.17142857143,85,70,15,True,3.171397408042586e-21,True,4.1623084319529176e-26
BB15_T4,300,70,-0.19758270809785825,0.11038630428201798,0.9285714285714286,2.2752953910586638e-23,-0.20914994782669755,0.09745536374852616,0.9571428571428572,1.0385562278730021e-27,22440.17142857143,85,70,15,True,1.3379154825388102e-21,True,4.1623084319529176e-26
BB15_T5,1,70,-0.011389739994001419,0.006674366715040302,0.9285714285714286,2.7749356870963808e-22,-0.010859788993332146,0.008621748234393451,0.9,5.136994264783113e-16,22709.17142857143,85,70,15,True,3.3235728088246885e-21,True,2.133210959714622e-15
BB15_T5,5,70,-0.025881909961487815,0.015111466839338901,0.9285714285714286,2.296334863301972e-22,-0.026407311600923442,0.015644006642687343,0.9428571428571428,4.869100343475181e-22,22705.17142857143,85,70,15,True,3.171397408042586e-21,True,3.0202408773261667e-21
BB15_T5,30,70,-0.06355138408392347,0.036932579098282514,0.9285714285714286,1.8022126791863616e-22,-0.06675019095641938,0.032418670508569024,0.9571428571428572,1.0832924268022585e-26,22680.17142857143,85,70,15,True,3.1258946082149716e-21,True,1.460689669912127e-25
BB15_T5,60,70,-0.08941183622107139,0.051946598103462305,0.9285714285714286,1.7759608623107744e-22,-0.09534187228243118,0.04459254433073163,0.9571428571428572,1.2862448398264208e-27,22650.17142857143,85,70,15,True,3.1191825066201304e-21,True,4.1623084319529176e-26
BB15_T5,300,70,-0.19655794401222543,0.11029098724851977,0.9285714285714286,2.8624051084336414e-23,-0.2083353185604831,0.09735293771832633,0.9571428571428572,1.2217406919724818e-27,22410.17142857143,85,70,15,True,1.4128013785197473e-21,True,4.1623084319529176e-26
BB15_T6,1,70,-0.011277773035674314,0.006455958902249144,0.9285714285714286,8.204485404936837e-23,-0.010640933111823245,0.008557408057710545,0.9,8.901007412114208e-16,22679.17142857143,85,70,15,True,2.5769542794597067e-21,True,3.635104090881157e-15
BB15_T6,5,70,-0.02569366465576608,0.0147360929069203,0.9285714285714286,9.055922696243294e-23,-0.026179239044728315,0.015556147745498053,0.9428571428571428,5.694521339471329e-22,22675.17142857143,85,70,15,True,2.6864733658249034e-21,True,3.482224996083795e-21
BB15_T6,30,70,-0.06344025280269042,0.036762031021992894,0.9285714285714286,1.5514921400947883e-22,-0.0663550687948014,0.03243384125746353,0.9571428571428572,1.5516356447829372e-26,22650.17142857143,85,70,15,True,3.1191825066201304e-21,True,1.842234073101391e-25
BB15_T6,60,70,-0.08916222898665248,0.051558213987519586,0.9285714285714286,1.3897399620892385e-22,-0.0949082154801955,0.04437140960009036,0.9571428571428572,1.2563858628918958e-27,22620.17142857143,85,70,15,True,3.1191825066201304e-21,True,4.1623084319529176e-26
BB15_T6,300,70,-0.19539858761575032,0.11019122326092792,0.9285714285714286,3.729797258945831e-23,-0.2074393473147277,0.09734298462405801,0.9571428571428572,1.5522829981375704e-27,22380.17142857143,85,70,15,True,1.5715182353241275e-21,True,4.1623084319529176e-26
BB15_T7,1,70,-0.01086822383309627,0.00638086473398097,0.9142857142857143,3.061596744434331e-22,-0.009826932838880873,0.008393897277953746,0.9,1.0882132698372952e-14,22499.17142857143,85,70,15,True,3.3765143171409377e-21,True,4.191501501993149e-14
BB15_T7,5,70,-0.024731176435250746,0.014532335868490532,0.9285714285714286,3.199436695250597e-22,-0.024960927087698016,0.015314163158786694,0.9428571428571428,2.9100199924793042e-21,22495.17142857143,85,70,15,True,3.450822741971567e-21,True,1.613823286358908e-20
BB15_T7,30,70,-0.06096371193955781,0.03600551642704726,0.9285714285714286,4.159890431573581e-22,-0.0636293190603118,0.03177886387066564,0.9714285714285714,5.1633625993518175e-26,22470.17142857143,85,70,15,True,3.892107184112801e-21,True,5.185877261848992e-25
BB15_T7,60,70,-0.08570663633376913,0.051185788289758546,0.9285714285714286,7.37815706234689e-22,-0.09158267663002184,0.04412153098267991,0.9714285714285714,6.87965039137471e-27,22440.17142857143,85,70,15,True,5.207421738575758e-21,True,1.042508425535071e-25
BB15_T7,300,70,-0.19156328616995466,0.11152196322379622,0.9285714285714286,1.9746796793128655e-22,-0.20439857756767374,0.09796429334082675,0.9428571428571428,5.1386582751263685e-27,22200.17142857143,85,70,15,True,3.1624675178459957e-21,True,9.064424920797659e-26
BB15_T8,1,70,-0.010665051658059609,0.006494127373529222,0.9285714285714286,1.9856640441610638e-21,-0.00933114518148219,0.008387915015230969,0.9,8.25364935192219e-14,22199.17142857143,85,70,15,True,1.2020270119560014e-20,True,2.9860061267948866e-13
BB15_T8,5,70,-0.024236063792204707,0.014735207978335182,0.9142857142857143,1.8373237800010064e-21,-0.0243558561049682,0.015706552109439973,0.9428571428571428,3.500618794533186e-20,22195.17142857143,85,70,15,True,1.1255236985644463e-20,True,1.7997973117726426e-19
BB15_T8,30,70,-0.05990578545333352,0.03634929808151872,0.9285714285714286,1.659958095203589e-21,-0.06287810362118257,0.03274742059003249,0.9428571428571428,5.197805595476703e-25,22170.17142857143,85,70,15,True,1.0333613007078197e-20,True,4.445153052567329e-24
BB15_T8,60,70,-0.08460920770824595,0.05123871982066063,0.9285714285714286,1.5031301486412333e-21,-0.09081879144467796,0.045269304539909946,0.9428571428571428,4.629256736226477e-26,22140.17142857143,85,70,15,True,9.581761371873543e-21,True,4.731976930077657e-25
BB15_T8,300,70,-0.1887043331167553,0.10930851984735938,0.9285714285714286,1.521557085063705e-22,-0.20308274153130096,0.09545510027243928,0.9428571428571428,1.7040494792757503e-27,21900.17142857143,85,70,15,True,3.1191825066201304e-21,True,4.214359086885259e-26
BB15_T9,1,70,-0.010558755936198759,0.006547056412771142,0.9428571428571428,4.9656948712315356e-21,-0.009134533171952825,0.008178840322710856,0.8857142857142857,7.0792859001782e-14,21899.17142857143,85,70,15,True,2.794214296434032e-20,True,2.588246855567797e-13
BB15_T9,5,70,-0.02408240407657794,0.014911171972041878,0.9428571428571428,4.620735685623682e-21,-0.0242141529151757,0.015724430338607414,0.9428571428571428,4.930484569066194e-20,21895.17142857143,85,70,15,True,2.63008925763259e-20,True,2.5162221840655393e-19
BB15_T9,30,70,-0.05994863025833421,0.03688753220732242,0.9285714285714286,3.372716013711764e-21,-0.06260921055491961,0.03261635106590759,0.9428571428571428,5.276537746177222e-25,21870.17142857143,85,70,15,True,1.9885211309512194e-20,True,4.501342694578346e-24
BB15_T9,60,70,-0.08466824222667639,0.05212195235149104,0.9285714285714286,3.45199293166153e-21,-0.09069576624223852,0.044772443170864436,0.9428571428571428,2.699288003383092e-26,21840.17142857143,85,70,15,True,2.024895684022171e-20,True,2.941968470564222e-25
BB15_T9,300,70,-0.18397277457594022,0.11171533134701213,0.9285714285714286,1.725777382546012e-21,-0.2000577937810601,0.09510373579466584,0.9428571428571428,3.2382952426654566e-27,21600.17142857143,85,70,15,True,1.0666905986709662e-20,True,6.659708371076876e-26
BB16,1,70,-0.011380498797753795,0.006981384699973334,0.9285714285714286,2.8923504023272815e-21,-0.008331331921734386,0.008234256966390867,0.8714285714285714,2.818810108062974e-12,22799.17142857143,85,70,15,True,1.7140772967479858e-20,True,9.301804129281353e-12
BB16,5,70,-0.025812096194301273,0.01579162099886758,0.9285714285714286,2.5215718735044158e-21,-0.02073360107321447,0.01578842620758758,0.9285714285714286,8.342138563311224e-17,22795.17142857143,85,70,15,True,1.5072717686778125e-20,True,3.5893012124832227e-16
BB16,30,70,-0.06303415349754972,0.03924934239131708,0.9285714285714286,6.131714356553961e-21,-0.05358291098834273,0.03309835108150516,0.9285714285714286,4.0995169713103944e-21,22770.17142857143,85,70,15,True,3.3680561370260626e-20,True,2.2411125214995906e-20
BB16,60,70,-0.08809476746706442,0.05481151006986117,0.9285714285714286,5.898959235593611e-21,-0.07663059964699284,0.04483041741223229,0.9428571428571428,2.5447811851059613e-22,22740.17142857143,85,70,15,True,3.250542928066336e-20,True,1.643405419540392e-21
BB16,300,70,-0.18907810811862466,0.10856921524705047,0.9428571428571428,9.628859584241442e-23,-0.1668463322424588,0.09318136599361043,0.9571428571428572,2.2329765888962444e-23,22500.17142857143,85,70,15,True,2.6864733658249034e-21,True,1.6241966557129525e-22
BB17,1,70,-0.011558903342208637,0.006890616086642475,0.9428571428571428,6.717685223587352e-22,-0.008892187387288778,0.008100547267648953,0.8857142857142857,1.3805293342371807e-13,22799.17142857143,85,70,15,True,5.056558267427952e-21,True,4.917246236896349e-13
BB17,5,70,-0.026169021457335448,0.015558368049939167,0.9428571428571428,5.85279607338418e-22,-0.021923705040911925,0.01498537281996905,0.9285714285714286,5.850834643705734e-19,22795.17142857143,85,70,15,True,4.554371719266293e-21,True,2.8036939936204316e-18
BB17,30,70,-0.0631471945901512,0.03782840010039247,0.9428571428571428,8.631239355444059e-22,-0.05670379700357215,0.030991341894101174,0.9571428571428572,7.063990859937407e-24,22770.17142857143,85,70,15,True,5.8244007759881294e-21,True,5.27129339548245e-23
BB17,60,70,-0.08794278073315305,0.05305621380336612,0.9571428571428572,1.2392174754230037e-21,-0.08031751462438722,0.04166091667985839,0.9714285714285714,4.1649470510590205e-25,22740.17142857143,85,70,15,True,8.093565931165365e-21,True,3.60648923844835e-24
BB17,300,70,-0.18439852126696119,0.1045752569718263,0.9571428571428572,5.0184245046599624e-23,-0.1726034848709553,0.0840905656813485,0.9714285714285714,1.290647173451773e-26,22500.17142857143,85,70,15,True,1.8061100691250176e-21,True,1.6215221761003185e-25
BB18,1,70,-0.010770952721494384,0.007740733887103914,0.9285714285714286,6.1131673017820294e-18,-0.008143279683026826,0.008356213799011872,0.8428571428571429,1.0476708466149288e-11,22799.17142857143,85,70,15,True,2.4789897919785106e-17,True,3.364036036296077e-11
BB18,5,70,-0.02436716368175835,0.017472148064909886,0.9285714285714286,5.505525467158073e-18,-0.02064712792006787,0.016286528961157214,0.9428571428571428,3.890547838081553e-16,22795.17142857143,85,70,15,True,2.2352045228003695e-17,True,1.6332737278945037e-15
BB18,30,70,-0.0596660678276452,0.04383632049454138,0.9285714285714286,1.675310481689814e-17,-0.05314430930267122,0.03425903597110605,0.9428571428571428,3.438063745267806e-20,22770.17142857143,85,70,15,True,6.761913217568116e-17,True,1.770269782399444e-19
BB18,60,70,-0.08331607021783087,0.061489838526447176,0.9285714285714286,2.0570334338025534e-17,-0.07594491296013754,0.04606726099347935,0.9571428571428572,1.6341829031910702e-21,22740.17142857143,85,70,15,True,8.283275657095363e-17,True,9.316999885355029e-21
BB18,300,70,-0.17733742476576586,0.11971801180204741,0.9428571428571428,3.234075070654667e-19,-0.1659114719873882,0.09503208190099352,0.9714285714285714,8.462194155162112e-23,22500.17142857143,85,70,15,True,1.3626499230624237e-18,True,5.930401786224158e-22
BB19,1,70,-0.008985607114629778,0.006527999629675567,0.9285714285714286,1.0048944784577943e-17,-0.00786064793485255,0.008180473856922174,0.8714285714285714,1.692680951756083e-11,22799.17142857143,85,70,15,True,4.065468879475034e-17,True,5.38014046763318e-11
BB19,5,70,-0.020319634140949887,0.014872750628145808,0.9285714285714286,1.4125059085243202e-17,-0.01759904457396607,0.016252028263629873,0.9,2.3207446248966735e-13,22795.17142857143,85,70,15,True,5.707845513393597e-17,True,8.123781842976704e-13
BB19,30,70,-0.04876003711193891,0.03687190016526092,0.9285714285714286,6.119869903779555e-17,-0.04384521785723133,0.035904574299898497,0.9142857142857143,1.911909286388986e-15,22770.17142857143,85,70,15,True,2.458622153204461e-16,True,7.63658564679069e-15
BB19,60,70,-0.06757672998671432,0.05193313191326052,0.9428571428571428,1.2501758503209732e-16,-0.0604845321504732,0.05048350428104899,0.8571428571428571,4.225666400152628e-15,22740.17142857143,85,70,15,True,5.016675450474986e-16,True,1.6609416851566928e-14
BB19,300,70,-0.13605499536894503,0.1092683479018156,0.9,8.407338680418378e-16,-0.12834401630843603,0.1140212765109642,0.8285714285714286,5.215100866817452e-14,22500.17142857143,85,70,15,True,3.3503293126696073e-15,True,1.920914018641183e-13
BB1_T1,1,70,-0.012002040335696592,0.00695183884733178,0.9285714285714286,1.516541715493061e-22,-0.012536677527976447,0.0090958268869791,0.9285714285714286,9.460535609226718e-18,22799.17142857143,85,70,15,True,3.1191825066201304e-21,True,4.239448836560092e-17
BB1_T1,5,70,-0.02693281548139777,0.015740411918318032,0.9285714285714286,2.415640809444479e-22,-0.02859791235369993,0.016464684606441703,0.9428571428571428,1.1063306882374137e-22,22795.17142857143,85,70,15,True,3.171397408042586e-21,True,7.644745055720529e-22
BB1_T1,30,70,-0.06460663777482471,0.03855003616091527,0.9285714285714286,7.048137539565638e-22,-0.0694624187348436,0.03336419883343739,0.9428571428571428,5.806710635806828e-27,22770.17142857143,85,70,15,True,5.062643492557023e-21,True,9.25635644309035e-26
BB1_T1,60,70,-0.09038112737261256,0.0535473669960163,0.9285714285714286,4.89026336949869e-22,-0.09791633938327576,0.045674718028056005,0.9428571428571428,1.1050273259815912e-27,22740.17142857143,85,70,15,True,4.056996203165502e-21,True,4.1623084319529176e-26
BB1_T1,300,70,-0.19959045154633165,0.11120211419874351,0.9285714285714286,1.966885046440551e-23,-0.21120498308361432,0.09796370303762904,0.9571428571428572,7.999652835569749e-28,22500.17142857143,85,70,15,True,1.3379154825388102e-21,True,4.1623084319529176e-26
BB1_T10,1,70,-0.009960312037686799,0.006269720065008973,0.9428571428571428,1.0560943212299845e-20,-0.008213983889325267,0.008019750901404141,0.8571428571428571,1.8200623748231518e-12,22799.17142857143,85,70,15,True,5.397641834097036e-20,True,6.058107422942186e-12
BB1_T10,5,70,-0.02260176757491664,0.014206650438703792,0.9428571428571428,9.827959187225172e-21,-0.02207590132039635,0.015064620742286802,0.9428571428571428,5.410785440538501e-19,22795.17142857143,85,70,15,True,5.0975562932003014e-20,True,2.6109306839469998e-18
BB1_T10,30,70,-0.05561592956548082,0.03511026815728342,0.9285714285714286,1.2203962464854656e-20,-0.057188780702966124,0.030141923858127598,0.9571428571428572,9.961475569747819e-25,22770.17142857143,85,70,15,True,6.164428408782578e-20,True,8.041331330252036e-24
BB1_T10,60,70,-0.07835609332173585,0.04931354042626649,0.9428571428571428,1.0462166096117008e-20,-0.0826412322246252,0.04146010792653881,0.9571428571428572,6.6274691517236e-26,22740.17142857143,85,70,15,True,5.3550790906791504e-20,True,6.413979249077042e-25
BB1_T10,300,70,-0.17567478411051918,0.10180353168948145,0.9428571428571428,1.5549982963488124e-22,-0.18669964903411645,0.08870521899932732,0.9571428571428572,3.1400154721494133e-27,22500.17142857143,85,70,15,True,3.1191825066201304e-21,True,6.540935773168693e-26
BB1_T11,1,70,-0.009857539301568097,0.006257318977887227,0.9428571428571428,1.60364765105711e-20,-0.008167243055432583,0.00802242074350006,0.8428571428571429,2.261145898275063e-12,22799.17142857143,85,70,15,True,7.870174196594197e-20,True,7.51178757551956e-12
BB1_T11,5,70,-0.022384559076531516,0.014190477414169126,0.9428571428571428,1.5022006433938753e-20,-0.0218404216418994,0.014859616267290173,0.9428571428571428,4.695220185199201e-19,22795.17142857143,85,70,15,True,7.489326440008426e-20,True,2.271986798300174e-18
BB1_T11,30,70,-0.05513063323015648,0.03513486908883888,0.9428571428571428,1.9530063095588205e-20,-0.056800353333277896,0.02963257340647969,0.9571428571428572,5.705335554169396e-25,22770.17142857143,85,70,15,True,9.332830981363382e-20,True,4.81954384832647e-24
BB1_T11,60,70,-0.07765319721206014,0.04942487468422988,0.9428571428571428,1.832272450745448e-20,-0.08203319663579396,0.040549445581472346,0.9571428571428572,2.904986740753124e-26,22740.17142857143,85,70,15,True,8.913939438912347e-20,True,3.1073464982359264e-25
BB1_T11,300,70,-0.17382996169665849,0.10246780468073538,0.9428571428571428,3.7669488346981114e-22,-0.18449885292064377,0.08787586544044476,0.9571428571428572,3.609944422785976e-27,22500.17142857143,85,70,15,True,3.707922570906546e-21,True,7.127061703271741e-26
BB1_T12,1,70,-0.009677464150098914,0.006379090910629671,0.9428571428571428,1.0226908190646595e-19,-0.008063386210989208,0.00810402549544315,0.8714285714285714,5.093912693771629e-12,22799.17142857143,85,70,15,True,4.47265415173215e-19,True,1.666616321683805e-11
BB1_T12,5,70,-0.02197705472729431,0.01447826229711212,0.9285714285714286,9.944428760240122e-20,-0.020771242050717027,0.014738197642310286,0.9428571428571428,3.3870047502252596e-18,22795.17142857143,85,70,15,True,4.360152457694115e-19,True,1.581365055679496e-17
BB1_T12,30,70,-0.054066283610125145,0.03591274356987849,0.9428571428571428,1.482377503308926e-19,-0.054459425798972956,0.030741036824714435,0.9571428571428572,3.924944518243503e-23,22770.17142857143,85,70,15,True,6.386052710638827e-19,True,2.790264055664877e-22
BB1_T12,60,70,-0.0760289910542433,0.05035582040844215,0.9428571428571428,1.289306850691587e-19,-0.07844060817474412,0.04059090666785711,0.9571428571428572,3.6572900542851116e-25,22740.17142857143,85,70,15,True,5.575162915068126e-19,True,3.190893216554308e-24
BB1_T12,300,70,-0.16920254002554058,0.1043204033868405,0.9428571428571428,3.728184868185298e-21,-0.1762093901650567,0.08821529513897229,0.9571428571428572,5.893253631605781e-26,22500.17142857143,85,70,15,True,2.1645588736351565e-20,True,5.802752623318109e-25
BB1_T2,1,70,-0.011875498050307676,0.006963418790434902,0.9285714285714286,2.867242814035911e-22,-0.012153865325433588,0.009119640344581797,0.9142857142857143,4.3305246640367314e-17,22799.17142857143,85,70,15,True,3.346731054896646e-21,True,1.8915249954800133e-16
BB1_T2,5,70,-0.026746025225018982,0.015700261061468494,0.9285714285714286,3.034958931823254e-22,-0.028100270355543116,0.016467605748351037,0.9428571428571428,2.782792622750887e-22,22795.17142857143,85,70,15,True,3.3716344403374092e-21,True,1.793759050672447e-21
BB1_T2,30,70,-0.06440778426301484,0.03846934177566336,0.9285714285714286,7.414372168135094e-22,-0.06894856088842333,0.03333922775770939,0.9428571428571428,8.457643170732437e-27,22770.17142857143,85,70,15,True,5.217241515459623e-21,True,1.1975884079869087e-25
BB1_T2,60,70,-0.0901795601434896,0.053413365269692224,0.9285714285714286,4.821985022467114e-22,-0.09745435985828128,0.04559660724886198,0.9428571428571428,1.3122466178279142e-27,22740.17142857143,85,70,15,True,4.056996203165502e-21,True,4.1623084319529176e-26
BB1_T2,300,70,-0.19942397731125494,0.11115635887037668,0.9285714285714286,2.0115123297123555e-23,-0.21089403576188603,0.09793385202748381,0.9571428571428572,8.55149848298215e-28,22500.17142857143,85,70,15,True,1.3379154825388102e-21,True,4.1623084319529176e-26
BB1_T3,1,70,-0.011614228038184987,0.00685977628948337,0.9285714285714286,4.1707574408451215e-22,-0.011404333341781722,0.008924228260110939,0.9,2.754092893239503e-16,22799.17142857143,85,70,15,True,3.892107184112801e-21,True,1.1661018316351081e-15
BB1_T3,5,70,-0.026289628481198223,0.015499870833920635,0.9285714285714286,3.8033289619083763e-22,-0.02700609919427918,0.016219356681663872,0.9428571428571428,9.835174600598914e-22,22795.17142857143,85,70,15,True,3.712006091354079e-21,True,5.818583603607748e-21
BB1_T3,30,70,-0.06386229809044106,0.038101852877741635,0.9285714285714286,7.009844769409635e-22,-0.06744818385110646,0.03308119043137411,0.9428571428571428,1.879456226571948e-26,22770.17142857143,85,70,15,True,5.062643492557023e-21,True,2.1290233648544527e-25
BB1_T3,60,70,-0.0894742213959574,0.05294960838784725,0.9428571428571428,4.611043370654659e-22,-0.0959417574160146,0.04524140272062183,0.9428571428571428,2.047071750531004e-27,22740.17142857143,85,70,15,True,4.056996203165502e-21,True,4.653047959266197e-26
BB1_T3,300,70,-0.198842738996391,0.11102375440779524,0.9285714285714286,2.204211315871994e-23,-0.20987150644635022,0.09781611684048577,0.9571428571428572,1.0535149579230878e-27,22500.17142857143,85,70,15,True,1.3379154825388102e-21,True,4.1623084319529176e-26
BB1_T4,1,70,-0.011472015250770892,0.006795698487912777,0.9285714285714286,4.852141118945949e-22,-0.010880507756913639,0.008779474806672951,0.8857142857142857,1.0263370945210717e-15,22799.17142857143,85,70,15,True,4.056996203165502e-21,True,4.171758425376827e-15
BB1_T4,5,70,-0.02598962313154865,0.015331340870505502,0.9285714285714286,3.9117924437119806e-22,-0.02614313115225877,0.016069512267405255,0.9428571428571428,3.198744525787139e-21,22795.17142857143,85,70,15,True,3.7542341369513595e-21,True,1.7626255720246518e-20
BB1_T4,30,70,-0.06330616894822896,0.0375268640384616,0.9285714285714286,5.028988582532896e-22,-0.06590721617253631,0.03278687044482184,0.9428571428571428,4.1457383074730034e-26,22770.17142857143,85,70,15,True,4.14021847266415e-21,True,4.2629541227140555e-25
BB1_T4,60,70,-0.08863558059042496,0.052444984758977034,0.9428571428571428,4.573462374982401e-22,-0.09429439488746486,0.0450376401045398,0.9428571428571428,4.2279219313387764e-27,22740.17142857143,85,70,15,True,4.056996203165502e-21,True,8.02608256745905e-26
BB1_T4,300,70,-0.19802972268620236,0.11084650239222188,0.9285714285714286,2.5162636593874498e-23,-0.20848445048975014,0.09765966389401072,0.9428571428571428,1.4030023775533549e-27,22500.17142857143,85,70,15,True,1.3583892098724437e-21,True,4.1623084319529176e-26
BB1_T5,1,70,-0.011344233682020326,0.0066840218696107324,0.9428571428571428,3.678366825898428e-22,-0.010526490971504236,0.008722918165750809,0.8857142857142857,3.1360993303405248e-15,22799.17142857143,85,70,15,True,3.662466104749011e-21,True,1.2383112212944587e-14
BB1_T5,5,70,-0.025709850015562908,0.015090039226198611,0.9428571428571428,3.0144870524974094e-22,-0.025583299658093125,0.015964762210446515,0.9428571428571428,6.842318439460598e-21,22795.17142857143,85,70,15,True,3.3627207544386948e-21,True,3.72286774934431e-20
BB1_T5,30,70,-0.06275921682348098,0.03717810901352238,0.9285714285714286,4.861009666738406e-22,-0.06489502115656885,0.03262257797623181,0.9571428571428572,7.409237511116165e-26,22770.17142857143,85,70,15,True,4.056996203165502e-21,True,7.053697735281743e-25
BB1_T5,60,70,-0.08805422137674918,0.05224618335372973,0.9285714285714286,5.278297412628337e-22,-0.09314413681917534,0.04499224219293629,0.9571428571428572,7.980484414889865e-27,22740.17142857143,85,70,15,True,4.280872666814766e-21,True,1.162308318018101e-25
BB1_T5,300,70,-0.19727323754562304,0.1107415924341528,0.9285714285714286,2.930528629176068e-23,-0.2073297054905673,0.09748939805260688,0.9428571428571428,1.7423216348288307e-27,22500.17142857143,85,70,15,True,1.426053016028636e-21,True,4.214359086885259e-26
BB1_T6,1,70,-0.011256632754930648,0.006642639616344208,0.9285714285714286,3.98312248780924e-22,-0.0102596547800505,0.008662651021694815,0.8857142857142857,6.7914363700297105e-15,22799.17142857143,85,70,15,True,3.8015713246908634e-21,True,2.6364508605002975e-14
BB1_T6,5,70,-0.025518641154038353,0.015017106159669917,0.9285714285714286,3.4519448328906716e-22,-0.02514024623660297,0.015873446216601906,0.9428571428571428,1.229774934730645e-20,22795.17142857143,85,70,15,True,3.581063363416904e-21,True,6.53672676845289e-20
BB1_T6,30,70,-0.06241226416016312,0.03714380185134988,0.9285714285714286,6.165594925578767e-22,-0.06409303593205391,0.032545261142461306,0.9571428571428572,1.29281084547389e-25,22770.17142857143,85,70,15,True,4.776262436743193e-21,True,1.191109725629944e-24
BB1_T6,60,70,-0.08772171071426278,0.05227091531930679,0.9285714285714286,6.569674155576229e-22,-0.0922956774451849,0.04499255204113469,0.9571428571428572,1.3349932679549993e-26,22740.17142857143,85,70,15,True,4.9996088562810285e-21,True,1.6414241070407554e-25
BB1_T6,300,70,-0.19656918290989797,0.11068185285091077,0.9285714285714286,3.4403843733747093e-23,-0.2063463289368627,0.09729749134060739,0.9428571428571428,2.040794062184822e-27,22500.17142857143,85,70,15,True,1.512090027428074e-21,True,4.653047959266197e-26
BB1_T7,1,70,-0.011053892748039302,0.006628897627283462,0.9285714285714286,9.11462761753685e-22,-0.009489996690678652,0.008454721534763517,0.8857142857142857,5.823388733965712e-14,22799.17142857143,85,70,15,True,6.1147647414737515e-21,True,2.1358607299205451e-13
BB1_T7,5,70,-0.02508781387122303,0.015014613594009966,0.9285714285714286,8.221203864637013e-22,-0.02411527432281838,0.015573833521068016,0.9571428571428572,3.757819769810531e-20,22795.17142857143,85,70,15,True,5.591389636283637e-21,True,1.929163046760087e-19
BB1_T7,30,70,-0.06162548898088169,0.0372228152771769,0.9285714285714286,1.3161616560496009e-21,-0.06226434393667474,0.032509381229180616,0.9571428571428572,5.962702244016729e-25,22770.17142857143,85,70,15,True,8.499698171310974e-21,True,4.988168584280339e-24
BB1_T7,60,70,-0.08673853912422676,0.05243330720111201,0.9285714285714286,1.3707830184500332e-21,-0.0901800951789793,0.04527851000135202,0.9571428571428572,6.928495428081258e-26,22740.17142857143,85,70,15,True,8.819469885930847e-21,True,6.6758724976074485e-25
BB1_T7,300,70,-0.19207510920539722,0.11037914671192159,0.9285714285714286,1.0043988999264806e-22,-0.20108540154883256,0.09659552691011145,0.9428571428571428,5.841251678791073e-27,22500.17142857143,85,70,15,True,2.71109234316093e-21,True,9.257580068909706e-26
BB1_T8,1,70,-0.010639274581696436,0.006595418844827682,0.9285714285714286,4.906821423004237e-21,-0.008681936301127121,0.008205389093670273,0.8714285714285714,5.53776480926236e-13,22799.17142857143,85,70,15,True,2.770109153019549e-20,True,1.905675041434408e-12
BB1_T8,5,70,-0.024138136232403445,0.014934547661116893,0.9285714285714286,4.450591698939707e-21,-0.022873911124270625,0.015365341102324482,0.9285714285714286,2.548231073328488e-19,22795.17142857143,85,70,15,True,2.5374248052535786e-20,True,1.2452812388047986e-18
BB1_T8,30,70,-0.05937825113280018,0.036955337764297706,0.9285714285714286,5.9869767750554004e-21,-0.05916567597028996,0.032255133491904425,0.9428571428571428,6.1685334214101505e-24,22770.17142857143,85,70,15,True,3.293790566531275e-20,True,4.63310499368958e-23
BB1_T8,60,70,-0.08359077491557113,0.05195443606738627,0.9285714285714286,5.595064634652326e-21,-0.08578282120826591,0.044749383842198086,0.9428571428571428,5.682712789858712e-25,22740.17142857143,85,70,15,True,3.092951730035806e-20,True,4.8121991884710415e-24
BB1_T8,300,70,-0.18529786242121662,0.10842812165126016,0.9285714285714286,2.57563287682591e-22,-0.19352482150152908,0.09646038331428362,0.9428571428571428,4.619901659755734e-26,22500.17142857143,85,70,15,True,3.2670608572125202e-21,True,4.731976930077657e-25
BB1_T9,1,70,-0.010366974320197283,0.006520368687433919,0.9285714285714286,1.0138739802635735e-20,-0.00846832178563762,0.007980272962551646,0.8714285714285714,4.9704705102907e-13,22799.17142857143,85,70,15,True,5.211105249793027e-20,True,1.7190165778833203e-12
BB1_T9,5,70,-0.023519022227036737,0.014766215482339404,0.9285714285714286,9.279467965539414e-21,-0.02254884195607903,0.015243448613763574,0.9428571428571428,3.4552404017213247e-19,22795.17142857143,85,70,15,True,4.842985169326084e-20,True,1.6861377949077934e-18
BB1_T9,30,70,-0.05781878474387847,0.03644995910325605,0.9285714285714286,1.138312197056919e-20,-0.058448549455968446,0.03166088715055556,0.9428571428571428,4.37545597665008e-24,22770.17142857143,85,70,15,True,5.775024604006675e-20,True,3.3371303309770484e-23
BB1_T9,60,70,-0.08141902337788162,0.05118586330479417,0.9285714285714286,9.912896859813463e-21,-0.08455764823222048,0.043832974810449496,0.9428571428571428,4.0253180005035366e-25,22740.17142857143,85,70,15,True,5.1257148864382155e-20,True,3.503141987843758e-24
BB1_T9,300,70,-0.18118873083187836,0.10575334993135171,0.9285714285714286,2.25625864464485e-22,-0.19105351530174006,0.09413996765499359,0.9428571428571428,2.4339361170938196e-26,22500.17142857143,85,70,15,True,3.171397408042586e-21,True,2.6866611132776827e-25
BB20,1,70,-0.007644456548129386,0.008218129294901844,0.9,4.993898059559005e-11,-0.004928175681879117,0.007470750122483626,0.8,5.575354564199893e-07,22799.17142857143,85,70,15,True,1.8433672858735428e-10,True,1.2850466990867665e-06
BB20,5,70,-0.017330062080935193,0.018523641359566873,0.8857142857142857,4.133310861823568e-11,-0.012294240639771341,0.015153065251377731,0.8428571428571429,3.213075724574974e-09,22795.17142857143,85,70,15,True,1.527335724877051e-10,True,8.831484986799153e-09
BB20,30,70,-0.04253030893961253,0.0475268134553712,0.8714285714285714,1.7306246205005294e-10,-0.029883393312092648,0.03761697974261328,0.7857142857142857,5.779012069407738e-09,22770.17142857143,85,70,15,True,6.254506342917708e-10,True,1.562322902958039e-08
BB20,60,70,-0.05917036510038074,0.06862684050914407,0.8571428571428571,5.444960230395025e-10,-0.042186893576800735,0.05296544947101572,0.7857142857142857,5.376286802584925e-09,22740.17142857143,85,70,15,True,1.9157166594719768e-09,True,1.4580118448140436e-08
BB20,300,70,-0.1187997795413603,0.14178596276736535,0.8142857142857143,1.2746901399896289e-09,-0.0856264999124507,0.11821819689883584,0.7571428571428571,6.398463956211738e-08,22500.17142857143,85,70,15,True,4.382143715088724e-09,True,1.6054243259776e-07
BB21,1,70,-0.006487578448968786,0.007256065351789002,0.8,1.7786789762339787e-10,-0.006173713952008604,0.008549691099693786,0.7857142857142857,6.896687610404706e-08,22799.17142857143,85,70,15,True,6.421458581910549e-10,True,1.7229252128668302e-07
BB21,5,70,-0.014683541397868361,0.01652094134351619,0.8,2.1432364642464125e-10,-0.012608284440211429,0.018154421110301414,0.7857142857142857,1.7489880302159493e-07,22795.17142857143,85,70,15,True,7.689389391455197e-10,True,4.267481387285385e-07
BB21,30,70,-0.03518196460873104,0.04102715841964216,0.8285714285714286,6.41361127811396e-10,-0.03050109346091087,0.043240020591351375,0.7571428571428571,1.212966588886293e-07,22770.17142857143,85,70,15,True,2.242816494522645e-09,True,2.9955679518242616e-07
BB21,60,70,-0.048430114706632624,0.05787002235471254,0.8142857142857143,1.3201400721255831e-09,-0.041547641893285116,0.06171168483605024,0.7142857142857143,3.5548697201022325e-07,22740.17142857143,85,70,15,True,4.533880665202674e-09,True,8.372239184017187e-07
BB21,300,70,-0.09435552962476686,0.13067057436513718,0.7428571428571429,6.899223605630094e-08,-0.0850620766878999,0.14110660951547718,0.6714285714285714,3.5342627357265775e-06,22500.17142857143,85,70,15,True,2.1828587506824152e-07,True,7.3915724890649676e-06
BB22,1,70,-0.0034161347821215645,0.010086404934625018,0.6571428571428571,0.006029614729497702,-0.00037053010315354093,0.008994865737015877,0.4857142857142857,0.7314060745964301,22799.17142857143,85,70,15,True,0.0099533296179716,False,0.7559102565751319
BB22,5,70,-0.007662222079456313,0.02290908375656669,0.6571428571428571,0.0066537432134636705,-0.002731557812615764,0.019818419910129063,0.6,0.2528229439561539,22795.17142857143,85,70,15,True,0.010931375559922482,False,0.28095955978401793
BB22,30,70,-0.019012696400281203,0.058548935473446466,0.6428571428571429,0.00832315081160221,-0.007108100053916394,0.05049332611480994,0.5714285714285714,0.2429259299789611,22770.17142857143,85,70,15,True,0.013437610305647494,False,0.27065755823196086
BB22,60,70,-0.026705521779219126,0.08438144460329743,0.6428571428571429,0.010028645117222191,-0.009594344857424596,0.07128849590084664,0.6142857142857143,0.26405958676354147,22740.17142857143,85,70,15,True,0.016001345619964434,False,0.29239983144748677
BB22,300,70,-0.05129205985653103,0.18080636941853184,0.6285714285714286,0.02041102018734059,-0.01687547073279989,0.15701149411030635,0.5857142857142857,0.37165472113286224,22500.17142857143,85,70,15,True,0.030449082360648416,False,0.40328739369159516
BB23,1,70,-0.008139044009422206,0.010185729900276693,0.7571428571428571,4.9191169571947385e-09,-0.0158875228309569,0.012749190845688013,0.9142857142857143,8.121074610091792e-16,22774.17142857143,85,70,15,True,1.620166738523148e-08,True,3.320510387913271e-15
BB23,5,70,-0.013417094308075432,0.02185627224505344,0.7285714285714285,2.4796792059249973e-06,-0.021669691414044217,0.02344525063093945,0.8285714285714286,6.152724154663295e-11,22770.17142857143,85,70,15,True,7.022370210222021e-06,True,1.9014008903722436e-10
BB23,30,70,-0.01372101393713117,0.04796216276117868,0.6285714285714286,0.019411959831893016,-0.023685791914101684,0.036843487978484996,0.7571428571428571,9.67893379071599e-07,22745.17142857143,85,70,15,True,0.029096885561470876,True,2.1532978909802797e-06
BB23,60,70,-0.016887394428745192,0.056263753723629524,0.6571428571428571,0.014377518010341405,-0.021592309431247604,0.041178677731659785,0.7142857142857143,4.032896999476612e-05,22715.17142857143,85,70,15,True,0.022275481939789038,True,7.212038888815576e-05
BB23,300,70,-0.016273580056565703,0.057472953266889434,0.6285714285714286,0.020639526872621067,-0.014390824221198122,0.044592633706450016,0.6571428571428571,0.008713333142316088,22475.17142857143,85,70,15,True,0.03072363866648246,True,0.011600988827245504
BB24,1,70,-0.00576021437242213,0.009786409085261513,0.7714285714285715,5.555115040562479e-06,-0.011207343895088215,0.011646422412734902,0.8285714285714286,1.6114535456755027e-11,22766.17142857143,85,70,15,True,1.5029696527128712e-05,True,5.1266777166748265e-11
BB24,5,70,-0.010665075197851101,0.02226000296796728,0.7285714285714285,0.000152368817061749,-0.016990455371873252,0.022021739809661052,0.7714285714285715,1.2733378289053418e-08,22762.17142857143,85,70,15,True,0.00033595039116039743,True,3.3711740987493914e-08
BB24,30,70,-0.011124333158023796,0.050524014044169716,0.6,0.06975026021511631,-0.020690781395832906,0.037607339803668045,0.7428571428571429,1.8404132765800668e-05,22737.17142857143,85,70,15,False,0.09272302771959479,True,3.476559798023035e-05
BB24,60,70,-0.01565560178576164,0.05706114912916814,0.6285714285714286,0.024748543078986752,-0.01991965729090851,0.04234029275054525,0.7142857142857143,0.00019505567705970636,22707.17142857143,85,70,15,True,0.03613956734484329,True,0.0003230668093198876
BB24,300,70,-0.01624814689210153,0.06066506602943782,0.6285714285714286,0.028256624467664613,-0.014393962768029017,0.04682340625690449,0.6571428571428571,0.012268786362279767,22467.17142857143,85,70,15,True,0.040779714927226915,True,0.016068482517693935
BB25,1,70,-0.009244243199375213,0.012887209966643401,0.7571428571428571,8.108347939272592e-08,-0.017929874653368132,0.013121918135161881,0.9142857142857143,1.4043420759676432e-17,22766.17142857143,85,70,15,True,2.560725971680695e-07,True,6.260647577378332e-17
BB25,5,70,-0.011673658404374234,0.02189834688506359,0.7571428571428571,3.0997703103072855e-05,-0.018838397499704698,0.02354129721565469,0.8142857142857143,4.724563344250366e-09,22762.17142857143,85,70,15,True,7.505050050533758e-05,True,1.2863172856095362e-08
BB25,30,70,-0.01106868565748593,0.025439045576495938,0.6285714285714286,0.0005218427393106241,-0.012561780419692446,0.02602500092106956,0.7,0.00013751467939496936,22737.17142857143,85,70,15,True,0.001056838607454986,True,0.00023108619518950348
BB25,60,70,-0.007929831594888814,0.023262893517695716,0.6,0.005727475458078955,-0.008243918540769106,0.019975086402441784,0.6142857142857143,0.0009514540328815085,22707.17142857143,85,70,15,True,0.009477216335087543,True,0.0014398921084562471
BB25,300,70,-0.002697129405396807,0.009572471314302564,0.6142857142857143,0.021247476542289763,-0.0028473035863601608,0.010004948411206303,0.6428571428571429,0.020028438136001234,22467.17142857143,85,70,15,True,0.031479430297431873,True,0.025600537831995656
BB26,1,70,-0.009406398717481952,0.0070173864410048555,0.8857142857142857,3.342111922123514e-17,-0.01069916942313922,0.00936138351697831,0.8857142857142857,2.856898658116448e-14,22799.17142857143,85,70,15,True,1.3442371002254645e-16,True,1.0659378902583508e-13
BB26,5,70,-0.020110214256684387,0.015632046706102548,0.8857142857142857,2.0595546344968938e-16,-0.022557907994300023,0.016965815126265046,0.9142857142857143,4.8059938028514475e-17,22795.17142857143,85,70,15,True,8.245378055836348e-16,True,2.0965541147540088e-16
BB26,30,70,-0.04653554593040529,0.0374850021041677,0.8857142857142857,9.541367544223976e-16,-0.05222300054464129,0.034476869004913424,0.9428571428571428,1.1021240391964955e-19,22770.17142857143,85,70,15,True,3.797860007522331e-15,True,5.455356096595834e-19
BB26,60,70,-0.06495400397969586,0.05269539282936057,0.8714285714285714,1.2900720987427363e-15,-0.07336009453022281,0.04784360369661899,0.9428571428571428,6.079638681814506e-20,22740.17142857143,85,70,15,True,5.129112889707887e-15,True,3.035426538391491e-19
BB26,300,70,-0.14536127892858403,0.10727909885200672,0.9,2.0552787875143364e-17,-0.1565396508413032,0.09844982023477086,0.9428571428571428,1.0104349302513419e-20,22500.17142857143,85,70,15,True,8.283275657095363e-17,True,5.4124847814238547e-20
BB2_T1,1,70,-0.010760886120088499,0.01758684376243062,0.8,2.64492013763207e-06,-0.022214581057292924,0.01573330438148365,0.9142857142857143,3.109159204056424e-18,22798.17142857143,85,70,15,True,7.478067983239609e-06,True,1.4615163333353668e-17
BB2_T1,5,70,-0.011633602688779814,0.020177836812834294,0.7,8.116418193819302e-06,-0.021017337193108665,0.02138954705110476,0.8142857142857143,7.88076620658592e-12,22794.17142857143,85,70,15,True,2.1570942199727454e-05,True,2.5470577402950754e-11
BB2_T1,30,70,-0.009126884216773672,0.015788459293225175,0.7428571428571429,7.738539655335062e-06,-0.012317062011314824,0.01728822783284843,0.8,9.558134721204839e-08,22769.17142857143,85,70,15,True,2.059834707949356e-05,True,2.372367490069161e-07
BB2_T1,60,70,-0.00771735611531148,0.018584382221052145,0.6857142857142857,0.0008893811607865514,-0.009970864201877422,0.0158456205583871,0.7571428571428571,1.5089294396181899e-06,22739.17142857143,85,70,15,True,0.001730186886552666,True,3.2954179607337835e-06
BB2_T1,300,70,-0.005663923079768125,0.01605852875768652,0.6285714285714286,0.004324685813068681,-0.005709956245731162,0.014808478217068478,0.6571428571428571,0.0019201805139020505,22499.17142857143,85,70,15,True,0.00726387432384652,True,0.002798069875804127
BB2_T10,1,70,-0.0035719509238164564,0.00995003795340388,0.6714285714285714,0.0037159774324658917,-0.005770502893155181,0.009548018687748733,0.7714285714285715,3.364011321611997e-06,22798.17142857143,85,70,15,True,0.006333844118978617,True,7.069743987937622e-06
BB2_T10,5,70,-0.005310073854768167,0.0123266446826655,0.6571428571428571,0.0005868671119701397,-0.0075025480726691445,0.01551069847072362,0.7285714285714285,0.00013352958958311645,22794.17142857143,85,70,15,True,0.0011740740427659715,True,0.0002250462107364231
BB2_T10,30,70,-0.006294727295015271,0.025130019636095385,0.7285714285714285,0.03977783641094222,-0.013627223469346507,0.03561432710288873,0.7,0.002069184303391187,22769.17142857143,85,70,15,False,0.0560262636770507,True,0.0030075859353035556
BB2_T10,60,70,-0.005347339751965955,0.030327334704193,0.6285714285714286,0.14470596940712768,-0.017065575098940838,0.05005844243731814,0.7285714285714285,0.005722895521149938,22739.17142857143,85,70,15,False,0.17597998039479976,True,0.0077630954164008776
BB2_T10,300,70,-0.013804567131068066,0.04872669310546341,0.6857142857142857,0.02057324311554407,-0.0281647276688038,0.10175767718729672,0.6857142857142857,0.023551570671116625,22499.17142857143,85,70,15,True,0.03065734335757609,True,0.029727088274502638
BB2_T11,1,70,-0.002508880805582528,0.009860956761981935,0.5428571428571428,0.036853341044877454,-0.00437666584652995,0.009936505261397777,0.6857142857142857,0.00045080084716899333,22798.17142857143,85,70,15,False,0.052055720895360424,True,0.00071151983872493
BB2_T11,5,70,-0.0038277330784193945,0.012362347593089728,0.6428571428571429,0.011682813219671816,-0.006023747052623441,0.01559570075145784,0.7428571428571429,0.001888430651190577,22794.17142857143,85,70,15,True,0.018397502130340075,True,0.0027552904982531433
BB2_T11,30,70,-0.005112715714346053,0.024204337266216732,0.7,0.0816015982536285,-0.012628034515803929,0.03787653486274709,0.7142857142857143,0.00681973764614605,22769.17142857143,85,70,15,False,0.10655083974538417,True,0.009168168703281946
BB2_T11,60,70,-0.005401361044242157,0.029196708042009734,0.6714285714285714,0.12624212761113235,-0.017019086075283654,0.05293452994298131,0.6857142857142857,0.008954782096826932,22739.17142857143,85,70,15,False,0.15599662049229696,True,0.011904106250302826
BB2_T11,300,70,-0.013880202796581977,0.048596239770488714,0.6714285714285714,0.019599155072332383,-0.03294639972552605,0.10664635488739281,0.6857142857142857,0.011864099969776743,22499.17142857143,85,70,15,True,0.029352007271308357,True,0.015556153850314476
BB2_T12,1,70,-0.0025846991620529086,0.010498790469961659,0.5857142857142857,0.043194623122056,-0.0039264906957142505,0.00960592637281019,0.6857142857142857,0.001055829267854339,22798.17142857143,85,70,15,False,0.0603751867015903,True,0.0015853499002332645
BB2_T12,5,70,-0.004533950246208594,0.012961554678083072,0.6142857142857143,0.0046362580892280675,-0.00771347593343238,0.016639743792880714,0.7,0.00023718678533217864,22794.17142857143,85,70,15,True,0.007757032299410641,True,0.00038874779095003664
BB2_T12,30,70,-0.007090160316187316,0.024595484935888857,0.7,0.018536518667010976,-0.015584070568667526,0.03622556028354608,0.6714285714285714,0.0005962259085339869,22769.17142857143,85,70,15,True,0.027893585363468174,True,0.0009208585221211109
BB2_T12,60,70,-0.007276727905421719,0.028707267513995386,0.6571428571428571,0.03753755080520437,-0.021524811703831748,0.050697732468158896,0.6857142857142857,0.0006937853493046875,22739.17142857143,85,70,15,False,0.05297885540522104,True,0.0010629837613515278
BB2_T12,300,70,-0.020030074218175382,0.044944354051727496,0.7428571428571429,0.0003907241149897262,-0.050693456626493244,0.10490651643227891,0.7428571428571429,0.00013537659290813566,22499.17142857143,85,70,15,True,0.0008098091285479928,True,0.0002279367097941563
BB2_T2,1,70,-0.007948582416588548,0.016506713667068507,0.7142857142857143,0.00014212315472723324,-0.01862781526545054,0.013202715332601783,0.9285714285714286,3.2173136551066876e-18,22798.17142857143,85,70,15,True,0.00031537283210185667,True,1.5103014508686964e-17
BB2_T2,5,70,-0.01016806448850684,0.01701225770269277,0.7428571428571429,4.162359411229401e-06,-0.01997831241262289,0.02067240176116936,0.8285714285714286,1.3934368773201985e-11,22794.17142857143,85,70,15,True,1.1377287293280453e-05,True,4.4453595670741326e-11
BB2_T2,30,70,-0.01019266255507981,0.018914286855748537,0.7571428571428571,2.599238710474511e-05,-0.015987114864742025,0.0226197325669433,0.7571428571428571,1.1575831371096248e-07,22769.17142857143,85,70,15,True,6.400833745323903e-05,True,2.8608367229712117e-07
BB2_T2,60,70,-0.008913280832128176,0.023905881811225535,0.6571428571428571,0.002643778609381458,-0.012624898050367343,0.022478673665867935,0.7428571428571429,1.2921996908382952e-05,22739.17142857143,85,70,15,True,0.004629627519215883,True,2.4913783101820928e-05
BB2_T2,300,70,-0.00651472123239205,0.02026981258080556,0.6428571428571429,0.008977484332050513,-0.007380520039793102,0.02109470823318377,0.6285714285714286,0.0046278990737394984,22499.17142857143,85,70,15,True,0.01441990161191749,True,0.0063652035429020565
BB2_T3,1,70,-0.0051807902257752746,0.013993176015036874,0.6571428571428571,0.0028206570459191546,-0.014493001621274705,0.011667968257603361,0.9428571428571428,9.323866906270696e-16,22798.17142857143,85,70,15,True,0.00491445793930947,True,3.794341597310395e-15
BB2_T3,5,70,-0.008503986484931473,0.016799682900842047,0.7142857142857143,6.92530804820742e-05,-0.018503331897278243,0.01938592538984949,0.9,2.1232294898588297e-11,22794.17142857143,85,70,15,True,0.00015961052272772054,True,6.723884406473196e-11
BB2_T3,30,70,-0.009602360371265306,0.02743818185991005,0.6571428571428571,0.0046181790105873834,-0.020262730720012855,0.03143650489148177,0.7285714285714285,9.159748805048274e-07,22769.17142857143,85,70,15,True,0.007730527365106303,True,2.041737556222051e-06
BB2_T3,60,70,-0.009885659444718932,0.03242745746321928,0.6142857142857143,0.012976413781880542,-0.017416679406273523,0.03333285968046826,0.7285714285714285,4.262953221154875e-05,22739.17142857143,85,70,15,True,0.020213484948781456,True,7.584193295103035e-05
BB2_T3,300,70,-0.008524231751101535,0.029106676057137782,0.6,0.016815618477763257,-0.010802359809129955,0.03365529550913762,0.6285714285714286,0.009065191410344307,22499.17142857143,85,70,15,True,0.025672983579616462,True,0.012046244739515224
BB2_T4,1,70,-0.004725134191950829,0.014600761571107988,0.6571428571428571,0.008536012871801075,-0.0119751715265224,0.010844693055161154,0.9,1.099360088424036e-13,22798.17142857143,85,70,15,True,0.013768405449146925,True,3.9606768566267406e-13
BB2_T4,5,70,-0.007829397457425395,0.02065483694118187,0.6714285714285714,0.0022639827355532987,-0.015883510106484453,0.01823967818222336,0.8571428571428571,4.0256608508128515e-10,22794.17142857143,85,70,15,True,0.00401131300068546,True,1.1908097807841097e-09
BB2_T4,30,70,-0.009541589192942151,0.030645094052216153,0.6857142857142857,0.011243785888344397,-0.01760782914702522,0.03288472316608366,0.7,2.8860974023425763e-05,22769.17142857143,85,70,15,True,0.017779075626649838,True,5.306794318836403e-05
BB2_T4,60,70,-0.009701966212965643,0.03511416441857776,0.6714285714285714,0.02378733376870053,-0.017055607136516927,0.0400996899356233,0.7428571428571429,0.0006797917217746426,22739.17142857143,85,70,15,True,0.034927853026289986,True,0.0010424679976615136
BB2_T4,300,70,-0.009158352589960608,0.037339623039699316,0.6142857142857143,0.043957136723241724,-0.013361632234611882,0.04650593597378865,0.6142857142857143,0.018915908091702377,22499.17142857143,85,70,15,False,0.061362386819717236,True,0.024223299650419465
BB2_T5,1,70,-0.004529508410458487,0.013499453645772222,0.6428571428571429,0.006490213548041683,-0.011471712924240351,0.00993645948986404,0.8857142857142857,1.9092280807508766e-14,22798.17142857143,85,70,15,True,0.010688125742842714,True,7.162196546139282e-14
BB2_T5,5,70,-0.008251434623155992,0.018205839264773826,0.7142857142857143,0.00031679470101671485,-0.01482712339758919,0.015840129264593595,0.8714285714285714,4.063503299651167e-11,22794.17142857143,85,70,15,True,0.0006637511776911764,True,1.2682388347149758e-10
BB2_T5,30,70,-0.009299915662566697,0.02780749085350103,0.6714285714285714,0.006657290825387657,-0.01766601070269863,0.03353641610666002,0.7285714285714285,3.7505067144133055e-05,22769.17142857143,85,70,15,True,0.010932005609179828,True,6.763048381157604e-05
BB2_T5,60,70,-0.008761486931398091,0.033151580020519,0.7,0.030340076253404687,-0.015448985221601081,0.04096213625628773,0.6571428571428571,0.002374745821970187,22739.17142857143,85,70,15,True,0.04358626339106578,True,0.0034172206642678034
BB2_T5,300,70,-0.009580610089246154,0.041185091807445944,0.6142857142857143,0.05569600924105565,-0.015760050247345843,0.054956283235455955,0.6571428571428571,0.019130590967351865,22499.17142857143,85,70,15,False,0.0757299141786097,True,0.024489141086402627
BB2_T6,1,70,-0.0038218382383509338,0.013335174967746532,0.6571428571428571,0.019201576197457625,-0.009787747682807024,0.010007080378966264,0.8571428571428571,9.240135899729036e-12,22798.17142857143,85,70,15,True,0.028794030278739627,True,2.975272090732882e-11
BB2_T6,5,70,-0.006998137479868556,0.01801588228715803,0.7571428571428571,0.0017857452792385418,-0.012564478440228347,0.01786442296098102,0.8428571428571429,1.300364618846546e-07,22794.17142857143,85,70,15,True,0.0032370146588505573,True,3.2045362040761887e-07
BB2_T6,30,70,-0.008936062282007383,0.02578251621138197,0.6857142857142857,0.0050041271195353475,-0.014098565637585464,0.031907033033430995,0.6857142857142857,0.0004338069599334734,22769.17142857143,85,70,15,True,0.00833217310746729,True,0.0006872090997570613
BB2_T6,60,70,-0.006511056671014816,0.03280158317007988,0.6428571428571429,0.10130047078039921,-0.013035423292602155,0.04188372613774492,0.6142857142857143,0.01127600083140979,22739.17142857143,85,70,15,False,0.12900594417481728,True,0.014830065806060458
BB2_T6,300,70,-0.010446804701499838,0.04397400726447652,0.6428571428571429,0.050822280344525024,-0.01797339733934321,0.060284840970730724,0.6,0.01501482743979366,22499.17142857143,85,70,15,False,0.06973430444413581,True,0.01942202501103972
BB2_T7,1,70,-0.002491930359946651,0.012452558205114457,0.6142857142857143,0.09860429891440742,-0.007848585588040993,0.009212554606310151,0.8285714285714286,7.797738110740209e-10,22798.17142857143,85,70,15,False,0.12594375332690486,True,2.265869232347134e-09
BB2_T7,5,70,-0.004979621125265599,0.014445024725059421,0.7,0.005230313515993834,-0.008557962599907057,0.016072231757258925,0.6857142857142857,3.158017496818044e-05,22794.17142857143,85,70,15,True,0.008696214243387245,True,5.76993678027834e-05
BB2_T7,30,70,-0.007288684124342279,0.024175669993336243,0.7,0.013964990221692697,-0.013497475752914555,0.03403234002915196,0.6428571428571429,0.0014485234717253855,22769.17142857143,85,70,15,True,0.02165576356191574,True,0.002140568261253724
BB2_T7,60,70,-0.006814972238445758,0.03171097940034206,0.6142857142857143,0.07654250164776977,-0.015390490021460817,0.04656789949800635,0.6285714285714286,0.007293177418703109,22739.17142857143,85,70,15,False,0.10062950654225439,True,0.009774215663932988
BB2_T7,300,70,-0.017631779871740822,0.04856065973113413,0.6857142857142857,0.003362855376758273,-0.028859459457132593,0.07831140061951855,0.6714285714285714,0.0029427416486661755,22499.17142857143,85,70,15,True,0.005777556104773662,True,0.00417714560235893
BB2_T8,1,70,-0.002412169090999636,0.011950280480436804,0.6285714285714286,0.09577211620444233,-0.006020617777508939,0.00912975462990161,0.7714285714285715,5.614616054119447e-07,22798.17142857143,85,70,15,False,0.12282578377370017,True,1.2932332311321794e-06
BB2_T8,5,70,-0.004734391316271263,0.014659691148018343,0.6714285714285714,0.00866686909045154,-0.007647446125542988,0.01592411727086941,0.7,0.00014750764824641053,22794.17142857143,85,70,15,True,0.013972950400144688,True,0.0002472774986372384
BB2_T8,30,70,-0.007072968440358058,0.02544461279262972,0.7,0.022980021042053128,-0.014323046294947685,0.03475800314364919,0.6428571428571429,0.0009674318710792082,22769.17142857143,85,70,15,True,0.033886458685571295,True,0.0014634313111114993
BB2_T8,60,70,-0.008013535606661461,0.030537847188935627,0.6428571428571429,0.03149303436510879,-0.019861190815144314,0.04782059796368758,0.6571428571428571,0.0008878076975490452,22739.17142857143,85,70,15,True,0.04505525206271257,True,0.001347704567237237
BB2_T8,300,70,-0.016359032114136758,0.052759928915607,0.6428571428571429,0.011570402227219202,-0.027567569592898224,0.09013868191626703,0.6571428571428571,0.012700610633867272,22499.17142857143,85,70,15,True,0.018237107525110558,True,0.016602576519111397
BB2_T9,1,70,-0.0036025678348022426,0.010653335297958096,0.6142857142857143,0.006103938447656141,-0.006262233854155663,0.009624178610100861,0.8285714285714286,7.494838299280066e-07,22798.17142857143,85,70,15,True,0.010071206942049651,True,1.6946771154458529e-06
BB2_T9,5,70,-0.005458077968640448,0.013264445792938066,0.6428571428571429,0.0009827912832864846,-0.00847980839562878,0.016201664323666126,0.7428571428571429,4.151481719029835e-05,22794.17142857143,85,70,15,True,0.0018927223432301027,True,7.412593973771618e-05
BB2_T9,30,70,-0.007042192081915722,0.024983671829580136,0.6571428571428571,0.02119764489392025,-0.013747291711770943,0.03554584748819362,0.7142857142857143,0.0018644084423322395,22769.17142857143,85,70,15,True,0.031473075183189994,True,0.0027213904386387358
BB2_T9,60,70,-0.006671631443627001,0.030379232387141547,0.6571428571428571,0.07045653744872614,-0.01842652275100058,0.04935315622672921,0.7428571428571429,0.002610362649655332,22739.17142857143,85,70,15,False,0.09358990268563967,True,0.003740689736440967
BB2_T9,300,70,-0.015341410671601318,0.04939318699927401,0.7,0.011434859609647475,-0.029408794262447146,0.09825098294135387,0.6428571428571429,0.014636268489390017,22499.17142857143,85,70,15,True,0.018039926918416452,True,0.01896074526840739
BB3_T1,1,70,-0.019490411825895115,0.019303996821845585,0.8714285714285714,3.0385558913923424e-12,-0.03380866670813658,0.01808052423034909,0.9571428571428572,2.1931352414234026e-24,22799.17142857143,85,70,15,True,1.1473454212853051e-11,True,1.7221096043449675e-23
BB3_T1,5,70,-0.016589550758060474,0.021257340732392112,0.7857142857142857,9.374805385633119e-09,-0.02611951690647683,0.020610517344226635,0.9,3.9508414708746755e-16,22795.17142857143,85,70,15,True,3.0527759290633766e-08,True,1.6525614142702184e-15
BB3_T1,30,70,-0.010002057168099177,0.015551165461963884,0.7142857142857143,9.585982436841685e-07,-0.0127992031786524,0.015144527580883804,0.8285714285714286,9.893202636057675e-10,22770.17142857143,85,70,15,True,2.821087676259627e-06,True,2.846046220447899e-09
BB3_T1,60,70,-0.007681734000446591,0.017075105836424007,0.6714285714285714,0.00034771704428226226,-0.010352633847754313,0.013098723577769308,0.8142857142857143,6.650250020740137e-09,22740.17142857143,85,70,15,True,0.0007250225636663947,True,1.7880633324246828e-08
BB3_T1,300,70,-0.005012079612220944,0.01399789689397675,0.6285714285714286,0.0038006755321430986,-0.005773460912015707,0.011598000076529207,0.6571428571428571,8.865240651134171e-05,22500.17142857143,85,70,15,True,0.00646863742047015,True,0.00015200697989909955
BB3_T10,1,70,-0.006029872316137964,0.008113418230192017,0.8,3.364096220115017e-08,-0.008658941034375265,0.010398386077096545,0.8857142857142857,1.526238028356804e-09,22799.17142857143,85,70,15,True,1.0761993000460543e-07,True,4.332910754291502e-09
BB3_T10,5,70,-0.011217856145422348,0.017626570861299283,0.8,1.1951436510772973e-06,-0.012226047106742197,0.018355449741822436,0.8142857142857143,4.51096015781897e-07,22795.17142857143,85,70,15,True,3.4816368587454147e-06,True,1.0523543109564174e-06
BB3_T10,30,70,-0.021469689805960313,0.042662871660291035,0.7285714285714285,7.556352134413049e-05,-0.020618308903021035,0.039533734364724696,0.7428571428571429,4.388789561107689e-05,22770.17142857143,85,70,15,True,0.00017323952637290699,True,7.764090083782419e-05
BB3_T10,60,70,-0.028245396471383938,0.060629422941000585,0.7285714285714285,0.00022219839985092573,-0.02670835377659832,0.054710902439047956,0.7428571428571429,0.00011733934638713695,22740.17142857143,85,70,15,True,0.00047653350185285437,True,0.0001990218172643879
BB3_T10,300,70,-0.053521153472603514,0.12221438271497112,0.6571428571428571,0.0004831834145903085,-0.04046134112576238,0.11082833646910899,0.7142857142857143,0.003202646860083406,22500.17142857143,85,70,15,True,0.0009854773892618157,True,0.00452932660728128
BB3_T11,1,70,-0.005874184765088624,0.008311902258316312,0.8,1.1598363413772909e-07,-0.00821774134589808,0.0103547032776321,0.8428571428571429,5.938889021559449e-09,22799.17142857143,85,70,15,True,3.6264566148946065e-07,True,1.6017846658460496e-08
BB3_T11,5,70,-0.011020130124715814,0.018158444622203014,0.7857142857142857,3.103355232433831e-06,-0.012089828731390497,0.018425746816484383,0.8285714285714286,6.262518416213899e-07,22795.17142857143,85,70,15,True,8.681856136080068e-06,True,1.437674493556081e-06
BB3_T11,30,70,-0.0213276473567255,0.04397217700903185,0.7285714285714285,0.00012852171192007252,-0.021136722692311132,0.04118450727149815,0.7571428571428571,5.6249864931968336e-05,22770.17142857143,85,70,15,True,0.0002870345925558181,True,9.870151515487587e-05
BB3_T11,60,70,-0.028268386519781596,0.06235050081491953,0.7285714285714285,0.0003154867000360145,-0.027600380513748288,0.057034693861531816,0.7428571428571429,0.00013268050908783594,22740.17142857143,85,70,15,True,0.0006618133264264906,True,0.00022394292081019695
BB3_T11,300,70,-0.05504072210466923,0.1276863709836459,0.6714285714285714,0.0005824085113322014,-0.04359603688708311,0.11611187532901344,0.7,0.002476994734976111,22500.17142857143,85,70,15,True,0.0011658293201927902,True,0.003552518393251334
BB3_T12,1,70,-0.005814928248436171,0.00826157201060538,0.8285714285714286,1.2774374548316317e-07,-0.007486108623484508,0.010017668157069367,0.8142857142857143,2.9250790053654873e-08,22799.17142857143,85,70,15,True,3.983345132169032e-07,True,7.592898545107256e-08
BB3_T12,5,70,-0.01142172167276656,0.018157822462414475,0.8142857142857143,1.520020564825859e-06,-0.013270058256221304,0.018545674925761518,0.8142857142857143,8.613151519023491e-08,22795.17142857143,85,70,15,True,4.398384465220555e-06,True,2.1424361769781254e-07
BB3_T12,30,70,-0.023751857246027665,0.04387946618696898,0.7571428571428571,2.4152270417408428e-05,-0.025870018613635186,0.04153879876588606,0.8285714285714286,1.8601713570843907e-06,22770.17142857143,85,70,15,True,5.9646958035844264e-05,True,4.014298587586865e-06
BB3_T12,60,70,-0.032280126448332724,0.06165343535343346,0.7571428571428571,4.128787849791841e-05,-0.03492723278849846,0.057051200177087674,0.7714285714285715,2.6164242691497596e-06,22740.17142857143,85,70,15,True,9.790639684990261e-05,True,5.57320952522344e-06
BB3_T12,300,70,-0.06745142441969461,0.12295208896537997,0.7428571428571429,1.9318798063530554e-05,-0.06553352250649346,0.11445499996332324,0.7857142857142857,9.194495237645411e-06,22500.17142857143,85,70,15,True,4.86135814344487e-05,True,1.819414721996844e-05
BB3_T2,1,70,-0.01722286375080327,0.01829351674920596,0.8714285714285714,3.356597173688152e-11,-0.030879277187812092,0.017368245556650404,0.9428571428571428,3.248405772181482e-23,22799.17142857143,85,70,15,True,1.245654482824121e-10,True,2.328473432134236e-22
BB3_T2,5,70,-0.01656274007453953,0.024907901450352488,0.7142857142857143,4.680155246123791e-07,-0.02753830080457221,0.02517533947529889,0.8428571428571429,1.580417949951141e-13,22795.17142857143,85,70,15,True,1.4036403103609113e-06,True,5.606102686941676e-13
BB3_T2,30,70,-0.012104987728443928,0.021901353764527988,0.7142857142857143,1.7028945593102782e-05,-0.016397534168322,0.02219991892222446,0.7714285714285715,3.93134249422305e-08,22770.17142857143,85,70,15,True,4.351701702971162e-05,True,1.0046441063269704e-07
BB3_T2,60,70,-0.010077283263744312,0.026386322470992898,0.6857142857142857,0.002107115523196155,-0.01274765223681814,0.01976717147301151,0.7714285714285715,9.061447815035211e-07,22740.17142857143,85,70,15,True,0.0037642627366301527,True,2.025051888806381e-06
BB3_T2,300,70,-0.00685042699693481,0.020574756789247018,0.6285714285714286,0.006890710340311605,-0.007351635248155998,0.01815705999587773,0.6571428571428571,0.0011683039302185175,22500.17142857143,85,70,15,True,0.011277073371032611,True,0.0017467727473297944
BB3_T3,1,70,-0.013490009161217795,0.01324896814708995,0.9,2.249954048124244e-12,-0.025059094243858056,0.015661072208852114,0.9428571428571428,7.375378760813425e-21,22799.17142857143,85,70,15,True,8.542407951944244e-12,True,4.000303550802258e-20
BB3_T3,5,70,-0.01595642323290454,0.021311261713965506,0.8,2.7843987852566548e-08,-0.027776564027832053,0.025492459979709857,0.8714285714285714,1.8344948454589842e-13,22795.17142857143,85,70,15,True,8.940611341135448e-08,True,6.460937503629756e-13
BB3_T3,30,70,-0.014616766494852282,0.03758199590834256,0.7,0.001763704976841225,-0.02305345293622677,0.033285696632462954,0.7857142857142857,1.8645584030115938e-07,22770.17142857143,85,70,15,True,0.003205471170429475,True,4.527090149265676e-07
BB3_T3,60,70,-0.014562104038349727,0.04655746135116482,0.6428571428571429,0.010894758590599567,-0.01977586164739766,0.0337211048047395,0.7714285714285715,5.943771237708806e-06,22740.17142857143,85,70,15,True,0.01725877621757061,True,1.2101196008417162e-05
BB3_T3,300,70,-0.010965803401875321,0.03732665807453219,0.6142857142857143,0.016489329656259412,-0.01101061927999302,0.030683630213442673,0.6285714285714286,0.0037290994884880352,22500.17142857143,85,70,15,True,0.025219404144478205,True,0.005211989778610907
BB3_T4,1,70,-0.011237262827696487,0.011976269112902848,0.8571428571428571,3.754415091697315e-11,-0.021295682305429553,0.014140124250138164,0.9428571428571428,1.4561232701079646e-19,22799.17142857143,85,70,15,True,1.39030055110549e-10,True,7.187008426032883e-19
BB3_T4,5,70,-0.01475975603302609,0.022191352297563353,0.7857142857142857,4.656414940472522e-07,-0.025811291330122266,0.0237250073573494,0.8857142857142857,1.9444438269318365e-13,22795.17142857143,85,70,15,True,1.3977335898638196e-06,True,6.834235424261947e-13
BB3_T4,30,70,-0.015109519472627245,0.05008195999718676,0.6714285714285714,0.013902157023022388,-0.025788687934412483,0.037994502020947764,0.8142857142857143,2.961147871985662e-07,22770.17142857143,85,70,15,True,0.021568007415600516,True,7.050837972233262e-07
BB3_T4,60,70,-0.017748907256423793,0.05920492596344973,0.6571428571428571,0.014489853999626703,-0.023696647372647966,0.043457457280713624,0.7428571428571429,2.1384041707473403e-05,22740.17142857143,85,70,15,True,0.022439464620667978,True,4.010958963046721e-05
BB3_T4,300,70,-0.01425479089496913,0.05410695209400976,0.5857142857142857,0.03084641041263921,-0.01380385770173372,0.04405614676956822,0.6,0.010762835660522435,22500.17142857143,85,70,15,True,0.0442584501560085,True,0.014198395268081334
BB3_T5,1,70,-0.01023241330982215,0.0118887922266099,0.8,5.744123945294286e-10,-0.019325195805564535,0.012751340515391181,0.9714285714285714,1.0736541563959783e-19,22799.17142857143,85,70,15,True,2.0107343699079794e-09,True,5.322058981848071e-19
BB3_T5,5,70,-0.014324385554237325,0.023002600921714834,0.7714285714285715,1.8639490511446715e-06,-0.024253006420396503,0.021582576308256753,0.9142857142857143,5.5689782729892374e-14,22795.17142857143,85,70,15,True,5.33992037454796e-06,True,2.046895737572108e-13
BB3_T5,30,70,-0.01695552017802295,0.05058998011469196,0.6571428571428571,0.0065473790025278355,-0.026301044554305073,0.03803206130442098,0.7714285714285715,1.9309325009552597e-07,22770.17142857143,85,70,15,True,0.010771997358920796,True,4.681664414596788e-07
BB3_T5,60,70,-0.019139085497385234,0.06082769277521734,0.6285714285714286,0.010450536248268562,-0.0246870961483692,0.04672051779324402,0.7428571428571429,3.570971712228751e-05,22740.17142857143,85,70,15,True,0.016608372924456247,True,6.44266697950409e-05
BB3_T5,300,70,-0.01656380618770171,0.06600877280555194,0.5571428571428572,0.03943613755602166,-0.015775487318662216,0.05405918417927313,0.6142857142857143,0.017193463627580174,22500.17142857143,85,70,15,False,0.05556764080589513,True,0.02214892499376939
BB3_T6,1,70,-0.009532343590874038,0.011398033797311009,0.8142857142857143,1.3463218021102896e-09,-0.01783289514182052,0.011909179412322831,0.9571428571428572,1.922565999215306e-19,22799.17142857143,85,70,15,True,4.619207374668372e-09,True,9.462201605824619e-19
BB3_T6,5,70,-0.013811083802377755,0.022615114795996864,0.7714285714285715,2.7461675099270973e-06,-0.022453532581402286,0.020620147582586887,0.9142857142857143,1.8791281839635016e-13,22795.17142857143,85,70,15,True,7.732688465198144e-06,True,6.611392948669957e-13
BB3_T6,30,70,-0.01705858354790995,0.04914787197513903,0.6857142857142857,0.00494585150275876,-0.024966820275243065,0.03830958189649181,0.7571428571428571,7.244252266312151e-07,22770.17142857143,85,70,15,True,0.008243085837931267,True,1.6412387921382611e-06
BB3_T6,60,70,-0.01873294068837063,0.0609060082808095,0.6857142857142857,0.01222518650135373,-0.023344713590652315,0.04771785965263483,0.7571428571428571,0.00011381621813947695,22740.17142857143,85,70,15,True,0.019207830542145126,True,0.00019323588878225695
BB3_T6,300,70,-0.018502840892131188,0.07488954280289513,0.5428571428571428,0.04247623836034557,-0.01671395178203654,0.06071570265354118,0.5857142857142857,0.024288292889626636,22500.17142857143,85,70,15,False,0.0594392075880899,True,0.030615122923626423
BB3_T7,1,70,-0.006955302772097627,0.010341575312535394,0.7571428571428571,3.638088866747601e-07,-0.01288348410811255,0.011596213021333256,0.8857142857142857,8.680113375566237e-14,22799.17142857143,85,70,15,True,1.1055054559905858e-06,True,3.137007501316041e-13
BB3_T7,5,70,-0.010669397778547038,0.021321022032585835,0.7,8.210231342245504e-05,-0.015741734811690094,0.020754203023741112,0.8571428571428571,1.9937050188676445e-08,22795.17142857143,85,70,15,True,0.00018773229177669238,True,5.2223281578375376e-08
BB3_T7,30,70,-0.014305234006096255,0.04838229644409406,0.6428571428571429,0.015834672746093764,-0.019035192318480054,0.04006028302787166,0.6857142857142857,0.00017061541922459158,22770.17142857143,85,70,15,True,0.024315019705668427,True,0.0002840849510462477
BB3_T7,60,70,-0.016545004153060226,0.06789372709165485,0.6285714285714286,0.04529768703396144,-0.018770724818321455,0.05588917746765836,0.6285714285714286,0.006441537575425243,22740.17142857143,85,70,15,False,0.06303000753215336,True,0.008696956749939122
BB3_T7,300,70,-0.03252963241899249,0.09990892697210747,0.6571428571428571,0.00816126235206437,-0.025048674606913325,0.08388294074568735,0.6428571428571429,0.014862153868778387,22500.17142857143,85,70,15,True,0.01319113165532465,True,0.019246155028721637
BB3_T8,1,70,-0.006628505931423688,0.009257158801368588,0.8428571428571429,8.466657137398476e-08,-0.011054078816024838,0.010326703057923626,0.8857142857142857,3.589549655974842e-13,22799.17142857143,85,70,15,True,2.6690055118350125e-07,True,1.2501909336081733e-12
BB3_T8,5,70,-0.011361397063831036,0.019543898799096765,0.7571428571428571,6.986279372580981e-06,-0.013625278043267958,0.018450146852050955,0.8285714285714286,3.9499875644791145e-08,22795.17142857143,85,70,15,True,1.8682349250980873e-05,True,1.0086627520528708e-07
BB3_T8,30,70,-0.019031870998068783,0.0458788846278498,0.7285714285714285,0.0008996129847497346,-0.019733791995733965,0.037169966484434734,0.7428571428571429,3.310724015398474e-05,22770.17142857143,85,70,15,True,0.0017489327840646037,True,6.03617491989537e-05
BB3_T8,60,70,-0.02421540665974241,0.0645548213912314,0.7428571428571429,0.0024988386951235847,-0.022960976710258558,0.05164136609011299,0.7,0.00040209245659998774,22740.17142857143,85,70,15,True,0.004400350505429147,True,0.0006384989041723115
BB3_T8,300,70,-0.047103725804933744,0.11095708584493184,0.6571428571428571,0.0006947072948237245,-0.03450855558841507,0.09323116697544626,0.6571428571428571,0.0028274487272020215,22500.17142857143,85,70,15,True,0.0013746928428499245,True,0.004028385712364117
BB3_T9,1,70,-0.006394329936523762,0.008574060289931726,0.8428571428571429,3.080464615214949e-08,-0.009825773018751363,0.0103799267004372,0.9,2.80069335211938e-11,22799.17142857143,85,70,15,True,9.872917667502456e-08,True,8.853060870606092e-11
BB3_T9,5,70,-0.011441096804259322,0.018386775465313254,0.8142857142857143,1.8932854058502598e-06,-0.012668791931159835,0.018266906839963265,0.8285714285714286,1.806458521564628e-07,22795.17142857143,85,70,15,True,5.4194706522060046e-06,True,4.3891098396665186e-07
BB3_T9,30,70,-0.020647284744450774,0.0438536378898164,0.7428571428571429,0.00019308690077264552,-0.01919209007158085,0.0378228227335832,0.7571428571428571,6.679874820850121e-05,22770.17142857143,85,70,15,True,0.0004174688624339739,True,0.0001160330191354307
BB3_T9,60,70,-0.026696358793486884,0.06229025462676185,0.7428571428571429,0.0006228248457692211,-0.023870815272385562,0.05223298255347698,0.7142857142857143,0.0002850995329224403,22740.17142857143,85,70,15,True,0.001241696388997495,True,0.0004624501813366344
BB3_T9,300,70,-0.05033729373242186,0.11781975692249774,0.6714285714285714,0.0006457443350743229,-0.035549165851066364,0.10464613885715698,0.6571428571428571,0.005887059079080795,22500.17142857143,85,70,15,True,0.0012836862357202448,True,0.00797326112043283
BB4_T1,1,70,-0.011942018581283706,0.006932018736559537,0.9285714285714286,1.696906176804402e-22,-0.012426014664665318,0.009094955617448759,0.9142857142857143,1.4115165725041997e-17,22795.17142857143,85,70,15,True,3.1191825066201304e-21,True,6.276434694983281e-17
BB4_T1,5,70,-0.026773162538409175,0.015713946598859944,0.9285714285714286,3.012609870589568e-22,-0.028420017255620766,0.01644849990292647,0.9428571428571428,1.4554640419165563e-22,22791.17142857143,85,70,15,True,3.3627207544386948e-21,True,9.664252489369916e-22
BB4_T1,30,70,-0.06445041972752838,0.03846749249145661,0.9285714285714286,7.149201022052232e-22,-0.06933584913433498,0.03330411412666754,0.9428571428571428,5.813688417223172e-27,22766.17142857143,85,70,15,True,5.1034069279319135e-21,True,9.25635644309035e-26
BB4_T1,60,70,-0.09028633024246263,0.053454636228910134,0.9285714285714286,4.720972758258771e-22,-0.09782521964583962,0.045634628452965585,0.9428571428571428,1.108364463279374e-27,22736.17142857143,85,70,15,True,4.056996203165502e-21,True,4.1623084319529176e-26
BB4_T1,300,70,-0.1995096304412819,0.1111476828919342,0.9285714285714286,1.95807729072666e-23,-0.21114423951668848,0.09793741990686462,0.9571428571428572,8.008480127724799e-28,22496.17142857143,85,70,15,True,1.3379154825388102e-21,True,4.1623084319529176e-26
BB4_T10,1,70,-0.009525271362737587,0.006176264212214189,0.9428571428571428,4.577851806324737e-20,-0.007845818725518351,0.007819148002814512,0.9,3.785961939415723e-12,21300.17142857143,85,70,15,True,2.0540880507599956e-19,True,1.2433933936008864e-11
BB4_T10,5,70,-0.021700470779253064,0.014040539766936535,0.9428571428571428,4.1192094432439864e-20,-0.021446607728252107,0.014936390590245695,0.9142857142857143,1.4180167610125731e-18,21296.17142857143,85,70,15,True,1.8652514582448195e-19,True,6.729736139146209e-18
BB4_T10,30,70,-0.0538852652043558,0.03453203448172879,0.9285714285714286,2.5690341984347902e-20,-0.05608316904463522,0.03006911955012986,0.9428571428571428,2.5162556179371283e-24,21271.17142857143,85,70,15,True,1.201084324166739e-19,True,1.958032243237112e-23
BB4_T10,60,70,-0.07591252345064628,0.04888080794260706,0.9285714285714286,3.2509894213076663e-20,-0.08122302793424017,0.041335629908358804,0.9428571428571428,1.4621192801405244e-25,21241.17142857143,85,70,15,True,1.4996219560237634e-19,True,1.3364079663718285e-24
BB4_T10,300,70,-0.17096522843417641,0.10468145521494014,0.9285714285714286,2.629246658552538e-21,-0.18443947342647307,0.09208216732435276,0.9571428571428572,5.0590832387553696e-26,21001.17142857143,85,70,15,True,1.563519312443893e-20,True,5.095957023294403e-25
BB4_T11,1,70,-0.009732847146483543,0.00647010753000804,0.9428571428571428,1.5412187689293513e-19,-0.008048064791322977,0.00794913044987682,0.9,2.7543874095282798e-12,21000.17142857143,85,70,15,True,6.61479608279616e-19,True,9.099459711926663e-12
BB4_T11,5,70,-0.02216952993202803,0.01462439762740142,0.9428571428571428,1.0604742924744383e-19,-0.02156777687354103,0.01484225715006783,0.9142857142857143,8.067807624754897e-19,20996.17142857143,85,70,15,True,4.620351425597963e-19,True,3.850038030874056e-18
BB4_T11,30,70,-0.05489197916074788,0.035671873589444035,0.9285714285714286,5.106830200820645e-20,-0.0568290715059101,0.030253223651405217,0.9571428571428572,1.713419113114661e-24,20971.17142857143,85,70,15,True,2.2737240133808413e-19,True,1.3515669031532314e-23
BB4_T11,60,70,-0.07702428478387478,0.05032532122879519,0.9428571428571428,6.648558657060606e-20,-0.08177061022744693,0.041515253138959755,0.9571428571428572,1.2819324568407595e-25,20941.17142857143,85,70,15,True,2.933687121346666e-19,True,1.1842450904772256e-24
BB4_T11,300,70,-0.16977846937302413,0.10765307826373033,0.9285714285714286,1.5186838051151634e-20,-0.1821713717000737,0.09189223976211056,0.9714285714285714,8.962156146434613e-26,20701.17142857143,85,70,15,True,7.538868601541508e-20,True,8.414198229872715e-25
BB4_T12,1,70,-0.00989571361682299,0.006303267597891124,0.9285714285714286,1.9031272169008418e-20,-0.007925024508189497,0.008043287035092767,0.8857142857142857,7.1660763213215646e-12,19200.17142857143,85,70,15,True,9.132367408878345e-20,True,2.333533806801697e-11
BB4_T12,5,70,-0.022577353664720953,0.014394233344847442,0.9285714285714286,1.9912832738963808e-20,-0.02110435949945188,0.015169963846491536,0.9,6.1680812858294536e-18,19196.17142857143,85,70,15,True,9.489494774223442e-20,True,2.845223076440689e-17
BB4_T12,30,70,-0.055974943592513954,0.03569883456557055,0.9285714285714286,2.0244585945769428e-20,-0.05611869554157174,0.03299601460246254,0.9428571428571428,3.301327689614854e-22,19171.17142857143,85,70,15,True,9.581512937347037e-20,True,2.1005685391564127e-21
BB4_T12,60,70,-0.07899550940118046,0.05065223621532889,0.9285714285714286,2.6413378006580245e-20,-0.0804408214488735,0.04506965949460385,0.9571428571428572,2.647192223593421e-23,19141.17142857143,85,70,15,True,1.2315549394431139e-19,True,1.9014655161154404e-22
BB4_T12,300,70,-0.17181155386649555,0.10959908834079281,0.9571428571428572,2.046323437681756e-20,-0.1770682160443952,0.09906664180689348,0.9571428571428572,2.4542140110376558e-23,18901.17142857143,85,70,15,True,9.65853480490501e-20,True,1.7739141021203141e-22
BB4_T2,1,70,-0.011784275977632598,0.00692298765706153,0.9285714285714286,3.161556643330173e-22,-0.012005674975882346,0.009062972882381741,0.9142857142857143,5.66870113254073e-17,22790.17142857143,85,70,15,True,3.424193793951645e-21,True,2.4543060667829853e-16
BB4_T2,5,70,-0.026601231536781858,0.01566701655058294,0.9285714285714286,3.6012438432781064e-22,-0.027927368007545087,0.016406674584810755,0.9428571428571428,3.161520415830095e-22,22786.17142857143,85,70,15,True,3.61795065627221e-21,True,2.022787599387589e-21
BB4_T2,30,70,-0.0641356906296921,0.03830389725901357,0.9285714285714286,7.385344868023506e-22,-0.06876890964575008,0.03321501660762425,0.9428571428571428,7.939451755332065e-27,22761.17142857143,85,70,15,True,5.207421738575758e-21,True,1.162308318018101e-25
BB4_T2,60,70,-0.09004167678573771,0.05323349202483034,0.9285714285714286,4.384998952950502e-22,-0.09732976099451558,0.045487866003865715,0.9428571428571428,1.2319959335540273e-27,22731.17142857143,85,70,15,True,3.978894323402182e-21,True,4.1623084319529176e-26
BB4_T2,300,70,-0.19927685184188976,0.11102654987405775,0.9285714285714286,1.9660939485244638e-23,-0.2107936638384265,0.09785775744104774,0.9571428571428572,8.40571654908309e-28,22491.17142857143,85,70,15,True,1.3379154825388102e-21,True,4.1623084319529176e-26
BB4_T3,1,70,-0.011388401672780865,0.006763841385975645,0.9285714285714286,5.551730170207351e-22,-0.01118624716785995,0.008848310409807334,0.9142857142857143,4.3855089940612597e-16,22770.17142857143,85,70,15,True,4.4196377276650686e-21,True,1.8233373735838328e-15
BB4_T3,5,70,-0.025818102240906873,0.01528141941007464,0.9285714285714286,4.652020338754118e-22,-0.02670496169903668,0.016039599580791025,0.9428571428571428,9.869753020073442e-22,22766.17142857143,85,70,15,True,4.056996203165502e-21,True,5.819112062176407e-21
BB4_T3,30,70,-0.06346631991992516,0.03755195421434456,0.9285714285714286,4.569857629849792e-22,-0.06720673368292307,0.032940511476851266,0.9428571428571428,1.809739438731346e-26,22741.17142857143,85,70,15,True,4.056996203165502e-21,True,2.063580779147459e-25
BB4_T3,60,70,-0.08940744113273841,0.052620092997570984,0.9285714285714286,3.4722322047602398e-22,-0.09580032156873729,0.04505664945529537,0.9428571428571428,1.764360276441462e-27,22711.17142857143,85,70,15,True,3.581063363416904e-21,True,4.214359086885259e-26
BB4_T3,300,70,-0.19842758678647224,0.11063997057928164,0.9285714285714286,2.0494715054825405e-23,-0.20955702264620113,0.09763941959381905,0.9571428571428572,1.0351514533489767e-27,22471.17142857143,85,70,15,True,1.3379154825388102e-21,True,4.1623084319529176e-26
BB4_T4,1,70,-0.0113035737508512,0.006585904863193649,0.9285714285714286,2.0594940420125876e-22,-0.01068241317410913,0.008681785084522442,0.9,1.3906872998161917e-15,22740.17142857143,85,70,15,True,3.1624675178459957e-21,True,5.58700537309877e-15
BB4_T4,5,70,-0.025695095435808477,0.014966511527583184,0.9285714285714286,2.0278805726815749e-22,-0.02590559791456052,0.01578711233474807,0.9428571428571428,2.0689079161236887e-21,22736.17142857143,85,70,15,True,3.1624675178459957e-21,True,1.1718158770831712e-20
BB4_T4,30,70,-0.06339189952147208,0.03713677938456725,0.9285714285714286,2.7336168512418985e-22,-0.0659554296883381,0.032576739772103895,0.9428571428571428,2.781444921532011e-26,22711.17142857143,85,70,15,True,3.3235728088246885e-21,True,2.9937358890632703e-25
BB4_T4,60,70,-0.08907843698732232,0.05212597542991241,0.9428571428571428,2.578733808236975e-22,-0.09434199875080362,0.04463004654764354,0.9571428571428572,2.455935158943076e-27,22681.17142857143,85,70,15,True,3.2670608572125202e-21,True,5.32286506611587e-26
BB4_T4,300,70,-0.19728542747208952,0.11035232967807837,0.9285714285714286,2.4243699560325708e-23,-0.20797123110387852,0.09754940211787048,0.9571428571428572,1.5137075070373533e-27,22441.17142857143,85,70,15,True,1.3583892098724437e-21,True,4.1623084319529176e-26
BB4_T5,1,70,-0.011260134601889786,0.006609068670304988,0.9285714285714286,3.0165916449850826e-22,-0.010363300914361462,0.008566487214294248,0.8857142857142857,2.829825475178426e-15,22710.17142857143,85,70,15,True,3.3627207544386948e-21,True,1.1263879051545462e-14
BB4_T5,5,70,-0.02562281498221979,0.015014068683675557,0.9285714285714286,2.76677433654911e-22,-0.02543342195453076,0.015557924915198647,0.9428571428571428,2.5049877207568242e-21,22706.17142857143,85,70,15,True,3.3235728088246885e-21,True,1.4049890544179914e-20
BB4_T5,30,70,-0.06307457529729037,0.036729049921446905,0.9285714285714286,2.000176608355325e-22,-0.06502672049656386,0.03221308890297947,0.9571428571428572,3.2799044386663027e-26,22681.17142857143,85,70,15,True,3.1624675178459957e-21,True,3.44439812631978e-25
BB4_T5,60,70,-0.08883534201857501,0.05172051496237344,0.9285714285714286,1.9815275412051158e-22,-0.09347135489081677,0.04450085280060365,0.9571428571428572,3.523464135342487e-27,22651.17142857143,85,70,15,True,3.1624675178459957e-21,True,7.072604848399328e-26
BB4_T5,300,70,-0.19613495935954336,0.11026764536182464,0.9285714285714286,3.1719705610883624e-23,-0.20656185379241124,0.09742940040206602,0.9571428571428572,2.0771284706479045e-27,22411.17142857143,85,70,15,True,1.44199451165267e-21,True,4.660051211745785e-26
BB4_T6,1,70,-0.01113394032605618,0.006391456392639232,0.9285714285714286,9.496952435604589e-23,-0.010100871700056946,0.00853706128364368,0.8857142857142857,7.0730893698338825e-15,22680.17142857143,85,70,15,True,2.6864733658249034e-21,True,2.7396327099524734e-14
BB4_T6,5,70,-0.025397687992848215,0.014582347816090893,0.9285714285714286,9.591606535022282e-23,-0.02511542382490075,0.015470055022585276,0.9428571428571428,3.554294699498138e-21,22676.17142857143,85,70,15,True,2.6864733658249034e-21,True,1.949220347105725e-20
BB4_T6,30,70,-0.06296249494492986,0.03652260220131418,0.9285714285714286,1.6365511805636098e-22,-0.0644983119196371,0.03229147852224995,0.9571428571428572,5.911921630703254e-26,22651.17142857143,85,70,15,True,3.1191825066201304e-21,True,5.802752623318109e-25
BB4_T6,60,70,-0.08865843103234733,0.051368425367658295,0.9285714285714286,1.5406677570542733e-22,-0.09288052283029447,0.04442502864207004,0.9571428571428572,4.579062581033855e-27,22621.17142857143,85,70,15,True,3.1191825066201304e-21,True,8.551708766201064e-26
BB4_T6,300,70,-0.19488619834131118,0.11024324703045185,0.9285714285714286,4.3915359064761654e-23,-0.20518790313129204,0.09740853975670283,0.9571428571428572,2.99588101130207e-27,22381.17142857143,85,70,15,True,1.6858618396527945e-21,True,6.35016496567402e-26
BB4_T7,1,70,-0.01076596972849703,0.006397562918280534,0.9142857142857143,5.7055725350112e-22,-0.009243008252831596,0.008381963477918544,0.8857142857142857,1.1591913652684983e-13,22500.17142857143,85,70,15,True,4.4598988933175776e-21,True,4.158884908621663e-13
BB4_T7,5,70,-0.024509158594432808,0.014563369044106647,0.9142857142857143,5.686711866647888e-22,-0.023809365564139737,0.015297495509259188,0.9428571428571428,2.917890174412265e-20,22496.17142857143,85,70,15,True,4.4598988933175776e-21,True,1.5137102931823387e-19
BB4_T7,30,70,-0.060561231881193174,0.036131767135670394,0.9285714285714286,7.004005488388659e-22,-0.06136345224326485,0.032107141587871056,0.9571428571428572,6.695517974431301e-25,22471.17142857143,85,70,15,True,5.062643492557023e-21,True,5.547485515985646e-24
BB4_T7,60,70,-0.08520334684939838,0.05145827516665263,0.9285714285714286,1.3084142813293506e-21,-0.08884712690115239,0.04474087210541286,0.9571428571428572,8.157632263444626e-26,22441.17142857143,85,70,15,True,8.465489404481097e-21,True,7.721813553479776e-25
BB4_T7,300,70,-0.18953184240402066,0.11206574843323397,0.9285714285714286,4.410756948952346e-22,-0.19938375126989746,0.09808909096000555,0.9428571428571428,2.2277220606997046e-26,22201.17142857143,85,70,15,True,3.978894323402182e-21,True,2.474848784475074e-25
BB4_T8,1,70,-0.010422912165737718,0.00655590125416114,0.9142857142857143,1.0165803005384949e-20,-0.008494012294300277,0.008274587712893598,0.8714285714285714,1.6786845929867333e-12,22200.17142857143,85,70,15,True,5.211105249793027e-20,True,5.592917327646252e-12
BB4_T8,5,70,-0.023666664941428585,0.014860078820687872,0.9142857142857143,9.315952981089537e-21,-0.02278541361808453,0.015574271832944709,0.9285714285714286,5.849062056499973e-19,22196.17142857143,85,70,15,True,4.847382161094029e-20,True,2.8036939936204316e-18
BB4_T8,30,70,-0.058551998405876396,0.036646305733485394,0.9285714285714286,7.933127465203301e-21,-0.05925164609524003,0.03272283862459999,0.9428571428571428,1.2317903296455636e-23,22171.17142857143,85,70,15,True,4.203827514152977e-20,True,9.093665788302184e-23
BB4_T8,60,70,-0.08271274949982887,0.05161848373400593,0.9285714285714286,6.863587037314261e-21,-0.08596669473338389,0.04522414951022117,0.9428571428571428,8.989199301545492e-25,22141.17142857143,85,70,15,True,3.716879814094165e-20,True,7.32492537425464e-24
BB4_T8,300,70,-0.18402842371055916,0.1088051177570091,0.9285714285714286,4.397008376414493e-22,-0.19445648470669818,0.09515507657055747,0.9428571428571428,1.6518606694388624e-26,21901.17142857143,85,70,15,True,3.978894323402182e-21,True,1.9412172152759422e-25
BB4_T9,1,70,-0.010162532294592921,0.006496874096355011,0.9428571428571428,2.2797604784389076e-20,-0.008297268814953693,0.007893940363694367,0.8857142857142857,7.076573557993977e-13,21900.17142857143,85,70,15,True,1.0701864745932644e-19,True,2.4183542673461117e-12
BB4_T9,5,70,-0.023164240374000288,0.014771765884633525,0.9428571428571428,2.0138611254860756e-20,-0.02250622340229796,0.015369131722433996,0.9428571428571428,5.59585026671782e-19,21896.17142857143,85,70,15,True,9.557541467794492e-20,True,2.6927106784832964e-18
BB4_T9,30,70,-0.057743808811736116,0.03653421548860785,0.9285714285714286,1.3622605222965745e-20,-0.05849661763983332,0.03189515011651264,0.9428571428571428,6.218111250883921e-24,21871.17142857143,85,70,15,True,6.821174064542992e-20,True,4.6501243229012874e-23
BB4_T9,60,70,-0.0816104743798244,0.051584879610809,0.9285714285714286,1.2985760689019805e-20,-0.08480218409261349,0.04376359474762571,0.9428571428571428,3.1504107316450845e-25,21841.17142857143,85,70,15,True,6.521192322756313e-20,True,2.7626063649324284e-24
BB4_T9,300,70,-0.1770407487514916,0.10990967220283411,0.9285714285714286,5.279562801244477e-21,-0.1887659292100844,0.09320221282035238,0.9428571428571428,2.7267779547710274e-26,21601.17142857143,85,70,15,True,2.946134298737336e-20,True,2.9532971265623513e-25
BB5_T1,1,70,-0.012011435470383344,0.006938416992267358,0.9285714285714286,1.3164092614257647e-22,-0.012623025829080765,0.009082865208707885,0.9285714285714286,6.467319468845291e-18,22795.17142857143,85,70,15,True,3.1191825066201304e-21,True,2.975311420087947e-17
BB5_T1,5,70,-0.026831256698073576,0.015714965776120547,0.9285714285714286,2.701832131103503e-22,-0.02861939337607374,0.016433777893441727,0.9428571428571428,9.642251331646245e-23,22791.17142857143,85,70,15,True,3.3194640556929945e-21,True,6.703013752683658e-22
BB5_T1,30,70,-0.0644803216616992,0.03847386091463931,0.9285714285714286,7.040583235034778e-22,-0.06946999279796207,0.03330399558637726,0.9428571428571428,5.212061757454588e-27,22766.17142857143,85,70,15,True,5.062643492557023e-21,True,9.064424920797659e-26
BB5_T1,60,70,-0.09031329362860058,0.0534658642294233,0.9285714285714286,4.699474659830763e-22,-0.0979564880293658,0.04563740660226231,0.9428571428571428,1.030376934921124e-27,22736.17142857143,85,70,15,True,4.056996203165502e-21,True,4.1623084319529176e-26
BB5_T1,300,70,-0.1995490819126957,0.11117316760004546,0.9285714285714286,1.9613567700552147e-23,-0.21126250539127264,0.09795002012371104,0.9571428571428572,7.813654111206636e-28,22496.17142857143,85,70,15,True,1.3379154825388102e-21,True,4.1623084319529176e-26
BB5_T10,1,70,-0.010163419538970934,0.006470011848913668,0.9428571428571428,1.8488699642157656e-20,-0.008853822902343274,0.008046410402000763,0.9142857142857143,1.2598013411934408e-13,21300.17142857143,85,70,15,True,8.934049966944713e-20,True,4.4965016878340267e-13
BB5_T10,5,70,-0.023151930450350945,0.014699551267681873,0.9285714285714286,1.6215488558860918e-20,-0.02373635237869402,0.0154501317541232,0.9428571428571428,5.527060914776492e-20,21296.17142857143,85,70,15,True,7.935483423635194e-20,True,2.7890593267771534e-19
BB5_T10,30,70,-0.057451052249969006,0.03611983679702034,0.9285714285714286,9.939881255900447e-21,-0.061789604797838835,0.03177816710760251,0.9571428571428572,2.6087954381052835e-25,21271.17142857143,85,70,15,True,5.1257148864382155e-20,True,2.3052143832874054e-24
BB5_T10,60,70,-0.08084576188628242,0.05095526051294795,0.9285714285714286,1.1257961890721046e-20,-0.08944350357350356,0.0436351755632349,0.9571428571428572,1.392869068492475e-26,21241.17142857143,85,70,15,True,5.728462199181327e-20,True,1.6885482918040353e-25
BB5_T10,300,70,-0.18085306816413357,0.10872376552397206,0.9285714285714286,1.0342160368741678e-21,-0.20012219949134405,0.0958160701511783,0.9571428571428572,4.848695664199027e-27,21001.17142857143,85,70,15,True,6.819115281298187e-21,True,8.863620909951131e-26
BB5_T11,1,70,-0.01041125101485609,0.006758950154433347,0.9428571428571428,4.8590328728927783e-20,-0.009075168627726171,0.008139103192969241,0.9142857142857143,7.548930196244631e-14,21000.17142857143,85,70,15,True,2.171792829992827e-19,True,2.7541239522729884e-13
BB5_T11,5,70,-0.023695531686538335,0.01526743554810213,0.9428571428571428,3.353856288529617e-20,-0.02397413695865886,0.015433244242513479,0.9285714285714286,3.210421323512465e-20,20996.17142857143,85,70,15,True,1.5429525268801369e-19,True,1.6604798911280788e-19
BB5_T11,30,70,-0.058570842485177216,0.03716476599335084,0.9285714285714286,1.5728009518462433e-20,-0.06276806567920779,0.03204386220252854,0.9571428571428572,1.7377932578557202e-25,20971.17142857143,85,70,15,True,7.774001843531862e-20,True,1.5744931391269373e-24
BB5_T11,60,70,-0.0821526696625261,0.05229288805372478,0.9285714285714286,1.8395481389130254e-20,-0.09040966544172613,0.044060844863377725,0.9571428571428572,1.3142404631312203e-26,20941.17142857143,85,70,15,True,8.913939438912347e-20,True,1.633345611553369e-25
BB5_T11,300,70,-0.18056636854473987,0.11134126475398903,0.9285714285714286,3.752913863774666e-21,-0.19880474787883998,0.09607563701163543,0.9714285714285714,8.194678607278725e-27,20701.17142857143,85,70,15,True,2.168280501562119e-20,True,1.1699427515763635e-25
BB5_T12,1,70,-0.01071129229403273,0.006686584442402861,0.9285714285714286,6.967080403400915e-21,-0.008865080565263566,0.008323547318186183,0.8857142857142857,4.3343142293241745e-13,19200.17142857143,85,70,15,True,3.746280937667443e-20,True,1.5050307198306556e-12
BB5_T12,5,70,-0.02442043345255226,0.015244811727513075,0.9285714285714286,6.972094480232028e-21,-0.023625399462922914,0.01603782239107359,0.9285714285714286,4.2157974323818255e-19,19196.17142857143,85,70,15,True,3.746280937667443e-20,True,2.042858363096663e-18
BB5_T12,30,70,-0.060425611564104045,0.03768714091882609,0.9285714285714286,6.6601458869949446e-21,-0.06238300993865502,0.03463043148884638,0.9571428571428572,1.6210038557486605e-23,19171.17142857143,85,70,15,True,3.6237486676484304e-20,True,1.184052499283641e-22
BB5_T12,60,70,-0.08522894470190837,0.053374831582332596,0.9285714285714286,8.175248774645306e-21,-0.08915072772216019,0.04773692319750542,0.9571428571428572,2.3474273569041173e-24,19141.17142857143,85,70,15,True,4.31228771242741e-20,True,1.8349234203854582e-23
BB5_T12,300,70,-0.18528136832561012,0.11431616809186508,0.9428571428571428,3.8664607642655936e-21,-0.19484361262608524,0.10598312400295187,0.9428571428571428,5.466696621263705e-24,18901.17142857143,85,70,15,True,2.222732436029555e-20,True,4.1510850168057364e-23
BB5_T2,1,70,-0.01184279252637608,0.006908100389437893,0.9285714285714286,2.1876366526375987e-22,-0.012242057909357208,0.009035157072530673,0.9142857142857143,2.0584697530194506e-17,22790.17142857143,85,70,15,True,3.171397408042586e-21,True,9.106290648760822e-17
BB5_T2,5,70,-0.02664517961043087,0.01564536400439957,0.9285714285714286,3.0784428651212603e-22,-0.028216761087861458,0.016375649738574326,0.9428571428571428,1.678582782825811e-22,22786.17142857143,85,70,15,True,3.3765143171409377e-21,True,1.1025672081108702e-21
BB5_T2,30,70,-0.06420016901965142,0.038307337288614934,0.9285714285714286,7.046592308866717e-22,-0.06903717214877408,0.03321315548350418,0.9428571428571428,6.356074960361845e-27,22761.17142857143,85,70,15,True,5.062643492557023e-21,True,9.803678119665256e-26
BB5_T2,60,70,-0.09009309733271073,0.0532548111188721,0.9285714285714286,4.34661155677095e-22,-0.09758338272488189,0.04550086159362402,0.9428571428571428,1.0796638643907525e-27,22731.17142857143,85,70,15,True,3.978894323402182e-21,True,4.1623084319529176e-26
BB5_T2,300,70,-0.1993498070953339,0.1110771402785002,0.9285714285714286,1.9754551260075772e-23,-0.21102649509358976,0.09788818072309528,0.9571428571428572,8.0336301620865885e-28,22491.17142857143,85,70,15,True,1.3379154825388102e-21,True,4.1623084319529176e-26
BB5_T3,1,70,-0.01150017588833019,0.006783609300533257,0.9285714285714286,3.9007351696854406e-22,-0.011529591505486566,0.008880875003564555,0.9142857142857143,1.3824720298514333e-16,22770.17142857143,85,70,15,True,3.754050142413147e-21,True,5.889569498318991e-16
BB5_T3,5,70,-0.026003410508921465,0.015308623176948859,0.9285714285714286,3.5254713379344153e-22,-0.027265574492543725,0.01607292576324604,0.9428571428571428,3.7747905684996134e-22,22766.17142857143,85,70,15,True,3.594262511550308e-21,True,2.3755740280812685e-21
BB5_T3,30,70,-0.06362351677931359,0.03756719845770649,0.9285714285714286,4.107587206463326e-22,-0.0679504914820608,0.032978605386464764,0.9428571428571428,1.041657820328748e-26,22741.17142857143,85,70,15,True,3.866951988645992e-21,True,1.411344223229735e-25
BB5_T3,60,70,-0.08960033726170788,0.052709151753678976,0.9285714285714286,3.3899262270187897e-22,-0.0965560893295142,0.04517969643133287,0.9428571428571428,1.3178286689439161e-27,22711.17142857143,85,70,15,True,3.570791193399365e-21,True,4.1623084319529176e-26
BB5_T3,300,70,-0.19863755133673425,0.1107866724470805,0.9285714285714286,2.0787532496422767e-23,-0.21020284587197388,0.09771562983070461,0.9571428571428572,9.080603735756727e-28,22471.17142857143,85,70,15,True,1.3379154825388102e-21,True,4.1623084319529176e-26
BB5_T4,1,70,-0.011384080185455328,0.006606529867356009,0.9285714285714286,1.675382962882859e-22,-0.011087951750747496,0.008746738868879864,0.9,3.9005859792406744e-16,22740.17142857143,85,70,15,True,3.1191825066201304e-21,True,1.633518128275943e-15
BB5_T4,5,70,-0.025829192699802942,0.015006691581233595,0.9285714285714286,1.7785208503738514e-22,-0.026655804264073157,0.015854773113766357,0.9428571428571428,5.9871286973992845e-22,22736.17142857143,85,70,15,True,3.1191825066201304e-21,True,3.635418216083397e-21
BB5_T4,30,70,-0.06360903172817209,0.03729481015083102,0.9285714285714286,2.853238585424772e-22,-0.06715962774224156,0.03268678435709809,0.9571428571428572,1.2203005170797893e-26,22711.17142857143,85,70,15,True,3.346731054896646e-21,True,1.5705852175365535e-25
BB5_T4,60,70,-0.08948316832845934,0.05236647646361171,0.9285714285714286,2.588104383959635e-22,-0.09574940795404087,0.044808361356543897,0.9571428571428572,1.3281154061716902e-27,22681.17142857143,85,70,15,True,3.2670608572125202e-21,True,4.1623084319529176e-26
BB5_T4,300,70,-0.19766463433653042,0.11061569541974242,0.9285714285714286,2.4846101283680576e-23,-0.2092806144153096,0.0976656592696864,0.9571428571428572,1.1332440623967444e-27,22441.17142857143,85,70,15,True,1.3583892098724437e-21,True,4.1623084319529176e-26
BB5_T5,1,70,-0.011360389081891551,0.0066642271213264315,0.9285714285714286,2.9314943425808827e-22,-0.010816772056581945,0.008631243429798657,0.9,6.383205241776874e-16,22710.17142857143,85,70,15,True,3.351739356052051e-21,True,2.6254731083737024e-15
BB5_T5,5,70,-0.025823306551918092,0.015125427037887251,0.9285714285714286,2.7093744246177263e-22,-0.026335900576168206,0.01565736511128254,0.9428571428571428,5.848603250348883e-22,22706.17142857143,85,70,15,True,3.3194640556929945e-21,True,3.563831433854566e-21
BB5_T5,30,70,-0.0635142092311687,0.037018254316683354,0.9285714285714286,2.095608219017623e-22,-0.066666873051558,0.03245141836671915,0.9571428571428572,1.2297478003738144e-26,22681.17142857143,85,70,15,True,3.171397408042586e-21,True,1.5705852175365535e-25
BB5_T5,60,70,-0.08937892761268158,0.052053848504540534,0.9285714285714286,2.0151501444137578e-22,-0.09527372803026506,0.0446872128903143,0.9571428571428572,1.5114810223173857e-27,22651.17142857143,85,70,15,True,3.1624675178459957e-21,True,4.1623084319529176e-26
BB5_T5,300,70,-0.1966667785668773,0.11054325583254537,0.9285714285714286,3.136722316538005e-23,-0.20847695534253782,0.09758546101024299,0.9571428571428572,1.3463590540937034e-27,22411.17142857143,85,70,15,True,1.44199451165267e-21,True,4.1623084319529176e-26
BB5_T6,1,70,-0.01125597603153964,0.00646424457818249,0.9285714285714286,9.709415979003619e-23,-0.010603932714234604,0.008573398144529192,0.9,1.1168864719990677e-15,22680.17142857143,85,70,15,True,2.6864733658249034e-21,True,4.523848488577701e-15
BB5_T6,5,70,-0.025642844063368458,0.014726703618080681,0.9285714285714286,9.714954740354205e-23,-0.02612724074705642,0.015547091071177322,0.9428571428571428,6.121376826242942e-22,22676.17142857143,85,70,15,True,2.6864733658249034e-21,True,3.697440023543595e-21
BB5_T6,30,70,-0.06341726882272591,0.036817796793462296,0.9285714285714286,1.7108446961765363e-22,-0.06629655908045287,0.032466340482283675,0.9571428571428572,1.7242938623170354e-26,22651.17142857143,85,70,15,True,3.1191825066201304e-21,True,1.9991393605051535e-25
BB5_T6,60,70,-0.08916556676822024,0.05165013216442863,0.9285714285714286,1.5219443793018881e-22,-0.09487354018822765,0.04445070169741518,0.9571428571428572,1.4200081009613594e-27,22621.17142857143,85,70,15,True,3.1191825066201304e-21,True,4.1623084319529176e-26
BB5_T6,300,70,-0.19552345235730714,0.11044124483313023,0.9285714285714286,4.064117270327094e-23,-0.20758258511228003,0.09756065957406798,0.9571428571428572,1.694640530642247e-27,22381.17142857143,85,70,15,True,1.62961192502531e-21,True,4.214359086885259e-26
BB5_T7,1,70,-0.010860831250741419,0.006392055568711217,0.9142857142857143,3.472038007036615e-22,-0.00981504373829105,0.008397935206227237,0.9,1.1653881712020402e-14,22500.17142857143,85,70,15,True,3.581063363416904e-21,True,4.468830334631575e-14
BB5_T7,5,70,-0.024716101450248468,0.014552513825549979,0.9285714285714286,3.5474486727602175e-22,-0.024944848474054006,0.015322175096218124,0.9428571428571428,3.0869914458075023e-21,22496.17142857143,85,70,15,True,3.594262511550308e-21,True,1.7037628506812972e-20
BB5_T7,30,70,-0.06099598260482797,0.036097458651383134,0.9285714285714286,4.6168316887185985e-22,-0.06363937016870119,0.031860363140764916,0.9714285714285714,5.900796657787866e-26,22471.17142857143,85,70,15,True,4.056996203165502e-21,True,5.802752623318109e-25
BB5_T7,60,70,-0.08574981396244091,0.051312418830510007,0.9285714285714286,8.161236452342723e-22,-0.09162922139290407,0.04427140637662856,0.9714285714285714,8.092122973090968e-27,22441.17142857143,85,70,15,True,5.5725438622221554e-21,True,1.164928536334554e-25
BB5_T7,300,70,-0.1916954590494974,0.11175008804324152,0.9285714285714286,2.118537943808149e-22,-0.20460063190147876,0.09827305808413914,0.9571428571428572,5.8042236878004905e-27,22201.17142857143,85,70,15,True,3.171397408042586e-21,True,9.25635644309035e-26
BB5_T8,1,70,-0.010681721852604114,0.006512611207763415,0.9285714285714286,2.119031992720404e-21,-0.009331993619560358,0.00838622178739438,0.9,8.160327780286708e-14,22200.17142857143,85,70,15,True,1.2710513081335062e-20,True,2.9553388344749034e-13
BB5_T8,5,70,-0.024257856527157083,0.01476984636147588,0.9142857142857143,1.9777184053472895e-21,-0.024361415669426068,0.01573661525471356,0.9428571428571428,3.802971129357663e-20,22196.17142857143,85,70,15,True,1.2008817382205421e-20,True,1.9465578151008485e-19
BB5_T8,30,70,-0.059940606235317696,0.03642195838928529,0.9285714285714286,1.783912607275161e-21,-0.06291804457755576,0.03283493335138811,0.9428571428571428,5.808544578161606e-25,22171.17142857143,85,70,15,True,1.0947456586386646e-20,True,4.882851950741691e-24
BB5_T8,60,70,-0.08466070287034008,0.05134329370175827,0.9285714285714286,1.6166879538616682e-21,-0.09090433353507656,0.04541495819270068,0.9428571428571428,5.252146172808145e-26,22141.17142857143,85,70,15,True,1.0155739782894662e-20,True,5.229442370908398e-25
BB5_T8,300,70,-0.1888123484298313,0.10941498606234044,0.9285714285714286,1.5536934311225532e-22,-0.2032777143621004,0.09559123318592463,0.9428571428571428,1.749732194410627e-27,21901.17142857143,85,70,15,True,3.1191825066201304e-21,True,4.214359086885259e-26
BB5_T9,1,70,-0.010559531479223212,0.0065563318874291,0.9428571428571428,5.312421615378757e-21,-0.009136973147780916,0.008195584200107894,0.8857142857142857,7.586702629181805e-14,21900.17142857143,85,70,15,True,2.946134298737336e-20,True,2.762071399770615e-13
BB5_T9,5,70,-0.024063124826391093,0.014911105331255899,0.9428571428571428,4.8097084509887534e-21,-0.024208189910064726,0.015757406273956144,0.9428571428571428,5.529683469876556e-20,21896.17142857143,85,70,15,True,2.72418732756822e-20,True,2.7890593267771534e-19
BB5_T9,30,70,-0.05994176853822505,0.03689743133857939,0.9285714285714286,3.438552740151587e-21,-0.06257702061966301,0.03271760068692476,0.9428571428571428,6.427459205227512e-25,21871.17142857143,85,70,15,True,2.0204421287795466e-20,True,5.351053386520736e-24
BB5_T9,60,70,-0.08469240495021192,0.052146014709530036,0.9285714285714286,3.482843912794732e-21,-0.0907020994398684,0.04491440765803752,0.9428571428571428,3.2082011733587333e-26,21841.17142857143,85,70,15,True,2.0357433092156865e-20,True,3.400102777286633e-25
BB5_T9,300,70,-0.1840578182962592,0.1116458409466821,0.9285714285714286,1.6331447098001267e-21,-0.20014208637452868,0.09510353671824195,0.9428571428571428,3.16161005533769e-27,21601.17142857143,85,70,15,True,1.0221947413694635e-20,True,6.540935773168693e-26
BB6_T1,1,70,-0.011942018581283706,0.006932018736559537,0.9285714285714286,1.696906176804402e-22,-0.012426014664665318,0.009094955617448759,0.9142857142857143,1.4115165725041997e-17,22795.17142857143,85,70,15,True,3.1191825066201304e-21,True,6.276434694983281e-17
BB6_T1,5,70,-0.026773162538409175,0.015713946598859944,0.9285714285714286,3.012609870589568e-22,-0.028420017255620766,0.01644849990292647,0.9428571428571428,1.4554640419165563e-22,22791.17142857143,85,70,15,True,3.3627207544386948e-21,True,9.664252489369916e-22
BB6_T1,30,70,-0.06445041972752838,0.03846749249145661,0.9285714285714286,7.149201022052232e-22,-0.06933584913433498,0.03330411412666754,0.9428571428571428,5.813688417223172e-27,22766.17142857143,85,70,15,True,5.1034069279319135e-21,True,9.25635644309035e-26
BB6_T1,60,70,-0.09028633024246263,0.053454636228910134,0.9285714285714286,4.720972758258771e-22,-0.09782521964583962,0.045634628452965585,0.9428571428571428,1.108364463279374e-27,22736.17142857143,85,70,15,True,4.056996203165502e-21,True,4.1623084319529176e-26
BB6_T1,300,70,-0.1995096304412819,0.1111476828919342,0.9285714285714286,1.95807729072666e-23,-0.21114423951668848,0.09793741990686462,0.9571428571428572,8.008480127724799e-28,22496.17142857143,85,70,15,True,1.3379154825388102e-21,True,4.1623084319529176e-26
BB6_T10,1,70,-0.009525271362737587,0.006176264212214189,0.9428571428571428,4.577851806324737e-20,-0.007845818725518351,0.007819148002814512,0.9,3.785961939415723e-12,21300.17142857143,85,70,15,True,2.0540880507599956e-19,True,1.2433933936008864e-11
BB6_T10,5,70,-0.021700470779253064,0.014040539766936535,0.9428571428571428,4.1192094432439864e-20,-0.021446607728252107,0.014936390590245695,0.9142857142857143,1.4180167610125731e-18,21296.17142857143,85,70,15,True,1.8652514582448195e-19,True,6.729736139146209e-18
BB6_T10,30,70,-0.0538852652043558,0.03453203448172879,0.9285714285714286,2.5690341984347902e-20,-0.05608316904463522,0.03006911955012986,0.9428571428571428,2.5162556179371283e-24,21271.17142857143,85,70,15,True,1.201084324166739e-19,True,1.958032243237112e-23
BB6_T10,60,70,-0.07591252345064628,0.04888080794260706,0.9285714285714286,3.2509894213076663e-20,-0.08122302793424017,0.041335629908358804,0.9428571428571428,1.4621192801405244e-25,21241.17142857143,85,70,15,True,1.4996219560237634e-19,True,1.3364079663718285e-24
BB6_T10,300,70,-0.17096522843417641,0.10468145521494014,0.9285714285714286,2.629246658552538e-21,-0.18443947342647307,0.09208216732435276,0.9571428571428572,5.0590832387553696e-26,21001.17142857143,85,70,15,True,1.563519312443893e-20,True,5.095957023294403e-25
BB6_T11,1,70,-0.009732847146483543,0.00647010753000804,0.9428571428571428,1.5412187689293513e-19,-0.008048064791322977,0.00794913044987682,0.9,2.7543874095282798e-12,21000.17142857143,85,70,15,True,6.61479608279616e-19,True,9.099459711926663e-12
BB6_T11,5,70,-0.02216952993202803,0.01462439762740142,0.9428571428571428,1.0604742924744383e-19,-0.02156777687354103,0.01484225715006783,0.9142857142857143,8.067807624754897e-19,20996.17142857143,85,70,15,True,4.620351425597963e-19,True,3.850038030874056e-18
BB6_T11,30,70,-0.05489197916074788,0.035671873589444035,0.9285714285714286,5.106830200820645e-20,-0.0568290715059101,0.030253223651405217,0.9571428571428572,1.713419113114661e-24,20971.17142857143,85,70,15,True,2.2737240133808413e-19,True,1.3515669031532314e-23
BB6_T11,60,70,-0.07702428478387478,0.05032532122879519,0.9428571428571428,6.648558657060606e-20,-0.08177061022744693,0.041515253138959755,0.9571428571428572,1.2819324568407595e-25,20941.17142857143,85,70,15,True,2.933687121346666e-19,True,1.1842450904772256e-24
BB6_T11,300,70,-0.16977846937302413,0.10765307826373033,0.9285714285714286,1.5186838051151634e-20,-0.1821713717000737,0.09189223976211056,0.9714285714285714,8.962156146434613e-26,20701.17142857143,85,70,15,True,7.538868601541508e-20,True,8.414198229872715e-25
BB6_T12,1,70,-0.00989571361682299,0.006303267597891124,0.9285714285714286,1.9031272169008418e-20,-0.007925024508189497,0.008043287035092767,0.8857142857142857,7.1660763213215646e-12,19200.17142857143,85,70,15,True,9.132367408878345e-20,True,2.333533806801697e-11
BB6_T12,5,70,-0.022577353664720953,0.014394233344847442,0.9285714285714286,1.9912832738963808e-20,-0.02110435949945188,0.015169963846491536,0.9,6.1680812858294536e-18,19196.17142857143,85,70,15,True,9.489494774223442e-20,True,2.845223076440689e-17
BB6_T12,30,70,-0.055974943592513954,0.03569883456557055,0.9285714285714286,2.0244585945769428e-20,-0.05611869554157174,0.03299601460246254,0.9428571428571428,3.301327689614854e-22,19171.17142857143,85,70,15,True,9.581512937347037e-20,True,2.1005685391564127e-21
BB6_T12,60,70,-0.07899550940118046,0.05065223621532889,0.9285714285714286,2.6413378006580245e-20,-0.0804408214488735,0.04506965949460385,0.9571428571428572,2.647192223593421e-23,19141.17142857143,85,70,15,True,1.2315549394431139e-19,True,1.9014655161154404e-22
BB6_T12,300,70,-0.17181155386649555,0.10959908834079281,0.9571428571428572,2.046323437681756e-20,-0.1770682160443952,0.09906664180689348,0.9571428571428572,2.4542140110376558e-23,18901.17142857143,85,70,15,True,9.65853480490501e-20,True,1.7739141021203141e-22
BB6_T2,1,70,-0.011784275977632598,0.00692298765706153,0.9285714285714286,3.161556643330173e-22,-0.012005674975882346,0.009062972882381741,0.9142857142857143,5.66870113254073e-17,22790.17142857143,85,70,15,True,3.424193793951645e-21,True,2.4543060667829853e-16
BB6_T2,5,70,-0.026601231536781858,0.01566701655058294,0.9285714285714286,3.6012438432781064e-22,-0.027927368007545087,0.016406674584810755,0.9428571428571428,3.161520415830095e-22,22786.17142857143,85,70,15,True,3.61795065627221e-21,True,2.022787599387589e-21
BB6_T2,30,70,-0.0641356906296921,0.03830389725901357,0.9285714285714286,7.385344868023506e-22,-0.06876890964575008,0.03321501660762425,0.9428571428571428,7.939451755332065e-27,22761.17142857143,85,70,15,True,5.207421738575758e-21,True,1.162308318018101e-25
BB6_T2,60,70,-0.09004167678573771,0.05323349202483034,0.9285714285714286,4.384998952950502e-22,-0.09732976099451558,0.045487866003865715,0.9428571428571428,1.2319959335540273e-27,22731.17142857143,85,70,15,True,3.978894323402182e-21,True,4.1623084319529176e-26
BB6_T2,300,70,-0.19927685184188976,0.11102654987405775,0.9285714285714286,1.9660939485244638e-23,-0.2107936638384265,0.09785775744104774,0.9571428571428572,8.40571654908309e-28,22491.17142857143,85,70,15,True,1.3379154825388102e-21,True,4.1623084319529176e-26
BB6_T3,1,70,-0.011388401672780865,0.006763841385975645,0.9285714285714286,5.551730170207351e-22,-0.01118624716785995,0.008848310409807334,0.9142857142857143,4.3855089940612597e-16,22770.17142857143,85,70,15,True,4.4196377276650686e-21,True,1.8233373735838328e-15
BB6_T3,5,70,-0.025818102240906873,0.01528141941007464,0.9285714285714286,4.652020338754118e-22,-0.02670496169903668,0.016039599580791025,0.9428571428571428,9.869753020073442e-22,22766.17142857143,85,70,15,True,4.056996203165502e-21,True,5.819112062176407e-21
BB6_T3,30,70,-0.06346631991992516,0.03755195421434456,0.9285714285714286,4.569857629849792e-22,-0.06720673368292307,0.032940511476851266,0.9428571428571428,1.809739438731346e-26,22741.17142857143,85,70,15,True,4.056996203165502e-21,True,2.063580779147459e-25
BB6_T3,60,70,-0.08940744113273841,0.052620092997570984,0.9285714285714286,3.4722322047602398e-22,-0.09580032156873729,0.04505664945529537,0.9428571428571428,1.764360276441462e-27,22711.17142857143,85,70,15,True,3.581063363416904e-21,True,4.214359086885259e-26
BB6_T3,300,70,-0.19842758678647224,0.11063997057928164,0.9285714285714286,2.0494715054825405e-23,-0.20955702264620113,0.09763941959381905,0.9571428571428572,1.0351514533489767e-27,22471.17142857143,85,70,15,True,1.3379154825388102e-21,True,4.1623084319529176e-26
BB6_T4,1,70,-0.0113035737508512,0.006585904863193649,0.9285714285714286,2.0594940420125876e-22,-0.01068241317410913,0.008681785084522442,0.9,1.3906872998161917e-15,22740.17142857143,85,70,15,True,3.1624675178459957e-21,True,5.58700537309877e-15
BB6_T4,5,70,-0.025695095435808477,0.014966511527583184,0.9285714285714286,2.0278805726815749e-22,-0.02590559791456052,0.01578711233474807,0.9428571428571428,2.0689079161236887e-21,22736.17142857143,85,70,15,True,3.1624675178459957e-21,True,1.1718158770831712e-20
BB6_T4,30,70,-0.06339189952147208,0.03713677938456725,0.9285714285714286,2.7336168512418985e-22,-0.0659554296883381,0.032576739772103895,0.9428571428571428,2.781444921532011e-26,22711.17142857143,85,70,15,True,3.3235728088246885e-21,True,2.9937358890632703e-25
BB6_T4,60,70,-0.08907843698732232,0.05212597542991241,0.9428571428571428,2.578733808236975e-22,-0.09434199875080362,0.04463004654764354,0.9571428571428572,2.455935158943076e-27,22681.17142857143,85,70,15,True,3.2670608572125202e-21,True,5.32286506611587e-26
BB6_T4,300,70,-0.19728542747208952,0.11035232967807837,0.9285714285714286,2.4243699560325708e-23,-0.20797123110387852,0.09754940211787048,0.9571428571428572,1.5137075070373533e-27,22441.17142857143,85,70,15,True,1.3583892098724437e-21,True,4.1623084319529176e-26
BB6_T5,1,70,-0.011260134601889786,0.006609068670304988,0.9285714285714286,3.0165916449850826e-22,-0.010363300914361462,0.008566487214294248,0.8857142857142857,2.829825475178426e-15,22710.17142857143,85,70,15,True,3.3627207544386948e-21,True,1.1263879051545462e-14
BB6_T5,5,70,-0.02562281498221979,0.015014068683675557,0.9285714285714286,2.76677433654911e-22,-0.02543342195453076,0.015557924915198647,0.9428571428571428,2.5049877207568242e-21,22706.17142857143,85,70,15,True,3.3235728088246885e-21,True,1.4049890544179914e-20
BB6_T5,30,70,-0.06307457529729037,0.036729049921446905,0.9285714285714286,2.000176608355325e-22,-0.06502672049656386,0.03221308890297947,0.9571428571428572,3.2799044386663027e-26,22681.17142857143,85,70,15,True,3.1624675178459957e-21,True,3.44439812631978e-25
BB6_T5,60,70,-0.08883534201857501,0.05172051496237344,0.9285714285714286,1.9815275412051158e-22,-0.09347135489081677,0.04450085280060365,0.9571428571428572,3.523464135342487e-27,22651.17142857143,85,70,15,True,3.1624675178459957e-21,True,7.072604848399328e-26
BB6_T5,300,70,-0.19613495935954336,0.11026764536182464,0.9285714285714286,3.1719705610883624e-23,-0.20656185379241124,0.09742940040206602,0.9571428571428572,2.0771284706479045e-27,22411.17142857143,85,70,15,True,1.44199451165267e-21,True,4.660051211745785e-26
BB6_T6,1,70,-0.01113394032605618,0.006391456392639232,0.9285714285714286,9.496952435604589e-23,-0.010100871700056946,0.00853706128364368,0.8857142857142857,7.0730893698338825e-15,22680.17142857143,85,70,15,True,2.6864733658249034e-21,True,2.7396327099524734e-14
BB6_T6,5,70,-0.025397687992848215,0.014582347816090893,0.9285714285714286,9.591606535022282e-23,-0.02511542382490075,0.015470055022585276,0.9428571428571428,3.554294699498138e-21,22676.17142857143,85,70,15,True,2.6864733658249034e-21,True,1.949220347105725e-20
BB6_T6,30,70,-0.06296249494492986,0.03652260220131418,0.9285714285714286,1.6365511805636098e-22,-0.0644983119196371,0.03229147852224995,0.9571428571428572,5.911921630703254e-26,22651.17142857143,85,70,15,True,3.1191825066201304e-21,True,5.802752623318109e-25
BB6_T6,60,70,-0.08865843103234733,0.051368425367658295,0.9285714285714286,1.5406677570542733e-22,-0.09288052283029447,0.04442502864207004,0.9571428571428572,4.579062581033855e-27,22621.17142857143,85,70,15,True,3.1191825066201304e-21,True,8.551708766201064e-26
BB6_T6,300,70,-0.19488619834131118,0.11024324703045185,0.9285714285714286,4.3915359064761654e-23,-0.20518790313129204,0.09740853975670283,0.9571428571428572,2.99588101130207e-27,22381.17142857143,85,70,15,True,1.6858618396527945e-21,True,6.35016496567402e-26
BB6_T7,1,70,-0.01076596972849703,0.006397562918280534,0.9142857142857143,5.7055725350112e-22,-0.009243008252831596,0.008381963477918544,0.8857142857142857,1.1591913652684983e-13,22500.17142857143,85,70,15,True,4.4598988933175776e-21,True,4.158884908621663e-13
BB6_T7,5,70,-0.024509158594432808,0.014563369044106647,0.9142857142857143,5.686711866647888e-22,-0.023809365564139737,0.015297495509259188,0.9428571428571428,2.917890174412265e-20,22496.17142857143,85,70,15,True,4.4598988933175776e-21,True,1.5137102931823387e-19
BB6_T7,30,70,-0.060561231881193174,0.036131767135670394,0.9285714285714286,7.004005488388659e-22,-0.06136345224326485,0.032107141587871056,0.9571428571428572,6.695517974431301e-25,22471.17142857143,85,70,15,True,5.062643492557023e-21,True,5.547485515985646e-24
BB6_T7,60,70,-0.08520334684939838,0.05145827516665263,0.9285714285714286,1.3084142813293506e-21,-0.08884712690115239,0.04474087210541286,0.9571428571428572,8.157632263444626e-26,22441.17142857143,85,70,15,True,8.465489404481097e-21,True,7.721813553479776e-25
BB6_T7,300,70,-0.18953184240402066,0.11206574843323397,0.9285714285714286,4.410756948952346e-22,-0.19938375126989746,0.09808909096000555,0.9428571428571428,2.2277220606997046e-26,22201.17142857143,85,70,15,True,3.978894323402182e-21,True,2.474848784475074e-25
BB6_T8,1,70,-0.010422912165737718,0.00655590125416114,0.9142857142857143,1.0165803005384949e-20,-0.008494012294300277,0.008274587712893598,0.8714285714285714,1.6786845929867333e-12,22200.17142857143,85,70,15,True,5.211105249793027e-20,True,5.592917327646252e-12
BB6_T8,5,70,-0.023666664941428585,0.014860078820687872,0.9142857142857143,9.315952981089537e-21,-0.02278541361808453,0.015574271832944709,0.9285714285714286,5.849062056499973e-19,22196.17142857143,85,70,15,True,4.847382161094029e-20,True,2.8036939936204316e-18
BB6_T8,30,70,-0.058551998405876396,0.036646305733485394,0.9285714285714286,7.933127465203301e-21,-0.05925164609524003,0.03272283862459999,0.9428571428571428,1.2317903296455636e-23,22171.17142857143,85,70,15,True,4.203827514152977e-20,True,9.093665788302184e-23
BB6_T8,60,70,-0.08271274949982887,0.05161848373400593,0.9285714285714286,6.863587037314261e-21,-0.08596669473338389,0.04522414951022117,0.9428571428571428,8.989199301545492e-25,22141.17142857143,85,70,15,True,3.716879814094165e-20,True,7.32492537425464e-24
BB6_T8,300,70,-0.18402842371055916,0.1088051177570091,0.9285714285714286,4.397008376414493e-22,-0.19445648470669818,0.09515507657055747,0.9428571428571428,1.6518606694388624e-26,21901.17142857143,85,70,15,True,3.978894323402182e-21,True,1.9412172152759422e-25
BB6_T9,1,70,-0.010162532294592921,0.006496874096355011,0.9428571428571428,2.2797604784389076e-20,-0.008297268814953693,0.007893940363694367,0.8857142857142857,7.076573557993977e-13,21900.17142857143,85,70,15,True,1.0701864745932644e-19,True,2.4183542673461117e-12
BB6_T9,5,70,-0.023164240374000288,0.014771765884633525,0.9428571428571428,2.0138611254860756e-20,-0.02250622340229796,0.015369131722433996,0.9428571428571428,5.59585026671782e-19,21896.17142857143,85,70,15,True,9.557541467794492e-20,True,2.6927106784832964e-18
BB6_T9,30,70,-0.057743808811736116,0.03653421548860785,0.9285714285714286,1.3622605222965745e-20,-0.05849661763983332,0.03189515011651264,0.9428571428571428,6.218111250883921e-24,21871.17142857143,85,70,15,True,6.821174064542992e-20,True,4.6501243229012874e-23
BB6_T9,60,70,-0.0816104743798244,0.051584879610809,0.9285714285714286,1.2985760689019805e-20,-0.08480218409261349,0.04376359474762571,0.9428571428571428,3.1504107316450845e-25,21841.17142857143,85,70,15,True,6.521192322756313e-20,True,2.7626063649324284e-24
BB6_T9,300,70,-0.1770407487514916,0.10990967220283411,0.9285714285714286,5.279562801244477e-21,-0.1887659292100844,0.09320221282035238,0.9428571428571428,2.7267779547710274e-26,21601.17142857143,85,70,15,True,2.946134298737336e-20,True,2.9532971265623513e-25
BB7_T1,1,70,-0.01194509303015818,0.006900910954940219,0.9285714285714286,1.3245612321449792e-22,-0.012283352331164168,0.009119770901581024,0.9142857142857143,2.6931347049480377e-17,22795.17142857143,85,70,15,True,3.1191825066201304e-21,True,1.1838143009663448e-16
BB7_T1,5,70,-0.026673609472844455,0.01570367309992147,0.9285714285714286,3.53119633496518e-22,-0.02814015257997777,0.01641885289088474,0.9428571428571428,2.2170775743274685e-22,22791.17142857143,85,70,15,True,3.594262511550308e-21,True,1.4398501915980082e-21
BB7_T1,30,70,-0.06420217348450774,0.03838790773092187,0.9285714285714286,7.835957037910131e-22,-0.0688937250301541,0.033246281603055386,0.9428571428571428,7.558944109733825e-27,22766.17142857143,85,70,15,True,5.425497307811524e-21,True,1.1208648883746938e-25
BB7_T1,60,70,-0.09001808807302643,0.05342070897323443,0.9285714285714286,5.325721894349029e-22,-0.09743609793155832,0.045657737711036456,0.9428571428571428,1.4313998811521309e-27,22736.17142857143,85,70,15,True,4.2991516693868915e-21,True,4.1623084319529176e-26
BB7_T1,300,70,-0.19936564193886552,0.11123835446519853,0.9285714285714286,2.1244479801846163e-23,-0.2109575117405841,0.09805950213375085,0.9571428571428572,9.043989910708478e-28,22496.17142857143,85,70,15,True,1.3379154825388102e-21,True,4.1623084319529176e-26
BB7_T10,1,70,-0.009086181461503761,0.006475318562306368,0.9285714285714286,4.147745148631416e-18,-0.0069267982322786335,0.007841596577865935,0.8571428571428571,2.5946906184212743e-10,21300.17142857143,85,70,15,True,1.6899126755332008e-17,True,7.761607001424679e-10
BB7_T10,5,70,-0.020698479305160816,0.014702819223497277,0.9285714285714286,3.565398348957549e-18,-0.01948069199046664,0.014762931451663495,0.9142857142857143,6.735491682259643e-17,21296.17142857143,85,70,15,True,1.4543626086951987e-17,True,2.901636379327564e-16
BB7_T10,30,70,-0.05109741050193822,0.03618176566493554,0.9428571428571428,3.0790336114130287e-18,-0.051327731438092175,0.029112594363805446,0.9428571428571428,5.053407457292514e-23,21271.17142857143,85,70,15,True,1.2589421452582266e-17,True,3.585117610871794e-22
BB7_T10,60,70,-0.071909915557928,0.05080955554438934,0.9428571428571428,2.7857780916098324e-18,-0.07494367162190878,0.03975623212494133,0.9428571428571428,1.4155156423359066e-24,21241.17142857143,85,70,15,True,1.1417394195150618e-17,True,1.1294703335497822e-23
BB7_T10,300,70,-0.16329987496404125,0.10437804667621602,0.9428571428571428,2.259288755811025e-20,-0.1721788406944881,0.08926349504015217,0.9571428571428572,4.048758990581217e-25,21001.17142857143,85,70,15,True,1.0634663012707208e-19,True,3.51468902323068e-24
BB7_T11,1,70,-0.009151646015170933,0.006549611411275981,0.9142857142857143,5.04347720104779e-18,-0.007019966037389239,0.007973487248612934,0.8571428571428571,2.875439448475331e-10,21000.17142857143,85,70,15,True,2.0524397796961266e-17,True,8.579139287117675e-10
BB7_T11,5,70,-0.02087230030486379,0.014735604872550637,0.9285714285714286,2.6805804316578044e-18,-0.019234512341796295,0.014790869547319205,0.9285714285714286,1.28418311606407e-16,20996.17142857143,85,70,15,True,1.0999293813987784e-17,True,5.491154289605646e-16
BB7_T11,30,70,-0.05153731119446339,0.03607855356050931,0.9285714285714286,1.806279583489208e-18,-0.05120979247644915,0.029294042744226447,0.9428571428571428,7.902232184294666e-23,20971.17142857143,85,70,15,True,7.456028627186636e-18,True,5.571880040150626e-22
BB7_T11,60,70,-0.07226660855620914,0.050922463085331354,0.9428571428571428,2.453183347170952e-18,-0.07416411210641907,0.040120039086962433,0.9428571428571428,4.0714620301976896e-24,20941.17142857143,85,70,15,True,1.0078178911386016e-17,True,3.112146308480756e-23
BB7_T11,300,70,-0.16013513903251786,0.10730549478226749,0.9571428571428572,2.2644038663163097e-19,-0.16561203750199932,0.09262757539401799,0.9285714285714286,2.41313044604168e-23,20701.17142857143,85,70,15,True,9.57590619109284e-19,True,1.7515474140911776e-22
BB7_T12,1,70,-0.008954544060952942,0.005925196124254785,0.9285714285714286,1.231469975759749e-19,-0.006480053563779852,0.007616906161268003,0.8142857142857143,8.13154626941462e-10,19200.17142857143,85,70,15,True,5.33843007057708e-19,True,2.3510035448391223e-09
BB7_T12,5,70,-0.020472682070783097,0.013567605719468592,0.9285714285714286,1.3269607990317788e-19,-0.017521934368618274,0.014533555710735916,0.8857142857142857,3.26197657953303e-15,19196.17142857143,85,70,15,True,5.730811950818495e-19,True,1.285077432415806e-14
BB7_T12,30,70,-0.05070243701736532,0.03418671193945599,0.9142857142857143,3.050142028453795e-19,-0.048339773336867856,0.03183955816056999,0.9142857142857143,9.850774444095767e-20,19171.17142857143,85,70,15,True,1.2867204772048672e-18,True,4.897039669690773e-19
BB7_T12,60,70,-0.07150687183092792,0.049092584426206204,0.9142857142857143,7.213082335229394e-19,-0.07034500313878035,0.04385348346871042,0.9142857142857143,6.50712487032187e-21,19141.17142857143,85,70,15,True,3.0170943666122952e-18,True,3.546075146208527e-20
BB7_T12,300,70,-0.15768699246558326,0.1070874822648924,0.9285714285714286,4.2984395713444377e-19,-0.15726376512917226,0.10080522757099965,0.9428571428571428,2.599080791538826e-20,18901.17142857143,85,70,15,True,1.802319019295514e-18,True,1.3564689025327258e-19
BB7_T2,1,70,-0.011717723951865362,0.006903419462443123,0.9285714285714286,3.6601688237640064e-22,-0.011780506287010384,0.009045803883171851,0.9142857142857143,1.2049192641413445e-16,22790.17142857143,85,70,15,True,3.654879562457989e-21,True,5.165007515643109e-16
BB7_T2,5,70,-0.02633608254868789,0.015629914315992467,0.9285714285714286,5.341877808870126e-22,-0.02743122733660671,0.016358888975975955,0.9428571428571428,6.851751540204183e-22,22786.17142857143,85,70,15,True,4.302141685232234e-21,True,4.09564041027776e-21
BB7_T2,30,70,-0.06376120181711697,0.038204952527878165,0.9285714285714286,8.732869824683917e-22,-0.06812434789832568,0.03313921257207976,0.9428571428571428,1.1854665092986276e-26,22761.17142857143,85,70,15,True,5.881494199665289e-21,True,1.55733338008622e-25
BB7_T2,60,70,-0.08965928350543982,0.05324510290600229,0.9285714285714286,5.5214079442042065e-22,-0.09676561607097256,0.04558343714363978,0.9428571428571428,1.932033188593198e-27,22731.17142857143,85,70,15,True,4.415848251672577e-21,True,4.450116444392999e-26
BB7_T2,300,70,-0.19905326671899237,0.1111803903227613,0.9285714285714286,2.245677626884693e-23,-0.21050497275110944,0.09805546251388501,0.9571428571428572,1.0198378842921198e-27,22491.17142857143,85,70,15,True,1.3379154825388102e-21,True,4.1623084319529176e-26
BB7_T3,1,70,-0.011231096829559197,0.006723514361574783,0.9142857142857143,8.341214460455847e-22,-0.01079216231130375,0.008796995587008435,0.8857142857142857,1.5754536694749755e-15,22770.17142857143,85,70,15,True,5.6507639138970495e-21,True,6.314608385192622e-15
BB7_T3,5,70,-0.025480719708329932,0.015248502271838592,0.9285714285714286,8.186505495995356e-22,-0.025943561952917072,0.01590542623565279,0.9428571428571428,2.8045573136405726e-21,22766.17142857143,85,70,15,True,5.578772482971194e-21,True,1.5628621804238996e-20
BB7_T3,30,70,-0.06299366306607451,0.03767123215859186,0.9285714285714286,7.8993471755102495e-22,-0.06614217637530939,0.03298815569157892,0.9428571428571428,4.780730502578497e-26,22741.17142857143,85,70,15,True,5.457085075976962e-21,True,4.8438193215274805e-25
BB7_T3,60,70,-0.08887428853666986,0.05296186927732769,0.9285714285714286,6.596264304710359e-22,-0.09479854814556905,0.04545899806262585,0.9428571428571428,5.2933398862791806e-27,22711.17142857143,85,70,15,True,5.0088116863240194e-21,True,9.064424920797659e-26
BB7_T3,300,70,-0.19808938790432096,0.11113489894715249,0.9285714285714286,2.841506174787489e-23,-0.20891007802738507,0.0981574597258613,0.9571428571428572,1.6682575740350027e-27,22471.17142857143,85,70,15,True,1.4128013785197473e-21,True,4.214359086885259e-26
BB7_T4,1,70,-0.011143094840356863,0.006606975918377451,0.9285714285714286,5.089366945885845e-22,-0.01020751559167509,0.008613878637425652,0.8714285714285714,6.639952387486766e-15,22740.17142857143,85,70,15,True,4.1766657477519225e-21,True,2.5805439256205598e-14
BB7_T4,5,70,-0.025349590025800523,0.015068378878076756,0.9285714285714286,5.796955103811889e-22,-0.025006990475694785,0.015687684977050795,0.9428571428571428,8.910610022788514e-21,22736.17142857143,85,70,15,True,4.5211015538758636e-21,True,4.8028327033906887e-20
BB7_T4,30,70,-0.06275170278226115,0.03771144693504395,0.9285714285714286,1.016000847367414e-21,-0.06443188783769466,0.033021011231978856,0.9428571428571428,2.1511545932158137e-25,22711.17142857143,85,70,15,True,6.7426980174870755e-21,True,1.925450549108973e-24
BB7_T4,60,70,-0.08846177686837624,0.05283899992766024,0.9285714285714286,7.434133577687446e-22,-0.09286697375359056,0.04551041901372804,0.9428571428571428,1.7939453586175504e-26,22681.17142857143,85,70,15,True,5.22051453473783e-21,True,2.0591631940277865e-25
BB7_T4,300,70,-0.19692187971179434,0.11146798499914076,0.9285714285714286,4.546147583973104e-23,-0.20699830437756958,0.09854035312327673,0.9571428571428572,3.5040240622378404e-27,22441.17142857143,85,70,15,True,1.707276076372508e-21,True,7.072604848399328e-26
BB7_T5,1,70,-0.011053265993142453,0.0066937552078154446,0.9285714285714286,1.5028767549848837e-21,-0.009849870425826565,0.008538853972109586,0.8857142857142857,1.9747203945614916e-14,22710.17142857143,85,70,15,True,9.581761371873543e-21,True,7.399847031681078e-14
BB7_T5,5,70,-0.025184264188250316,0.015256317889153628,0.9285714285714286,1.5279801990332017e-21,-0.02440735365952957,0.015662998243718976,0.9428571428571428,2.75103748702806e-20,22706.17142857143,85,70,15,True,9.704359536139175e-21,True,1.433610032832873e-19
BB7_T5,30,70,-0.06234036655948501,0.037489861848418425,0.9285714285714286,1.0521301827955008e-21,-0.06325038046254834,0.03297647976258087,0.9428571428571428,5.509887664522781e-25,22681.17142857143,85,70,15,True,6.910855098019877e-21,True,4.688832975597589e-24
BB7_T5,60,70,-0.08817904305299706,0.05277788295744644,0.9285714285714286,8.255463774984484e-22,-0.09167319276149266,0.045698355735223246,0.9428571428571428,4.647142415030095e-26,22651.17142857143,85,70,15,True,5.6036595957900575e-21,True,4.736246915613268e-25
BB7_T5,300,70,-0.1957927580308708,0.11206038832888238,0.9285714285714286,8.123816440665581e-23,-0.2056190884326918,0.09894406955236669,0.9571428571428572,6.4384239406868986e-27,22411.17142857143,85,70,15,True,2.5769542794597067e-21,True,9.88655765114366e-26
BB7_T6,1,70,-0.010939479041733416,0.006531260045303785,0.9285714285714286,7.261755216617265e-22,-0.009586921526334696,0.008525679086910232,0.8857142857142857,5.4262015112682726e-14,22680.17142857143,85,70,15,True,5.1624206323894345e-21,True,1.9965416636242684e-13
BB7_T6,5,70,-0.024975408538389737,0.014940256697110903,0.9285714285714286,8.023860270342016e-22,-0.024049354820029834,0.015647798349927168,0.9428571428571428,5.423121495303856e-20,22676.17142857143,85,70,15,True,5.511418933207091e-21,True,2.751378086090282e-19
BB7_T6,30,70,-0.06227522758505761,0.03758594441741176,0.9285714285714286,1.2648265227912687e-21,-0.06256798627033555,0.03320172262736067,0.9428571428571428,1.4401493261420422e-24,22651.17142857143,85,70,15,True,8.245237049516665e-21,True,1.1464783230001741e-23
BB7_T6,60,70,-0.0879242684077411,0.052962428291208834,0.9285714285714286,1.144421672810773e-21,-0.09077045572160207,0.0455279737473701,0.9428571428571428,6.543481004842145e-26,22621.17142857143,85,70,15,True,7.488592574926554e-21,True,6.368373766684397e-25
BB7_T6,300,70,-0.19457935576243002,0.11270955530552054,0.9285714285714286,1.5200675922939288e-22,-0.20434654923512166,0.0993618961818454,0.9571428571428572,1.157116011033796e-26,22381.17142857143,85,70,15,True,3.1191825066201304e-21,True,1.5317378613493354e-25
BB7_T7,1,70,-0.010578199400501979,0.0068432571235822115,0.9285714285714286,4.089708579561588e-20,-0.008661894200898258,0.0085161733279165,0.8857142857142857,2.337291233779188e-12,22500.17142857143,85,70,15,True,1.8577399597771446e-19,True,7.757292231226795e-12
BB7_T7,5,70,-0.024097670474844086,0.015579760255235777,0.9285714285714286,3.9687264298567365e-20,-0.022794407107035307,0.01602150448935461,0.9428571428571428,2.1803946717274482e-18,22496.17142857143,85,70,15,True,1.808964355561349e-19,True,1.0277303670966349e-17
BB7_T7,30,70,-0.05979564789580489,0.03908285661192303,0.9142857142857143,6.767638084281327e-20,-0.05983555409384359,0.03370740035428971,0.9428571428571428,3.52717810313656e-23,22471.17142857143,85,70,15,True,2.9824221404581613e-19,True,2.5178513112266143e-22
BB7_T7,60,70,-0.08445868032452539,0.05587483036543978,0.9142857142857143,1.2195211208397308e-19,-0.0878363612302942,0.04724427878301701,0.9714285714285714,2.98920603994465e-24,22441.17142857143,85,70,15,True,5.293273206659887e-19,True,2.3001574316277878e-23
BB7_T7,300,70,-0.1892690067366815,0.1175873069860158,0.9285714285714286,5.477640004385299e-21,-0.19829690915578302,0.1030960900670756,0.9571428571428572,4.728710569710311e-25,22201.17142857143,85,70,15,True,3.032892021658848e-20,True,4.0641032383953045e-24
BB7_T8,1,70,-0.01022903484356139,0.007237634769258327,0.9285714285714286,2.9724902575574214e-18,-0.007885261308173425,0.00873473132125442,0.8428571428571429,1.3119738677249524e-10,22200.17142857143,85,70,15,True,1.2168191753389682e-17,True,3.979692460921607e-10
BB7_T8,5,70,-0.023234791118620854,0.016372141786150457,0.9285714285714286,2.451865451128515e-18,-0.021477529504670082,0.016531333795947848,0.9285714285714286,1.3387013682092893e-16,22196.17142857143,85,70,15,True,1.0078178911386016e-17,True,5.717198055825827e-16
BB7_T8,30,70,-0.05749395030296196,0.040467237569872964,0.9285714285714286,2.327300607883434e-18,-0.05677761049450395,0.035635188206231024,0.9571428571428572,9.122806405869428e-21,22171.17142857143,85,70,15,True,9.583818355467539e-18,True,4.909547684155588e-20
BB7_T8,60,70,-0.08137765318932529,0.05677273965318084,0.9285714285714286,1.5374286319598188e-18,-0.08329099163706262,0.04961262470375146,0.9571428571428572,6.4474025801299e-22,22141.17142857143,85,70,15,True,6.353846798350687e-18,True,3.87404798510414e-21
BB7_T8,300,70,-0.18353345146890157,0.11507672966991869,0.9285714285714286,8.68264396643488e-21,-0.1892471657879419,0.10167372732516997,0.9571428571428572,2.8108559951149393e-24,21901.17142857143,85,70,15,True,4.5521297274707907e-20,True,2.1677472015897577e-23
BB7_T9,1,70,-0.010079568334474973,0.00721545470314634,0.9285714285714286,5.100333865986643e-18,-0.007617330509264139,0.008231777170422866,0.8714285714285714,5.92130650702165e-11,21900.17142857143,85,70,15,True,2.0731357067039826e-17,True,1.8315231854753627e-10
BB7_T9,5,70,-0.022993732466282037,0.016320187271811438,0.9285714285714286,3.4357835075825817e-18,-0.021030701907400175,0.01608039607655368,0.9428571428571428,9.997302849250576e-17,21896.17142857143,85,70,15,True,1.4031479927538795e-17,True,4.2907678688398434e-16
BB7_T9,30,70,-0.05739911351419976,0.04034450102086006,0.9285714285714286,2.181372494088183e-18,-0.05579645188211799,0.033916036460870505,0.9571428571428572,1.8168638751021308e-21,21871.17142857143,85,70,15,True,8.993606165960229e-18,True,1.0324448500785956e-20
BB7_T9,60,70,-0.08139167429152129,0.05669629936199332,0.9285714285714286,1.431532423488386e-18,-0.08143205066857101,0.04665626389917358,0.9571428571428572,8.586323383135064e-23,21841.17142857143,85,70,15,True,5.923286854074699e-18,True,5.993448133374225e-22
BB7_T9,300,70,-0.1782465495996287,0.1151036398632592,0.9428571428571428,3.7427879385502746e-20,-0.1828540039225484,0.09725511651991853,0.9571428571428572,1.6314534351778532e-24,21601.17142857143,85,70,15,True,1.7099124971471465e-19,True,1.2928145914081383e-23
BB8_T1,1,70,-0.011928719561999557,0.0069713861740818995,0.9285714285714286,2.413038556272553e-22,-0.01241234499194173,0.009069121507550862,0.9142857142857143,1.3038182838587902e-17,22795.17142857143,85,70,15,True,3.171397408042586e-21,True,5.820015724460104e-17
BB8_T1,5,70,-0.026848916120971435,0.015723000574473275,0.9285714285714286,2.6813613847183737e-22,-0.028395158826479736,0.01646891980914043,0.9428571428571428,1.625023954955488e-22,22791.17142857143,85,70,15,True,3.3194640556929945e-21,True,1.0735100887899065e-21
BB8_T1,30,70,-0.06464230143449556,0.03851618329200571,0.9285714285714286,6.549056546804157e-22,-0.0693320682335034,0.03331202756523617,0.9428571428571428,5.910249085817458e-27,22766.17142857143,85,70,15,True,4.994920611304275e-21,True,9.324160087442612e-26
BB8_T1,60,70,-0.09047621045556736,0.05344339371644088,0.9285714285714286,4.1906334949058233e-22,-0.09772966865171291,0.045552030638462526,0.9428571428571428,1.0568911170038106e-27,22736.17142857143,85,70,15,True,3.892107184112801e-21,True,4.1623084319529176e-26
BB8_T1,300,70,-0.19948504546951498,0.11095769829870841,0.9285714285714286,1.799835830744005e-23,-0.21080891052837147,0.09774660383934254,0.9571428571428572,7.845165410857452e-28,22496.17142857143,85,70,15,True,1.3379154825388102e-21,True,4.1623084319529176e-26
BB8_T10,1,70,-0.009021834305339323,0.0058214196328230895,0.9428571428571428,3.603894540176218e-20,-0.007354323117118725,0.007302922245137304,0.8857142857142857,3.331992360843615e-12,21300.17142857143,85,70,15,True,1.64919942202766e-19,True,1.0974293238050228e-11
BB8_T10,5,70,-0.02056233479544089,0.013259415628613094,0.9428571428571428,3.490516103734283e-20,-0.01992834895558367,0.013672468684063027,0.9285714285714286,6.986326405960587e-19,21296.17142857143,85,70,15,True,1.5994341032363326e-19,True,3.343179741356486e-18
BB8_T10,30,70,-0.05134918314628577,0.03268236855116882,0.9428571428571428,1.8309651604066915e-20,-0.05239410716600412,0.027547185307576223,0.9571428571428572,8.716970373678629e-25,21271.17142857143,85,70,15,True,8.913939438912347e-20,True,7.136761289350632e-24
BB8_T10,60,70,-0.07242966288226406,0.04649786123568549,0.9428571428571428,2.802246939028939e-20,-0.07512809370823435,0.03839237378276495,0.9571428571428572,1.8367122013627523e-25,21241.17142857143,85,70,15,True,1.3030636842994596e-19,True,1.656877455798514e-24
BB8_T10,300,70,-0.1626322764368046,0.10277213544416584,0.9428571428571428,1.2826177315710219e-20,-0.1733982793820299,0.09053356294756675,0.9428571428571428,5.959361663226084e-25,21001.17142857143,85,70,15,True,6.469261697193987e-20,True,4.988168584280339e-24
BB8_T11,1,70,-0.009230605900562227,0.006113435018033814,0.9428571428571428,1.287099247808602e-19,-0.007538288758443317,0.007371899899090527,0.8857142857142857,1.9287537673772956e-12,21000.17142857143,85,70,15,True,5.572591354860551e-19,True,6.413709592193028e-12
BB8_T11,5,70,-0.021013347362026615,0.013856378880441214,0.9428571428571428,1.040848269111476e-19,-0.020253323458342843,0.013585886693859085,0.9285714285714286,2.3818234364985344e-19,20996.17142857143,85,70,15,True,4.546309443464158e-19,True,1.1656090613459542e-18
BB8_T11,30,70,-0.05218009210103268,0.03377543357718318,0.9428571428571428,4.204615135584859e-20,-0.05335275253465481,0.028839099546666146,0.9571428571428572,3.902311383593614e-24,20971.17142857143,85,70,15,True,1.898947097182443e-19,True,2.989464707387126e-23
BB8_T11,60,70,-0.07327723511843344,0.04769861439353824,0.9428571428571428,5.538588090007531e-20,-0.07605268297701184,0.03986088751570575,0.9571428571428572,7.347872628781108e-25,20941.17142857143,85,70,15,True,2.4627827350033485e-19,True,6.058925998195401e-24
BB8_T11,300,70,-0.16138815565925552,0.1045069182410841,0.9428571428571428,4.2897562507818297e-20,-0.17177931539419164,0.09215191732487396,0.9571428571428572,2.5941573346063886e-24,20701.17142857143,85,70,15,True,1.9348704760380183e-19,True,2.0141154137224882e-23
BB8_T12,1,70,-0.00922395622769657,0.006401700962665937,0.9142857142857143,1.2041964697083343e-18,-0.007580714912538815,0.00757557150919084,0.8857142857142857,4.168309012861274e-12,19200.17142857143,85,70,15,True,4.994596401971543e-18,True,1.3650718141645216e-11
BB8_T12,5,70,-0.021045787221269086,0.014639230906812843,0.9142857142857143,1.3383802253550649e-18,-0.020145022416637088,0.01429184455346807,0.9142857142857143,3.3648491055393085e-18,19196.17142857143,85,70,15,True,5.544488823263488e-18,True,1.5731466386520043e-17
BB8_T12,30,70,-0.05232721265377727,0.03598334203548954,0.9142857142857143,7.790570806975084e-19,-0.052522537179946094,0.031498914051430606,0.9285714285714286,9.140254235998121e-22,19171.17142857143,85,70,15,True,3.250775620543347e-18,True,5.416737287371099e-21
BB8_T12,60,70,-0.0739345397084398,0.051086235425556584,0.9142857142857143,9.77399538964334e-19,-0.07490832018876113,0.0447863392601879,0.9428571428571428,7.808986938275093e-22,19141.17142857143,85,70,15,True,4.06367678354004e-18,True,4.643726311831402e-21
BB8_T12,300,70,-0.15970444453712923,0.11511992116223786,0.9142857142857143,7.019688506728407e-18,-0.16746975145861692,0.10154176112475599,0.9285714285714286,1.5990610357096983e-21,18901.17142857143,85,70,15,True,2.843261874647907e-17,True,9.162115884538983e-21
BB8_T2,1,70,-0.011833035739592308,0.006953514196221794,0.9285714285714286,3.206118958532194e-22,-0.012029639012281315,0.009080788770643408,0.9142857142857143,5.661080776653485e-17,22790.17142857143,85,70,15,True,3.450822741971567e-21,True,2.4543060667829853e-16
BB8_T2,5,70,-0.026825952065848067,0.015721107919731782,0.9285714285714286,2.7854628075402687e-22,-0.027988874130440138,0.01643079498787721,0.9428571428571428,3.0442032845720837e-22,22786.17142857143,85,70,15,True,3.3235728088246885e-21,True,1.9549669792186896e-21
BB8_T2,30,70,-0.06441584909309632,0.03836698533734875,0.9285714285714286,6.425148547465455e-22,-0.06875800219475584,0.03321302615418688,0.9428571428571428,7.983673919878888e-27,22761.17142857143,85,70,15,True,4.93067691780198e-21,True,1.162308318018101e-25
BB8_T2,60,70,-0.09029276279765654,0.053160672682271044,0.9285714285714286,3.53879590828723e-22,-0.0971762317555892,0.04532205832440255,0.9428571428571428,1.0947609178915668e-27,22731.17142857143,85,70,15,True,3.594262511550308e-21,True,4.1623084319529176e-26
BB8_T2,300,70,-0.19921888810201632,0.11072414155383292,0.9285714285714286,1.727531481444033e-23,-0.21027584646565176,0.09758055358293424,0.9428571428571428,8.226657577545232e-28,22491.17142857143,85,70,15,True,1.3379154825388102e-21,True,4.1623084319529176e-26
BB8_T3,1,70,-0.011503433450103196,0.006812299158943379,0.9285714285714286,4.77893225357956e-22,-0.011245532369700051,0.008874899698763004,0.9,3.9743211498377377e-16,22770.17142857143,85,70,15,True,4.056996203165502e-21,True,1.6603723788016183e-15
BB8_T3,5,70,-0.026059691679433075,0.015331698064502868,0.9285714285714286,3.407970813110069e-22,-0.026752075912224626,0.016088102069510207,0.9428571428571428,1.0524815077288899e-21,22766.17142857143,85,70,15,True,3.578887282460574e-21,True,6.1842238251757055e-21
BB8_T3,30,70,-0.06370837988989142,0.037415201728864866,0.9285714285714286,3.1095938664854913e-22,-0.06711300911479882,0.03285073300585849,0.9428571428571428,1.6795309704985945e-26,22741.17142857143,85,70,15,True,3.389163031137972e-21,True,1.960398480767785e-25
BB8_T3,60,70,-0.0896121521469986,0.05219993823100147,0.9428571428571428,2.0358358150119027e-22,-0.09543169767616481,0.04463053156731693,0.9428571428571428,1.2796575405897718e-27,22711.17142857143,85,70,15,True,3.1624675178459957e-21,True,4.1623084319529176e-26
BB8_T3,300,70,-0.19806192149627802,0.10985590654448364,0.9285714285714286,1.5493885704302428e-23,-0.20838280329617817,0.0968969101751772,0.9571428571428572,9.228041706221053e-28,22471.17142857143,85,70,15,True,1.3379154825388102e-21,True,4.1623084319529176e-26
BB8_T4,1,70,-0.01138831353861779,0.006583364845334625,0.9428571428571428,1.3684753998162384e-22,-0.010766044568487341,0.008702955399988789,0.9,1.108701839485383e-15,22740.17142857143,85,70,15,True,3.1191825066201304e-21,True,4.501251298968271e-15
BB8_T4,5,70,-0.025868045578860032,0.014892636222231215,0.9428571428571428,1.1048515387974284e-22,-0.025923427091063562,0.01567917306438304,0.9428571428571428,1.4092177420093512e-21,22736.17142857143,85,70,15,True,2.8360564012870428e-21,True,8.1555231133037e-21
BB8_T4,30,70,-0.06359848145060829,0.03652695628499747,0.9428571428571428,9.747048612126945e-23,-0.06580250322078615,0.03200070112670276,0.9428571428571428,1.1668064165922005e-26,22711.17142857143,85,70,15,True,2.6864733658249034e-21,True,1.5386702936358982e-25
BB8_T4,60,70,-0.08908434807746564,0.051287381840500974,0.9428571428571428,1.105005660819185e-22,-0.09351411705035571,0.04372857434902213,0.9428571428571428,1.2710855069048205e-27,22681.17142857143,85,70,15,True,2.8360564012870428e-21,True,4.1623084319529176e-26
BB8_T4,300,70,-0.19636426715837677,0.10878448989788447,0.9285714285714286,1.454173780307551e-23,-0.20584140666756418,0.09611634647893447,0.9571428571428572,1.1712749756637489e-27,22441.17142857143,85,70,15,True,1.3379154825388102e-21,True,4.1623084319529176e-26
BB8_T5,1,70,-0.011353249404959085,0.0065349564376844076,0.9428571428571428,1.0935523632330807e-22,-0.010467419879076343,0.008561231930404823,0.9142857142857143,1.816349360858048e-15,22710.17142857143,85,70,15,True,2.8360564012870428e-21,True,7.263295187227495e-15
BB8_T5,5,70,-0.02580255396832274,0.014782561007161892,0.9428571428571428,8.557792882799514e-23,-0.025392258372605597,0.015372430002075967,0.9428571428571428,1.4787450422301281e-21,22706.17142857143,85,70,15,True,2.6637094063128216e-21,True,8.529322405517684e-21
BB8_T5,30,70,-0.06317165339634725,0.035924971101317295,0.9428571428571428,5.805159073081949e-23,-0.06451128904549872,0.03141310659155965,0.9571428571428572,1.2540688771956398e-26,22681.17142857143,85,70,15,True,2.0677138760307355e-21,True,1.5813167776317284e-25
BB8_T5,60,70,-0.08860935045600746,0.05050207354987824,0.9428571428571428,6.516308335866331e-23,-0.09209557307367085,0.04320351478939192,0.9571428571428572,1.5254436041694407e-27,22651.17142857143,85,70,15,True,2.2513845300418177e-21,True,4.1623084319529176e-26
BB8_T5,300,70,-0.1946341747451289,0.10790692291521159,0.9285714285714286,1.5133503766934344e-23,-0.2033767417978321,0.09519235179382497,0.9571428571428572,1.341728003501116e-27,22411.17142857143,85,70,15,True,1.3379154825388102e-21,True,4.1623084319529176e-26
BB8_T6,1,70,-0.011182235216893535,0.0062627213000399145,0.9428571428571428,2.59186415847539e-23,-0.010150483421411803,0.008447069202264039,0.9142857142857143,3.7387902259241586e-15,22680.17142857143,85,70,15,True,1.3776754873126881e-21,True,1.4712437620236867e-14
BB8_T6,5,70,-0.02548674062775455,0.014233982906563684,0.9428571428571428,2.2329035704312148e-23,-0.024931766239697794,0.01511565018260014,0.9428571428571428,1.5926024153092642e-21,22676.17142857143,85,70,15,True,1.3379154825388102e-21,True,9.143403143149374e-21
BB8_T6,30,70,-0.06283209295811185,0.03536880462647885,0.9428571428571428,3.389673765259233e-23,-0.06355999647307416,0.031075497254315052,0.9571428571428572,1.5737999991501577e-26,22651.17142857143,85,70,15,True,1.512090027428074e-21,True,1.8621503414602037e-25
BB8_T6,60,70,-0.08824504025417904,0.04970447406575998,0.9428571428571428,3.501221481743731e-23,-0.09101826527255957,0.0428125204798755,0.9571428571428572,1.776013462426657e-27,22621.17142857143,85,70,15,True,1.512090027428074e-21,True,4.214359086885259e-26
BB8_T6,300,70,-0.1928246511653633,0.10717451201083744,0.9285714285714286,1.7311590694698568e-23,-0.20101292110669844,0.09443516400380324,0.9428571428571428,1.6564746888799638e-27,22381.17142857143,85,70,15,True,1.3379154825388102e-21,True,4.214359086885259e-26
BB8_T7,1,70,-0.010640062810453052,0.006001662685009604,0.9285714285714286,3.7762133231650156e-23,-0.00917446761377221,0.00807963215334342,0.9,3.69547057129843e-14,22500.17142857143,85,70,15,True,1.5719056664500156e-21,True,1.3743649971836466e-13
BB8_T7,5,70,-0.024208960226467922,0.01366725316165751,0.9285714285714286,3.953476999830207e-23,-0.022987179047941012,0.01453927323096018,0.9571428571428572,1.3409946019239054e-20,22496.17142857143,85,70,15,True,1.6261027421920672e-21,True,7.073490610148234e-20
BB8_T7,30,70,-0.05958351423268093,0.033755964876818326,0.9285714285714286,4.753728044901095e-23,-0.058687864680435596,0.029750302514022768,0.9571428571428572,1.1776173849788938e-25,22471.17142857143,85,70,15,True,1.747247914375881e-21,True,1.0937279744898058e-24
BB8_T7,60,70,-0.08352370246527967,0.048046875413734126,0.9285714285714286,1.058963742258591e-22,-0.08447870240570664,0.04122546236160249,0.9571428571428572,1.4165121819515782e-26,22441.17142857143,85,70,15,True,2.814399791925717e-21,True,1.7052437591089557e-25
BB8_T7,300,70,-0.18473590148422211,0.10574810149247063,0.9285714285714286,8.188534982984549e-23,-0.1921087736845398,0.09147875871483079,0.9428571428571428,3.561890719599083e-27,22201.17142857143,85,70,15,True,2.5769542794597067e-21,True,7.072604848399328e-26
BB8_T8,1,70,-0.010088518514443265,0.005827667298269601,0.9285714285714286,1.316704959378005e-22,-0.008368440547311534,0.007518365183887809,0.8714285714285714,8.078246119539545e-14,22200.17142857143,85,70,15,True,3.1191825066201304e-21,True,2.931758439391715e-13
BB8_T8,5,70,-0.02290415390970585,0.013261843312584683,0.9285714285714286,1.4886094058580602e-22,-0.021777168888299468,0.014310459950271633,0.9428571428571428,8.796686156301919e-20,22196.17142857143,85,70,15,True,3.1191825066201304e-21,True,4.379330067726676e-19
BB8_T8,30,70,-0.056663563407233754,0.03275492944517024,0.9285714285714286,1.36589454753144e-22,-0.05654536710302766,0.028935462681213255,0.9428571428571428,1.979562192278346e-25,22171.17142857143,85,70,15,True,3.1191825066201304e-21,True,1.7764642530705675e-24
BB8_T8,60,70,-0.07989503404138336,0.046369183472917484,0.9285714285714286,1.6822642726574674e-22,-0.08150369986073892,0.03994068484091448,0.9428571428571428,1.791321148455761e-26,22141.17142857143,85,70,15,True,3.1191825066201304e-21,True,2.0591631940277865e-25
BB8_T8,300,70,-0.17586025863997026,0.10114541186271901,0.9285714285714286,1.0492040575411388e-22,-0.18509332533519987,0.08739780012007743,0.9571428571428572,2.2086552324325102e-27,21901.17142857143,85,70,15,True,2.810077533957081e-21,True,4.923163760035047e-26
BB8_T9,1,70,-0.009574478658895885,0.005810317034977487,0.9285714285714286,1.6711651049619578e-21,-0.007915703291991462,0.00724487207108613,0.9,1.651995644084616e-13,21900.17142857143,85,70,15,True,1.0384668053315762e-20,True,5.842011208098617e-13
BB8_T9,5,70,-0.02181365457086124,0.013291255870915035,0.9285714285714286,2.0516890662309833e-21,-0.021054842190633243,0.01381617111797442,0.9428571428571428,8.209066235795535e-20,21896.17142857143,85,70,15,True,1.237100475362661e-20,True,4.0926874234738203e-19
BB8_T9,30,70,-0.05432564733774667,0.03300453656253802,0.9285714285714286,1.7686407781827652e-21,-0.054500287460735396,0.028596382688617174,0.9428571428571428,7.803880441104483e-25,21871.17142857143,85,70,15,True,1.0911881943966882e-20,True,6.40437219097767e-24
BB8_T9,60,70,-0.07655167447469273,0.04693783245143295,0.9285714285714286,2.821808263496299e-21,-0.07853304228815149,0.03947854695926235,0.9428571428571428,7.410976202336534e-26,21841.17142857143,85,70,15,True,1.6751456272130092e-20,True,7.053697735281743e-25
BB8_T9,300,70,-0.1647787643075608,0.10435640536474401,0.9285714285714286,1.4299595973136202e-20,-0.1764719452518476,0.08814592081776534,0.9571428571428572,5.193482328991634e-26,21601.17142857143,85,70,15,True,7.13946590855283e-20,True,5.20100911497568e-25
BB9_T1,1,70,0.0020827227830332515,0.01571769560343385,0.6285714285714286,0.2714336759486456,0.0047532463934269525,0.009386614833963951,0.7,6.887313791167153e-05,22795.17142857143,85,70,15,False,0.3072750165146037,True,0.00011951616850066555
BB9_T1,5,70,0.007488013779878966,0.019419119014997262,0.6285714285714286,0.0019195423669841785,0.008487919480158526,0.015709244832093145,0.7142857142857143,2.4887600970939202e-05,22791.17142857143,85,70,15,True,0.00345417649892205,True,4.6031403294751036e-05
BB9_T1,30,70,0.017536411287655554,0.03207991817993938,0.7714285714285715,2.0509724316726544e-05,0.014270629819339397,0.02459613150722982,0.7857142857142857,7.238798237510856e-06,22766.17142857143,85,70,15,True,5.131143918485895e-05,True,1.4583118315218663e-05
BB9_T1,60,70,0.021893007442222494,0.04002217263852614,0.7714285714285715,2.0275896060151956e-05,0.01668447821018026,0.03143791991002025,0.7714285714285715,3.3302855234244894e-05,22736.17142857143,85,70,15,True,5.076320354190217e-05,True,6.0686373857761665e-05
BB9_T1,300,70,0.030406546256504147,0.06457912913433682,0.6714285714285714,0.00019298224759958948,0.02564018830458662,0.05689919404838537,0.6857142857142857,0.00034059618026652683,22496.17142857143,85,70,15,True,0.0004174688624339739,True,0.0005460602333275407
BB9_T10,1,70,0.0019719697948572894,0.006780345045415375,0.5714285714285714,0.01755640634628236,0.0032691281389210557,0.007524782478456409,0.6714285714285714,0.0005312700062600884,21300.17142857143,85,70,15,True,0.026709548184238468,True,0.0008268188610939663
BB9_T10,5,70,0.004510643920260536,0.015225828549976568,0.5857142857142857,0.015639109074462948,0.00659001255086136,0.016349100205746186,0.6428571428571429,0.0012247764757050395,21296.17142857143,85,70,15,True,0.024046783200831992,True,0.0018279061440867868
BB9_T10,30,70,0.011955904183389699,0.03779773960023456,0.6142857142857143,0.010067619653217527,0.013610007142312804,0.0383341841009695,0.6285714285714286,0.004088854684907558,21271.17142857143,85,70,15,True,0.016051511722135006,True,0.005678051823294057
BB9_T10,60,70,0.016946979552011538,0.05346530450090913,0.6,0.009919953423600598,0.017114128636744125,0.055071822003664096,0.6142857142857143,0.011393774614498399,21241.17142857143,85,70,15,True,0.01583800327104439,True,0.014979258482911708
BB9_T10,300,70,0.033129062101112376,0.11937497992877562,0.6285714285714286,0.023196152666326873,0.03760523646189998,0.12043782610395294,0.6142857142857143,0.011026204224400956,21001.17142857143,85,70,15,True,0.0341673560589942,True,0.014523650627260886
BB9_T11,1,70,0.0021885427274983466,0.007045554605721363,0.6571428571428571,0.01142732562173049,0.0032749900892098697,0.00785984334221243,0.6857142857142857,0.0008566512232360626,21000.17142857143,85,70,15,True,0.018039926918416452,True,0.0013015523202641144
BB9_T11,5,70,0.004992552980713729,0.015795861463496104,0.6571428571428571,0.010123156954346403,0.006924052290114175,0.016530622242650336,0.6571428571428571,0.0008082160206223823,20996.17142857143,85,70,15,True,0.0161326140577799,True,0.0012322975954326262
BB9_T11,30,70,0.01256855521560001,0.03942214280416847,0.6571428571428571,0.009516197465181113,0.014319220347433206,0.03843572869906571,0.6285714285714286,0.002663497209371158,20971.17142857143,85,70,15,True,0.0152356173504174,True,0.0038136688182251765
BB9_T11,60,70,0.017617824522567934,0.05583263365613101,0.6857142857142857,0.010241719552245366,0.019174582253168256,0.0551853028147151,0.6285714285714286,0.004902390330854661,20941.17142857143,85,70,15,True,0.016291501405620506,True,0.006710680900595425
BB9_T11,300,70,0.036283269883672094,0.12438160711065792,0.6857142857142857,0.01723358531043922,0.04484601754152138,0.12297767588395277,0.6714285714285714,0.003235261918052185,20701.17142857143,85,70,15,True,0.026276274160444615,True,0.0045735801664772095
BB9_T12,1,70,0.002432695041676959,0.007707687102732944,0.6142857142857143,0.01022517328569064,0.0025016608127901977,0.009415184178903782,0.5857142857142857,0.02949099247366635,19200.17142857143,85,70,15,True,0.01628017221293141,True,0.03681046929064929
BB9_T12,5,70,0.005543364456536188,0.017658260940000867,0.6142857142857143,0.010619734818676719,0.005768693788688614,0.019969577563398525,0.6,0.018301728738191102,19196.17142857143,85,70,15,True,0.0168695097924267,True,0.023486644219346226
BB9_T12,30,70,0.014042677873092407,0.04381947594800197,0.6,0.009169086069171177,0.012434973184094282,0.04441165928035527,0.5571428571428572,0.02204085361058755,19171.17142857143,85,70,15,True,0.014707145946604652,True,0.02804830542341804
BB9_T12,60,70,0.020202215607436413,0.06204910064850589,0.6,0.00816284789553809,0.016661628792416436,0.06367385479991683,0.5857142857142857,0.03196033051593335,19141.17142857143,85,70,15,True,0.01319113165532465,True,0.039606507149408075
BB9_T12,300,70,0.04069815078672043,0.14021963218044914,0.6,0.01777778761986881,0.036195829467381264,0.13882674981877796,0.5714285714285714,0.03256428802647201,18901.17142857143,85,70,15,True,0.026949843058024583,True,0.04028271218455452
BB9_T2,1,70,0.003552393990672017,0.012540394694116212,0.6,0.020586117681498272,0.00566455423733977,0.009147822216160876,0.7428571428571429,2.0873740288473497e-06,22790.17142857143,85,70,15,True,0.03065734335757609,True,4.487789215723455e-06
BB9_T2,5,70,0.011144501818475365,0.023726275993649265,0.6857142857142857,0.00019928086095475362,0.011215462845798108,0.019041879765756966,0.7571428571428571,5.4859598115015855e-06,22786.17142857143,85,70,15,True,0.00042978487802663784,True,1.1235323739619429e-05
BB9_T2,30,70,0.019691272535066612,0.03703393598340329,0.7571428571428571,3.231443316687944e-05,0.01610061783492428,0.028334302760346045,0.7428571428571429,1.0525833286667544e-05,22761.17142857143,85,70,15,True,7.801982291514218e-05,True,2.0639474463925295e-05
BB9_T2,60,70,0.024210158493164276,0.04580940274627202,0.7285714285714285,3.560424249906965e-05,0.019006184827119035,0.03613334351774098,0.7,3.8383813511950405e-05,22731.17142857143,85,70,15,True,8.560379807535535e-05,True,6.910686591130207e-05
BB9_T2,300,70,0.03374779986161577,0.07205921901708824,0.6857142857142857,0.00020722178052437647,0.02858768249488813,0.0635363009499195,0.7,0.00034710646464665375,22491.17142857143,85,70,15,True,0.0004460755462378322,True,0.0005562397195520356
BB9_T3,1,70,0.004524774461293082,0.010178963109617313,0.6857142857142857,0.00040321955870819566,0.006090664269379156,0.009257296145721588,0.7857142857142857,5.903080876517231e-07,22770.17142857143,85,70,15,True,0.0008342057337346203,True,1.356962370483502e-06
BB9_T3,5,70,0.010131269629965379,0.022619373353741642,0.7,0.0003672902943778387,0.01134143182190224,0.018844212955698755,0.7571428571428571,3.6453175654989707e-06,22766.17142857143,85,70,15,True,0.0007630715376280413,True,7.600828116354221e-06
BB9_T3,30,70,0.018723187776298566,0.04343067087316283,0.6857142857142857,0.0005817251861777283,0.01644636931195342,0.03666349208058468,0.6857142857142857,0.00036050274626577515,22741.17142857143,85,70,15,True,0.0011651365323153923,True,0.0005766374946056728
BB9_T3,60,70,0.02385072529742665,0.05420790187623877,0.6571428571428571,0.00045673397887214536,0.019003117110273207,0.04611852922024404,0.6857142857142857,0.0009681872785845938,22711.17142857143,85,70,15,True,0.0009353976864275414,True,0.001463933062367515
BB9_T3,300,70,0.03441845732667876,0.08197225459619177,0.6428571428571429,0.0007865980942366474,0.02805713842370177,0.07159568149383862,0.6714285714285714,0.0016355231814637764,22471.17142857143,85,70,15,True,0.0015403676581351115,True,0.0024015013140490215
BB9_T4,1,70,0.003933000787331848,0.008987220474762853,0.6285714285714286,0.00048725186971772217,0.005735447645721037,0.008820542074600857,0.7714285714285715,7.603861134905644e-07,22740.17142857143,85,70,15,True,0.0009920183912049089,True,1.717081060202549e-06
BB9_T4,5,70,0.00881781894854828,0.019985555123373754,0.6428571428571429,0.0004416680846093332,0.010456870225968029,0.018066253327538306,0.6857142857142857,7.56230879110874e-06,22736.17142857143,85,70,15,True,0.0009072314104192902,True,1.5146537317843883e-05
BB9_T4,30,70,0.019488640154644372,0.04350158927769937,0.7,0.00036631556688268807,0.0180466379534369,0.03981763734804111,0.6571428571428571,0.0003167757341583189,22711.17142857143,85,70,15,True,0.0007615043824185844,True,0.0005100000752642087
BB9_T4,60,70,0.023041612160026474,0.05659204802609738,0.6,0.0011012031957023847,0.018308917752331712,0.052424626127741,0.6285714285714286,0.0046983399781215,22681.17142857143,85,70,15,True,0.0020939224222078917,True,0.006454379572329933
BB9_T4,300,70,0.03286828024312033,0.08780340808831069,0.6142857142857143,0.002547535795029123,0.025721638874218314,0.07725320630640412,0.6428571428571429,0.0068908093188537745,22441.17142857143,85,70,15,True,0.0044815357290354475,True,0.009256288106148773
BB9_T5,1,70,0.004098853344840505,0.008393448357922184,0.6285714285714286,0.00011677215739819143,0.005454255530744444,0.008853832554179975,0.7571428571428571,2.3135376095325143e-06,22710.17142857143,85,70,15,True,0.00026266133060595795,True,4.958605732589849e-06
BB9_T5,5,70,0.009090296960206485,0.018862570219794875,0.6571428571428571,0.00014055244551347635,0.010054816923555207,0.01824860589679104,0.7,1.7950832851650336e-05,22706.17142857143,85,70,15,True,0.0003120878529878283,True,3.402091470238723e-05
BB9_T5,30,70,0.01893716260302723,0.04490604894713168,0.6142857142857143,0.0007491411497901956,0.016363206209891696,0.04021610700234655,0.6285714285714286,0.0011090451316015332,22681.17142857143,85,70,15,True,0.0014731261653529457,True,0.0016616439417533814
BB9_T5,60,70,0.02230077673829967,0.05908261709054692,0.6142857142857143,0.0023571054282366037,0.016973192279851272,0.05417758464785491,0.7,0.010771499415186986,22651.17142857143,85,70,15,True,0.0041677580627213235,True,0.01420440094636299
BB9_T5,300,70,0.030692715762185938,0.0915387408467386,0.6142857142857143,0.006525816627402484,0.021821577567146113,0.08095237071607764,0.5857142857142857,0.027288844286265174,22411.17142857143,85,70,15,True,0.010741637183266118,True,0.03418526360008926
BB9_T6,1,70,0.003693594490827917,0.008320908322657784,0.6571428571428571,0.00041026510410797397,0.004710810540701788,0.008584692706218075,0.7428571428571429,1.9232382481513805e-05,22680.17142857143,85,70,15,True,0.0008482740482902753,True,3.6191656576051306e-05
BB9_T6,5,70,0.008304308445874773,0.018744678765571548,0.6285714285714286,0.000420216303674025,0.009092491341612958,0.01806562839685322,0.7142857142857143,7.542411991735094e-05,22676.17142857143,85,70,15,True,0.0008655688223830464,True,0.00013029516715722374
BB9_T6,30,70,0.017811434476511512,0.04502006428788805,0.6142857142857143,0.0014853508111166602,0.015284155087116218,0.040426687251882504,0.6857142857142857,0.0023207730695656136,22651.17142857143,85,70,15,True,0.0027399290189044643,True,0.003345127640946681
BB9_T6,60,70,0.02202302193665885,0.06255453855345214,0.6714285714285714,0.004392016768364673,0.01534451141703189,0.05638488103270441,0.6571428571428571,0.025898545575165733,22621.17142857143,85,70,15,True,0.007369799871151018,True,0.03257352565059978
BB9_T6,300,70,0.028484002867922274,0.0956161662392112,0.6,0.015093350618300942,0.019477996285806362,0.08392823384442065,0.5857142857142857,0.05625583689122287,22381.17142857143,85,70,15,True,0.023280145708138283,False,0.06793565762292031
BB9_T7,1,70,0.0026309440265186667,0.007957308122158613,0.6428571428571429,0.007270229028803537,0.0034207489770335356,0.008656903285173871,0.6714285714285714,0.001504064488545942,22500.17142857143,85,70,15,True,0.011865206090938225,True,0.0022131783679413247
BB9_T7,5,70,0.005905866030734491,0.018143996452515257,0.6285714285714286,0.008178627913279527,0.0058413079707102635,0.018027136245394714,0.6285714285714286,0.00845750152250856,22496.17142857143,85,70,15,True,0.013210453221309381,True,0.011286468814317139
BB9_T7,30,70,0.012938094820574007,0.04641436543799816,0.6142857142857143,0.022614411064751195,0.006783962262151357,0.03868338736603298,0.5714285714285714,0.14684800745256432,22471.17142857143,85,70,15,True,0.03337581812418427,False,0.16839026410508123
BB9_T7,60,70,0.015771928715525182,0.0668497197599995,0.5857142857142857,0.05239344365240044,0.006057517275520993,0.05454568631922886,0.5857142857142857,0.3560533661707859,22441.17142857143,85,70,15,False,0.07167690500990978,False,0.3874533480693119
BB9_T7,300,70,0.02534490996604997,0.10462856118630348,0.6,0.046559586315924356,0.013607221787456018,0.09914176907983006,0.5428571428571428,0.25480319642423166,22201.17142857143,85,70,15,False,0.06468169309268944,False,0.2830691458667911
BB9_T8,1,70,0.002370674616427231,0.0069109630714473905,0.6285714285714286,0.00544446714265416,0.00313363183078411,0.007837531412156491,0.6714285714285714,0.0013329321829487453,22200.17142857143,85,70,15,True,0.009039228245012073,True,0.001978213355707867
BB9_T8,5,70,0.0053252625151602685,0.015615712830353238,0.6428571428571429,0.005708591623002206,0.006240678217815439,0.016609316974902442,0.6857142857142857,0.0024604936999446836,22196.17142857143,85,70,15,True,0.00945049547554989,True,0.003530344197308198
BB9_T8,30,70,0.013139518177275171,0.03873058595088519,0.6285714285714286,0.005950047016553093,0.010809993823164735,0.03795906429637364,0.6428571428571429,0.01994856843516456,22171.17142857143,85,70,15,True,0.00983608250822533,True,0.02551071734981381
BB9_T8,60,70,0.01786055344042531,0.05452140538846495,0.6428571428571429,0.0077972069544520115,0.013035840201208205,0.055493340056890175,0.6142857142857143,0.05339638619155937,22141.17142857143,85,70,15,True,0.012635717648982973,False,0.06468601482883507
BB9_T8,300,70,0.02512714115799967,0.1071801403428781,0.6,0.05386246164735529,0.018687023565026804,0.11387255834302343,0.6142857142857143,0.17419852612086617,21901.17142857143,85,70,15,False,0.07349715836951522,False,0.19779820572557502
BB9_T9,1,70,0.0016603740417702351,0.006847478776319564,0.5428571428571428,0.046346766725522334,0.002778243428647882,0.007783369465159119,0.6714285714285714,0.0039045206505463133,21900.17142857143,85,70,15,False,0.06443785876727552,True,0.005443954337222563
BB9_T9,5,70,0.0037544622996536913,0.015365959097238742,0.5571428571428572,0.0447455507254757,0.005782421443492401,0.016889323774643892,0.7,0.0055298093931625885,21896.17142857143,85,70,15,False,0.062337047482467156,True,0.007512973438213426
BB9_T9,30,70,0.008991677060344162,0.038187266140527164,0.5428571428571428,0.05285068577107184,0.009535287918897937,0.03992571923617725,0.5714285714285714,0.049642176610003474,21871.17142857143,85,70,15,False,0.07225924785874682,False,0.06043471465382735
BB9_T9,60,70,0.011549619729085135,0.054180081015545827,0.5285714285714286,0.0788998493896653,0.01113764841083761,0.05665685810139831,0.5714285714285714,0.10457779574372855,21841.17142857143,85,70,15,False,0.10333563578218452,False,0.1224800963710448
BB9_T9,300,70,0.013494596975362075,0.11449070144521575,0.4857142857142857,0.32750969896772447,0.02057089692635052,0.11714757206547717,0.5142857142857142,0.1463342813004248,21601.17142857143,85,70,15,False,0.3651326266322969,False,0.16791263430520348
PB10_T1,1,70,-0.011822535548678813,0.006942883377161005,0.9285714285714286,3.101348071211167e-22,-0.01201028048287042,0.009085025669184345,0.9142857142857143,6.209192039400592e-17,22798.17142857143,85,70,15,True,3.389163031137972e-21,True,2.681594812016131e-16
PB10_T1,5,70,-0.026634686162097902,0.015716955939020456,0.9285714285714286,3.9777571013052155e-22,-0.027927503279888966,0.0164508941701044,0.9428571428571428,3.632582669846056e-22,22794.17142857143,85,70,15,True,3.8015713246908634e-21,True,2.2986397663586307e-21
PB10_T1,30,70,-0.06423273245101718,0.038429996809885236,0.9285714285714286,8.088986068304507e-22,-0.06878527444004744,0.033257727648058524,0.9428571428571428,8.421312799523824e-27,22769.17142857143,85,70,15,True,5.545128346426998e-21,True,1.197351264294437e-25
PB10_T1,60,70,-0.09002226781291006,0.05341925788074919,0.9285714285714286,5.3055871438505e-22,-0.09733765320080912,0.04559606253452727,0.9428571428571428,1.403905859648293e-27,22739.17142857143,85,70,15,True,4.292928239345077e-21,True,4.1623084319529176e-26
PB10_T1,300,70,-0.1993499786989276,0.11121395493837077,0.9285714285714286,2.1086458221904178e-23,-0.21090571461607194,0.09802759452364321,0.9571428571428572,9.00286532382782e-28,22499.17142857143,85,70,15,True,1.3379154825388102e-21,True,4.1623084319529176e-26
PB10_T10,1,70,-0.009803888788008074,0.006300154447805033,0.9285714285714286,2.9446230919118463e-20,-0.00836974224400101,0.008109298985685248,0.8571428571428571,1.3786423563867467e-12,22798.17142857143,85,70,15,True,1.3637631075811566e-19,True,4.6199896618003985e-12
PB10_T10,5,70,-0.022223790665531568,0.014322307759939507,0.9285714285714286,3.390262855307732e-20,-0.02190966412923518,0.015312142541697223,0.9571428571428572,1.6699758538350275e-18,22794.17142857143,85,70,15,True,1.5576274155702413e-19,True,7.90378982876715e-18
PB10_T10,30,70,-0.05446257730578028,0.035243354551396384,0.9428571428571428,4.1493251842324877e-20,-0.056708869236590465,0.02998667720090019,0.9571428571428572,1.1894115733593596e-24,22769.17142857143,85,70,15,True,1.8764291245449275e-19,True,9.534610176233382e-24
PB10_T10,60,70,-0.07685789731586518,0.04921114687093894,0.9428571428571428,2.461139486672265e-20,-0.08231863899900266,0.04137080417587105,0.9571428571428572,7.304889516944169e-26,22739.17142857143,85,70,15,True,1.153763490699142e-19,True,6.991244676188948e-25
PB10_T10,300,70,-0.17329755495858332,0.09935578585589884,0.9571428571428572,8.887695318134753e-23,-0.18353762897649709,0.09054135274181344,0.9714285714285714,2.5965289312969774e-26,22499.17142857143,85,70,15,True,2.6864733658249034e-21,True,2.8389264106427394e-25
PB10_T11,1,70,-0.009728298408947572,0.006058570140778728,0.9285714285714286,6.186370708507062e-21,-0.008275515956989412,0.008042188113319687,0.8714285714285714,1.5376392838502997e-12,22798.17142857143,85,70,15,True,3.3926842536336345e-20,True,5.137856601259947e-12
PB10_T11,5,70,-0.022044213858634736,0.013782268438749804,0.9428571428571428,7.521362012492322e-21,-0.02153285889043999,0.015010016859536754,0.9571428571428572,1.4795074093773718e-18,22794.17142857143,85,70,15,True,4.016430564630753e-20,True,7.011931549243922e-18
PB10_T11,30,70,-0.0539090855497187,0.03421981997540837,0.9428571428571428,1.6029103630639942e-20,-0.055720966722758745,0.028931368315276703,0.9571428571428572,4.397838110071338e-25,22769.17142857143,85,70,15,True,7.870174196594197e-20,True,3.7986326675741186e-24
PB10_T11,60,70,-0.07584463062596594,0.047931019174930596,0.9428571428571428,1.2860307694371869e-20,-0.08095290686937943,0.03935035147129258,0.9571428571428572,1.136891679899029e-26,22739.17142857143,85,70,15,True,6.477020857733937e-20,True,1.5107541361735174e-25
PB10_T11,300,70,-0.16949696211690127,0.09891261244604684,0.9571428571428572,2.236608939591916e-22,-0.17998967951672815,0.08838944751867367,0.9714285714285714,2.0153581521016773e-26,22499.17142857143,85,70,15,True,3.171397408042586e-21,True,2.253418257447021e-25
PB10_T12,1,70,-0.009574052854690391,0.006059053948509138,0.9428571428571428,1.3802665856974176e-20,-0.007927114854157227,0.008081175077862724,0.8285714285714286,8.356218536946315e-12,22798.17142857143,85,70,15,True,6.901332928487088e-20,True,2.6931655825699177e-11
PB10_T12,5,70,-0.02167089519079788,0.013766504952736064,0.9571428571428572,1.6647428452909887e-20,-0.020178064525250082,0.014784243094521619,0.9285714285714286,1.4797454701795562e-17,22794.17142857143,85,70,15,True,8.135341627270674e-20,True,6.571363238393788e-17
PB10_T12,30,70,-0.05287349208929145,0.033960431575361674,0.9571428571428572,2.8727391200369925e-20,-0.053237814000289145,0.03199976614132836,0.9571428571428572,1.0254845168270227e-21,22769.17142857143,85,70,15,True,1.3322568670775583e-19,True,6.035858612670126e-21
PB10_T12,60,70,-0.07422698113040789,0.047653473786856214,0.9571428571428572,2.807426731827583e-20,-0.07638447360382435,0.04235751995570654,0.9571428571428572,1.531098782558066e-23,22739.17142857143,85,70,15,True,1.303717655707567e-19,True,1.1255204880293868e-22
PB10_T12,300,70,-0.1640319815753873,0.09936663250892143,0.9428571428571428,1.5264719030838725e-21,-0.16668164406715882,0.09078710690891069,0.9571428571428572,5.876785477136964e-24,22499.17142857143,85,70,15,True,9.704359536139175e-21,True,4.433251926530177e-23
PB10_T2,1,70,-0.011698129266419636,0.006914131390513499,0.9285714285714286,4.322872515729384e-22,-0.011683343401015171,0.009027551809078894,0.9142857142857143,1.5860779495639594e-16,22798.17142857143,85,70,15,True,3.978894323402182e-21,True,6.740343561800098e-16
PB10_T2,5,70,-0.02635898438717102,0.015590996782232018,0.9285714285714286,4.492403055390725e-22,-0.027419461477509552,0.016381603584598864,0.9428571428571428,7.521180932252007e-22,22794.17142857143,85,70,15,True,4.0314941704870015e-21,True,4.480289676022531e-21
PB10_T2,30,70,-0.06390312261888449,0.038317007437821925,0.9285714285714286,9.054056030315093e-22,-0.068136565825476,0.033164669121190885,0.9428571428571428,1.22527952492286e-26,22769.17142857143,85,70,15,True,6.085946222711799e-21,True,1.5705852175365535e-25
PB10_T2,60,70,-0.08969812876187876,0.05329208992935898,0.9285714285714286,5.650402258700069e-22,-0.09677411355744901,0.045494820205237214,0.9428571428571428,1.721223449715452e-27,22739.17142857143,85,70,15,True,4.4598988933175776e-21,True,4.214359086885259e-26
PB10_T2,300,70,-0.19910679029885617,0.11124646043414406,0.9285714285714286,2.2847181901531055e-23,-0.2105923919714644,0.098059187324953,0.9571428571428572,9.981381511263929e-28,22499.17142857143,85,70,15,True,1.3379154825388102e-21,True,4.1623084319529176e-26
PB10_T3,1,70,-0.01143116287774278,0.0067915606115761425,0.9285714285714286,5.650267792014438e-22,-0.010973240276310794,0.008800848824377323,0.8857142857142857,7.934694627574202e-16,22798.17142857143,85,70,15,True,4.4598988933175776e-21,True,3.2481480969512874e-15
PB10_T3,5,70,-0.02594399586845417,0.015463767895818116,0.9285714285714286,6.667856791031473e-22,-0.026343026895109936,0.016111037323255827,0.9428571428571428,2.479097886641858e-21,22794.17142857143,85,70,15,True,5.0520713186433634e-21,True,1.3949972635745308e-20
PB10_T3,30,70,-0.06339117228751154,0.03807220672052902,0.9285714285714286,9.843867615246207e-22,-0.06641167992745318,0.03295637384466827,0.9428571428571428,3.6133130690985763e-26,22769.17142857143,85,70,15,True,6.5657456777366106e-21,True,3.783029289010782e-25
PB10_T3,60,70,-0.08892862189251237,0.05308271828071432,0.9285714285714286,7.18601232557265e-22,-0.09508292867137226,0.04532158767374293,0.9428571428571428,3.766811514377123e-27,22739.17142857143,85,70,15,True,5.119107749454331e-21,True,7.352730950380203e-26
PB10_T3,300,70,-0.1984412295232713,0.11145055645952376,0.9285714285714286,3.005584914844255e-23,-0.20951658610400967,0.09822585343350826,0.9571428571428572,1.4718807178586728e-27,22499.17142857143,85,70,15,True,1.44199451165267e-21,True,4.1623084319529176e-26
PB10_T4,1,70,-0.01130548179336203,0.00672942865746225,0.9285714285714286,6.2188667675853045e-22,-0.010439400785210296,0.00865572947544933,0.8714285714285714,3.211942789489824e-15,22798.17142857143,85,70,15,True,4.796023366519471e-21,True,1.2668107691423908e-14
PB10_T4,5,70,-0.025607415951203995,0.015303297766570025,0.9285714285714286,7.63013129597019e-22,-0.025372770133931147,0.01590098038152656,0.9428571428571428,8.469112484813416e-21,22794.17142857143,85,70,15,True,5.3042462027317924e-21,True,4.5791523685493514e-20
PB10_T4,30,70,-0.06266058328834126,0.03785846439197446,0.9285714285714286,1.3347966206743691e-21,-0.06474323437382748,0.03288859795759241,0.9428571428571428,1.3217339087377746e-25,22769.17142857143,85,70,15,True,8.603959560503629e-21,True,1.2145187911406943e-24
PB10_T4,60,70,-0.08800972691765986,0.05287607342267922,0.9285714285714286,1.0018441988818365e-21,-0.09331743534744277,0.045481155909565425,0.9428571428571428,1.3194689927229124e-26,22739.17142857143,85,70,15,True,6.669309647662322e-21,True,1.6339660823862588e-25
PB10_T4,300,70,-0.1976251878794286,0.1118959616146728,0.9285714285714286,4.610516689473501e-23,-0.20821977637102337,0.09850821915962293,0.9571428571428572,2.4650026355384634e-27,22499.17142857143,85,70,15,True,1.7128317378635425e-21,True,5.32286506611587e-26
PB10_T5,1,70,-0.011145947406061084,0.006730701176311969,0.9285714285714286,1.299951138401386e-21,-0.01011415159063948,0.00867443023253824,0.8714285714285714,1.2828382364625983e-14,22798.17142857143,85,70,15,True,8.458250815775496e-21,True,4.881284258786648e-14
PB10_T5,5,70,-0.025300123099501623,0.015300769530998418,0.9285714285714286,1.402601319744306e-21,-0.02483785466217428,0.015996178822852005,0.9428571428571428,3.279588312305909e-20,22794.17142857143,85,70,15,True,9.00741182103453e-21,True,1.6920883827262428e-19
PB10_T5,30,70,-0.062053624611889485,0.037804647010526535,0.9285714285714286,2.0374537676241405e-21,-0.0636387824377886,0.03305068742882521,0.9428571428571428,4.458254835114743e-25,22769.17142857143,85,70,15,True,1.2306648194303156e-20,True,3.841214577386892e-24
PB10_T5,60,70,-0.0875343647726828,0.05310116087336,0.9285714285714286,1.6402699639446964e-21,-0.09229543665999555,0.04583679786752944,0.9428571428571428,3.7739284971209004e-26,22739.17142857143,85,70,15,True,1.0241502080143427e-20,True,3.939251648807466e-25
PB10_T5,300,70,-0.19704313098414977,0.1125955373318824,0.9285714285714286,7.46964751576205e-23,-0.20742192410036953,0.09891968233894878,0.9571428571428572,3.879041692007111e-27,22499.17142857143,85,70,15,True,2.4578697301864648e-21,True,7.529263508923914e-26
PB10_T6,1,70,-0.011088396197211456,0.006723912187854907,0.9285714285714286,1.6075137120245325e-21,-0.009917542602391685,0.008628226009030517,0.8714285714285714,2.2772732405030153e-14,22798.17142857143,85,70,15,True,1.0134963275629124e-20,True,8.524354329293519e-14
PB10_T6,5,70,-0.025190377885447143,0.015322220867702492,0.9285714285714286,1.879261640585565e-21,-0.02455250486874089,0.015957662467785134,0.9428571428571428,5.139452914527655e-20,22794.17142857143,85,70,15,True,1.1471464608168068e-20,True,2.6189984984798003e-19
PB10_T6,30,70,-0.06192015847974396,0.0380785082559787,0.9285714285714286,3.275109606130017e-21,-0.06311271035727607,0.033217716523138555,0.9428571428571428,9.23204876492374e-25,22769.17142857143,85,70,15,True,1.9342741349024286e-20,True,7.505112584190947e-24
PB10_T6,60,70,-0.08738837849789888,0.053614075678286,0.9285714285714286,2.9075072680503204e-21,-0.09167438507427028,0.0459541437542781,0.9428571428571428,6.332003518917555e-26,22739.17142857143,85,70,15,True,1.7201091799852496e-20,True,6.179963886401173e-25
PB10_T6,300,70,-0.19651463484841958,0.11328822969089328,0.9285714285714286,1.184942194155205e-22,-0.20677834796769287,0.09918780743855045,0.9571428571428572,5.387041693441902e-27,22499.17142857143,85,70,15,True,2.9883031246760827e-21,True,9.064424920797659e-26
PB10_T7,1,70,-0.010964382447993921,0.006985755435864214,0.9142857142857143,1.927293363241416e-20,-0.009229583324396527,0.008512741514857022,0.8857142857142857,2.2155163466436388e-13,22798.17142857143,85,70,15,True,9.222712700829767e-20,True,7.763295109182325e-13
PB10_T7,5,70,-0.02489552694993028,0.015909173125838578,0.9142857142857143,2.2344559669633194e-20,-0.023753133328300795,0.01611853124142471,0.9428571428571428,4.141512974025204e-19,22794.17142857143,85,70,15,True,1.0532121917951253e-19,True,2.015341876796772e-18
PB10_T7,30,70,-0.061351415013267616,0.03968479369397676,0.9285714285714286,4.065920520555643e-20,-0.061816002522547084,0.03391422084038539,0.9571428571428572,8.658310104219161e-24,22769.17142857143,85,70,15,True,1.8508241631778323e-19,True,6.433217507543484e-23
PB10_T7,60,70,-0.086468510719171,0.05583860715943582,0.9285714285714286,3.7464652976567e-20,-0.09002181775733624,0.04756160950473843,0.9571428571428572,1.135831809362385e-24,22739.17142857143,85,70,15,True,1.7099124971471465e-19,True,9.126276514760559e-24
PB10_T7,300,70,-0.19190883181493854,0.11415474658048748,0.9285714285714286,6.008976137006389e-22,-0.20165699944547574,0.10028452861065161,0.9428571428571428,4.068695831004904e-26,22499.17142857143,85,70,15,True,4.665396079406084e-21,True,4.196222118245356e-25
PB10_T8,1,70,-0.01051457534794608,0.0069858491167380105,0.9142857142857143,1.4998829382165313e-19,-0.008767638638676788,0.008512437715487398,0.8714285714285714,1.486234828601938e-12,22798.17142857143,85,70,15,True,6.453419117731152e-19,True,4.9757183457555186e-12
PB10_T8,5,70,-0.023849649459837242,0.01586781593239744,0.9142857142857143,1.6048694184523336e-19,-0.023007494631561366,0.01620303069738397,0.9428571428571428,2.3895160753099084e-18,22794.17142857143,85,70,15,True,6.862405743505956e-19,True,1.1247654005716259e-17
PB10_T8,30,70,-0.058755170374717634,0.03929877842935217,0.9285714285714286,2.0716632977924882e-19,-0.059485522176216804,0.03422552117799708,0.9571428571428572,1.0696428895315738e-22,22769.17142857143,85,70,15,True,8.803931972783576e-19,True,7.406044455574323e-22
PB10_T8,60,70,-0.08278731269633512,0.05511511919339706,0.9285714285714286,1.6541470347503897e-19,-0.08640066233870827,0.04742098380076278,0.9571428571428572,8.84408121067308e-24,22739.17142857143,85,70,15,True,7.055651858101971e-19,True,6.557146047827359e-23
PB10_T8,300,70,-0.18553135110512567,0.11149911697492322,0.9285714285714286,1.016771538961148e-21,-0.19364737466222967,0.09900214873439357,0.9571428571428572,1.8815965674599478e-25,22499.17142857143,85,70,15,True,6.7426980174870755e-21,True,1.6929469116078438e-24
PB10_T9,1,70,-0.010414231419515757,0.006794706095437102,0.9285714285714286,6.203717194278621e-20,-0.008585192928611643,0.008164512350762933,0.8714285714285714,6.970006718737988e-13,22798.17142857143,85,70,15,True,2.7444101032308116e-19,True,2.3866574046818378e-12
PB10_T9,5,70,-0.02360971963629449,0.015401989695439936,0.9285714285714286,6.163721840564106e-20,-0.022548658537262855,0.015582780540141748,0.9571428571428572,9.846230944926773e-19,22794.17142857143,85,70,15,True,2.7302126870703825e-19,True,4.692238333065104e-18
PB10_T9,30,70,-0.05799591553990331,0.03794693472365749,0.9428571428571428,7.128881218019488e-20,-0.05847811766679615,0.03199371434735368,0.9571428571428572,7.460327052248831e-24,22769.17142857143,85,70,15,True,3.1376158736633547e-19,True,5.55504956153442e-23
PB10_T9,60,70,-0.08168827367975458,0.05303568760886295,0.9428571428571428,4.8767062095420895e-20,-0.08478352248988301,0.04409928651071126,0.9571428571428572,4.845549954266941e-25,22739.17142857143,85,70,15,True,2.1768759630449507e-19,True,4.15418736774002e-24
PB10_T9,300,70,-0.18124748686811676,0.10624070017907215,0.9428571428571428,2.8158297615886213e-22,-0.1900474488026564,0.0944869686641902,0.9714285714285714,4.011337178658504e-26,22499.17142857143,85,70,15,True,3.3431930674531567e-21,True,4.149452081516506e-25
PB11_T1,1,70,-0.011870467314459723,0.006930259805771122,0.9285714285714286,2.2885012297068888e-22,-0.012108968738715057,0.009107908928707395,0.9142857142857143,4.8236187528137785e-17,22798.17142857143,85,70,15,True,3.171397408042586e-21,True,2.1015892548514003e-16
PB11_T1,5,70,-0.026790328409373,0.01571179832988954,0.9285714285714286,2.8937454658700713e-22,-0.02811903942080241,0.0164800141485726,0.9428571428571428,2.795144287025091e-22,22794.17142857143,85,70,15,True,3.351739356052051e-21,True,1.7983656446315997e-21
PB11_T1,30,70,-0.06452817721120434,0.038511591034880895,0.9285714285714286,7.127216271811454e-22,-0.06907796547487165,0.033295993531564545,0.9428571428571428,7.074374702479735e-27,22769.17142857143,85,70,15,True,5.1034069279319135e-21,True,1.0626941129159775e-25
PB11_T1,60,70,-0.09032684583948301,0.05343532185123996,0.9285714285714286,4.527937864172589e-22,-0.09753745029157376,0.045518559509884156,0.9428571428571428,1.1338726599683561e-27,22739.17142857143,85,70,15,True,4.052856300703703e-21,True,4.1623084319529176e-26
PB11_T1,300,70,-0.19940620229452652,0.11100595761838998,0.9285714285714286,1.8809339312116176e-23,-0.21077039965507968,0.09780072234756336,0.9571428571428572,8.18196195298522e-28,22499.17142857143,85,70,15,True,1.3379154825388102e-21,True,4.1623084319529176e-26
PB11_T10,1,70,-0.009492953704982918,0.00589368953729018,0.9285714285714286,5.293769343122457e-21,-0.008389935126096587,0.007472407490594056,0.8714285714285714,5.754892256978221e-14,22798.17142857143,85,70,15,True,2.946134298737336e-20,True,2.1129811634282416e-13
PB11_T10,5,70,-0.021541142518309853,0.013363401117215951,0.9285714285714286,5.090849914802649e-21,-0.021892363710567707,0.013874364307736847,0.9428571428571428,1.4803530858726064e-20,22794.17142857143,85,70,15,True,2.859981537502952e-20,True,7.772978589194308e-20
PB11_T10,30,70,-0.05313568579083759,0.03298872650079463,0.9285714285714286,5.289707568371557e-21,-0.05594148381293367,0.02733650172677579,0.9571428571428572,1.528718117236525e-26,22769.17142857143,85,70,15,True,2.946134298737336e-20,True,1.8212831362248943e-25
PB11_T10,60,70,-0.07481548702558594,0.04638640095760922,0.9285714285714286,4.94608558163508e-21,-0.07977405569104981,0.038300161701186754,0.9571428571428572,5.6638169121483654e-27,22739.17142857143,85,70,15,True,2.787720340056966e-20,True,9.230418599751228e-26
PB11_T10,300,70,-0.1681797503226952,0.09808302013773544,0.9428571428571428,2.1656785735110713e-22,-0.1807278399294703,0.08619968592507686,0.9714285714285714,3.905681274165523e-27,22499.17142857143,85,70,15,True,3.171397408042586e-21,True,7.53861944259323e-26
PB11_T11,1,70,-0.009417282333605942,0.005902094545029728,0.9428571428571428,8.493093004771517e-21,-0.008425077047598558,0.007465889446832476,0.8714285714285714,4.720268361807721e-14,22798.17142857143,85,70,15,True,4.4663068997694964e-20,True,1.7460949882275883e-13
PB11_T11,5,70,-0.021371961599884484,0.013404526854579529,0.9285714285714286,8.818451336412292e-21,-0.021838653487807818,0.013780779522628728,0.9428571428571428,1.1944949292457368e-20,22794.17142857143,85,70,15,True,4.616325661712798e-20,True,6.358983020869062e-20
PB11_T11,30,70,-0.05278716354622342,0.03307607652560317,0.9285714285714286,8.400772026315757e-21,-0.05575247827722396,0.027484304991901774,0.9571428571428572,2.4978610982105093e-26,22769.17142857143,85,70,15,True,4.424491974225753e-20,True,2.739717490259463e-25
PB11_T11,60,70,-0.0743597609325423,0.046664369066152296,0.9428571428571428,9.065742061605449e-21,-0.07956148464724054,0.038040486836191316,0.9571428571428572,4.484829493933134e-27,22739.17142857143,85,70,15,True,4.738598914197705e-20,True,8.46726005548578e-26
PB11_T11,300,70,-0.16735219554516942,0.09864016417342791,0.9571428571428572,3.7488842975990638e-22,-0.18096189738103263,0.08569984918843629,0.9571428571428572,2.611557996334175e-27,22499.17142857143,85,70,15,True,3.700684356629933e-21,True,5.604306134990419e-26
PB11_T12,1,70,-0.00918078673784318,0.006146178108084451,0.9571428571428572,2.163781565276038e-19,-0.008204770885956255,0.007581877813788993,0.8571428571428571,2.3806274326880143e-13,22798.17142857143,85,70,15,True,9.184109715022988e-19,True,8.324967388600293e-13
PB11_T12,5,70,-0.020835523064303377,0.01394917142523685,0.9571428571428572,2.1682872446586995e-19,-0.02087750490064919,0.01416532276379648,0.9571428571428572,4.115778965487348e-19,22794.17142857143,85,70,15,True,9.191941632264793e-19,True,2.0056440515879815e-18
PB11_T12,30,70,-0.05147899605346437,0.0342888410275133,0.9571428571428572,1.6943264597487958e-19,-0.053158318561227706,0.0304569444826622,0.9714285714285714,8.586850437106343e-23,22769.17142857143,85,70,15,True,7.218123203985314e-19,True,5.993448133374225e-22
PB11_T12,60,70,-0.07245255485738789,0.04790669796041783,0.9571428571428572,1.1886759487699797e-19,-0.07556179127435692,0.040840232415866935,0.9714285714285714,3.883553172523013e-24,22739.17142857143,85,70,15,True,5.165972478109018e-19,True,2.9817058246815576e-23
PB11_T12,300,70,-0.16109961307789153,0.1005630726572856,0.9571428571428572,6.952281644891734e-21,-0.1686907051674777,0.09060362708548594,0.9714285714285714,2.767582858369456e-24,22499.17142857143,85,70,15,True,3.746280937667443e-20,True,2.1391496142430582e-23
PB11_T2,1,70,-0.01185415813265235,0.006947225910385608,0.9285714285714286,2.789684846770361e-22,-0.011884536329254583,0.00905954357446503,0.9142857142857143,8.742282977863936e-17,22798.17142857143,85,70,15,True,3.3235728088246885e-21,True,3.7567895134975e-16
PB11_T2,5,70,-0.026747050383246034,0.015682514097268164,0.9285714285714286,2.8567020139490963e-22,-0.027827695691369836,0.016422370969454696,0.9428571428571428,3.995648107540366e-22,22794.17142857143,85,70,15,True,3.346731054896646e-21,True,2.505438150916872e-21
PB11_T2,30,70,-0.06440315050429772,0.038455765974335046,0.9285714285714286,7.308246522111613e-22,-0.06861133050447826,0.03321028213924607,0.9428571428571428,8.961019741259293e-27,22769.17142857143,85,70,15,True,5.184803230779389e-21,True,1.2484001292762442e-25
PB11_T2,60,70,-0.09016137916913143,0.05325357834291263,0.9285714285714286,4.1750428288909976e-22,-0.09708369956069156,0.04529549535957788,0.9428571428571428,1.1178587880357227e-27,22739.17142857143,85,70,15,True,3.892107184112801e-21,True,4.1623084319529176e-26
PB11_T2,300,70,-0.19918860031337687,0.11084930190716545,0.9285714285714286,1.8492144503731556e-23,-0.21034759124870717,0.09765552028499144,0.9428571428571428,8.429556141245787e-28,22499.17142857143,85,70,15,True,1.3379154825388102e-21,True,4.1623084319529176e-26
PB11_T3,1,70,-0.011642792269214837,0.00689049599541724,0.9285714285714286,4.626671444768833e-22,-0.011333465788749511,0.008891234351869075,0.8857142857142857,3.073252879559892e-16,22798.17142857143,85,70,15,True,4.056996203165502e-21,True,1.299643659593565e-15
PB11_T3,5,70,-0.026351356511273277,0.015602380472258051,0.9285714285714286,4.734721638551334e-22,-0.026948841228374844,0.01625470701329999,0.9428571428571428,1.2251698045975557e-21,22794.17142857143,85,70,15,True,4.056996203165502e-21,True,7.126198105866254e-21
PB11_T3,30,70,-0.06400226896729645,0.037940084083524415,0.9285714285714286,5.032971804685798e-22,-0.06724012470433367,0.032794987972293015,0.9428571428571428,1.373410703474367e-26,22769.17142857143,85,70,15,True,4.14021847266415e-21,True,1.6767257881639356e-25
PB11_T3,60,70,-0.08950691907426819,0.052551705296763535,0.9428571428571428,3.0649695022589836e-22,-0.0956187633408531,0.04466513192386118,0.9428571428571428,1.1962687432883939e-27,22739.17142857143,85,70,15,True,3.3765143171409377e-21,True,4.1623084319529176e-26
PB11_T3,300,70,-0.19826348194871002,0.1102496584243084,0.9285714285714286,1.7752312825239214e-23,-0.20885405649470226,0.09704775827425964,0.9428571428571428,8.865062090204422e-28,22499.17142857143,85,70,15,True,1.3379154825388102e-21,True,4.1623084319529176e-26
PB11_T4,1,70,-0.011533658731629768,0.006766224348292402,0.9428571428571428,2.9394414613133765e-22,-0.010935948056109566,0.008690248782864006,0.8857142857142857,5.345043437750335e-16,22798.17142857143,85,70,15,True,3.351739356052051e-21,True,2.214283582425349e-15
PB11_T4,5,70,-0.02609156741445091,0.015259895070583267,0.9428571428571428,2.508834600261539e-22,-0.026145099857901536,0.01579613331575691,0.9428571428571428,1.3335314969665657e-21,22794.17142857143,85,70,15,True,3.2343371432476187e-21,True,7.730455238287726e-21
PB11_T4,30,70,-0.06337107996120801,0.03702389349581847,0.9428571428571428,2.374634503774441e-22,-0.06584356614616736,0.032053784069110136,0.9428571428571428,1.2364980507033887e-26,22769.17142857143,85,70,15,True,3.171397408042586e-21,True,1.5705852175365535e-25
PB11_T4,60,70,-0.08863427053788958,0.05174004297114942,0.9428571428571428,2.2730796780259666e-22,-0.09394864527496918,0.04403875287315539,0.9571428571428572,1.459801379170035e-27,22739.17142857143,85,70,15,True,3.171397408042586e-21,True,4.1623084319529176e-26
PB11_T4,300,70,-0.19696154779557185,0.10946898890701996,0.9285714285714286,1.7270769005757905e-23,-0.20673261437392462,0.09614471090713383,0.9428571428571428,9.311262112389944e-28,22499.17142857143,85,70,15,True,1.3379154825388102e-21,True,4.1623084319529176e-26
PB11_T5,1,70,-0.011398665172221219,0.006684667079366894,0.9428571428571428,2.8861409423186344e-22,-0.010603988711322454,0.008608538469550918,0.8857142857142857,1.3274000137258721e-15,22798.17142857143,85,70,15,True,3.351739356052051e-21,True,5.357671784372533e-15
PB11_T5,5,70,-0.025816482328514617,0.015084612477939364,0.9428571428571428,2.3877485557457217e-22,-0.025577500287680695,0.01564677681971942,0.9428571428571428,2.510814461493476e-21,22794.17142857143,85,70,15,True,3.171397408042586e-21,True,1.4059747106093938e-20
PB11_T5,30,70,-0.0628499087847748,0.036616958002139086,0.9428571428571428,2.0540648641834125e-22,-0.06479450056904286,0.031744309717370994,0.9571428571428572,1.7660006143171314e-26,22769.17142857143,85,70,15,True,3.1624675178459957e-21,True,2.0406461948045782e-25
PB11_T5,60,70,-0.08796739636115379,0.0512055391295472,0.9285714285714286,1.9622150240963038e-22,-0.09275722985337141,0.04382229678865201,0.9571428571428572,2.2782941973440152e-27,22739.17142857143,85,70,15,True,3.1624675178459957e-21,True,5.045837469117675e-26
PB11_T5,300,70,-0.1957883431292034,0.10893609438041531,0.9285714285714286,1.8304317811982187e-23,-0.20487054384493467,0.0954168229857927,0.9428571428571428,1.011305028426323e-27,22499.17142857143,85,70,15,True,1.3379154825388102e-21,True,4.1623084319529176e-26
PB11_T6,1,70,-0.01132846509223208,0.006563967308944398,0.9428571428571428,1.5442058299673034e-22,-0.0104016424102603,0.00853096425367955,0.9,2.0393004869479123e-15,22798.17142857143,85,70,15,True,3.1191825066201304e-21,True,8.13600829377025e-15
PB11_T6,5,70,-0.025656195613902047,0.014811478427404871,0.9285714285714286,1.2760334228832836e-22,-0.02529044231838041,0.015479032201052883,0.9571428571428572,2.5762581188110296e-21,22794.17142857143,85,70,15,True,3.1191825066201304e-21,True,1.4402866991087552e-20
PB11_T6,30,70,-0.062462386663217934,0.036203658089070674,0.9285714285714286,1.5700745074983305e-22,-0.06409699810148377,0.031442341763764085,0.9571428571428572,1.8955864682281602e-26,22769.17142857143,85,70,15,True,3.1191825066201304e-21,True,2.1402781855321222e-25
PB11_T6,60,70,-0.08763381502643143,0.05093559394400094,0.9285714285714286,1.8163021685556613e-22,-0.09193417661256587,0.04371885539863057,0.9571428571428572,3.302092776777903e-27,22739.17142857143,85,70,15,True,3.1258946082149716e-21,True,6.750728132406897e-26
PB11_T6,300,70,-0.19461136422861522,0.10845714914450473,0.9285714285714286,1.995128456392879e-23,-0.20318799228987705,0.09464802628474808,0.9428571428571428,1.020385601113474e-27,22499.17142857143,85,70,15,True,1.3379154825388102e-21,True,4.1623084319529176e-26
PB11_T7,1,70,-0.010990427115268491,0.0064020963519742175,0.9285714285714286,2.0369450666441488e-22,-0.009676774718770606,0.008110518279342546,0.8857142857142857,5.019201351795269e-15,22798.17142857143,85,70,15,True,3.1624675178459957e-21,True,1.9572619266876583e-14
PB11_T7,5,70,-0.024901108749667205,0.014462333660114802,0.9285714285714286,1.7459252480393212e-22,-0.02392282608804043,0.01482959438268075,0.9571428571428572,4.899111988485098e-21,22794.17142857143,85,70,15,True,3.1191825066201304e-21,True,2.674001883130492e-20
PB11_T7,30,70,-0.060891070278914876,0.03543416459319531,0.9285714285714286,1.9327093152364447e-22,-0.06122353696594884,0.0305271025175015,0.9571428571428572,4.7124307360550774e-26,22769.17142857143,85,70,15,True,3.1624675178459957e-21,True,4.788661233255968e-25
PB11_T7,60,70,-0.0854791917664655,0.04978536691689977,0.9285714285714286,2.0208473852222675e-22,-0.08800032592738616,0.04241207866926648,0.9571428571428572,7.031235859835855e-27,22739.17142857143,85,70,15,True,3.1624675178459957e-21,True,1.060826196320213e-25
PB11_T7,300,70,-0.1868155864006472,0.10474363895031623,0.9285714285714286,2.7480069063417595e-23,-0.19488648496314914,0.09075844639954145,0.9428571428571428,1.0059947683308277e-27,22499.17142857143,85,70,15,True,1.4035283438106695e-21,True,4.1623084319529176e-26
PB11_T8,1,70,-0.010377189891931423,0.006041962789123297,0.9285714285714286,1.9865648172971924e-22,-0.008997591367571323,0.007617366592195826,0.8857142857142857,7.575223746894705e-15,22798.17142857143,85,70,15,True,3.1624675178459957e-21,True,2.930839646754894e-14
PB11_T8,5,70,-0.023528807445423763,0.01369791682837771,0.9285714285714286,1.976211688160512e-22,-0.022877231820357658,0.014378960619387473,0.9428571428571428,9.799449183464294e-21,22794.17142857143,85,70,15,True,3.1624675178459957e-21,True,5.257313187712599e-20
PB11_T8,30,70,-0.05761761853825206,0.03359632292792526,0.9285714285714286,2.1441205690439083e-22,-0.05853669232312164,0.029094009047363235,0.9428571428571428,3.9427753881276123e-26,22769.17142857143,85,70,15,True,3.171397408042586e-21,True,4.0907774672615315e-25
PB11_T8,60,70,-0.08078342125401568,0.04723704759188979,0.9285714285714286,2.481763982766937e-22,-0.08373608623485937,0.04014199355364984,0.9428571428571428,5.203394328086322e-27,22739.17142857143,85,70,15,True,3.211421183692797e-21,True,9.064424920797659e-26
PB11_T8,300,70,-0.1773568703603968,0.10098087481381494,0.9285714285714286,6.179779720606415e-23,-0.1889665836654101,0.09004725951749143,0.9571428571428572,3.709818880755961e-27,22499.17142857143,85,70,15,True,2.156680700474259e-21,True,7.282627405120366e-26
PB11_T9,1,70,-0.009855833082674483,0.005961102055189452,0.9285714285714286,1.4096277100773078e-21,-0.008703227844192031,0.007474881212269274,0.8857142857142857,1.3580003870512886e-14,22798.17142857143,85,70,15,True,9.035739774243226e-21,True,5.161596630651487e-14
PB11_T9,5,70,-0.022352469213614883,0.013523649891344846,0.9285714285714286,1.4321700524806408e-21,-0.02248764663312552,0.014166616473435548,0.9428571428571428,1.0990231536920547e-20,22794.17142857143,85,70,15,True,9.16323616911225e-21,True,5.859760796305631e-20
PB11_T9,30,70,-0.05485850477167965,0.033252963724587206,0.9285714285714286,1.5763707630589574e-21,-0.05750103142213247,0.028843042953895136,0.9428571428571428,6.569979215109123e-26,22769.17142857143,85,70,15,True,9.975020121554392e-21,True,6.3762017382589945e-25
PB11_T9,60,70,-0.07717447763530749,0.046863342532516256,0.9285714285714286,1.7258467283851522e-21,-0.08235505112944667,0.03999963492137674,0.9428571428571428,1.0865332711068498e-26,22739.17142857143,85,70,15,True,1.0666905986709662e-20,True,1.460689669912127e-25
PB11_T9,300,70,-0.17227786267996553,0.0989957961163894,0.9285714285714286,1.0009380604090311e-22,-0.18544318961283962,0.08723164783699988,0.9571428571428572,1.780886907916781e-27,22499.17142857143,85,70,15,True,2.71109234316093e-21,True,4.214359086885259e-26
PB12_T1,1,70,-0.015086186123395231,0.017343534952498088,0.8428571428571429,4.1659320739196946e-10,-0.026528666213786852,0.0159838189341601,0.9285714285714286,1.1587782763769802e-21,22794.17142857143,85,70,15,True,1.4747228806754658e-09,True,6.751397883444294e-21
PB12_T1,5,70,-0.015234652644303157,0.02516772808155626,0.6714285714285714,3.262479504058956e-06,-0.024866936423239075,0.02398287549774473,0.8,1.1667795832498099e-12,22790.17142857143,85,70,15,True,9.05873542352294e-06,True,3.921435986541761e-12
PB12_T1,30,70,-0.01228716384614578,0.02125256879621438,0.7285714285714285,7.719990814624586e-06,-0.015051837334210887,0.02035585324515459,0.8,3.824904486856823e-08,22765.17142857143,85,70,15,True,2.0564817474592415e-05,True,9.79618400651971e-08
PB12_T1,60,70,-0.01033627492410001,0.025096102483465353,0.6857142857142857,0.0009728406648384455,-0.011931749120531361,0.01827806683361039,0.8,6.991917293534339e-07,22735.17142857143,85,70,15,True,0.0018766970949296738,True,1.5871969583428036e-06
PB12_T1,300,70,-0.007856673148996855,0.021853040221076616,0.6285714285714286,0.0036680594175290673,-0.007389716093496712,0.017066980972929423,0.7,0.0005528455474118037,22495.17142857143,85,70,15,True,0.0062614354187596165,True,0.0008576925758005306
PB12_T10,1,70,-0.004540412341618288,0.00809683222386394,0.7285714285714285,1.3277150331427792e-05,-0.005524835278041794,0.00956790871455513,0.7857142857142857,7.895343832376507e-06,21299.17142857143,85,70,15,True,3.425881582904238e-05,True,1.5749668101469836e-05
PB12_T10,5,70,-0.008930058796025202,0.01806960947177818,0.6857142857142857,9.846983622309681e-05,-0.009144070086094514,0.017546305897881108,0.7571428571428571,4.4413859415671315e-05,21295.17142857143,85,70,15,True,0.0002230906781317065,True,7.837073891257327e-05
PB12_T10,30,70,-0.018188739686023067,0.04412796940540008,0.6285714285714286,0.0009648172326463842,-0.01765669213645634,0.04058961065921373,0.6714285714285714,0.0005232788132626122,21270.17142857143,85,70,15,True,0.0018680814582698818,True,0.000815116660978749
PB12_T10,60,70,-0.024255778347724802,0.0624016383283103,0.6285714285714286,0.001773886204613044,-0.02394797417277557,0.057186231839679635,0.6714285714285714,0.0008101662822056462,21240.17142857143,85,70,15,True,0.0032172056886817504,True,0.001233094732366304
PB12_T10,300,70,-0.04890642594675008,0.13140922962463644,0.6285714285714286,0.0026888012738709942,-0.04104073025526306,0.11664095290217363,0.6571428571428571,0.00441375292489568,21000.17142857143,85,70,15,True,0.004703700456316841,True,0.0060876317618324466
PB12_T11,1,70,-0.004163395831516168,0.008675825383421201,0.7,0.00014903382934777572,-0.005312541244733218,0.00978166416907634,0.7428571428571429,2.2851492857729247e-05,20999.17142857143,85,70,15,True,0.0003290171759723028,True,4.2561675376525364e-05
PB12_T11,5,70,-0.008034839428237276,0.01913672857299633,0.6714285714285714,0.0007869027255015944,-0.009079529389919598,0.018443685651019663,0.7571428571428571,0.0001041327198323579,20995.17142857143,85,70,15,True,0.0015403676581351115,True,0.00017714369697066073
PB12_T11,30,70,-0.016743445984291172,0.045909734411366636,0.6142857142857143,0.003232435462575806,-0.017580399590875373,0.042856325023549774,0.7142857142857143,0.0010160761622561474,20970.17142857143,85,70,15,True,0.005567330270788214,True,0.0015323198977752457
PB12_T11,60,70,-0.023745256722000382,0.06438909641685941,0.6571428571428571,0.0029242265018955115,-0.024199135555769188,0.059172978979395496,0.7,0.0010503330947305082,20940.17142857143,85,70,15,True,0.005082093845095877,True,0.0015791569977173616
PB12_T11,300,70,-0.05299493006555031,0.12991540339631194,0.6571428571428571,0.0010793151772843942,-0.047558045781278944,0.12026712637302003,0.6857142857142857,0.0014928847402819626,20700.17142857143,85,70,15,True,0.00205569676820189,True,0.002197663902692492
PB12_T12,1,70,-0.005148549055087009,0.0077196999001378445,0.8,4.3836365428096547e-07,-0.005058110183724569,0.00955953668656083,0.7714285714285715,3.49457197435238e-05,19199.17142857143,85,70,15,True,1.322747969904655e-06,True,6.312656013106266e-05
PB12_T12,5,70,-0.010812324563909176,0.01753068589032807,0.8142857142857143,2.25959760166919e-06,-0.01117235367800353,0.018755588900951404,0.8142857142857143,4.437023540982194e-06,19195.17142857143,85,70,15,True,6.409613886509541e-06,True,9.179590619217653e-06
PB12_T12,30,70,-0.024323656794146994,0.04256554929083705,0.7285714285714285,9.525040150576026e-06,-0.023341700021299663,0.04030030596226339,0.7428571428571429,7.470859264514397e-06,19170.17142857143,85,70,15,True,2.5044911507036746e-05,True,1.4980742169992596e-05
PB12_T12,60,70,-0.03377625625963718,0.059758199582791244,0.7428571428571429,1.1564015875529376e-05,-0.03212677333395262,0.057356526919085354,0.7571428571428571,1.3542933021534148e-05,19140.17142857143,85,70,15,True,3.0085598531596553e-05,True,2.6009357192551685e-05
PB12_T12,300,70,-0.07606177547574991,0.1273957909439224,0.7285714285714285,4.24793233655879e-06,-0.07272580619748163,0.13209166429927463,0.7571428571428571,1.8184154437441982e-05,18900.17142857143,85,70,15,True,1.1583746032212005e-05,True,3.438765997993172e-05
PB12_T2,1,70,-0.01196894230358338,0.014392501992130682,0.8,1.5864895336860346e-09,-0.02260267067524998,0.01472208866216216,0.9285714285714286,5.711635236403296e-20,22789.17142857143,85,70,15,True,5.368581135049216e-09,True,2.85996866935067e-19
PB12_T2,5,70,-0.014201739666990823,0.021921657738390832,0.6857142857142857,8.226223173787675e-07,-0.023876386493228378,0.02429348834844536,0.8,7.81655492136899e-12,22785.17142857143,85,70,15,True,2.429196672259523e-06,True,2.5310400424863973e-11
PB12_T2,30,70,-0.014726581259479492,0.028264951522250777,0.7428571428571429,4.457395898830432e-05,-0.01946988103991095,0.02681763037932222,0.7571428571428571,6.039458480903032e-08,22760.17142857143,85,70,15,True,0.00010504981466888911,True,1.5208694643964996e-07
PB12_T2,60,70,-0.01308010705392576,0.03499606333116934,0.6571428571428571,0.0025845935076635428,-0.015340865742278309,0.026138971794887958,0.7428571428571429,5.861229118299133e-06,22730.17142857143,85,70,15,True,0.0045374850452134866,True,1.194722513494012e-05
PB12_T2,300,70,-0.010041379565534162,0.03041026240708684,0.6428571428571429,0.007343527985239164,-0.008936283406322968,0.024042993727409576,0.6571428571428571,0.002721658474769793,22490.17142857143,85,70,15,True,0.01195659245476397,True,0.0038888875228823964
PB12_T3,1,70,-0.009024607973113564,0.011049897597824291,0.8,2.6652531769356976e-09,-0.017191784491416066,0.012446231082427733,0.9428571428571428,8.565341660616434e-18,22769.17142857143,85,70,15,True,8.914278534673086e-09,True,3.848277690172923e-17
PB12_T3,5,70,-0.01238699629971933,0.021067040202990193,0.7428571428571429,5.663908772900507e-06,-0.02104608347384882,0.02263912551758766,0.9,5.093539302556462e-11,22765.17142857143,85,70,15,True,1.5264278323226325e-05,True,1.5797287513763534e-10
PB12_T3,30,70,-0.012107298884261515,0.04624674192247259,0.6,0.03188025106601003,-0.022852797871608786,0.03594609692432292,0.7857142857142857,1.2213485714748371e-06,22740.17142857143,85,70,15,True,0.04549618646554022,True,2.686033936629893e-06
PB12_T3,60,70,-0.015325526409277975,0.05282573949800674,0.6428571428571429,0.01782723527148293,-0.02036993883946485,0.038421403062909726,0.7285714285714285,3.385065691207204e-05,22710.17142857143,85,70,15,True,0.02699084043075657,True,6.132879896759774e-05
PB12_T3,300,70,-0.014644348485299247,0.05181614798718041,0.6142857142857143,0.02086926135184731,-0.013639705250740273,0.03978806721536997,0.6428571428571429,0.00547306199650184,22470.17142857143,85,70,15,True,0.031012171170166792,True,0.007444660737166649
PB12_T4,1,70,-0.006919419838921781,0.011427426907457464,0.7285714285714285,3.2432322694242028e-06,-0.013858253400056943,0.010895018211919889,0.9285714285714286,3.3683402706823863e-16,22739.17142857143,85,70,15,True,9.036586686179794e-06,True,1.4157752334451981e-15
PB12_T4,5,70,-0.010368626713224935,0.02483055611610689,0.6571428571428571,0.0008363732559682216,-0.01734486630625229,0.02037806735765104,0.8428571428571429,8.016471721856759e-10,22735.17142857143,85,70,15,True,0.0016325816945599405,True,2.321624576447032e-09
PB12_T4,30,70,-0.015335293333135777,0.0528388179029591,0.6428571428571429,0.017784556345088076,-0.020596467479572275,0.03918909343715732,0.6857142857142857,3.88891908738728e-05,22710.17142857143,85,70,15,True,0.026949843058024583,True,6.98348296030814e-05
PB12_T4,60,70,-0.01805563270643208,0.06253032969272675,0.6428571428571429,0.018349808282470275,-0.020353250107055552,0.0462737694193559,0.7285714285714285,0.00045851289720911994,22680.17142857143,85,70,15,True,0.027660814841167013,True,0.0007223721203180617
PB12_T4,300,70,-0.018759134221284113,0.07237419723017093,0.5714285714285714,0.033563632681627945,-0.01604277051558701,0.055208660165116066,0.6142857142857143,0.017650543181088118,22440.17142857143,85,70,15,True,0.04760359232965866,True,0.02269543233742443
PB12_T5,1,70,-0.007329195377981249,0.010419506423864465,0.7428571428571429,1.2965650998594685e-07,-0.012827779206775245,0.010215406422049931,0.9,5.85791778094445e-16,22709.17142857143,85,70,15,True,4.028446420877398e-07,True,2.4151677724538277e-15
PB12_T5,5,70,-0.011767761718043085,0.02202958673682378,0.7,2.9985808445732673e-05,-0.016376337390702756,0.018681917788546734,0.8857142857142857,3.2886014504617076e-10,22705.17142857143,85,70,15,True,7.275348889048265e-05,True,9.761269769196907e-10
PB12_T5,30,70,-0.015948404443897286,0.05097616574894425,0.6571428571428571,0.010874653324688493,-0.020171945484776604,0.03804613429804818,0.7,3.382478380217168e-05,22680.17142857143,85,70,15,True,0.017234829007712574,True,6.132879896759774e-05
PB12_T5,60,70,-0.01566397787869606,0.06528344467887925,0.6285714285714286,0.0486183933601249,-0.017307811274575598,0.047782941217935825,0.6714285714285714,0.0034351162611283522,22650.17142857143,85,70,15,False,0.06716375412206708,True,0.004834349265354654
PB12_T5,300,70,-0.021061194499724083,0.08515037112917688,0.6142857142857143,0.042255222655570294,-0.01783878579415242,0.06416496011726183,0.6,0.022961372421143742,22410.17142857143,85,70,15,False,0.05917786553506977,True,0.029028249594403494
PB12_T6,1,70,-0.005816735675906175,0.01057211493141431,0.7428571428571429,1.8394699425041058e-05,-0.010945771554013531,0.010538157353592554,0.9,1.0945603079963767e-12,22679.17142857143,85,70,15,True,4.63895521996598e-05,True,3.693072132936994e-12
PB12_T6,5,70,-0.00873456252562742,0.022340431490939873,0.7,0.0016739534398374973,-0.012660712085691741,0.020320249351817095,0.8142857142857143,1.8441655597508307e-06,22675.17142857143,85,70,15,True,0.003056823009852805,True,3.98224500558695e-06
PB12_T6,30,70,-0.012308331920254958,0.04966454222939961,0.6714285714285714,0.0418621660609437,-0.015158482499535128,0.03777403485950332,0.6428571428571429,0.001283055218415666,22650.17142857143,85,70,15,False,0.05872260809606461,True,0.0019074680635224293
PB12_T6,60,70,-0.012660372614541426,0.06629579551250987,0.6142857142857143,0.11466788805707916,-0.01398313412109972,0.04942466076338806,0.6285714285714286,0.020740472629744877,22620.17142857143,85,70,15,False,0.14328302106231466,True,0.026451950142402567
PB12_T6,300,70,-0.024076719408730105,0.09215180451110622,0.6142857142857143,0.03221422520771194,-0.019506591239338716,0.07017331035199449,0.5857142857142857,0.022978945564837042,22380.17142857143,85,70,15,True,0.0458591463092954,True,0.029028249594403494
PB12_T7,1,70,-0.004743921292438036,0.009722660283615665,0.6857142857142857,0.00011818629997257744,-0.008965929240895322,0.00921722278928108,0.9,1.1155420679449433e-11,22499.17142857143,85,70,15,True,0.00026515173143202333,True,3.568737102120643e-11
PB12_T7,5,70,-0.008002065050173195,0.02097244256498847,0.6285714285714286,0.0021264159302499842,-0.010052748868857328,0.01812655310463677,0.7714285714285715,1.6069842613686637e-05,22495.17142857143,85,70,15,True,0.0037850422663650725,True,3.0657900921308484e-05
PB12_T7,30,70,-0.015213200655094032,0.049749856695658776,0.6142857142857143,0.012712094103857591,-0.015187644248570132,0.039802261365811074,0.6857142857142857,0.0021250226174920907,22470.17142857143,85,70,15,True,0.019846491246649698,True,0.00307838706223697
PB12_T7,60,70,-0.019635822698912047,0.06974559350723028,0.6,0.02134670285591792,-0.01892330056853186,0.05377947994062059,0.6142857142857143,0.0044123584977675285,22440.17142857143,85,70,15,True,0.03158580658124493,True,0.0060876317618324466
PB12_T7,300,70,-0.04383856874442294,0.10876389146345525,0.6857142857142857,0.0012253910958552187,-0.03158890123982437,0.08991351587708744,0.6714285714285714,0.004470146171973741,22200.17142857143,85,70,15,True,0.002294658512158688,True,0.006155581914774522
PB12_T8,1,70,-0.0050210063599921565,0.00799602194612839,0.7571428571428571,1.574579711570868e-06,-0.007318382709108514,0.008993689230119825,0.8428571428571429,2.9572573903747326e-09,22199.17142857143,85,70,15,True,4.537258468288059e-06,True,8.173859426995761e-09
PB12_T8,5,70,-0.009589955373544436,0.017937089230266046,0.7571428571428571,2.956706247845393e-05,-0.00977586488572576,0.01671226690863334,0.7571428571428571,6.23236600484641e-06,22195.17142857143,85,70,15,True,7.214279721968229e-05,True,1.263663412367626e-05
PB12_T8,30,70,-0.019201653663479656,0.043918418891242886,0.6857142857142857,0.0004927321176503608,-0.016812926820561958,0.037560556685888334,0.7,0.00037015081606878137,22170.17142857143,85,70,15,True,0.0010008168527231888,True,0.0005909755404425321
PB12_T8,60,70,-0.02735679717897338,0.06083000599218316,0.6714285714285714,0.00034920309944074315,-0.024139938786107092,0.05209590125365716,0.7142857142857143,0.0002384093512404129,22140.17142857143,85,70,15,True,0.0007272433445255599,True,0.0003898269325772014
PB12_T8,300,70,-0.04674098203077838,0.12100277452393389,0.7,0.0018866972631861158,-0.03236065447069832,0.10606010680998167,0.6571428571428571,0.012902306725093557,21900.17142857143,85,70,15,True,0.003398612640411337,True,0.01682168669252764
PB12_T9,1,70,-0.004984865841035304,0.008158564505944977,0.7714285714285715,2.720158803680329e-06,-0.006456203013589666,0.00978234326160932,0.8,5.516314503327436e-07,21899.17142857143,85,70,15,True,7.665700380682904e-06,True,1.2722874905872024e-06
PB12_T9,5,70,-0.00959725805260583,0.01822795850718396,0.7428571428571429,3.779733867401146e-05,-0.00924141434658439,0.018013163413485293,0.7857142857142857,5.6557479280671344e-05,21895.17142857143,85,70,15,True,9.024865592172444e-05,True,9.904008662682185e-05
PB12_T9,30,70,-0.01974628330967588,0.0434480277239153,0.7142857142857143,0.00030594416268875,-0.01709651733828582,0.03922799389767445,0.7571428571428571,0.0005117339177693931,21870.17142857143,85,70,15,True,0.0006433579318866571,True,0.0007992953493863078
PB12_T9,60,70,-0.026671551261848076,0.061038191820485546,0.6857142857142857,0.0004960635909590066,-0.02347387704373066,0.05366959816532797,0.7571428571428571,0.0004905084636465563,21840.17142857143,85,70,15,True,0.0010064002975711365,True,0.0007685748487591323
PB12_T9,300,70,-0.05209374655944649,0.12080814912649213,0.6571428571428571,0.0005800679896208027,-0.03790792785257447,0.11300615714670256,0.6285714285714286,0.0065026999241447015,21600.17142857143,85,70,15,True,0.0011624912437008844,True,0.008765833512295733
PB13_T1,1,70,-0.015076514471892939,0.01733439537076517,0.8428571428571429,4.1804631240490776e-10,-0.02650338703716133,0.01599780535714394,0.9285714285714286,1.2721117774655312e-21,22798.17142857143,85,70,15,True,1.4764414996547451e-09,True,7.38680032124943e-21
PB13_T1,5,70,-0.015222066919870905,0.02506114450538734,0.6714285714285714,3.0531019929121804e-06,-0.02481658316452127,0.02396155788712448,0.8,1.2161555137888693e-12,22794.17142857143,85,70,15,True,8.555123589222695e-06,True,4.079434271981111e-12
PB13_T1,30,70,-0.012259706442919802,0.02134079251613573,0.7142857142857143,8.663155791932477e-06,-0.014889359769662313,0.02032216791749174,0.8,4.8168658925117106e-08,22769.17142857143,85,70,15,True,2.2935787939560695e-05,True,1.2254986493835022e-07
PB13_T1,60,70,-0.010307663084325201,0.02522701785380512,0.6857142857142857,0.0010602998567992754,-0.011722089103992651,0.01826878298441192,0.8,1.0076207460361041e-06,22739.17142857143,85,70,15,True,0.002025061362764785,True,2.235921437093603e-06
PB13_T1,300,70,-0.00781145708597529,0.021884632420069376,0.6285714285714286,0.0039052856622714166,-0.007098464656246707,0.016984178103179086,0.6857142857142857,0.0008281741602661197,22499.17142857143,85,70,15,True,0.006630349859040661,True,0.001259947918854885
PB13_T10,1,70,-0.004683182323160821,0.008313434798430622,0.7571428571428571,1.2262710838794264e-05,-0.005227213337647055,0.009621971669783062,0.7571428571428571,2.2749964992939792e-05,22798.17142857143,85,70,15,True,3.183145450641186e-05,True,4.25100752031406e-05
PB13_T10,5,70,-0.00913809736897787,0.01858122651957158,0.7142857142857143,0.000105634039743069,-0.008593716668970281,0.01767395878522933,0.7571428571428571,0.0001241045902402112,22794.17142857143,85,70,15,True,0.0002385396126224205,True,0.00021018694082349494
PB13_T10,30,70,-0.018471332957998354,0.04529010086520616,0.7142857142857143,0.0010814100932294084,-0.016647299679137587,0.04229593183465111,0.7,0.0015654410434716198,22769.17142857143,85,70,15,True,0.002058551995651574,True,0.002300552447977221
PB13_T10,60,70,-0.02436407000891735,0.06339978025280883,0.7142857142857143,0.0019841887031977774,-0.02313267984263049,0.05921547696379715,0.6857142857142857,0.0016878324209233797,22739.17142857143,85,70,15,True,0.0035593831617592524,True,0.002476204252352559
PB13_T10,300,70,-0.048637747733074305,0.1313477239128935,0.6285714285714286,0.0028164242553411333,-0.03967814274698778,0.12025629225349171,0.6857142857142857,0.007386022804241816,22499.17142857143,85,70,15,True,0.004909558931485174,True,0.009894807595446094
PB13_T11,1,70,-0.004444198906013097,0.008314209274190488,0.7,2.9668818889690735e-05,-0.005023990853171427,0.009411816121466557,0.7571428571428571,3.033645481523518e-05,22798.17142857143,85,70,15,True,7.225575147722128e-05,True,5.548568098816176e-05
PB13_T11,5,70,-0.00864116566071905,0.01839080766954409,0.7,0.00019842292644116181,-0.008658213303244042,0.01780828828993592,0.7714285714285715,0.00012426979677899086,22794.17142857143,85,70,15,True,0.0004282018806085035,True,0.00021036361973121676
PB13_T11,30,70,-0.018057033588410546,0.0447986196867319,0.6857142857142857,0.001225090697134804,-0.017382806351317507,0.043063763001916576,0.7285714285714285,0.0012066691008249374,22769.17142857143,85,70,15,True,0.002294658512158688,True,0.0018024391454172757
PB13_T11,60,70,-0.025082982316455248,0.06342942770036515,0.7,0.0014924888539879855,-0.023981072680301887,0.059750858860646176,0.7,0.0012811440387055137,22739.17142857143,85,70,15,True,0.002751626996013068,True,0.0019074680635224293
PB13_T11,300,70,-0.05237471865503978,0.12891553955958449,0.6571428571428571,0.0011269053942902984,-0.044846016109817116,0.12192680660177302,0.7,0.002994771654137832,22499.17142857143,85,70,15,True,0.002139262712787352,True,0.0042475106999368675
PB13_T12,1,70,-0.005184404046516899,0.007391445108460184,0.7857142857142857,1.3870467370670807e-07,-0.004812732579609115,0.009069254181766384,0.7571428571428571,3.3350422680654675e-05,22798.17142857143,85,70,15,True,4.2979789027504607e-07,True,6.0709014942919865e-05
PB13_T12,5,70,-0.01074053950323978,0.01656908326408262,0.7571428571428571,8.122409503096232e-07,-0.010832489874041814,0.017841992776395102,0.7857142857142857,3.078887164813001e-06,22794.17142857143,85,70,15,True,2.408834749630685e-06,True,6.50217307727929e-06
PB13_T12,30,70,-0.024003953444157865,0.040339402618309775,0.7571428571428571,4.526960877451083e-06,-0.023235310213824766,0.04001527816607923,0.7571428571428571,7.1342107734065955e-06,22769.17142857143,85,70,15,True,1.2334897343527989e-05,True,1.4406018832331845e-05
PB13_T12,60,70,-0.03326931102835353,0.05686108675243939,0.7714285714285715,6.20360871613353e-06,-0.03282819943647749,0.05557098039023551,0.7857142857142857,5.189601370352235e-06,22739.17142857143,85,70,15,True,1.670574287937751e-05,True,1.0659971899266927e-05
PB13_T12,300,70,-0.07400052474765302,0.11738552719259128,0.7428571428571429,1.45336460479203e-06,-0.07268955796253308,0.12030759672101096,0.7428571428571429,3.382228630759081e-06,22499.17142857143,85,70,15,True,4.216099672171674e-06,True,7.103708157612539e-06
PB13_T2,1,70,-0.01194979037007832,0.01431855193800641,0.8,1.4309876113819069e-09,-0.022582786049998575,0.01470631328223949,0.9285714285714286,5.658221543237081e-20,22798.17142857143,85,70,15,True,4.895111086459889e-09,True,2.8497311125195507e-19
PB13_T2,5,70,-0.014173553011333925,0.021781337720736565,0.6857142857142857,7.484304392366133e-07,-0.023813580789294082,0.024238281064237335,0.8,7.914267963404929e-12,22794.17142857143,85,70,15,True,2.225324584821428e-06,True,2.5554949358471054e-11
PB13_T2,30,70,-0.014643031464221481,0.02843398306285676,0.7428571428571429,5.337561161555008e-05,-0.019348157909300237,0.026831695190356348,0.7714285714285715,7.135534522070676e-08,22769.17142857143,85,70,15,True,0.0001250255851740512,True,1.7813057639995797e-07
PB13_T2,60,70,-0.012941773698810204,0.03532446333412339,0.6571428571428571,0.0031029902265663025,-0.015201312332030764,0.026289458851249146,0.7285714285714285,7.700907560521178e-06,22739.17142857143,85,70,15,True,0.005363097164975775,True,1.5406274245281223e-05
PB13_T2,300,70,-0.009941426807004695,0.030441792490101854,0.6428571428571429,0.007980750996618213,-0.008759194155522732,0.024042302423969538,0.6571428571428571,0.0032626231844274036,22499.17142857143,85,70,15,True,0.012908939463162888,True,0.004608488594520311
PB13_T3,1,70,-0.008950657966737028,0.01121046436560204,0.8,5.030041744411032e-09,-0.017111556557762066,0.01244624807176358,0.9428571428571428,1.060989463041014e-17,22798.17142857143,85,70,15,True,1.6551232597085825e-08,True,4.748340148713346e-17
PB13_T3,5,70,-0.012126736366465376,0.021292215780168787,0.7142857142857143,1.0107499429939216e-05,-0.02080083284326872,0.02261478523213642,0.9,7.203473096142974e-11,22794.17142857143,85,70,15,True,2.649575912779969e-05,True,2.2162065491695435e-10
PB13_T3,30,70,-0.011900211781443522,0.04682731732298833,0.6142857142857143,0.03706640001476186,-0.02263908801534581,0.036472571120335195,0.7857142857142857,1.989273163146653e-06,22769.17142857143,85,70,15,False,0.052335272599510506,True,4.290223956723899e-06
PB13_T3,60,70,-0.014563381968603926,0.053415568461924225,0.6285714285714286,0.025634041740621966,-0.019909809238208447,0.03859690374611191,0.7142857142857143,5.203191501175809e-05,22739.17142857143,85,70,15,True,0.03732221416512806,True,9.148614064408356e-05
PB13_T3,300,70,-0.01459328577712378,0.05151396197473806,0.6285714285714286,0.020581012090375807,-0.013493963211211615,0.03986684729497557,0.6428571428571429,0.006059495896783438,22499.17142857143,85,70,15,True,0.03065734335757609,True,0.008203588684712689
PB13_T4,1,70,-0.006789050512565063,0.01162879771885492,0.7142857142857143,6.460050325268223e-06,-0.013698565164992925,0.011024063088183359,0.9285714285714286,9.169847475677374e-16,22798.17142857143,85,70,15,True,1.738276781448731e-05,True,3.7360640363756285e-15
PB13_T4,5,70,-0.010006035956115171,0.025182818969158124,0.6571428571428571,0.0014215455367616473,-0.016963257863326683,0.02060388678151429,0.8285714285714286,2.1190480424286833e-09,22794.17142857143,85,70,15,True,0.002625034649658734,True,5.9668386198786486e-09
PB13_T4,30,70,-0.014237384016991789,0.053490232632671185,0.6285714285714286,0.02921855832084744,-0.01989467909201702,0.03961180604668752,0.6857142857142857,7.781818196964723e-05,22769.17142857143,85,70,15,True,0.04206254958271997,True,0.00013429661273982576
PB13_T4,60,70,-0.016702092421908215,0.06197169481373144,0.6571428571428571,0.02731593268513378,-0.019544268061210134,0.0459359955689128,0.7285714285714285,0.0006772891464219792,22739.17142857143,85,70,15,True,0.03955286467819017,True,0.0010395530879111232
PB13_T4,300,70,-0.01898666244471323,0.07131097124511708,0.5714285714285714,0.029169538553179518,-0.015939186449949256,0.05514063332404588,0.5857142857142857,0.018228275896126512,22499.17142857143,85,70,15,True,0.04200948549447071,True,0.023412153613798177
PB13_T5,1,70,-0.007052826889385696,0.010374833040536924,0.7285714285714285,2.85901839691186e-07,-0.012604213930607802,0.01025602863350816,0.9,1.46321000696386e-15,22798.17142857143,85,70,15,True,8.726067633684166e-07,True,5.871533767781807e-15
PB13_T5,5,70,-0.011092082647439643,0.02180731852167865,0.7142857142857143,6.44327296106811e-05,-0.015824296970662618,0.018553336867522162,0.8714285714285714,7.539188632567356e-10,22794.17142857143,85,70,15,True,0.00014930588920516647,True,2.1925838994545636e-09
PB13_T5,30,70,-0.014842259727404425,0.049811899191739874,0.6571428571428571,0.015071652093591584,-0.019390144883084073,0.03765473208625601,0.7142857142857143,5.3435568349995145e-05,22769.17142857143,85,70,15,True,0.02325706028734208,True,9.390635231395381e-05
PB13_T5,60,70,-0.014716513072220147,0.06336364977392592,0.6285714285714286,0.05607459533635529,-0.016660425839670832,0.04701648403500522,0.6714285714285714,0.004156687324599215,22739.17142857143,85,70,15,False,0.07618471367955466,True,0.005765296951621954
PB13_T5,300,70,-0.02194480084618433,0.083523652911889,0.6142857142857143,0.03129062466234719,-0.018040888867286053,0.0639316737347551,0.6,0.02105760464401004,22499.17142857143,85,70,15,True,0.04478422046744388,True,0.02683660053303382
PB13_T6,1,70,-0.005675735735482443,0.01031214427627495,0.7428571428571429,1.8283530380323435e-05,-0.010833541387770908,0.010521756801987026,0.9,1.5045049858122966e-12,22798.17142857143,85,70,15,True,4.61766063333461e-05,True,5.032008447223121e-12
PB13_T6,5,70,-0.00834843311365938,0.02165555429283243,0.6857142857142857,0.001923931261105359,-0.012340467184875631,0.01998914728600138,0.8,2.2168460933284335e-06,22794.17142857143,85,70,15,True,0.003460271997459144,True,4.76022576286497e-06
PB13_T6,30,70,-0.011764203200369869,0.04807483644830164,0.6571428571428571,0.044432480908863564,-0.014730136378556871,0.03723176476409067,0.6571428571428571,0.001485338299712895,22769.17142857143,85,70,15,False,0.061954342087594046,True,0.0021902875909125276
PB13_T6,60,70,-0.012252093694826363,0.06473789666969158,0.6142857142857143,0.1178950259792342,-0.013702472524246239,0.04883921520118831,0.6428571428571429,0.021782113758541815,22739.17142857143,85,70,15,False,0.14683753235697697,True,0.02772925682968385
PB13_T6,300,70,-0.025420493623448986,0.09084460180748097,0.6142857142857143,0.022118394504245163,-0.02007748507996823,0.06987836204692524,0.6,0.01891182933680557,22499.17142857143,85,70,15,True,0.03268565141666682,True,0.024223299650419465
PB13_T7,1,70,-0.004645295001403358,0.009876801756024288,0.6571428571428571,0.0001958440353929321,-0.008819536987543791,0.009367444159880906,0.8714285714285714,3.352367727698378e-11,22798.17142857143,85,70,15,True,0.0004231651921717201,True,1.0500843607613688e-10
PB13_T7,5,70,-0.007676375626700915,0.021457915435690617,0.6,0.00383011731863193,-0.009623598176723125,0.018360102573172967,0.7428571428571429,4.0569921636176716e-05,22794.17142857143,85,70,15,True,0.00651233038182742,True,7.25137502602124e-05
PB13_T7,30,70,-0.014620739800397829,0.0509204323387206,0.6142857142857143,0.018988215841374913,-0.014623670237211863,0.04042568752330699,0.6714285714285714,0.0034751879393777655,22769.17142857143,85,70,15,True,0.0284988209087534,True,0.0048867620392959625
PB13_T7,60,70,-0.019158535100297483,0.07101750108459835,0.6,0.027172452535503728,-0.018754642448777167,0.054948683999393434,0.6285714285714286,0.005669470625830221,22739.17142857143,85,70,15,True,0.03936302872543622,True,0.00769480870806844
PB13_T7,300,70,-0.04409285785038809,0.10995060900997768,0.6571428571428571,0.0012920656870112886,-0.03270156252876626,0.09055756994721081,0.6571428571428571,0.0035288396938646656,22499.17142857143,85,70,15,True,0.0024039240434162636,True,0.0049521288149075625
PB13_T8,1,70,-0.0051618579425263,0.008275936931678178,0.7857142857142857,1.8052101550302342e-06,-0.007336989045513605,0.009120729602830531,0.8428571428571429,4.083830702792605e-09,22798.17142857143,85,70,15,True,5.180233459825132e-06,True,1.1162685979547825e-08
PB13_T8,5,70,-0.009792075030977081,0.01859733780804707,0.7571428571428571,3.777691902011052e-05,-0.009794358069569555,0.017143656633427276,0.7428571428571429,9.563519080601286e-06,22794.17142857143,85,70,15,True,9.024865592172444e-05,True,1.8891914478832156e-05
PB13_T8,30,70,-0.01961185742762736,0.04513376926799225,0.7,0.0005301272428010271,-0.016609943696744803,0.038389111820029784,0.6571428571428571,0.0005575152800412767,22769.17142857143,85,70,15,True,0.0010717317869382965,True,0.0008641611900146303
PB13_T8,60,70,-0.027949767565782588,0.06200211849497458,0.7142857142857143,0.0003390630196854239,-0.02448890017004407,0.053438677868517324,0.6857142857142857,0.00027525437555592957,22739.17142857143,85,70,15,True,0.0007091178771265978,True,0.00044732072791426935
PB13_T8,300,70,-0.048189903179506374,0.11946082300146442,0.6571428571428571,0.0012148001523152674,-0.034366738277557304,0.10604226137407705,0.6428571428571429,0.00844659648128522,22499.17142857143,85,70,15,True,0.0022860209837958874,True,0.011276271577604496
PB13_T9,1,70,-0.0050636210684190715,0.00818481544729057,0.7285714285714285,2.1257019150979315e-06,-0.006408053130632762,0.009702930391361239,0.8142857142857143,5.43691590631066e-07,22798.17142857143,85,70,15,True,6.064657404346286e-06,True,1.2581744444945297e-06
PB13_T9,5,70,-0.009655119922404287,0.01835843707100189,0.7142857142857143,3.8474566352623116e-05,-0.009315548497585237,0.01784798031255412,0.7571428571428571,4.3363204638051504e-05,22794.17142857143,85,70,15,True,9.173887284217589e-05,True,7.679132343642642e-05
PB13_T9,30,70,-0.01969443058520946,0.04404882056430633,0.6714285714285714,0.0003754829857712391,-0.01692885746811619,0.04019933232128044,0.7285714285714285,0.0007609150361721859,22769.17142857143,85,70,15,True,0.000778687704585613,True,0.001162228757725421
PB13_T9,60,70,-0.02660786237033802,0.062305764290863354,0.6857142857142857,0.0006490028493458243,-0.023991443080131025,0.05557740618094819,0.7571428571428571,0.0005727960294601154,22739.17142857143,85,70,15,True,0.0012894219922310658,True,0.0008870507762369785
PB13_T9,300,70,-0.050379349874343164,0.12702752582848087,0.6285714285714286,0.001448729042649611,-0.03714496205055281,0.11741876781370697,0.6571428571428571,0.010060094599361068,22499.17142857143,85,70,15,True,0.0026738028004029946,True,0.01332220269865561
PB14_T1,1,70,-0.011614068413729575,0.013819316920624089,0.8428571428571429,1.1664444128463551e-09,-0.02562230238658731,0.01620800860180072,0.9142857142857143,1.3493918358465098e-20,22794.17142857143,85,70,15,True,4.018011412147714e-09,True,7.106934135441602e-20
PB14_T1,5,70,-0.010316204902248204,0.020377979455650466,0.6714285714285714,6.916410762583044e-05,-0.023163241872286182,0.02360681972188304,0.8,8.275978107150898e-12,22790.17142857143,85,70,15,True,0.00015961052272772054,True,2.6697949916159062e-11
PB14_T1,30,70,-0.006149777393059755,0.017401121302246893,0.6571428571428571,0.004251778270453227,-0.01312307426944929,0.01976182997883763,0.7571428571428571,4.82120749120149e-07,22765.17142857143,85,70,15,True,0.007151847090757497,True,1.1209469638022306e-06
PB14_T1,60,70,-0.004632809862578395,0.016959621553813278,0.6571428571428571,0.02536170134963571,-0.010340044415735824,0.016902434511824747,0.8,2.655351509287748e-06,22735.17142857143,85,70,15,True,0.03697243804345628,True,5.652351707808333e-06
PB14_T1,300,70,-0.004230178475102804,0.015191340825910206,0.6,0.022751269781559853,-0.006666317382815284,0.015172308133135817,0.7,0.0004644548039877149,22495.17142857143,85,70,15,True,0.033563465881848546,True,0.0007313998850399066
PB14_T10,1,70,-0.0034596749248028157,0.007523385830513908,0.6714285714285714,0.00026321711336889446,-0.005943716811291346,0.009081640408998422,0.8,6.614728325501833e-07,21299.17142857143,85,70,15,True,0.0005606751705854071,True,1.5155097058759173e-06
PB14_T10,5,70,-0.006488846174532169,0.016887212392123874,0.6571428571428571,0.001986525971463078,-0.009594577139074776,0.016801787937851507,0.7571428571428571,9.643267083193365e-06,21295.17142857143,85,70,15,True,0.003561726637989068,True,1.900647157993633e-05
PB14_T10,30,70,-0.012371311617644034,0.041647463501226396,0.6428571428571429,0.015372680624818572,-0.017685394841869505,0.03913578812437849,0.6857142857142857,0.00032875615199763847,21270.17142857143,85,70,15,True,0.02370040676427852,True,0.0005285493276648864
PB14_T10,60,70,-0.01611923838467301,0.058709965467598706,0.6142857142857143,0.024651645109333927,-0.02348811615887897,0.05537398630328873,0.6571428571428571,0.0007012561103125838,21240.17142857143,85,70,15,True,0.03604377226100242,True,0.0010734780067035786
PB14_T10,300,70,-0.03396697770391147,0.12291349232633575,0.6142857142857143,0.02376249141295197,-0.040155784884124475,0.11316137615925537,0.6714285714285714,0.0041067942998076114,21000.17142857143,85,70,15,True,0.03490621081281848,True,0.005698383255355541
PB14_T11,1,70,-0.0031971341127209076,0.007999383204558206,0.6571428571428571,0.001338167026957759,-0.005555130792008576,0.009320275589137297,0.7714285714285715,4.388610141198693e-06,20999.17142857143,85,70,15,True,0.002479584619025416,True,9.101229314430662e-06
PB14_T11,5,70,-0.005938859837380779,0.017831995212641182,0.6285714285714286,0.006876019180483983,-0.009313492502542292,0.017446449832452932,0.7571428571428571,3.0302479948267766e-05,20995.17142857143,85,70,15,True,0.011269756294389073,True,5.545289630363619e-05
PB14_T11,30,70,-0.011994130675160308,0.04337025959727612,0.6,0.023663401130076235,-0.017815733253538073,0.04137778632926874,0.7142857142857143,0.0005903304007272498,20970.17142857143,85,70,15,True,0.03477543636938043,True,0.0009125689192450327
PB14_T11,60,70,-0.017081914097745773,0.060824855301018665,0.6142857142857143,0.021658221980735335,-0.02403130152192794,0.05789819813658405,0.7285714285714285,0.000894083278000895,20940.17142857143,85,70,15,True,0.032019322611656215,True,0.0013566349255569137
PB14_T11,300,70,-0.03909712513933928,0.12274905726446513,0.6285714285714286,0.009582223857254319,-0.04502406831327536,0.11851816684523933,0.7,0.002217113448070976,20700.17142857143,85,70,15,True,0.015327121956858182,True,0.0032023942153366312
PB14_T12,1,70,-0.004758929461717228,0.008015207504874335,0.8142857142857143,4.719593936444444e-06,-0.005370446659934418,0.009404607909877688,0.8,9.64351510264208e-06,19199.17142857143,85,70,15,True,1.2849643065733296e-05,True,1.900647157993633e-05
PB14_T12,5,70,-0.009880394849492942,0.01815147514044987,0.8,2.2016835738410677e-05,-0.011613437787477497,0.018484420454699106,0.8,1.5570829283152754e-06,19195.17142857143,85,70,15,True,5.492286460376093e-05,True,3.387733952978134e-06
PB14_T12,30,70,-0.022045550818897898,0.044214220882375845,0.7428571428571429,8.657510537310035e-05,-0.02377624943768325,0.041417731713675764,0.7857142857142857,8.775936883016437e-06,19170.17142857143,85,70,15,True,0.00019743695647792851,True,1.7445835403234633e-05
PB14_T12,60,70,-0.03071208057972095,0.062148998010400705,0.7428571428571429,9.856936604106262e-05,-0.032426613291754426,0.05937049232135612,0.8,2.0809406022602418e-05,19140.17142857143,85,70,15,True,0.00022316982940489606,True,3.9074183591354e-05
PB14_T12,300,70,-0.07030624218132807,0.13158653805489104,0.7571428571428571,2.9879913877602855e-05,-0.07196969276592605,0.13561489510869296,0.7714285714285715,3.332323013274741e-05,18900.17142857143,85,70,15,True,7.25985249276497e-05,True,6.069149188647459e-05
PB14_T2,1,70,-0.008740297080520192,0.012186195624835276,0.7857142857142857,8.133041798864098e-08,-0.02190599538482435,0.014688825542450845,0.9285714285714286,2.3380167671293866e-19,22789.17142857143,85,70,15,True,2.566178942016024e-07,True,1.147421581027277e-18
PB14_T2,5,70,-0.008653210360038448,0.019617125136036837,0.7,0.00044293848286742853,-0.022432837144755104,0.023743722352021008,0.8,2.986446981512349e-11,22785.17142857143,85,70,15,True,0.000909300331733194,True,9.414392628763837e-11
PB14_T2,30,70,-0.007942074808250665,0.02257566190986971,0.6571428571428571,0.004419803218550868,-0.017451205203650233,0.025740918123570638,0.7428571428571429,3.040287737628195e-07,22760.17142857143,85,70,15,True,0.007412825301016141,True,7.224342595258195e-07
PB14_T2,60,70,-0.005898611833383102,0.024607306563410303,0.6571428571428571,0.04882695589737543,-0.013807667643149649,0.02373106120178891,0.7714285714285715,6.87452303581296e-06,22730.17142857143,85,70,15,False,0.06737639234436912,True,1.3914163496622012e-05
PB14_T2,300,70,-0.005559582500748873,0.022623372244391086,0.5571428571428572,0.043562699490831934,-0.00891332001157113,0.02239821045650864,0.6428571428571429,0.0013992460552033307,22490.17142857143,85,70,15,False,0.06086094894493503,True,0.002071291825504502
PB14_T3,1,70,-0.0066140364232268704,0.00925889560515513,0.8,8.966715984114895e-08,-0.01718099240827505,0.012268852682028304,0.9428571428571428,4.553482009066777e-18,22769.17142857143,85,70,15,True,2.8214939640361533e-07,True,2.1145538093179722e-17
PB14_T3,5,70,-0.00848337025731793,0.01794725858149877,0.6857142857142857,0.00018312710655977386,-0.020956475918456292,0.02240681181526988,0.9,4.176040751113072e-11,22765.17142857143,85,70,15,True,0.0003991824310183083,True,1.3021859923371537e-10
PB14_T3,30,70,-0.007687895670805693,0.03391791939881595,0.6285714285714286,0.06209596024175694,-0.0222121560574889,0.0344476072823998,0.7857142857142857,9.085281960663467e-07,22740.17142857143,85,70,15,False,0.08345973387781673,True,2.0290658806782338e-06
PB14_T3,60,70,-0.00796213217717386,0.039063544216876356,0.6142857142857143,0.09263261134485914,-0.019145234755103744,0.03579226205538889,0.7142857142857143,2.9339544802498485e-05,22710.17142857143,85,70,15,False,0.11922335123067604,True,5.389055145807139e-05
PB14_T3,300,70,-0.008254454928487984,0.03933946024384891,0.5428571428571428,0.08360631987203866,-0.013302084555125509,0.037443149540973726,0.6142857142857143,0.00406672690626316,22470.17142857143,85,70,15,False,0.10887124647580634,True,0.005649594475729479
PB14_T4,1,70,-0.004998338320261786,0.008762342397682497,0.7571428571428571,9.828974626770065e-06,-0.01388165828213332,0.010498025699172154,0.9571428571428572,6.141710858822959e-17,22739.17142857143,85,70,15,True,2.582441622470766e-05,True,2.655771091017938e-16
PB14_T4,5,70,-0.006279338720477121,0.019222878247132553,0.6571428571428571,0.007964704473328501,-0.017213215558287396,0.01972660469301241,0.8285714285714286,3.783790465313192e-10,22735.17142857143,85,70,15,True,0.01288901824606556,True,1.120222455668987e-09
PB14_T4,30,70,-0.006844104590069096,0.04040833815685261,0.6285714285714286,0.16095882920080506,-0.019328323795673216,0.037259346136566285,0.6857142857142857,4.770272370271109e-05,22710.17142857143,85,70,15,False,0.19349782703158716,True,8.404533931303764e-05
PB14_T4,60,70,-0.007979149902317916,0.04882063079813025,0.6285714285714286,0.17593127895542318,-0.018665075000011865,0.04328667923329307,0.7,0.0005802847351881298,22680.17142857143,85,70,15,False,0.20974553788508873,True,0.0008978431527429416
PB14_T4,300,70,-0.010949649704956783,0.05623021021475389,0.5142857142857142,0.10782404042296583,-0.015663321123862244,0.051981659139725654,0.6,0.014014969468181697,22440.17142857143,85,70,15,False,0.13615937853119406,True,0.018196813044933393
PB14_T5,1,70,-0.005275560179990595,0.0082096226185925,0.7714285714285715,9.764485532116457e-07,-0.012881876205689428,0.009658654007657901,0.9285714285714286,4.187629593318805e-17,22709.17142857143,85,70,15,True,2.8687327817570035e-06,True,1.8314253474577813e-16
PB14_T5,5,70,-0.007405050376242858,0.017037175617207023,0.7571428571428571,0.0005284947915547228,-0.016156815457200973,0.017525567921572567,0.9,6.687681457257758e-11,22705.17142857143,85,70,15,True,0.0010690570871320652,True,2.0593528908044164e-10
PB14_T5,30,70,-0.007622809154303721,0.03902020333987932,0.6428571428571429,0.10671678197348307,-0.018935246853101956,0.035395827481567235,0.7285714285714285,2.9287706414939988e-05,22680.17142857143,85,70,15,False,0.13486267967647042,True,5.382394982107322e-05
PB14_T5,60,70,-0.005195211904250853,0.0510030895535454,0.5571428571428572,0.3970359556220121,-0.015236276227726987,0.04506219406763089,0.6714285714285714,0.006110616896718585,22650.17142857143,85,70,15,False,0.433415237495751,True,0.008266320038434891
PB14_T5,300,70,-0.012535897688694793,0.06768241252554383,0.5285714285714286,0.12580464354801377,-0.017491305955995847,0.06163326304951128,0.6,0.020363509668419422,22410.17142857143,85,70,15,False,0.15551164345559482,True,0.026019203367007807
PB14_T6,1,70,-0.0038336749647166603,0.008401485338821759,0.7285714285714285,0.0002907142071683642,-0.01089911637855701,0.009826699538199606,0.9142857142857143,9.267347397065473e-14,22679.17142857143,85,70,15,True,0.0006139471795639965,True,3.34573513655812e-13
PB14_T6,5,70,-0.004470317438582612,0.01755806218482288,0.6428571428571429,0.03672696158152109,-0.01231640937800526,0.018657906975184303,0.8285714285714286,5.49231526592694e-07,22675.17142857143,85,70,15,False,0.051898426283908124,True,1.270143858351913e-06
PB14_T6,30,70,-0.003773340836870073,0.038392092352134734,0.5571428571428572,0.41373560341578486,-0.013632916485378272,0.03510676956781369,0.6285714285714286,0.0017910014862044963,22650.17142857143,85,70,15,False,0.4503643698177494,True,0.0026231073059925962
PB14_T6,60,70,-0.0026335247340847426,0.051469265973010665,0.5571428571428572,0.6699164789152084,-0.012315765282432658,0.046744512783428865,0.6,0.030837841581814098,22620.17142857143,85,70,15,False,0.697787589584578,True,0.03831166582710094
PB14_T6,300,70,-0.014372483058016207,0.07488919106071076,0.5142857142857142,0.11290943197304197,-0.018878587550729457,0.06762556923025402,0.5714285714285714,0.02242284685121041,22380.17142857143,85,70,15,False,0.14149513509860717,True,0.028461034486014683
PB14_T7,1,70,-0.0033469962448832513,0.007879770769135585,0.6571428571428571,0.0006903186205770164,-0.009125606725819326,0.008733669353849496,0.8857142857142857,8.803661453029437e-13,22499.17142857143,85,70,15,True,0.0013667913089361555,True,2.9878831355812085e-12
PB14_T7,5,70,-0.0049181058473314315,0.016936871458540982,0.5857142857142857,0.01772773913023612,-0.01010440702501816,0.01697156206069807,0.7285714285714285,4.4807343542003725e-06,22495.17142857143,85,70,15,True,0.026914547673725843,True,9.253399398542909e-06
PB14_T7,30,70,-0.007859820095039542,0.0395789509414303,0.5428571428571428,0.1011527356636916,-0.014376050777896464,0.03726795441951212,0.6571428571428571,0.0019123384423236792,22470.17142857143,85,70,15,False,0.12896040653802746,True,0.0027878182777334648
PB14_T7,60,70,-0.009994431365599419,0.05569256717520979,0.5285714285714286,0.13780272928361112,-0.016960177747568285,0.05101486602342929,0.6285714285714286,0.006970492769875784,22440.17142857143,85,70,15,False,0.16826878854259658,True,0.009352641755309062
PB14_T7,300,70,-0.025438509090421155,0.09572617791290167,0.6,0.0294688294481116,-0.02801727112503265,0.08704720937672862,0.6428571428571429,0.008883868921239097,22200.17142857143,85,70,15,True,0.04240516690679949,True,0.011814383034211347
PB14_T8,1,70,-0.0035897444266730573,0.007129667522321891,0.6857142857142857,7.500214653222553e-05,-0.007479843465502001,0.008464650426034233,0.8857142857142857,2.566044020170131e-10,22199.17142857143,85,70,15,True,0.00017206667746934873,True,7.682566802155809e-10
PB14_T8,5,70,-0.006374972824484351,0.015976987486892445,0.6571428571428571,0.0013613390883135904,-0.009813877431106488,0.016001549013011717,0.7571428571428571,2.5255877801074103e-06,22195.17142857143,85,70,15,True,0.002520593006497028,True,5.383038729346763e-06
PB14_T8,30,70,-0.011603528694020314,0.03943796388399266,0.6142857142857143,0.016333892418603814,-0.015835777531605692,0.03589674274858769,0.6,0.0004424148374422035,22170.17142857143,85,70,15,True,0.024992736185241886,True,0.0006995621342621571
PB14_T8,60,70,-0.01687853937076994,0.055220246233932624,0.5714285714285714,0.0127498741699817,-0.0222335180802895,0.050409645003547006,0.6428571428571429,0.00044352321141471535,22140.17142857143,85,70,15,True,0.019896483856046417,True,0.000700673386116983
PB14_T8,300,70,-0.030039349294508126,0.11431988594610283,0.6285714285714286,0.031273092387008615,-0.030671696773808398,0.10406276913454908,0.6285714285714286,0.01615308964019926,21900.17142857143,85,70,15,True,0.04477767683262112,True,0.020855353029479988
PB14_T9,1,70,-0.003788908495546276,0.007586995857025668,0.7285714285714285,8.460019167710328e-05,-0.006749229761658726,0.0094226342000421,0.8142857142857143,8.398949508906838e-08,21899.17142857143,85,70,15,True,0.0001931881442461281,True,2.0906607026853837e-07
PB14_T9,5,70,-0.006914773610895243,0.017037170296100832,0.6714285714285714,0.0011389838866832144,-0.009332041860350016,0.017487737157922505,0.7428571428571429,3.048626306333804e-05,21895.17142857143,85,70,15,True,0.002161004573580728,True,5.573017930361531e-05
PB14_T9,30,70,-0.013301984226253501,0.04143389374255992,0.6428571428571429,0.009050733867779166,-0.016263108616718036,0.03819319007956267,0.7142857142857143,0.0006710483172574405,21870.17142857143,85,70,15,True,0.01453080181839081,True,0.0010304319716108697
PB14_T9,60,70,-0.01790785998871333,0.05844044370383643,0.6285714285714286,0.012536065017461136,-0.022234450918735573,0.05240218335045373,0.7428571428571429,0.0006987859162755039,21840.17142857143,85,70,15,True,0.01963377363342168,True,0.0010701708070619974
PB14_T9,300,70,-0.03461704442422173,0.11752369760608633,0.6857142857142857,0.016218437605414596,-0.03561362774543212,0.10868552698983486,0.6571428571428571,0.007781499194379351,21600.17142857143,85,70,15,True,0.024827072187287295,True,0.01040847066069712
PB15_T1,1,70,-0.016684812955112375,0.017306927105156026,0.9285714285714286,1.5148262801201053e-11,-0.032489464850932716,0.01894612479737887,0.9428571428571428,2.154757170879064e-22,22286.685714285715,85,70,15,True,5.651970623990242e-11,True,1.4020124341595416e-21
PB15_T1,5,70,-0.013484761342039856,0.01996815307301699,0.7571428571428571,3.3196948830583424e-07,-0.02492922752856767,0.02208820279477339,0.8714285714285714,4.69635311754697e-14,22282.685714285715,85,70,15,True,1.0105326714507993e-06,True,1.7391103988343814e-13
PB15_T1,30,70,-0.007183973160202249,0.014775978475573864,0.6857142857142857,0.00012426035073766762,-0.0121724413449101,0.016288219905497732,0.8142857142857143,2.9225707053162414e-08,22257.685714285715,85,70,15,True,0.0002780566786260632,True,7.592091569073393e-08
PB15_T1,60,70,-0.005578871356521281,0.013835193902255202,0.7,0.001219790628934269,-0.00952555274080117,0.013444427602753543,0.8285714285714286,1.0917850090969292e-07,22227.742857142857,85,70,15,True,0.0022904220776999453,True,2.700155480622685e-07
PB15_T1,300,70,-0.005333495746887524,0.012215943265695048,0.6571428571428571,0.0005010108073276454,-0.006776595875310418,0.011560704988451846,0.7285714285714285,5.9962894182376605e-06,21988.742857142857,85,70,15,True,0.0010152447737929705,True,1.2193749228964755e-05
PB15_T10,1,70,-0.004652091629159354,0.006989364068953642,0.7714285714285715,4.582593294384104e-07,-0.010644551134822919,0.009788647338202843,0.9142857142857143,1.9786112697615344e-13,21300.17142857143,85,70,15,True,1.376770420182355e-06,True,6.940354953729298e-13
PB15_T10,5,70,-0.007862185559314162,0.014974653932923321,0.7428571428571429,3.951780922007405e-05,-0.014660382785371032,0.01686273941219273,0.8714285714285714,4.232153878659251e-10,21296.17142857143,85,70,15,True,9.390811831828193e-05,True,1.2486841717137243e-09
PB15_T10,30,70,-0.013113117762104777,0.03578436460315017,0.7,0.003096919471146446,-0.021636923690752888,0.03598832273987985,0.7857142857142857,3.7195238195494028e-06,21271.17142857143,85,70,15,True,0.005357965334407096,True,7.736878264023592e-06
PB15_T10,60,70,-0.016870809212516713,0.05138431015443941,0.6714285714285714,0.007666318818707826,-0.026164914050072572,0.05007930622465865,0.7571428571428571,4.267841950981291e-05,21241.17142857143,85,70,15,True,0.012429437596731917,True,7.585079187572202e-05
PB15_T10,300,70,-0.03370046523915793,0.11016786096552775,0.6571428571428571,0.012682238600936181,-0.04151116497358837,0.10418495322775326,0.6714285714285714,0.0013816536110034824,21001.17142857143,85,70,15,True,0.01981779030585016,True,0.002047003956268024
PB15_T11,1,70,-0.004166787421635716,0.007162417845422304,0.7571428571428571,6.8923661257249875e-06,-0.009971698074120527,0.009849163857850072,0.9,2.754858135651314e-12,21000.17142857143,85,70,15,True,1.8445487966212217e-05,True,9.099459711926663e-12
PB15_T11,5,70,-0.00689817017510539,0.01556873074624515,0.7,0.0004195657147560776,-0.013962117645927715,0.017149209485231322,0.8714285714285714,2.9132845493216344e-09,20996.17142857143,85,70,15,True,0.0008649161959917968,True,8.084676588880304e-09
PB15_T11,30,70,-0.011081605007670067,0.03708977920777237,0.6571428571428571,0.014809840481283908,-0.02051668572990565,0.03730710699881184,0.7714285714285715,1.8539686826584318e-05,20971.17142857143,85,70,15,True,0.022893959222745373,True,3.4945256994007216e-05
PB15_T11,60,70,-0.01439521414911435,0.05268429730907565,0.6571428571428571,0.025326380135689865,-0.025118935722473774,0.05191312895746908,0.7142857142857143,0.00013290213011896512,20941.17142857143,85,70,15,True,0.03693653160354938,True,0.00022409802809225204
PB15_T11,300,70,-0.03328029452956859,0.1148660648018535,0.6714285714285714,0.017972698857092947,-0.041961695486135694,0.10961569381560805,0.6714285714285714,0.0020601051359324303,20701.17142857143,85,70,15,True,0.02718724805221372,True,0.0029956495842999925
PB15_T12,1,70,-0.0044478810718405724,0.00806635051202158,0.7857142857142857,1.7720072525458593e-05,-0.008948698112852265,0.009691152424724679,0.9,6.346198625314092e-11,19200.17142857143,85,70,15,True,4.501680189372043e-05,True,1.9576966430972002e-10
PB15_T12,5,70,-0.008163387154349696,0.017754579173448144,0.7571428571428571,0.0002637021963428907,-0.014737575216644209,0.01805465295831589,0.8571428571428571,2.706205324840164e-09,19196.17142857143,85,70,15,True,0.000561016680027517,True,7.558565977347476e-09
PB15_T12,30,70,-0.015552586284136164,0.042985086909843484,0.7142857142857143,0.0034691322065203505,-0.02517325609840994,0.03904234539025922,0.8,9.09772891727905e-07,19171.17142857143,85,70,15,True,0.005939470650905753,True,2.029226323229865e-06
PB15_T12,60,70,-0.0206939389342658,0.059798325146802354,0.6857142857142857,0.005067681764701627,-0.0319548679512306,0.055531196104158916,0.8285714285714286,8.404706149972544e-06,19141.17142857143,85,70,15,True,0.008429870244123313,True,1.673680103084275e-05
PB15_T12,300,70,-0.044318279656746055,0.1294357635362075,0.6857142857142857,0.0055266127536179,-0.05755694406793796,0.12287131116436395,0.7285714285714285,0.0002066439316504724,18901.17142857143,85,70,15,True,0.009162402621760962,True,0.0003407898729605643
PB15_T2,1,70,-0.01439703473752491,0.016628558658278985,0.8428571428571429,4.800203762342126e-10,-0.031267742494148876,0.018469717229487037,0.9285714285714286,4.192671637005765e-22,22753.7,85,70,15,True,1.6905916410695256e-09,True,2.619472062541577e-21
PB15_T2,5,70,-0.012379763980253849,0.02188231848197014,0.7285714285714285,1.1375932127828546e-05,-0.02719233375337911,0.024902235124988136,0.8428571428571429,1.6888323345214516e-13,22749.7,85,70,15,True,2.968568391363114e-05,True,5.96007733990972e-13
PB15_T2,30,70,-0.008367732998905999,0.020625057265091264,0.6428571428571429,0.0011436638363200831,-0.01610100788324878,0.022535492585035746,0.7571428571428571,8.927605293658401e-08,22724.7,85,70,15,True,0.002167503321166148,True,2.2174605528101924e-07
PB15_T2,60,70,-0.006047019489906549,0.020286534104176607,0.7142857142857143,0.015034530389440696,-0.01233445103439715,0.01889111236559723,0.7857142857142857,6.961412900525389e-07,22694.7,85,70,15,True,0.023210144099873816,True,1.5844322510747837e-06
PB15_T2,300,70,-0.006666296634782175,0.018766394461326767,0.6285714285714286,0.004070221085287525,-0.008916771946479052,0.017634678767650333,0.7142857142857143,7.040863047207617e-05,22454.72857142857,85,70,15,True,0.006890060680876249,True,0.00012205811253438191
PB15_T3,1,70,-0.011208918721554073,0.01347578125318102,0.8428571428571429,1.5769515644364053e-09,-0.027085987879221264,0.01566745515263881,0.9428571428571428,1.4127543776825795e-22,22768.9,85,70,15,True,5.367849906529833e-09,True,9.459430959095565e-22
PB15_T3,5,70,-0.012329266695252299,0.020604227000854097,0.7428571428571429,4.071302828826543e-06,-0.028970713931517317,0.024760565996846968,0.8857142857142857,1.1144906968461919e-14,22764.9,85,70,15,True,1.1181519295386094e-05,True,4.2831650251430404e-14
PB15_T3,30,70,-0.010816153711610212,0.03026621414925757,0.7,0.0038649343469498187,-0.024001842260291065,0.032409636290133555,0.8285714285714286,3.67878447044112e-08,22739.9,85,70,15,True,0.006565067929553429,True,9.47815182762005e-08
PB15_T3,60,70,-0.009849742417341682,0.033374490434886196,0.6571428571428571,0.016020169255184742,-0.020308196465717427,0.03052839807703717,0.7857142857142857,4.63947020358131e-07,22709.9,85,70,15,True,0.024578012778269667,True,1.080146379581922e-06
PB15_T3,300,70,-0.009377431685870748,0.03238566218517568,0.5714285714285714,0.01803992044148737,-0.013220304844266955,0.030890618224227742,0.6142857142857143,0.000633133779273715,22469.9,85,70,15,True,0.027253137352574924,True,0.0009739436173059219
PB15_T4,1,70,-0.009600181120193743,0.011209131058077266,0.8571428571428571,6.657895634591373e-10,-0.02338091570976197,0.013527907057997156,0.9428571428571428,1.4324423766972574e-22,22739.32857142857,85,70,15,True,2.3211936849155747e-09,True,9.554256589513947e-22
PB15_T4,5,70,-0.012079046870711263,0.01949906923330012,0.7285714285714285,2.0710341865119263e-06,-0.027768247075165887,0.02297655101176433,0.9142857142857143,2.9492935091211277e-15,22735.32857142857,85,70,15,True,5.9135728218171115e-06,True,1.1698988022714001e-14
PB15_T4,30,70,-0.010944205286329297,0.03591029907925622,0.6428571428571429,0.013001861241269811,-0.026369646204592388,0.03515504431395893,0.8285714285714286,2.6574884838052678e-08,22710.32857142857,85,70,15,True,0.020234878643507766,True,6.929528347335702e-08
PB15_T4,60,70,-0.010859449472290053,0.04167317484143375,0.6571428571428571,0.03265497245604012,-0.023044178945943232,0.038561912319696905,0.7428571428571429,4.175809295005606e-06,22680.32857142857,85,70,15,True,0.04642918923276486,True,8.6651192441999e-06
PB15_T4,300,70,-0.010394559600081645,0.04613839907183184,0.5857142857142857,0.0636526146766641,-0.015512875481215401,0.04404040883298717,0.6285714285714286,0.004373020094575288,22440.32857142857,85,70,15,False,0.08527327790146354,True,0.006050774859074074
PB15_T5,1,70,-0.008621793179422112,0.010098318300507277,0.8142857142857143,7.311459987966701e-10,-0.021148992317490404,0.012107137069546099,0.9714285714285714,8.218722580922403e-23,22709.757142857143,85,70,15,True,2.538803443057818e-09,True,5.771487810954468e-22
PB15_T5,5,70,-0.0109565584606701,0.018325569552314725,0.7714285714285715,4.136846177397771e-06,-0.025581873989782532,0.020786349053993982,0.9285714285714286,1.378078258498964e-15,22705.757142857143,85,70,15,True,1.1325517862844135e-05,True,5.549256097201262e-15
PB15_T5,30,70,-0.009998488633390923,0.03548198155504868,0.6857142857142857,0.02123348883126336,-0.025343961067475818,0.034234020614020304,0.8285714285714286,3.711846517735705e-08,22680.757142857143,85,70,15,True,0.031473075183189994,True,9.549100466656092e-08
PB15_T5,60,70,-0.008751610694806384,0.04357680705679763,0.6714285714285714,0.09742520570657784,-0.02118444728703488,0.040328195342700025,0.7571428571428571,3.920044800140855e-05,22650.757142857143,85,70,15,False,0.12462202358986539,True,7.032066391394891e-05
PB15_T5,300,70,-0.010306905951949217,0.05460134174247747,0.5428571428571428,0.11883319135716987,-0.01629701278483688,0.05264213492137929,0.5714285714285714,0.011695004936084687,22410.757142857143,85,70,15,False,0.14779289997804967,True,0.015357752578908175
PB15_T6,1,70,-0.007651154902280045,0.009477445009435197,0.7714285714285715,3.696482259814194e-09,-0.019362088191041453,0.011315796114325769,0.9714285714285714,2.415231842208428e-22,22680.17142857143,85,70,15,True,1.2244818991043182e-08,True,1.5626683362914344e-21
PB15_T6,5,70,-0.009492560737197236,0.017725997750702153,0.7714285714285715,2.879512659645446e-05,-0.02315613099016945,0.019834559054298262,0.9,1.218261650959664e-14,22676.17142857143,85,70,15,True,7.045833030506385e-05,True,4.650938363901846e-14
PB15_T6,30,70,-0.0076414624274060905,0.035670268148087846,0.6142857142857143,0.07746309093073621,-0.022507080515996036,0.03471855656508416,0.7571428571428571,8.11053041892566e-07,22651.17142857143,85,70,15,False,0.10168502247936687,True,1.825530583571613e-06
PB15_T6,60,70,-0.006214375931071706,0.04526454122139274,0.5571428571428572,0.2546660103310378,-0.019393781804482018,0.0423596293264715,0.7,0.00027855309789873893,22621.17142857143,85,70,15,False,0.2908664679979296,True,0.00045204368248310736
PB15_T6,300,70,-0.010467767080869272,0.06096076563286182,0.5285714285714286,0.1553348054830167,-0.01712639792177119,0.05934645275961006,0.5714285714285714,0.018414550980232817,22381.17142857143,85,70,15,False,0.18725811337886372,True,0.023607523521289378
PB15_T7,1,70,-0.005481767445360298,0.008637123284444086,0.7857142857142857,1.2649441593918257e-06,-0.015121098121634187,0.010721968403311032,0.9714285714285714,3.283325817114267e-18,22500.17142857143,85,70,15,True,3.6725899753771075e-06,True,1.537113328397115e-17
PB15_T7,5,70,-0.007143289474928909,0.017442546857753385,0.6714285714285714,0.0010345384242144693,-0.018118038807187084,0.019146383770111505,0.8428571428571429,2.8327042099778896e-11,22496.17142857143,85,70,15,True,0.001983535103030517,True,8.937893192213341e-11
PB15_T7,30,70,-0.006852692179035421,0.03749075056999222,0.5714285714285714,0.13076760967328144,-0.019697192287307284,0.03626160973403588,0.7285714285714285,2.2792504836849836e-05,22471.17142857143,85,70,15,False,0.1604410836012739,True,4.2543546305411223e-05
PB15_T7,60,70,-0.007123497180207843,0.05248494905677936,0.5,0.26007261046061364,-0.01932736513188288,0.04990978525000501,0.6142857142857143,0.0018409666195530736,22441.17142857143,85,70,15,False,0.2960628893381944,True,0.0026917228459909857
PB15_T7,300,70,-0.023483563474066896,0.0813751190249706,0.6142857142857143,0.018414267296689324,-0.027970899993184712,0.078428581287629,0.6714285714285714,0.00393337110905429,22201.17142857143,85,70,15,True,0.0277337809546912,True,0.005475342129174603
PB15_T8,1,70,-0.005165804799017407,0.007569811480926873,0.7428571428571429,2.6198388024386927e-07,-0.012939838789736185,0.009582436519172097,0.9428571428571428,2.3975395500269064e-17,22200.17142857143,85,70,15,True,8.018254449249192e-07,True,1.056568768538643e-16
PB15_T8,5,70,-0.007784848941660502,0.015710887371378008,0.7142857142857143,9.479466747236773e-05,-0.01576998607758227,0.016717978539618688,0.8714285714285714,3.147981575734459e-11,22196.17142857143,85,70,15,True,0.00021575466147366964,True,9.887553012069473e-11
PB15_T8,30,70,-0.01088407611757202,0.03493702063640422,0.6428571428571429,0.01119986422231148,-0.020400251212966004,0.03321101048144725,0.7428571428571429,2.4492985883763587e-06,22171.17142857143,85,70,15,True,0.017717733923116454,True,5.230115341681285e-06
PB15_T8,60,70,-0.013410204674620903,0.04928422265144754,0.5571428571428572,0.02591931984319345,-0.023394457821090245,0.04610181164987156,0.6285714285714286,6.67372875663366e-05,22141.17142857143,85,70,15,True,0.037705789498203524,True,0.00011598457170105278
PB15_T8,300,70,-0.030585365373155954,0.09303532801503465,0.6571428571428571,0.0075920620245451065,-0.0338223224742223,0.09136099357252886,0.6714285714285714,0.0028228648122652963,21901.17142857143,85,70,15,True,0.012332192898356062,True,0.00402351399602995
PB15_T9,1,70,-0.00472353236768154,0.007523648350560817,0.7428571428571429,1.5803784179089562e-06,-0.01172287494259551,0.009816139420580832,0.9285714285714286,4.827201433855515e-15,21900.17142857143,85,70,15,True,4.546384208056214e-06,True,1.88452125323762e-14
PB15_T9,5,70,-0.007445187432392364,0.015761087944220438,0.7,0.00018472822770086302,-0.014657169270511023,0.017114085475418872,0.9,6.662986341006733e-10,21896.17142857143,85,70,15,True,0.0004016589217787802,True,1.9459524774453306e-09
PB15_T9,30,70,-0.010917600176908602,0.03649334348672053,0.6428571428571429,0.014685820341457502,-0.01963230145744506,0.03575978336065921,0.7571428571428571,1.907976372385174e-05,21871.17142857143,85,70,15,True,0.022722574688641143,True,3.592405201511489e-05
PB15_T9,60,70,-0.013492518698291604,0.051452432779242295,0.6571428571428571,0.03160611065016235,-0.02248566925958822,0.049508277524763326,0.6857142857142857,0.00030851923315080204,21841.17142857143,85,70,15,True,0.04517960790083199,True,0.0004971711763999514
PB15_T9,300,70,-0.030999947109467126,0.10016159879721809,0.6285714285714286,0.011716177034059258,-0.03507385115161325,0.09802640069085379,0.6571428571428571,0.0038246405993593684,21601.17142857143,85,70,15,True,0.01843323845750216,True,0.005336887990192604
PB16_T1,1,70,-0.011048502309657409,0.01351215503647517,0.8285714285714286,2.5779745356935657e-09,-0.02383269847990355,0.015072820874142131,0.9428571428571428,1.3355207031646018e-20,22642.514285714286,85,70,15,True,8.655881458524072e-09,True,7.066193000664164e-20
PB16_T1,5,70,-0.009380899308955288,0.020446097284258873,0.6428571428571429,0.0002710472447071996,-0.020792259677548462,0.02274044508139248,0.7714285714285715,8.729542452325811e-11,22638.514285714286,85,70,15,True,0.0005762881418236152,True,2.678558541099972e-10
PB16_T1,30,70,-0.005766704496935834,0.01702416362700212,0.6571428571428571,0.006022649543452616,-0.011636417319670479,0.018773020630453847,0.7142857142857143,2.0457856648828163e-06,22613.514285714286,85,70,15,True,0.009946584212537662,True,4.403856368953352e-06
PB16_T1,60,70,-0.004432709953680291,0.01673545072553416,0.6714285714285714,0.029988241525389838,-0.009244411594077014,0.016151471169358445,0.7857142857142857,9.255907956189365e-06,22583.52857142857,85,70,15,True,0.04309874146015886,True,1.8305187171513597e-05
PB16_T1,300,70,-0.0053292390453064525,0.014935479245579053,0.6571428571428571,0.003916692514362334,-0.007021563447448583,0.0144034727030773,0.6714285714285714,0.00011967855583326181,22343.742857142857,85,70,15,True,0.006646450214696397,True,0.00020279029445998995
PB16_T10,1,70,-0.003772122124537631,0.0066750372792785725,0.7571428571428571,1.1602420554345878e-05,-0.008997629910055926,0.0097477752400366,0.8714285714285714,6.423518796291764e-11,21300.17142857143,85,70,15,True,3.0162801365887894e-05,True,1.97977318833078e-10
PB16_T10,5,70,-0.007097665158983501,0.014811144000412538,0.7285714285714285,0.0001519439004848078,-0.013282617809133531,0.016763685828209685,0.8714285714285714,6.207746233886621e-09,21296.17142857143,85,70,15,True,0.0003352274432790619,True,1.671688483092617e-08
PB16_T10,30,70,-0.012696428193977378,0.03577385338733997,0.6857142857142857,0.004101464683836811,-0.020940402161634935,0.03607688885450505,0.7857142857142857,7.18437979388734e-06,21271.17142857143,85,70,15,True,0.006925982640594419,True,1.4490386566188417e-05
PB16_T10,60,70,-0.016553313177708757,0.05137355140145093,0.6714285714285714,0.008813309575659968,-0.025675915258675287,0.05010842231192753,0.7571428571428571,5.7625162605212076e-05,21241.17142857143,85,70,15,True,0.014182573164371303,True,0.00010085863059828152
PB16_T10,300,70,-0.033569664604085975,0.11026981315311,0.6571428571428571,0.013096936991012944,-0.0413637645292733,0.10426143402594505,0.6714285714285714,0.0014439024212809545,21001.17142857143,85,70,15,True,0.020355338418330957,True,0.0021346524884577225
PB16_T11,1,70,-0.0033481875466133395,0.006908388688147509,0.7142857142857143,0.00012990448602472247,-0.008427326122280828,0.00979553360668209,0.8571428571428571,5.815766178664961e-10,21000.17142857143,85,70,15,True,0.00028974822415456177,True,1.7057276865269475e-09
PB16_T11,5,70,-0.006202927404680467,0.015417363988593107,0.7,0.0012488295314803746,-0.01268003573811573,0.017065238559548064,0.8428571428571429,3.383043518782046e-08,20996.17142857143,85,70,15,True,0.002333534900629905,True,8.74881389026345e-08
PB16_T11,30,70,-0.010711982669837916,0.03708360974661353,0.6428571428571429,0.018307070032667294,-0.019866574893691754,0.037385639952793086,0.7714285714285715,3.2621641853534574e-05,20971.17142857143,85,70,15,True,0.027620492123522054,True,5.9507799685301984e-05
PB16_T11,60,70,-0.014116851500532226,0.05266426415002395,0.6571428571428571,0.028131658661842075,-0.024641824573595077,0.05191367504697116,0.7142857142857143,0.000173042204834875,20941.17142857143,85,70,15,True,0.04063331131967574,True,0.00028798690640871534
PB16_T11,300,70,-0.03317357118858141,0.11497123046825068,0.6714285714285714,0.01843219489069987,-0.04182088281158718,0.10969178360197263,0.6714285714285714,0.002142186400877542,20701.17142857143,85,70,15,True,0.027748685554408736,True,0.0030993526026096767
PB16_T12,1,70,-0.0038180523037134586,0.007844537623908299,0.7571428571428571,0.00012239804093720855,-0.007690436011535667,0.009684258703959529,0.8714285714285714,5.83837193375178e-09,19200.17142857143,85,70,15,True,0.00027424463776787,True,1.5771364371471775e-08
PB16_T12,5,70,-0.00761103662327903,0.017607320593299544,0.7428571428571429,0.0005637179040174291,-0.0136962058275118,0.018003791748562734,0.8571428571428571,1.845201608148416e-08,19196.17142857143,85,70,15,True,0.0011343304358650073,True,4.8406769598730275e-08
PB16_T12,30,70,-0.015257217294562864,0.04292943469651507,0.7,0.004052880130265673,-0.02462157627797463,0.03910744435902203,0.8,1.4924866145282682e-06,19171.17142857143,85,70,15,True,0.006867435434069593,True,3.2636337045539026e-06
PB16_T12,60,70,-0.02045027870407219,0.059685683216121665,0.6857142857142857,0.005495829192811047,-0.031529816021560284,0.05549634416058043,0.8285714285714286,1.0557182485359823e-05,19141.17142857143,85,70,15,True,0.009120120010164346,True,2.068920333914815e-05
PB16_T12,300,70,-0.044229293471597125,0.1294385399904142,0.6857142857142857,0.005617795712652261,-0.05743283595091467,0.12287524446935273,0.7285714285714285,0.00021273437363879255,18901.17142857143,85,70,15,True,0.009304642467504105,True,0.0003503323455300421
PB16_T2,1,70,-0.008764311369516865,0.01299341035130287,0.7571428571428571,3.4084587006416464e-07,-0.02235737015574745,0.014774042389073894,0.9428571428571428,1.1541420083103676e-19,22773.514285714286,85,70,15,True,1.0366395079856414e-06,True,5.704664719187869e-19
PB16_T2,5,70,-0.008417875121153134,0.020760541339957916,0.6285714285714286,0.0011506321573746174,-0.02228753008298681,0.024029381971206725,0.8142857142857143,5.488659374443764e-11,22769.514285714286,85,70,15,True,0.0021783200568379745,True,1.6992220554393553e-10
PB16_T2,30,70,-0.007229784736887276,0.021974031363951603,0.6428571428571429,0.007545991151348164,-0.01578706421784495,0.024152889987808183,0.7428571428571429,6.801395550072874e-07,22744.514285714286,85,70,15,True,0.012274670163798448,True,1.5521018246698667e-06
PB16_T2,60,70,-0.005104499913030768,0.02252119461727121,0.6571428571428571,0.0621056369898312,-0.012253587125672556,0.021074617906774708,0.7857142857142857,6.9618957911836815e-06,22714.514285714286,85,70,15,False,0.08345973387781673,True,1.408275758696699e-05
PB16_T2,300,70,-0.0065472184273108235,0.020748419885456865,0.6,0.010240448077093097,-0.009147619951407013,0.019774248570328147,0.7,0.00024365449854314762,22474.514285714286,85,70,15,True,0.016291501405620506,True,0.0003980266158234397
PB16_T3,1,70,-0.007371544869967228,0.010680307757182891,0.7714285714285715,2.020194802287565e-07,-0.02002660718653379,0.013406927588411105,0.9428571428571428,2.1629761434107528e-19,22768.928571428572,85,70,15,True,6.22083158814932e-07,True,1.0630273933832363e-18
PB16_T3,5,70,-0.009260970938729213,0.019588840344361032,0.7142857142857143,0.00018268750654950434,-0.024058934466156645,0.02399304041437399,0.8571428571428571,3.875608255713243e-12,22764.928571428572,85,70,15,True,0.0003984755903589252,True,1.2716264504738134e-11
PB16_T3,30,70,-0.009597143429449978,0.030898832639758643,0.6857142857142857,0.011434557663657169,-0.022717044293720227,0.032898516569405574,0.7857142857142857,1.9987265524211238e-07,22739.928571428572,85,70,15,True,0.018039926918416452,True,4.832470425902717e-07
PB16_T3,60,70,-0.009096231918329164,0.03461300682610982,0.6428571428571429,0.031252977094026725,-0.01958024268821031,0.031794362744458966,0.7714285714285715,2.327977372430885e-06,22709.928571428572,85,70,15,True,0.04476742780259632,True,4.986461141815689e-06
PB16_T3,300,70,-0.009191723456427795,0.033573784756312494,0.5714285714285714,0.025048037413442872,-0.013201490690930885,0.032286621749252516,0.6142857142857143,0.0010523103266205762,22469.928571428572,85,70,15,True,0.03656145723001484,True,0.00158144070399047
PB16_T4,1,70,-0.0066673234463098825,0.009424368868620298,0.7714285714285715,1.1314145336340643e-07,-0.01773977761381821,0.012351190183952756,0.9571428571428572,1.3987507021125583e-18,22739.35714285714,85,70,15,True,3.540794577631968e-07,True,6.656589085122437e-18
PB16_T4,5,70,-0.009667108201724143,0.01878470950841599,0.7,5.394589253466261e-05,-0.02368656542161993,0.022362052491651557,0.9142857142857143,5.318132143090458e-13,22735.35714285714,85,70,15,True,0.0001261902902554227,True,1.8319188987415286e-12
PB16_T4,30,70,-0.009743129213133642,0.036457209653385364,0.6142857142857143,0.028591405538760176,-0.024765472893335586,0.03546957073626117,0.8142857142857143,1.5439505817347216e-07,22710.35714285714,85,70,15,True,0.04124563930539307,True,3.7832264254563567e-07
PB16_T4,60,70,-0.010037610549359708,0.042335383273860154,0.6428571428571429,0.05126958333623457,-0.02204622949283019,0.039249743016884615,0.7285714285714285,1.2901129497731786e-05,22680.35714285714,85,70,15,False,0.07026434368373281,True,2.4887438534150373e-05
PB16_T4,300,70,-0.010147684116194246,0.046942391256020816,0.5714285714285714,0.07486483895953315,-0.015406179198896695,0.0448667940293171,0.6285714285714286,0.005400318991228983,22440.35714285714,85,70,15,False,0.09879395056605016,True,0.007360324958403351
PB16_T5,1,70,-0.006010392868118962,0.0087697263900271,0.7285714285714285,2.375320895763892e-07,-0.016224195562152273,0.011343912500744784,0.9571428571428572,1.7063208539323276e-18,22709.785714285714,85,70,15,True,7.301364497210185e-07,True,8.06475861879096e-18
PB16_T5,5,70,-0.008672123987572318,0.017646022740805786,0.7428571428571429,0.00010669224684444284,-0.021766721589180187,0.02027659855048832,0.9,3.225168301885266e-13,22705.785714285714,85,70,15,True,0.00024061469507020235,True,1.124415386782401e-12
PB16_T5,30,70,-0.008830040207647558,0.03578090490170533,0.6714285714285714,0.04271036429117706,-0.023698689387415775,0.034430868274692265,0.7857142857142857,2.1529387068607453e-07,22680.785714285714,85,70,15,False,0.05974263507126184,True,5.187171012694473e-07
PB16_T5,60,70,-0.007902442738871062,0.043943056299234236,0.6428571428571429,0.1369917341466008,-0.020141279319103127,0.04067226997363825,0.7714285714285715,9.562168264661308e-05,22650.785714285714,85,70,15,False,0.16748281722452432,True,0.00016347002154579326
PB16_T5,300,70,-0.010081037771895533,0.05520707306150471,0.5428571428571428,0.1311397211021055,-0.016138482240026404,0.053283309542718836,0.5714285714285714,0.013548165184674759,22410.785714285714,85,70,15,False,0.16078344088281565,True,0.017617203881464545
PB16_T6,1,70,-0.005272178789814054,0.008376046091000478,0.7571428571428571,1.499904286353607e-06,-0.0149690144183298,0.010786589078628091,0.9428571428571428,6.9145859305249385e-18,22680.17142857143,85,70,15,True,4.343813335584e-06,True,3.172628737046967e-17
PB16_T6,5,70,-0.007371037647502821,0.017208732772561224,0.7142857142857143,0.0006270203686931616,-0.01966526373201244,0.019497466158000326,0.8714285714285714,3.153059891474857e-12,22676.17142857143,85,70,15,True,0.0012493398926383351,True,1.0394868249089344e-11
PB16_T6,30,70,-0.006549420498760822,0.03582279893578396,0.6142857142857143,0.13067497969215308,-0.020978669614021745,0.03490514547459634,0.7571428571428571,3.7434819683067268e-06,22651.17142857143,85,70,15,False,0.1604410836012739,True,7.782027798134621e-06
PB16_T6,60,70,-0.00540931631388286,0.04557077621331734,0.5571428571428572,0.32411791208495366,-0.01836724530791533,0.04261894262614449,0.6714285714285714,0.0005839477908405976,22621.17142857143,85,70,15,False,0.3614678457887395,True,0.0009031063640797961
PB16_T6,300,70,-0.010270260584301612,0.06144100031625501,0.5142857142857142,0.16643220918324975,-0.01696322939085661,0.059861336047151534,0.5714285714285714,0.02054347792361854,22381.17142857143,85,70,15,False,0.1997996117887866,True,0.02623945146990834
PB16_T7,1,70,-0.00383352860440486,0.007977287682755331,0.7,0.00014618944103424205,-0.012071097464173085,0.010591310708836097,0.9,3.1917979816926975e-14,22500.17142857143,85,70,15,True,0.0003239798067821079,True,1.189607554126027e-13
PB16_T7,5,70,-0.005667526933396055,0.017044777405453758,0.6571428571428571,0.006962027953209059,-0.01563853881912173,0.01877340214986698,0.8428571428571429,1.51056156256228e-09,22496.17142857143,85,70,15,True,0.011383722942895079,True,4.295465184076278e-09
PB16_T7,30,70,-0.00608097202979519,0.0374832987142776,0.5571428571428572,0.1791007864749671,-0.01850229771733635,0.03617458989970215,0.7142857142857143,5.924688239228008e-05,22471.17142857143,85,70,15,False,0.2130097133463034,True,0.00010353969583476363
PB16_T7,60,70,-0.0065795479982690835,0.05264104929468182,0.5,0.29933425814746895,-0.018493715149404188,0.04997542023922417,0.6142857142857143,0.0028332925406759457,22441.17142857143,85,70,15,False,0.3360073735643613,True,0.004035047703229757
PB16_T7,300,70,-0.023395383067114583,0.08158625507636609,0.6142857142857143,0.019137791717252144,-0.027760985618077997,0.07863195374727766,0.6714285714285714,0.004289033282108669,22201.17142857143,85,70,15,True,0.02871084254585591,True,0.005944087440708163
PB16_T8,1,70,-0.003921790528049045,0.0071195082377175,0.7428571428571429,1.8028041661747736e-05,-0.010663655323169197,0.00954034914210386,0.9,6.862097975729564e-14,22200.17142857143,85,70,15,True,4.566487092473491e-05,True,2.514162089729124e-13
PB16_T8,5,70,-0.006682017180296218,0.015464267341821257,0.6857142857142857,0.000566345166273736,-0.013887705170431502,0.016491163430968427,0.8714285714285714,1.0989198295960402e-09,22196.17142857143,85,70,15,True,0.0011382911864315055,True,3.1430198768661576e-09
PB16_T8,30,70,-0.010332817570945181,0.03487459754728954,0.6428571428571429,0.015627203186286527,-0.01952237221557187,0.03314939762518562,0.7142857142857143,5.497843100222803e-06,22171.17142857143,85,70,15,True,0.024039174981576115,True,1.1252990468761721e-05
PB16_T8,60,70,-0.013015584654414016,0.04927209196526563,0.5571428571428572,0.03041788781197606,-0.022762310007305095,0.04604278381272442,0.6285714285714286,9.798333977522816e-05,22141.17142857143,85,70,15,True,0.04367988461777943,True,0.00016717651304859916
PB16_T8,300,70,-0.030445911150205746,0.09318248402494497,0.6571428571428571,0.00795111904211169,-0.033637090426373875,0.09154050883742754,0.6857142857142857,0.0030210878292936576,21901.17142857143,85,70,15,True,0.012879098120251238,True,0.004283076918428226
PB16_T9,1,70,-0.003678785682999663,0.007134140726790496,0.7,5.2312151430300967e-05,-0.009763125445096275,0.009755134011850963,0.9142857142857143,4.147770338882341e-12,21900.17142857143,85,70,15,True,0.00012270093903033933,True,1.35963439476646e-11
PB16_T9,5,70,-0.0064942684028751595,0.015505899581831867,0.6714285714285714,0.0008090026244909583,-0.012983406277279844,0.016948054626453688,0.8571428571428571,1.5364669846107596e-08,21896.17142857143,85,70,15,True,0.0015827316351167953,True,4.049194074622559e-08
PB16_T9,30,70,-0.010423519698007913,0.036462636811970095,0.6428571428571429,0.019498378909174687,-0.018796175434908205,0.03578319688664719,0.7428571428571429,3.9226107081991515e-05,21871.17142857143,85,70,15,True,0.029213746370858,True,7.033015047653383e-05
PB16_T9,60,70,-0.013125866321541571,0.0514175235548886,0.6571428571428571,0.0362443831626178,-0.02189010707940423,0.04947834706297896,0.6857142857142857,0.0004272548750994113,21841.17142857143,85,70,15,False,0.05130042762263191,True,0.00067745093780104
PB16_T9,300,70,-0.03085516469691282,0.10026340945299224,0.6285714285714286,0.012179588798581253,-0.03489335065894019,0.09813893773633278,0.6571428571428571,0.004038407033353427,21601.17142857143,85,70,15,True,0.019144895040536045,True,0.005614767122831424
PB17_T1,1,70,-0.016684812955112375,0.017306927105156026,0.9285714285714286,1.5148262801201053e-11,-0.032489464850932716,0.01894612479737887,0.9428571428571428,2.154757170879064e-22,22286.685714285715,85,70,15,True,5.651970623990242e-11,True,1.4020124341595416e-21
PB17_T1,5,70,-0.013484761342039858,0.01996815307301699,0.7571428571428571,3.3196948830583424e-07,-0.02492922752856767,0.02208820279477339,0.8714285714285714,4.69635311754697e-14,22282.685714285715,85,70,15,True,1.0105326714507993e-06,True,1.7391103988343814e-13
PB17_T1,30,70,-0.007183973160202247,0.014775978475573862,0.6857142857142857,0.00012426035073766762,-0.0121724413449101,0.016288219905497732,0.8142857142857143,2.9225707053162414e-08,22257.685714285715,85,70,15,True,0.0002780566786260632,True,7.592091569073393e-08
PB17_T1,60,70,-0.005578871356521281,0.013835193902255202,0.7,0.001219790628934269,-0.00952555274080117,0.013444427602753543,0.8285714285714286,1.0917850090969292e-07,22227.742857142857,85,70,15,True,0.0022904220776999453,True,2.700155480622685e-07
PB17_T1,300,70,-0.005333495746887523,0.012215943265695048,0.6571428571428571,0.0005010108073276454,-0.006776595875310418,0.011560704988451846,0.7285714285714285,5.9962894182376605e-06,21988.742857142857,85,70,15,True,0.0010152447737929705,True,1.2193749228964755e-05
PB17_T10,1,70,-0.004652091629159354,0.006989364068953642,0.7714285714285715,4.582593294384104e-07,-0.010644550691940785,0.009788652486834856,0.9142857142857143,1.9786540171992358e-13,21300.17142857143,85,70,15,True,1.376770420182355e-06,True,6.940354953729298e-13
PB17_T10,5,70,-0.007862185559314162,0.014974653932923323,0.7428571428571429,3.951780922007405e-05,-0.014660386725385638,0.01686274234909192,0.8714285714285714,4.232141677845517e-10,21296.17142857143,85,70,15,True,9.390811831828193e-05,True,1.2486841717137243e-09
PB17_T10,30,70,-0.013113117762104777,0.03578436460315016,0.7,0.0030969194711464405,-0.021636931539367334,0.035988322986031974,0.7857142857142857,3.719498429612617e-06,21271.17142857143,85,70,15,True,0.005357965334407096,True,7.736878264023592e-06
PB17_T10,60,70,-0.016870809212516703,0.05138431015443941,0.6714285714285714,0.007666318818707877,-0.026164917884505413,0.05007930704609342,0.7571428571428571,4.2678332503362185e-05,21241.17142857143,85,70,15,True,0.012429437596731917,True,7.585079187572202e-05
PB17_T10,300,70,-0.033700465239157915,0.11016786096552776,0.6571428571428571,0.012682238600936238,-0.041511170655407756,0.10418495466507909,0.6714285714285714,0.0013816518585911348,21001.17142857143,85,70,15,True,0.01981779030585016,True,0.002047003956268024
PB17_T11,1,70,-0.004166787421635714,0.007162417845422302,0.7571428571428571,6.892366125725028e-06,-0.00997169990397015,0.00984916325907139,0.9,2.754834150064346e-12,21000.17142857143,85,70,15,True,1.8445487966212217e-05,True,9.099459711926663e-12
PB17_T11,5,70,-0.00689817017510539,0.015568730746245155,0.7,0.00041956571475607854,-0.013962119198200618,0.01714921285074245,0.8714285714285714,2.9132915638656957e-09,20996.17142857143,85,70,15,True,0.0008649161959917968,True,8.084676588880304e-09
PB17_T11,30,70,-0.011081605007670067,0.03708977920777237,0.6571428571428571,0.014809840481283908,-0.020516685538990727,0.037307107965005665,0.7714285714285715,1.8539697849497894e-05,20971.17142857143,85,70,15,True,0.022893959222745373,True,3.4945256994007216e-05
PB17_T11,60,70,-0.01439521414911435,0.05268429730907565,0.6571428571428571,0.025326380135689865,-0.02511893894764971,0.051913129514762076,0.7142857142857143,0.00013290191186326607,20941.17142857143,85,70,15,True,0.03693653160354938,True,0.00022409802809225204
PB17_T11,300,70,-0.03328029452956859,0.1148660648018535,0.6714285714285714,0.017972698857092947,-0.04196169530288101,0.10961569360401474,0.6714285714285714,0.002060105184456377,20701.17142857143,85,70,15,True,0.02718724805221372,True,0.0029956495842999925
PB17_T12,1,70,-0.004447881071840573,0.008066350512021581,0.7857142857142857,1.7720072525458695e-05,-0.00894869706880752,0.009691152465389716,0.9,6.346223560836076e-11,19200.17142857143,85,70,15,True,4.501680189372043e-05,True,1.9576966430972002e-10
PB17_T12,5,70,-0.008163387154349694,0.01775457917344814,0.7571428571428571,0.0002637021963428907,-0.014737574152382289,0.01805465211138503,0.8571428571428571,2.706207268879545e-09,19196.17142857143,85,70,15,True,0.000561016680027517,True,7.558565977347476e-09
PB17_T12,30,70,-0.015552586284136161,0.04298508690984349,0.7142857142857143,0.0034691322065203505,-0.02517325486540568,0.039042347145188804,0.8,9.09774696000886e-07,19171.17142857143,85,70,15,True,0.005939470650905753,True,2.029226323229865e-06
PB17_T12,60,70,-0.0206939389342658,0.05979832514680236,0.6857142857142857,0.005067681764701627,-0.031954863966264124,0.055531198729906625,0.8285714285714286,8.404732210857358e-06,19141.17142857143,85,70,15,True,0.008429870244123313,True,1.673680103084275e-05
PB17_T12,300,70,-0.044318279656746076,0.12943576353620748,0.6857142857142857,0.005526612753617868,-0.05755694606925112,0.12287131452564468,0.7285714285714285,0.00020664391129888274,18901.17142857143,85,70,15,True,0.009162402621760962,True,0.0003407898729605643
PB17_T2,1,70,-0.014397034737524914,0.01662855865827899,0.8428571428571429,4.800203762342126e-10,-0.031267742494148876,0.018469717229487037,0.9285714285714286,4.192671637005765e-22,22753.7,85,70,15,True,1.6905916410695256e-09,True,2.619472062541577e-21
PB17_T2,5,70,-0.012379763980253849,0.02188231848197014,0.7285714285714285,1.1375932127828546e-05,-0.02719233375337911,0.024902235124988136,0.8428571428571429,1.6888323345214516e-13,22749.7,85,70,15,True,2.968568391363114e-05,True,5.96007733990972e-13
PB17_T2,30,70,-0.008367732998905999,0.020625057265091264,0.6428571428571429,0.0011436638363200831,-0.01610100788324878,0.022535492585035746,0.7571428571428571,8.927605293658401e-08,22724.7,85,70,15,True,0.002167503321166148,True,2.2174605528101924e-07
PB17_T2,60,70,-0.006047019489906551,0.020286534104176607,0.7142857142857143,0.015034530389440649,-0.01233445103439715,0.01889111236559723,0.7857142857142857,6.961412900525389e-07,22694.7,85,70,15,True,0.023210144099873816,True,1.5844322510747837e-06
PB17_T2,300,70,-0.006666296634782173,0.018766394461326764,0.6285714285714286,0.004070221085287533,-0.008916771946479052,0.017634678767650333,0.7142857142857143,7.040863047207617e-05,22454.72857142857,85,70,15,True,0.006890060680876249,True,0.00012205811253438191
PB17_T3,1,70,-0.011208918721554073,0.013475781253181019,0.8428571428571429,1.5769515644364053e-09,-0.027085988000557296,0.01566745509215917,0.9428571428571428,1.4127537635222428e-22,22768.9,85,70,15,True,5.367849906529833e-09,True,9.459430959095565e-22
PB17_T3,5,70,-0.0123292666952523,0.020604227000854094,0.7428571428571429,4.071302828826518e-06,-0.028970713971511904,0.02476056593848249,0.8857142857142857,1.1144905280780544e-14,22764.9,85,70,15,True,1.1181519295386094e-05,True,4.2831650251430404e-14
PB17_T3,30,70,-0.010816153711610208,0.030266214149257575,0.7,0.0038649343469498334,-0.02400184218545243,0.03240963631579194,0.8285714285714286,3.6787848338172176e-08,22739.9,85,70,15,True,0.006565067929553429,True,9.47815182762005e-08
PB17_T3,60,70,-0.009849742417341685,0.033374490434886196,0.6571428571428571,0.016020169255184687,-0.02030819629478246,0.030528398055363722,0.7857142857142857,4.639470990736823e-07,22709.9,85,70,15,True,0.024578012778269667,True,1.080146379581922e-06
PB17_T3,300,70,-0.009377431685870748,0.032385662185175676,0.5714285714285714,0.01803992044148737,-0.01322030465999317,0.030890617985849605,0.6142857142857143,0.0006331338247378004,22469.9,85,70,15,True,0.027253137352574924,True,0.0009739436173059219
PB17_T4,1,70,-0.009600181120193743,0.011209131058077268,0.8571428571428571,6.657895634591418e-10,-0.023380915276530266,0.013527907672777305,0.9428571428571428,1.4324471529285746e-22,22739.32857142857,85,70,15,True,2.3211936849155747e-09,True,9.554256589513947e-22
PB17_T4,5,70,-0.012079046870711263,0.019499069233300116,0.7285714285714285,2.0710341865119195e-06,-0.027768246728820972,0.0229765512400027,0.9142857142857143,2.949296256956265e-15,22735.32857142857,85,70,15,True,5.9135728218171115e-06,True,1.1698988022714001e-14
PB17_T4,30,70,-0.010944205286329294,0.03591029907925622,0.6428571428571429,0.013001861241269825,-0.026369645828569432,0.035155044163038905,0.8285714285714286,2.657489163594734e-08,22710.32857142857,85,70,15,True,0.020234878643507766,True,6.929528347335702e-08
PB17_T4,60,70,-0.010859449472290058,0.04167317484143375,0.6571428571428571,0.032654972456040064,-0.02304417871687509,0.03856191227752234,0.7428571428571429,4.175809997566666e-06,22680.32857142857,85,70,15,True,0.04642918923276486,True,8.6651192441999e-06
PB17_T4,300,70,-0.010394559600081643,0.04613839907183184,0.5857142857142857,0.0636526146766641,-0.015512875470864126,0.044040408940325494,0.6285714285714286,0.004373020209293188,22440.32857142857,85,70,15,False,0.08527327790146354,True,0.006050774859074074
PB17_T5,1,70,-0.00862179317942211,0.010098318300507279,0.8142857142857143,7.311459987966799e-10,-0.021148991858970023,0.012107137079809828,0.9714285714285714,8.218732280722427e-23,22709.757142857143,85,70,15,True,2.538803443057818e-09,True,5.771487810954468e-22
PB17_T5,5,70,-0.0109565584606701,0.018325569552314725,0.7714285714285715,4.136846177397771e-06,-0.02558187382073522,0.020786349056203725,0.9285714285714286,1.3780786487405738e-15,22705.757142857143,85,70,15,True,1.1325517862844135e-05,True,5.549256097201262e-15
PB17_T5,30,70,-0.00999848863339092,0.03548198155504869,0.6857142857142857,0.02123348883126344,-0.025343960157251606,0.03423402067497927,0.8285714285714286,3.711850051148808e-08,22680.757142857143,85,70,15,True,0.031473075183189994,True,9.549100466656092e-08
PB17_T5,60,70,-0.008751610694806386,0.04357680705679763,0.6714285714285714,0.09742520570657784,-0.021184446694783202,0.04032819517420363,0.7571428571428571,3.920046272019265e-05,22650.757142857143,85,70,15,False,0.12462202358986539,True,7.032066391394891e-05
PB17_T5,300,70,-0.010306905951949219,0.05460134174247747,0.5428571428571428,0.1188331913571699,-0.01629701244747475,0.052642134779880445,0.5714285714285714,0.011695006377744547,22410.757142857143,85,70,15,False,0.14779289997804967,True,0.015357752578908175
PB17_T6,1,70,-0.007651154902280047,0.009477445009435197,0.7714285714285715,3.696482259814193e-09,-0.019362087723342875,0.011315796439776853,0.9714285714285714,2.415238470563317e-22,22680.17142857143,85,70,15,True,1.2244818991043182e-08,True,1.5626683362914344e-21
PB17_T6,5,70,-0.009492560737197236,0.017725997750702153,0.7714285714285715,2.879512659645446e-05,-0.023156130891543163,0.01983455957750549,0.9,1.2182631604431752e-14,22676.17142857143,85,70,15,True,7.045833030506385e-05,True,4.650938363901846e-14
PB17_T6,30,70,-0.007641462427406095,0.035670268148087846,0.6142857142857143,0.07746309093073599,-0.022507079918995004,0.03471855633509786,0.7571428571428571,8.110533851758107e-07,22651.17142857143,85,70,15,False,0.10168502247936687,True,1.825530583571613e-06
PB17_T6,60,70,-0.0062143759310717,0.04526454122139275,0.5571428571428572,0.2546660103310382,-0.019393781469484797,0.042359628755313905,0.7,0.00027855311143459784,22621.17142857143,85,70,15,False,0.2908664679979296,True,0.00045204368248310736
PB17_T6,300,70,-0.010467767080869269,0.06096076563286182,0.5285714285714286,0.15533480548301692,-0.01712639774322216,0.0593464524855769,0.5714285714285714,0.018414551632380573,22381.17142857143,85,70,15,False,0.18725811337886372,True,0.023607523521289378
PB17_T7,1,70,-0.005481767445360298,0.008637123284444086,0.7857142857142857,1.2649441593918217e-06,-0.015121097933415754,0.010721968385124313,0.9714285714285714,3.283327456894561e-18,22500.17142857143,85,70,15,True,3.6725899753771075e-06,True,1.537113328397115e-17
PB17_T7,5,70,-0.007143289474928909,0.017442546857753382,0.6714285714285714,0.0010345384242144693,-0.0181180391646688,0.019146383636504206,0.8428571428571429,2.83270168752985e-11,22496.17142857143,85,70,15,True,0.001983535103030517,True,8.937893192213341e-11
PB17_T7,30,70,-0.006852692179035425,0.03749075056999222,0.5714285714285714,0.13076760967328127,-0.01969719248379587,0.036261609600258086,0.7285714285714285,2.2792499670482492e-05,22471.17142857143,85,70,15,False,0.1604410836012739,True,4.2543546305411223e-05
PB17_T7,60,70,-0.007123497180207841,0.052484949056779355,0.5,0.26007261046061364,-0.01932736467217939,0.04990978519017916,0.6142857142857143,0.0018409670289657595,22441.17142857143,85,70,15,False,0.2960628893381944,True,0.0026917228459909857
PB17_T7,300,70,-0.023483563474066896,0.0813751190249706,0.6142857142857143,0.018414267296689324,-0.02797089968300689,0.07842858174513799,0.6714285714285714,0.003933371682955532,22201.17142857143,85,70,15,True,0.0277337809546912,True,0.005475342129174603
PB17_T8,1,70,-0.005165804799017408,0.007569811480926874,0.7428571428571429,2.6198388024386927e-07,-0.012939839386771738,0.009582436118401084,0.9428571428571428,2.397530033426087e-17,22200.17142857143,85,70,15,True,8.018254449249192e-07,True,1.056568768538643e-16
PB17_T8,5,70,-0.007784848941660505,0.01571088737137801,0.7142857142857143,9.479466747236746e-05,-0.015769986057878518,0.01671797999740862,0.8714285714285714,3.14799082873413e-11,22196.17142857143,85,70,15,True,0.00021575466147366964,True,9.887553012069473e-11
PB17_T8,30,70,-0.010884076117572012,0.03493702063640421,0.6428571428571429,0.01119986422231153,-0.0204002514748224,0.0332110105504688,0.7428571428571429,2.4492980677030046e-06,22171.17142857143,85,70,15,True,0.017717733923116454,True,5.230115341681285e-06
PB17_T8,60,70,-0.013410204674620908,0.04928422265144753,0.5571428571428572,0.025919319843193372,-0.023394458636022943,0.04610181059652973,0.6285714285714286,6.673722983124382e-05,22141.17142857143,85,70,15,True,0.037705789498203524,True,0.00011598457170105278
PB17_T8,300,70,-0.030585365373155954,0.09303532801503465,0.6571428571428571,0.0075920620245451065,-0.03382232342661655,0.0913609940878559,0.6714285714285714,0.0028228642300932427,21901.17142857143,85,70,15,True,0.012332192898356062,True,0.00402351399602995
PB17_T9,1,70,-0.004723532367681538,0.00752364835056082,0.7428571428571429,1.5803784179089761e-06,-0.011722874837289936,0.009816139791603505,0.9285714285714286,4.8272107355001264e-15,21900.17142857143,85,70,15,True,4.546384208056214e-06,True,1.88452125323762e-14
PB17_T9,5,70,-0.007445187432392364,0.01576108794422044,0.7,0.00018472822770086302,-0.014657169238571506,0.017114085195944952,0.9,6.662983514546255e-10,21896.17142857143,85,70,15,True,0.0004016589217787802,True,1.9459524774453306e-09
PB17_T9,30,70,-0.010917600176908602,0.03649334348672053,0.6428571428571429,0.014685820341457502,-0.019632300646341742,0.035759783550582694,0.7571428571428571,1.9079778711356243e-05,21871.17142857143,85,70,15,True,0.022722574688641143,True,3.592405201511489e-05
PB17_T9,60,70,-0.013492518698291604,0.051452432779242295,0.6571428571428571,0.03160611065016235,-0.022485667865615178,0.049508278312701076,0.6857142857142857,0.0003085195375402303,21841.17142857143,85,70,15,True,0.04517960790083199,True,0.0004971711763999514
PB17_T9,300,70,-0.030999947109467137,0.1001615987972181,0.6285714285714286,0.011716177034059248,-0.03507385134918753,0.09802640243524585,0.6571428571428571,0.003824641002522978,21601.17142857143,85,70,15,True,0.01843323845750216,True,0.005336887990192604
PB18_T1,1,70,-0.014686576557947067,0.01730209788509244,0.8714285714285714,8.694452516941685e-10,-0.031798714800340945,0.019247503308044187,0.9428571428571428,1.4655582048404639e-21,22312.071428571428,85,70,15,True,3.0099532511055634e-09,True,8.467397320608365e-21
PB18_T1,5,70,-0.012419166843173065,0.018804934721869924,0.7571428571428571,5.4376138322637e-07,-0.02476589477193274,0.02137810699373739,0.8857142857142857,1.6639500739756457e-14,22308.071428571428,85,70,15,True,1.6279857704047733e-06,True,6.283002738345198e-14
PB18_T1,30,70,-0.006904082813379615,0.014501594056964514,0.7285714285714285,0.00016615075201547813,-0.012414020833144995,0.016015727449106495,0.8142857142857143,1.1254933428203285e-08,22283.071428571428,85,70,15,True,0.0003649401450816764,True,2.993517705499796e-08
PB18_T1,60,70,-0.005531674036145142,0.013742153250324475,0.6714285714285714,0.0012423664562792585,-0.009840736814013089,0.013225078172697913,0.8,3.262373250152779e-08,22253.128571428573,85,70,15,True,0.0023227143433143063,True,8.443070845901013e-08
PB18_T1,300,70,-0.004457875186851431,0.012241971185020815,0.6571428571428571,0.0032768317632785545,-0.006154660413044101,0.011869376013239771,0.7142857142857143,4.8014768327239957e-05,22013.985714285714,85,70,15,True,0.005640983429061986,True,8.455200029083285e-05
PB18_T10,1,70,-0.005125661103284932,0.007855823756966043,0.7428571428571429,7.066839077692454e-07,-0.00946041170029953,0.010057758683012017,0.9,3.460490754903006e-11,21300.17142857143,85,70,15,True,2.103008528288323e-06,True,1.082970612154881e-10
PB18_T10,5,70,-0.008836591956795911,0.01685690370199925,0.7285714285714285,4.0504368113606624e-05,-0.012756628742027062,0.01763905738662554,0.8428571428571429,6.642931294741031e-08,21296.17142857143,85,70,15,True,9.611441746738384e-05,True,1.6643457304808022e-07
PB18_T10,30,70,-0.014911341240168194,0.0406811700294571,0.7,0.003089819545861534,-0.019511717751475432,0.03679450999357018,0.7571428571428571,3.373110249675775e-05,21271.17142857143,85,70,15,True,0.005351040867644912,True,6.132879896759774e-05
PB18_T10,60,70,-0.01894965273878138,0.057369550743060556,0.6571428571428571,0.007324695212767788,-0.024357475791280326,0.051255717497664346,0.7142857142857143,0.00017036647439924547,21241.17142857143,85,70,15,True,0.011937180169864484,True,0.00028380721747801017
PB18_T10,300,70,-0.033393430165082574,0.11320473518918664,0.6428571428571429,0.01607012119405558,-0.04028109283665243,0.1040367256831633,0.6714285714285714,0.001843989715984105,21001.17142857143,85,70,15,True,0.02463277228281368,True,0.002695001890323639
PB18_T11,1,70,-0.0046945901264608125,0.007949838880084728,0.7428571428571429,5.22541336407891e-06,-0.009021280731547433,0.010139548554488785,0.8857142857142857,2.0744485205794909e-10,21000.17142857143,85,70,15,True,1.4193241488123141e-05,True,6.243222681709182e-10
PB18_T11,5,70,-0.008105952108833662,0.017362681458716715,0.7285714285714285,0.00021605515600015498,-0.012449632051751768,0.017824482808747044,0.8285714285714286,1.5315846129195125e-07,20996.17142857143,85,70,15,True,0.0004636463130313885,True,3.758256276730764e-07
PB18_T11,30,70,-0.013251499318190465,0.04193242047422222,0.6714285714285714,0.010133769582204891,-0.01897169956291935,0.03775030053616392,0.7714285714285715,7.709742953457384e-05,20971.17142857143,85,70,15,True,0.016142081100284877,True,0.00013311924989602828
PB18_T11,60,70,-0.01665028136574148,0.05832011533891335,0.6428571428571429,0.019650594168580754,-0.02403993140008516,0.05228959168784795,0.7142857142857143,0.00026403181556151873,20941.17142857143,85,70,15,True,0.029403552556278263,True,0.00043009425872939523
PB18_T11,300,70,-0.032109336795516495,0.11760958980815026,0.6285714285714286,0.025439777480376957,-0.0409422166211539,0.10886358751623329,0.6571428571428571,0.00243885386057258,20701.17142857143,85,70,15,True,0.03707061627781628,True,0.003502177925302687
PB18_T12,1,70,-0.004665736495371648,0.00859696563184112,0.7571428571428571,2.312748260138262e-05,-0.00840079708512692,0.009848989162429685,0.8857142857142857,7.525504343240948e-10,19200.17142857143,85,70,15,True,5.7444609912132966e-05,True,2.190447978592879e-09
PB18_T12,5,70,-0.008644225333815321,0.018982096472770958,0.7285714285714285,0.0002982905668914468,-0.013971643759313814,0.017994012301043524,0.8285714285714286,1.0744627470351349e-08,19196.17142857143,85,70,15,True,0.0006287943310615917,True,2.864404931332092e-08
PB18_T12,30,70,-0.01635018904605228,0.04618837309342302,0.6714285714285714,0.004193225196830992,-0.02451452748447003,0.03798594774683715,0.8285714285714286,8.923686658162025e-07,19171.17142857143,85,70,15,True,0.007056791551413091,True,1.9968482774578884e-06
PB18_T12,60,70,-0.021291280422006943,0.06354086289172191,0.7142857142857143,0.006558893107913566,-0.030898461279591536,0.05386639395237697,0.8285714285714286,8.899477671001016e-06,19141.17142857143,85,70,15,True,0.010785804706254816,True,1.766093931838513e-05
PB18_T12,300,70,-0.04189158586886917,0.12737951430873581,0.6285714285714286,0.0075707757908091335,-0.051923171716822834,0.11602651246604136,0.7142857142857143,0.00037128487611492306,18901.17142857143,85,70,15,True,0.012309190756350851,True,0.000591965503911887
PB18_T2,1,70,-0.01344465946008121,0.016294886889195836,0.8571428571428571,1.9916135606996174e-09,-0.03133417168250938,0.01857949735870693,0.9285714285714286,5.10075063725654e-22,22769.785714285714,85,70,15,True,6.7131949777728575e-09,True,3.1413713817685105e-21
PB18_T2,5,70,-0.011965022273599737,0.021019403989163857,0.6428571428571429,1.0202989378983634e-05,-0.02740120329951623,0.02490884010464038,0.8428571428571429,1.2724166213855956e-13,22765.785714285714,85,70,15,True,2.6725798562841893e-05,True,4.536841513815514e-13
PB18_T2,30,70,-0.008019903571688242,0.019898445217905097,0.6571428571428571,0.0012260317260332672,-0.01637044735857822,0.02233105444893392,0.7857142857142857,4.7494862369306416e-08,22740.785714285714,85,70,15,True,0.002294658512158688,True,1.2092464958434315e-07
PB18_T2,60,70,-0.00614825224798291,0.01984495946159029,0.6857142857142857,0.011634870465548204,-0.012908488849492956,0.019332734583985357,0.8,4.2739838142443437e-07,22710.785714285714,85,70,15,True,0.018330359078189258,True,1.0004481082800954e-06
PB18_T2,300,70,-0.005482471888148276,0.018842883859172897,0.6142857142857143,0.017511362927224137,-0.008401897987451877,0.018298932336199943,0.7,0.00026850788302198205,22470.785714285714,85,70,15,True,0.026652757230642903,True,0.0004369734978054395
PB18_T3,1,70,-0.011840709212315354,0.013312106971298664,0.8428571428571429,2.092236416489422e-10,-0.026928984572410986,0.015921514935788826,0.9285714285714286,4.397005222310043e-22,22770.17142857143,85,70,15,True,7.522036232019721e-10,True,2.732311698395899e-21
PB18_T3,5,70,-0.01293099296256872,0.020198764391399567,0.7285714285714285,1.0568081371231797e-06,-0.02940727190538795,0.025589166569922103,0.8571428571428571,2.2949180027116692e-14,22766.17142857143,85,70,15,True,3.0916783351063385e-06,True,8.581105735247638e-14
PB18_T3,30,70,-0.011115483520674376,0.02865503719728442,0.6857142857142857,0.001810278997207414,-0.02385904024755781,0.03229090344064292,0.8,3.898281541225671e-08,22741.17142857143,85,70,15,True,0.0032746146258385424,True,9.976713129581254e-08
PB18_T3,60,70,-0.008831499335060377,0.03268053633930875,0.6428571428571429,0.026917746483625243,-0.019883116016356055,0.030591570488841112,0.7714285714285715,7.674975653258605e-07,22711.17142857143,85,70,15,True,0.03902677889254101,True,1.732007895624329e-06
PB18_T3,300,70,-0.007605947783211978,0.030774853296527103,0.5857142857142857,0.04241154027959364,-0.01232919761972362,0.030254727418503786,0.6428571428571429,0.0010908560320970209,22471.17142857143,85,70,15,False,0.0593727194756872,True,0.00163652088184768
PB18_T4,1,70,-0.010473422113432078,0.01140868899524684,0.8142857142857143,7.665873876766655e-11,-0.022870932912646004,0.013951725341231172,0.9571428571428572,2.1767932702642893e-21,22739.32857142857,85,70,15,True,2.8146221300987026e-10,True,1.2309035595356988e-20
PB18_T4,5,70,-0.01277715720592613,0.019545643097462297,0.7571428571428571,6.783903660020528e-07,-0.027555741202773657,0.023725054988643593,0.9,1.499965637105209e-14,22735.32857142857,85,70,15,True,2.020550615980252e-06,True,5.670001396278443e-14
PB18_T4,30,70,-0.010403610194152972,0.03427204469819979,0.6857142857142857,0.013348969889774956,-0.02560583664801237,0.0349663003821033,0.8,4.8771374977126554e-08,22710.32857142857,85,70,15,True,0.020737720759519997,True,1.239008092249796e-07
PB18_T4,60,70,-0.009651378046697804,0.04189267625321541,0.6428571428571429,0.058031532254670816,-0.0221961293746902,0.03873766872885577,0.7285714285714285,9.075821287776697e-06,22680.32857142857,85,70,15,False,0.07862703683917163,True,1.800055255411509e-05
PB18_T4,300,70,-0.009067642461910505,0.04388687699996045,0.5428571428571428,0.08834307505462696,-0.014958763236167126,0.042928167836034654,0.6142857142857143,0.004786811320762319,22440.32857142857,85,70,15,False,0.11423103454855395,True,0.0065576657863734384
PB18_T5,1,70,-0.009264371322999908,0.01042009873927906,0.8142857142857143,2.120536957116698e-10,-0.02032943134117845,0.01248622770624774,0.9714285714285714,3.0749652604841086e-21,22710.17142857143,85,70,15,True,7.615857782576082e-10,True,1.702564899835352e-20
PB18_T5,5,70,-0.011245002725085787,0.01874637908174993,0.7142857142857143,3.885781492866861e-06,-0.025007500261024957,0.02150960884661482,0.8857142857142857,1.4409235949037702e-14,22706.17142857143,85,70,15,True,1.0688992880457804e-05,True,5.4527831548658554e-14
PB18_T5,30,70,-0.007891844264966493,0.03550956698419598,0.6285714285714286,0.0672286290876301,-0.023873680986164825,0.03491855768297337,0.8,2.5107759880439793e-07,22681.17142857143,85,70,15,False,0.08957767585721634,True,6.022497445556651e-07
PB18_T5,60,70,-0.007220043036707273,0.04430789506190073,0.5857142857142857,0.17720397081531425,-0.020466277878139125,0.040765755908837624,0.7,7.826632275519373e-05,22651.17142857143,85,70,15,False,0.21097164685282935,True,0.0001349352021552866
PB18_T5,300,70,-0.01032435895696814,0.052567911931758644,0.5428571428571428,0.1048904464946383,-0.016829319423820464,0.051774048725176776,0.6142857142857143,0.00826237649234638,22411.17142857143,85,70,15,False,0.13298953858311022,True,0.011038867278057519
PB18_T6,1,70,-0.008225694952505217,0.010104990589587309,0.8,2.9266993901026848e-09,-0.018546650211893365,0.011783216198885336,0.9571428571428572,1.6745744682154684e-20,22680.17142857143,85,70,15,True,9.750960841663236e-09,True,8.779445808322372e-20
PB18_T6,5,70,-0.0097204097552695,0.01867928116176929,0.7857142857142857,4.542871363991219e-05,-0.022670339099213163,0.02066256047410442,0.8857142857142857,1.4076729857355386e-13,22676.17142857143,85,70,15,True,0.00010699127854526013,True,4.998468823963295e-13
PB18_T6,30,70,-0.005896239279611632,0.035974158299483625,0.6714285714285714,0.17472384229805354,-0.021637759478212826,0.03507244232557495,0.7857142857142857,2.2465932085984014e-06,22651.17142857143,85,70,15,False,0.20844988782450793,True,4.818112685107062e-06
PB18_T6,60,70,-0.006083558758357849,0.04477228868611412,0.5714285714285714,0.25953999382191234,-0.019258122847741463,0.041302819798644204,0.6857142857142857,0.00021971741711726675,22621.17142857143,85,70,15,False,0.29574890456949443,True,0.0003611435186204361
PB18_T6,300,70,-0.01146092649703942,0.05773257013483009,0.5571428571428572,0.10126795879686308,-0.01829229301794986,0.05756810612638495,0.6142857142857143,0.009747918145937097,22381.17142857143,85,70,15,False,0.12900594417481728,True,0.012918702414350851
PB18_T7,1,70,-0.005999433322535264,0.008997871859694157,0.8,4.4091259434048404e-07,-0.013766080038104785,0.011145025489360607,0.9,1.1823668542976506e-15,22500.17142857143,85,70,15,True,1.329278371244653e-06,True,4.777868399530272e-15
PB18_T7,5,70,-0.007582663410973724,0.017565459954882734,0.7142857142857143,0.0005727319267099183,-0.016707599787202876,0.0194502380400096,0.8285714285714286,6.093297541021866e-10,22496.17142857143,85,70,15,True,0.001149122419734476,True,1.7840968647653006e-09
PB18_T7,30,70,-0.006324679301735759,0.03702278968080124,0.6142857142857143,0.15743472299772773,-0.018593225246162092,0.03551267724780544,0.7142857142857143,4.1297784500482494e-05,22471.17142857143,85,70,15,False,0.18945906233268872,True,7.377654883617736e-05
PB18_T7,60,70,-0.006385375820959143,0.05130390380316224,0.5428571428571428,0.30136108670051437,-0.017751212630745142,0.04802477607405599,0.6714285714285714,0.0028635808385266306,22441.17142857143,85,70,15,False,0.3380527774513887,True,0.004073146067150889
PB18_T7,300,70,-0.022131821366324963,0.08137937881246345,0.6,0.02599363047422875,-0.027794932145296995,0.07684415410608977,0.6285714285714286,0.0034783085297628137,22201.17142857143,85,70,15,True,0.0377820754263611,True,0.004889160280850497
PB18_T8,1,70,-0.00553512613217993,0.008283182108472854,0.7571428571428571,4.1988050647567243e-07,-0.011713494317450867,0.009798778837250676,0.9285714285714286,4.6381319022295725e-15,22200.17142857143,85,70,15,True,1.2691926070633844e-06,True,1.8168645943541014e-14
PB18_T8,5,70,-0.00830092219560711,0.017195321986791762,0.7,0.00013727012660021164,-0.014170144735246498,0.01720550029120152,0.8428571428571429,2.0985976466778014e-09,22196.17142857143,85,70,15,True,0.00030519194813624916,True,5.914074118492499e-09
PB18_T8,30,70,-0.01073807569914938,0.03881929504216894,0.6428571428571429,0.023631800062951354,-0.018225044858967056,0.03372697075983491,0.7285714285714285,2.4844881192240383e-05,22171.17142857143,85,70,15,True,0.03474377413510508,True,4.597700295618132e-05
PB18_T8,60,70,-0.012816421436027398,0.05300858988497469,0.5857142857142857,0.046962692319712805,-0.020322351672158893,0.04607453471347728,0.6428571428571429,0.0004432952259875198,22141.17142857143,85,70,15,False,0.065163093158477,True,0.0007006335799574021
PB18_T8,300,70,-0.029179420763631024,0.0915534025743945,0.6142857142857143,0.00953871303878611,-0.03139810319763168,0.08845483460480626,0.6285714285714286,0.004096135795739672,21901.17142857143,85,70,15,True,0.015264591731823072,True,0.005685877530847957
PB18_T9,1,70,-0.004842848732366582,0.008027561811144614,0.7142857142857143,3.4831255133790166e-06,-0.010450085598305748,0.01007908137890023,0.9142857142857143,1.1689491638444192e-12,21900.17142857143,85,70,15,True,9.61966318842886e-06,True,3.9248973382725645e-12
PB18_T9,5,70,-0.007511528805064149,0.01676471090876944,0.6714285714285714,0.0003657319207911965,-0.012829277581826051,0.017367070856154968,0.8428571428571429,3.920308514827472e-08,21896.17142857143,85,70,15,True,0.0007607488177806044,True,1.002565945131674e-07
PB18_T9,30,70,-0.010377314792806784,0.038722152350205465,0.6,0.028165370178636694,-0.016936717350244556,0.03538498256020523,0.7,0.00015444803488762334,21871.17142857143,85,70,15,True,0.04066500374725858,True,0.00025841063464248845
PB18_T9,60,70,-0.01273998437906333,0.053472454545671455,0.5857142857142857,0.05017627653078746,-0.01954554409461462,0.049169679979105325,0.6428571428571429,0.0014150877133661897,21841.17142857143,85,70,15,False,0.06906734478640267,True,0.0020938449891563966
PB18_T9,300,70,-0.030562987708241816,0.09958708773655639,0.6428571428571429,0.012407855579020586,-0.03316783040941684,0.09679652136175304,0.6571428571428571,0.005492941621002209,21601.17142857143,85,70,15,True,0.01945060845077864,True,0.007468757694042752
PB1_T1,1,70,-0.015084517025926253,0.01734402400665972,0.8428571428571429,4.1836070279652545e-10,-0.026528666760857345,0.01598381831879974,0.9285714285714286,1.1587747776877655e-21,22794.17142857143,85,70,15,True,1.4764414996547451e-09,True,6.751397883444294e-21
PB1_T1,5,70,-0.015236017727386126,0.025170704831083905,0.6714285714285714,3.26429105710157e-06,-0.024866935289329355,0.02398287648255649,0.8,1.1667832689334096e-12,22790.17142857143,85,70,15,True,9.05873542352294e-06,True,3.921435986541761e-12
PB1_T1,30,70,-0.012291475103172715,0.021252814416122656,0.7285714285714285,7.672590383224649e-06,-0.0150518374349829,0.020355853822647832,0.8,3.824906577364714e-08,22765.17142857143,85,70,15,True,2.047011565563048e-05,True,9.79618400651971e-08
PB1_T1,60,70,-0.010341134036282812,0.025095274963102855,0.6857142857142857,0.0009675376790210642,-0.01193174837255728,0.018278067924361603,0.8,6.991935660196084e-07,22735.17142857143,85,70,15,True,0.0018706450369433685,True,1.5871969583428036e-06
PB1_T1,300,70,-0.007862366635873499,0.021852727374953907,0.6285714285714286,0.003644452353958089,-0.007389717376393821,0.017066980845376174,0.7,0.000552844370710916,22495.17142857143,85,70,15,True,0.006227291237846316,True,0.0008576925758005306
PB1_T10,1,70,-0.004544965238497825,0.008093797803004486,0.7285714285714285,1.2962974545263877e-05,-0.005524835336755748,0.009567909052632644,0.7857142857142857,7.895347366641319e-06,21299.17142857143,85,70,15,True,3.352326126787984e-05,True,1.5749668101469836e-05
PB1_T10,5,70,-0.008939779179388993,0.018062652400807826,0.6857142857142857,9.639915753294106e-05,-0.009144070040590329,0.01754630597550153,0.7571428571428571,4.441386593077234e-05,21295.17142857143,85,70,15,True,0.0002188298878293796,True,7.837073891257327e-05
PB1_T10,30,70,-0.01821596392818973,0.04410925300608223,0.6285714285714286,0.0009448497942027009,-0.017656691903229473,0.04058961098434353,0.6714285714285714,0.0005232789447325225,21270.17142857143,85,70,15,True,0.0018329343284505238,True,0.000815116660978749
PB1_T10,60,70,-0.024295695969609888,0.06237183076212952,0.6285714285714286,0.0017369242250833555,-0.02394797379510783,0.05718623192236567,0.6714285714285714,0.0008101664377630999,21240.17142857143,85,70,15,True,0.0031617877753757433,True,0.001233094732366304
PB1_T10,300,70,-0.048983564767980076,0.13134594367480384,0.6285714285714286,0.0026380932154254333,-0.04104072991419943,0.11664095297126688,0.6571428571428571,0.00441375325633893,21000.17142857143,85,70,15,True,0.00462201422885144,True,0.0060876317618324466
PB1_T11,1,70,-0.0041677314663579,0.008674115903758198,0.7,0.0001465103071160694,-0.005312541544773358,0.009781663858033954,0.7428571428571429,2.285145940340991e-05,20999.17142857143,85,70,15,True,0.0003242748949942611,True,4.2561675376525364e-05
PB1_T11,5,70,-0.00804429971535539,0.019131772063463243,0.6714285714285714,0.0007743375325542352,-0.009079529042324974,0.01844368602379223,0.7571428571428571,0.00010413280710489492,20995.17142857143,85,70,15,True,0.0015200773721448688,True,0.00017714369697066073
PB1_T11,30,70,-0.01676750523291637,0.045894049645203314,0.6142857142857143,0.003181401282885501,-0.017580399139865203,0.04285632504963916,0.7142857142857143,0.0010160764502982402,20970.17142857143,85,70,15,True,0.005487639257298988,True,0.0015323198977752457
PB1_T11,60,70,-0.02377834511790581,0.06436216173082762,0.6571428571428571,0.002876354597214026,-0.02419913493478368,0.05917297941224188,0.7,0.0010503334667749068,20940.17142857143,85,70,15,True,0.0050039300772280184,True,0.0015791569977173616
PB1_T11,300,70,-0.053076742248103326,0.1298599040092252,0.6571428571428571,0.001056772602391727,-0.047558045486479,0.1202671260640135,0.6857142857142857,0.0014928847954485387,20700.17142857143,85,70,15,True,0.002019441007336033,True,0.002197663902692492
PB1_T12,1,70,-0.0051559398482230855,0.007715536970753884,0.8,4.1963706094156754e-07,-0.005058110209545355,0.00955953671731282,0.7714285714285715,3.49457186905453e-05,19199.17142857143,85,70,15,True,1.2691926070633844e-06,True,6.312656013106266e-05
PB1_T12,5,70,-0.010829905409663712,0.017522018656292257,0.8142857142857143,2.1662806665214206e-06,-0.011172353794983136,0.01875558891523433,0.8142857142857143,4.4370227253842304e-06,19195.17142857143,85,70,15,True,6.169486959968015e-06,True,9.179590619217653e-06
PB1_T12,30,70,-0.02436857188761485,0.042543332025788055,0.7285714285714285,9.130340047181806e-06,-0.023341700297264616,0.040300305877152096,0.7428571428571429,7.470857370187439e-06,19170.17142857143,85,70,15,True,2.4062032694901183e-05,True,1.4980742169992596e-05
PB1_T12,60,70,-0.03383850960760123,0.059726691740180714,0.7428571428571429,1.1091771521022194e-05,-0.03212677346876395,0.057356526757176805,0.7571428571428571,1.3542931372829758e-05,19140.17142857143,85,70,15,True,2.8987950533384532e-05,True,2.6009357192551685e-05
PB1_T12,300,70,-0.07616393638271086,0.12729724051457306,0.7285714285714285,4.0803373605980516e-06,-0.07272580620378774,0.13209166420107696,0.7571428571428571,1.818415418207753e-05,18900.17142857143,85,70,15,True,1.1188544111799201e-05,True,3.438765997993172e-05
PB1_T2,1,70,-0.011969354736748056,0.014392009966140627,0.8,1.583334234728761e-09,-0.0226026702928492,0.014722089694821732,0.9285714285714286,5.711659571206838e-20,22789.17142857143,85,70,15,True,5.368581135049216e-09,True,2.85996866935067e-19
PB1_T2,5,70,-0.014205466050513206,0.021923107794499606,0.6857142857142857,8.191992261521827e-07,-0.02387638857016389,0.024293490060669918,0.8,7.816550453495185e-12,22785.17142857143,85,70,15,True,2.423541883290357e-06,True,2.5310400424863973e-11
PB1_T2,30,70,-0.014731857073696505,0.028262793938990338,0.7428571428571429,4.427273837358855e-05,-0.01946988072989355,0.026817627816738483,0.7571428571428571,6.03944662786937e-08,22760.17142857143,85,70,15,True,0.00010455386950153687,True,1.5208694643964996e-07
PB1_T2,60,70,-0.013086699245121772,0.03499423926210105,0.6571428571428571,0.0025712568961529783,-0.015340865951346374,0.026138971544353982,0.7428571428571429,5.861226595754375e-06,22730.17142857143,85,70,15,True,0.004518663568773436,True,1.194722513494012e-05
PB1_T2,300,70,-0.01004903526268571,0.030410325464814883,0.6428571428571429,0.007301174710023222,-0.008936283186103237,0.02404299230850346,0.6571428571428571,0.0027216576124838316,22490.17142857143,85,70,15,True,0.011904463720212543,True,0.0038888875228823964
PB1_T3,1,70,-0.009026150229544437,0.011048680478360839,0.8,2.6440576827081443e-09,-0.01719178551746485,0.012446229194043323,0.9428571428571428,8.565258688193216e-18,22769.17142857143,85,70,15,True,8.860542476970553e-09,True,3.848277690172923e-17
PB1_T3,5,70,-0.012391741750617217,0.021066581490945927,0.7428571428571429,5.621436906449951e-06,-0.021046084534340093,0.0226391252606359,0.9,5.0935290077353164e-11,22765.17142857143,85,70,15,True,1.5185351455656617e-05,True,1.5797287513763534e-10
PB1_T3,30,70,-0.012115081245271279,0.046240761808100495,0.6,0.03175258682937645,-0.022852798744309007,0.03594609752630708,0.7857142857142857,1.2213480290130766e-06,22740.17142857143,85,70,15,True,0.045351462379287555,True,2.686033936629893e-06
PB1_T3,60,70,-0.015336507085549773,0.052820457261955375,0.6428571428571429,0.01773789437136722,-0.020369939327100815,0.03842140390107563,0.7285714285714285,3.3850655761217906e-05,22710.17142857143,85,70,15,True,0.026914547673725843,True,6.132879896759774e-05
PB1_T3,300,70,-0.014654220132776516,0.051815641546102506,0.6142857142857143,0.02078532273558619,-0.013639704858701971,0.03978806843341497,0.6428571428571429,0.005473064622982139,22470.17142857143,85,70,15,True,0.030914029294640728,True,0.007444660737166649
PB1_T4,1,70,-0.0069211948645889546,0.01142702322060397,0.7285714285714285,3.22494659402738e-06,-0.013858253126587247,0.010895019226363198,0.9285714285714286,3.3683567059101386e-16,22739.17142857143,85,70,15,True,9.00015386297625e-06,True,1.4157752334451981e-15
PB1_T4,5,70,-0.010374436037434036,0.02482966969287867,0.6571428571428571,0.0008308563050322189,-0.017344865767184907,0.02037806848882962,0.8428571428571429,8.016492386979187e-10,22735.17142857143,85,70,15,True,0.0016236473607954456,True,2.321624576447032e-09
PB1_T4,30,70,-0.015350376632454176,0.052831812548062296,0.6428571428571429,0.017662737799888393,-0.020596467100811863,0.03918909378124501,0.6857142857142857,3.888920757057269e-05,22710.17142857143,85,70,15,True,0.026847672282716683,True,6.98348296030814e-05
PB1_T4,60,70,-0.01807381013548276,0.06252307373985075,0.6428571428571429,0.018224428102255094,-0.020353250784842302,0.0462737704901025,0.7285714285714285,0.00045851284107812875,22680.17142857143,85,70,15,True,0.02750781961262216,True,0.0007223721203180617
PB1_T4,300,70,-0.018772497909602403,0.07237932079700851,0.5714285714285714,0.033453750063458416,-0.01604277127350476,0.055208660259897666,0.6142857142857143,0.01765053822512149,22440.17142857143,85,70,15,True,0.047486732320973335,True,0.02269543233742443
PB1_T5,1,70,-0.007331534714672698,0.010418779360424464,0.7428571428571429,1.2846783303405643e-07,-0.012827780098449076,0.010215406272094793,0.9,5.857896659865564e-16,22709.17142857143,85,70,15,True,3.998705974168155e-07,True,2.4151677724538277e-15
PB1_T5,5,70,-0.011773985635943549,0.022028068814633858,0.7,2.9697009290203573e-05,-0.01637633830242364,0.018681917327767437,0.8857142857142857,3.288593325164985e-10,22705.17142857143,85,70,15,True,7.225575147722128e-05,True,9.761269769196907e-10
PB1_T5,30,70,-0.015964490203911025,0.05096741404148284,0.6571428571428571,0.010785601492334589,-0.02017194558675142,0.038046133666732006,0.7,3.3824772079884184e-05,22680.17142857143,85,70,15,True,0.01710939079706896,True,6.132879896759774e-05
PB1_T5,60,70,-0.0156808129551511,0.06527659532024775,0.6285714285714286,0.048360746260892,-0.017307811303676382,0.04778294164629391,0.6714285714285714,0.003435116482328705,22650.17142857143,85,70,15,False,0.06686129585089352,True,0.004834349265354654
PB1_T5,300,70,-0.021073191371377538,0.08516310436067932,0.6142857142857143,0.04217130965209136,-0.01783878807648426,0.06416496074183256,0.6,0.022961356855649873,22410.17142857143,85,70,15,False,0.05910826565840825,True,0.029028249594403494
PB1_T6,1,70,-0.00581938383715217,0.010571137981241704,0.7428571428571429,1.8225188052501552e-05,-0.010945771082671694,0.010538156651298022,0.9,1.0945593656346675e-12,22679.17142857143,85,70,15,True,4.606292956941687e-05,True,3.693072132936994e-12
PB1_T6,5,70,-0.008740974115588702,0.022338518315914716,0.6857142857142857,0.001660285874493127,-0.012660712408674437,0.020320247880451336,0.8142857142857143,1.84416192071458e-06,22675.17142857143,85,70,15,True,0.003038287974774259,True,3.98224500558695e-06
PB1_T6,30,70,-0.01232138705697177,0.049661336589658295,0.6714285714285714,0.041639043682272926,-0.015158482075271066,0.03777403333904911,0.6428571428571429,0.0012830550544193709,22650.17142857143,85,70,15,False,0.05845708895662547,True,0.0019074680635224293
PB1_T6,60,70,-0.012673698326991658,0.066298523095303,0.6142857142857143,0.11430812191047685,-0.013983134311333634,0.04942465968665087,0.6285714285714286,0.020740468297562292,22620.17142857143,85,70,15,False,0.1429886173789636,True,0.026451950142402567
PB1_T6,300,70,-0.024088248100137127,0.092172102394357,0.6142857142857143,0.032171130951056295,-0.0195065907716138,0.07017330955029216,0.5857142857142857,0.02297894721872462,22380.17142857143,85,70,15,True,0.045854479140222996,True,0.029028249594403494
PB1_T7,1,70,-0.0047463598686276675,0.009723810602963361,0.6857142857142857,0.00011752703377726968,-0.008965927908536758,0.009217224086496304,0.9,1.1155531317772197e-11,22499.17142857143,85,70,15,True,0.00026401554076753767,True,3.568737102120643e-11
PB1_T7,5,70,-0.008008132586936919,0.02097625690119972,0.6285714285714286,0.0021146645929176287,-0.010052747745907892,0.01812655398886515,0.7714285714285715,1.606988670578572e-05,22495.17142857143,85,70,15,True,0.0037718978670781955,True,3.0657900921308484e-05
PB1_T7,30,70,-0.015230100414886863,0.04975956002304512,0.6142857142857143,0.012634247024921703,-0.01518764511002084,0.039802261290744795,0.6857142857142857,0.0021250214199295477,22470.17142857143,85,70,15,True,0.019760671557765973,True,0.00307838706223697
PB1_T7,60,70,-0.01965874005273127,0.06976397897172829,0.6,0.021234077641683106,-0.018923301246036604,0.053779480047417866,0.6142857142857143,0.004412357239108252,22440.17142857143,85,70,15,True,0.031473075183189994,True,0.0060876317618324466
PB1_T7,300,70,-0.04386990327135668,0.10876880726179847,0.6857142857142857,0.0012168077698311768,-0.03158890186828045,0.08991351605189409,0.6714285714285714,0.004470145496797021,22200.17142857143,85,70,15,True,0.00228730731488941,True,0.006155581914774522
PB1_T8,1,70,-0.005025681388201646,0.007994979392851834,0.7571428571428571,1.5408905653040943e-06,-0.007318382955882834,0.008993689117265077,0.8428571428571429,2.9572535201478055e-09,22199.17142857143,85,70,15,True,4.4508492939528e-06,True,8.173859426995761e-09
PB1_T8,5,70,-0.009600609086013515,0.01793458918419329,0.7571428571428571,2.897372046487467e-05,-0.009775864908599425,0.016712266925594268,0.7571428571428571,6.232365852466514e-06,22195.17142857143,85,70,15,True,7.079505247959222e-05,True,1.263663412367626e-05
PB1_T8,30,70,-0.019224788505422877,0.043913302278204475,0.6857142857142857,0.000485019147273548,-0.016812927083283132,0.03756055659105274,0.7,0.00037015073288668274,22170.17142857143,85,70,15,True,0.0009880549256073917,True,0.0005909755404425321
PB1_T8,60,70,-0.027388256938453464,0.060821890359185365,0.6714285714285714,0.0003436556441912189,-0.024139938817080823,0.05209590090165438,0.7142857142857143,0.00023840932620306911,22140.17142857143,85,70,15,True,0.0007174200910457204,True,0.0003898269325772014
PB1_T8,300,70,-0.04677106882160122,0.12096255627129786,0.7,0.0018687125002555508,-0.032360654831084475,0.10606010695418895,0.6571428571428571,0.012902305882163154,21900.17142857143,85,70,15,True,0.00336972948245457,True,0.01682168669252764
PB1_T9,1,70,-0.004986198990350801,0.008158508535666083,0.7714285714285715,2.705561305073616e-06,-0.00645620339135908,0.009782343700285615,0.8,5.516312860754915e-07,21899.17142857143,85,70,15,True,7.637021494305347e-06,True,1.2722874905872024e-06
PB1_T9,5,70,-0.009601578655860225,0.018227351872090805,0.7428571428571429,3.750886462020801e-05,-0.009241414431292004,0.018013163246586084,0.7857142857142857,5.655746338833458e-05,21895.17142857143,85,70,15,True,8.980812700126156e-05,True,9.904008662682185e-05
PB1_T9,30,70,-0.019757973417246336,0.04344355993420518,0.7142857142857143,0.00030326035942399623,-0.017096516795765924,0.03922799382422375,0.7571428571428571,0.0005117340992308285,21870.17142857143,85,70,15,True,0.0006384914940950167,True,0.0007992953493863078
PB1_T9,60,70,-0.026688128965513088,0.06102957163128333,0.6857142857142857,0.0004915705861856808,-0.023473876239932634,0.05366959844812584,0.7571428571428571,0.0004905086950836141,21840.17142857143,85,70,15,True,0.0009996329460103303,True,0.0007685748487591323
PB1_T9,300,70,-0.05214274024208244,0.12076031084217059,0.6571428571428571,0.0005710774034630002,-0.03790792702896999,0.11300615665993252,0.6285714285714286,0.006502700808108238,21600.17142857143,85,70,15,True,0.0011464685816180613,True,0.008765833512295733
PB2_T1,1,70,-0.009479631518231979,0.013774476437460121,0.7857142857142857,2.159796324166576e-07,-0.015485730350076981,0.01109199972952067,0.9142857142857143,5.2412211134516566e-18,22789.17142857143,85,70,15,True,6.644787444341514e-07,True,2.4306602613389898e-17
PB2_T1,5,70,-0.007410270171299163,0.02036154125453871,0.6285714285714286,0.0032939018344020233,-0.013150923440033421,0.016485946711796113,0.8285714285714286,5.15617991482585e-09,22785.17142857143,85,70,15,True,0.005667545237977585,True,1.4005189941606379e-08
PB2_T1,30,70,-0.002864062845269309,0.008164171288745855,0.6428571428571429,0.00452577419129832,-0.0035897376295681437,0.00798774980847669,0.6571428571428571,0.00035231516695272526,22760.17142857143,85,70,15,True,0.007586875221220619,True,0.00056380217777752
PB2_T1,60,70,-0.0018403685055953356,0.005709181155289049,0.6285714285714286,0.008785817161710575,-0.0032534267501109554,0.0059113863028806765,0.7285714285714285,1.829883685679338e-05,22730.17142857143,85,70,15,True,0.014151514356041974,True,3.4585602483709584e-05
PB2_T1,300,70,-0.0012633035497438038,0.0031981767684249184,0.6428571428571429,0.0015094749764204165,-0.0018088965764971748,0.004178172059766378,0.6428571428571429,0.0005534987521859824,22490.17142857143,85,70,15,True,0.0027799765690471956,True,0.0008583205515271853
PB2_T10,1,70,-0.0022538707010655297,0.006682632617797329,0.6142857142857143,0.006232262699510293,-0.004698922816456716,0.006737269797206427,0.7285714285714285,1.5841489941701924e-07,19799.17142857143,85,70,15,True,0.010278027506829624,True,3.8762285940920783e-07
PB2_T10,5,70,-0.004132612294803971,0.015199847891935197,0.5857142857142857,0.026032501818765225,-0.006142041996420645,0.013079774273275146,0.6285714285714286,0.0002000075813977721,19795.17142857143,85,70,15,True,0.037814510817682764,True,0.00033063454245421176
PB2_T10,30,70,-0.007139001969012797,0.0369212646580189,0.5857142857142857,0.1102804353505178,-0.00936699480827437,0.033126029117758506,0.6,0.02080535395661681,19770.17142857143,85,70,15,False,0.1389059074502512,True,0.0265249069815908
PB2_T10,60,70,-0.00927305534206472,0.05158284090027124,0.5571428571428572,0.13712835477903831,-0.011805313767995186,0.04763141604850702,0.5857142857142857,0.04184785408392067,19740.17142857143,85,70,15,False,0.16759054324781655,False,0.0513438692684467
PB2_T10,300,70,-0.019146161849320543,0.1111732946016376,0.5285714285714286,0.15413901086254625,-0.017568907613376403,0.10706233936743842,0.5285714285714286,0.1742112706289218,19500.17142857143,85,70,15,False,0.1859463276990563,False,0.19779820572557502
PB2_T11,1,70,-0.0020010387606287173,0.006875155661926962,0.5142857142857142,0.01747552363376233,-0.004350484069406227,0.006543000171211664,0.7,4.688317681189198e-07,19199.17142857143,85,70,15,True,0.026618607170897774,True,1.0907836759938504e-06
PB2_T11,5,70,-0.003573366191714507,0.015443244685862325,0.4714285714285714,0.0569749792183407,-0.006005865519960646,0.013768499573405741,0.6285714285714286,0.0005064761302342549,19195.17142857143,85,70,15,False,0.07731679230140107,True,0.0007932343744149369
PB2_T11,30,70,-0.007007075314274529,0.03788171259351252,0.4142857142857143,0.12629544955651312,-0.010644612257615147,0.03403679172424383,0.6285714285714286,0.010904121405880526,19170.17142857143,85,70,15,False,0.15600671369958985,True,0.014373803684592606
PB2_T11,60,70,-0.009823737989925342,0.05408222220723085,0.42857142857142855,0.13314389706064017,-0.012164396443170439,0.048386885281887886,0.5714285714285714,0.03908324968499387,19140.17142857143,85,70,15,False,0.16306705577614738,True,0.04805567453332431
PB2_T11,300,70,-0.01069528566433127,0.11367613623284498,0.4714285714285714,0.43387414877607766,-0.007458322371506134,0.10272745392526007,0.42857142857142855,0.5455526652074499,18900.17142857143,85,70,15,False,0.46932848591776716,False,0.5760649322407517
PB2_T12,1,70,-0.002207173012191637,0.0067178833330052016,0.6285714285714286,0.007626690013831255,-0.0026882962011931686,0.007406488876777849,0.6857142857142857,0.0033729591757838155,15599.171428571428,85,70,15,True,0.012376803192948326,True,0.004756560796870646
PB2_T12,5,70,-0.004298124335555942,0.015143632901383892,0.6285714285714286,0.020351877865375144,-0.005599167169012461,0.014697519540017735,0.7,0.0021583279312220043,15595.171428571428,85,70,15,True,0.030373968909231587,True,0.003121399331256603
PB2_T12,30,70,-0.008326614467250226,0.038725817296517744,0.5714285714285714,0.07640112424805787,-0.008718479906328548,0.03706532123373579,0.6285714285714286,0.05308960827528124,15570.171428571428,85,70,15,False,0.10048598766735421,False,0.06433693321329241
PB2_T12,60,70,-0.01155026906053419,0.05604734778526511,0.5571428571428572,0.08915063252110388,-0.010212310586742112,0.053862543616317274,0.5857142857142857,0.11724312751317559,15540.171428571428,85,70,15,False,0.1151716840603441,False,0.13634298403164646
PB2_T12,300,70,-0.03056153792736864,0.1312413390559563,0.5714285714285714,0.05544860384272282,-0.021229168800292183,0.13378441176894423,0.5857142857142857,0.18867663680641608,15300.171428571428,85,70,15,False,0.07542319932149896,False,0.21317128193792267
PB2_T2,1,70,-0.0049159211220542965,0.013051951320590076,0.6571428571428571,0.002405244399041549,-0.011349963935545992,0.010821081279129008,0.8714285714285714,7.649934850637617e-13,22779.17142857143,85,70,15,True,0.004239856836065588,True,2.6065606419085763e-12
PB2_T2,5,70,-0.003087318120163742,0.02095679654188461,0.6571428571428571,0.22192593516336914,-0.00996213409659174,0.019792640905047877,0.8142857142857143,7.53757284670151e-05,22775.17142857143,85,70,15,False,0.2579058546886782,True,0.00013029516715722374
PB2_T2,30,70,-0.0068120035054064524,0.011974761168284241,0.7142857142857143,1.032253040770648e-05,-0.007642199756919731,0.013405179195089226,0.6714285714285714,9.934124001822218e-06,22750.17142857143,85,70,15,True,2.701844133229234e-05,True,1.9568072078845933e-05
PB2_T2,60,70,-0.0037360743164704,0.009276441372341328,0.6428571428571429,0.0012354220634508044,-0.004473607946943861,0.009808159447591204,0.7142857142857143,0.00029233032376818987,22720.17142857143,85,70,15,True,0.0023109817158757603,True,0.0004735120809278463
PB2_T2,300,70,-0.0013442322127971622,0.004005664750882085,0.6285714285714286,0.006482654194546617,-0.0015368827453570589,0.005056556049445164,0.6428571428571429,0.013238949893964694,22480.17142857143,85,70,15,True,0.010680767878950195,True,0.017223977675588684
PB2_T3,1,70,-0.006071883518753754,0.010159329633325012,0.7285714285714285,4.16563485557157e-06,-0.01089598939621978,0.009112855064485302,0.8714285714285714,4.595317627292062e-15,22739.17142857143,85,70,15,True,1.1377287293280453e-05,True,1.8021364815316772e-14
PB2_T3,5,70,-0.007671563539622325,0.01997398139618272,0.6571428571428571,0.0019950040590081624,-0.012289015704700774,0.019386105717047575,0.7142857142857143,1.2969166090519666e-06,22735.17142857143,85,70,15,True,0.0035750721078180504,True,2.8485994178477716e-06
PB2_T3,30,70,-0.003052730786176038,0.036294984263446926,0.5285714285714286,0.4839842267074848,-0.01066831717584183,0.03189529725941438,0.7,0.006651096140454651,22710.17142857143,85,70,15,False,0.5185009312478636,True,0.008951903843112901
PB2_T3,60,70,-0.004769127472251932,0.0333437935737695,0.5857142857142857,0.23553233252494798,-0.008147606454330231,0.025812842602583316,0.6428571428571429,0.010220082438223239,22680.17142857143,85,70,15,False,0.27225299728126306,True,0.01350818088143125
PB2_T3,300,70,-0.0016409467325817406,0.01419973968331961,0.5428571428571428,0.3369912853514964,-0.003676243053147866,0.013915888132399053,0.6,0.030406586634874284,22440.17142857143,85,70,15,False,0.37437456298695176,True,0.03785757002648312
PB2_T4,1,70,-0.004346364434730506,0.010779774235654517,0.6571428571428571,0.001221107705318643,-0.009133202325875996,0.00872564120259402,0.8571428571428571,8.254926792270942e-13,22679.17142857143,85,70,15,True,0.002291649713131945,True,2.8044023664991252e-12
PB2_T4,5,70,-0.006651084613867277,0.02508380831562122,0.6285714285714286,0.029817775699818812,-0.01233935203108338,0.01847791191441594,0.7285714285714285,4.2615157325820823e-07,22675.17142857143,85,70,15,True,0.04287158345521182,True,9.982058885471928e-07
PB2_T4,30,70,-0.010213838743828904,0.05592929968021575,0.5285714285714286,0.13110559646452516,-0.014831494466801765,0.04059613144421031,0.6,0.0031821766885651304,22650.17142857143,85,70,15,False,0.16078344088281565,True,0.0045040640962689575
PB2_T4,60,70,-0.012659394737074435,0.060353025047919846,0.6,0.08370808563237472,-0.016055301627028513,0.043961105257719006,0.6142857142857143,0.0031920687343075086,22620.17142857143,85,70,15,False,0.10893086096416371,True,0.004516215183059968
PB2_T4,300,70,-0.0019371578589348444,0.02557480797249712,0.5,0.5283547458999269,-0.0061165307684127816,0.02326826605001626,0.5857142857142857,0.031208251411748447,22380.17142857143,85,70,15,False,0.5611637402656771,True,0.03873006775416339
PB2_T5,1,70,-0.005597344335630602,0.010224555595024292,0.7571428571428571,2.0017014389286453e-05,-0.009252043675999808,0.007893359522847598,0.8428571428571429,1.0364944598370156e-14,22619.17142857143,85,70,15,True,5.015140298403532e-05,True,3.996750400375992e-14
PB2_T5,5,70,-0.009270498363409393,0.021917488549589585,0.7142857142857143,0.0007241767192661709,-0.013103083539795961,0.016112856019843715,0.8,3.010927889555748e-09,22615.17142857143,85,70,15,True,0.0014289152284777957,True,8.308910430044018e-09
PB2_T5,30,70,-0.010336708159605218,0.047079149859947884,0.5571428571428572,0.07052076582444679,-0.015627444893880064,0.03645235160463268,0.6571428571428571,0.0006206632849498825,22590.17142857143,85,70,15,False,0.09363921826420586,True,0.0009560372935808488
PB2_T5,60,70,-0.006968907902883786,0.05347600817626346,0.5571428571428572,0.27936438691990023,-0.009874190020789507,0.04513321187776154,0.6142857142857143,0.07150375055791099,22560.17142857143,85,70,15,False,0.3157356744547777,False,0.08523539752323862
PB2_T5,300,70,0.0030128779535143345,0.039426845881356996,0.5714285714285714,0.524712385331605,-0.003496678331705058,0.03382323190923016,0.4857142857142857,0.39006500470173333,22320.17142857143,85,70,15,False,0.5578096280986755,False,0.42141169207144735
PB2_T6,1,70,-0.0035760101578729718,0.009069198314962992,0.7,0.0015370778037355206,-0.0073140446681165565,0.008666285522787727,0.7857142857142857,1.0306721182605786e-09,22559.17142857143,85,70,15,True,0.00282930410863411,True,2.957618080224501e-09
PB2_T6,5,70,-0.004670666426883849,0.019631333430035803,0.6428571428571429,0.05049039375448566,-0.008983654757087078,0.018169576924937057,0.7,9.78094961824216e-05,22555.17142857143,85,70,15,False,0.0694167570321321,True,0.00016696235637859023
PB2_T6,30,70,-0.005821179025460025,0.04100298749213633,0.5,0.2389836841185284,-0.009506221999565193,0.03405732027146187,0.6142857142857143,0.022441062170924415,22530.17142857143,85,70,15,False,0.27550504792442965,True,0.028473694381396936
PB2_T6,60,70,-0.004775280226655536,0.0506043188025414,0.5428571428571428,0.43251589040458105,-0.008406703526030599,0.041546559550332415,0.6285714285714286,0.09497909533478954,22500.17142857143,85,70,15,False,0.4681523813746327,False,0.11169257126674537
PB2_T6,300,70,0.002551505523368792,0.05459778330229877,0.4857142857142857,0.6970060965645564,-0.00443208824142164,0.04553640764459531,0.5285714285714286,0.4182594441192823,22260.17142857143,85,70,15,False,0.7233872224783846,False,0.44934277967416675
PB2_T7,1,70,-0.0019382126363604504,0.008981789189503117,0.5571428571428572,0.07536524449640261,-0.0067386969882984385,0.007351409204966029,0.8285714285714286,8.043925436944757e-11,22199.17142857143,85,70,15,False,0.09928821107508755,True,2.4725767246124675e-10
PB2_T7,5,70,-0.002262461878270318,0.019742229841532483,0.5142857142857142,0.341000490886433,-0.006163833384232428,0.01637135163211947,0.6142857142857143,0.0024137632101942897,22195.17142857143,85,70,15,False,0.37834190623398395,True,0.003467589143958948
PB2_T7,30,70,-0.00297515654870893,0.047509707489569016,0.4714285714285714,0.6020034592263865,-0.007981295893680799,0.04089317372723051,0.5428571428571428,0.10703601147325824,22170.17142857143,85,70,15,False,0.6321951220751263,False,0.1251470117225405
PB2_T7,60,70,-0.0012277257961964497,0.06663424228207639,0.45714285714285713,0.8779388280700001,-0.006220894439774686,0.05535662655311031,0.5285714285714286,0.3503816649038963,22140.17142857143,85,70,15,False,0.8892637499213868,False,0.38164207195553645
PB2_T7,300,70,-0.015159039046645277,0.10001815901183347,0.5285714285714286,0.20903652616686078,-0.014232986352749308,0.0797333850588756,0.5571428571428572,0.13986564120619752,21900.17142857143,85,70,15,False,0.24498683782445863,False,0.16118605415857654
PB2_T8,1,70,-0.003176525969414175,0.008319032504286181,0.7,0.0021110904231433584,-0.005991060416667378,0.006673876962128811,0.8,1.56740912403178e-10,21599.17142857143,85,70,15,True,0.0037694146831836195,True,4.742030230761645e-10
PB2_T8,5,70,-0.00628520424034337,0.018855806015507105,0.6571428571428571,0.006830812907407316,-0.008034977144242604,0.014384763654892798,0.6714285714285714,1.4207729622362436e-05,21595.17142857143,85,70,15,True,0.011200977026621869,True,2.722557173891415e-05
PB2_T8,30,70,-0.012158608080261198,0.045588062047916926,0.6857142857142857,0.028904746332419736,-0.014073291634764938,0.03527020517713046,0.6285714285714286,0.0013612012138581877,21570.17142857143,85,70,15,True,0.04164549565409099,True,0.0020193002120566933
PB2_T8,60,70,-0.018325667422288923,0.06218961947666627,0.6714285714285714,0.016176706151454445,-0.019243481238760404,0.049564099433244295,0.6142857142857143,0.0017943275621153765,21540.17142857143,85,70,15,True,0.024774166557302798,True,0.00262686513860535
PB2_T8,300,70,-0.02776132962647972,0.10968726482887353,0.6142857142857143,0.0378193859069108,-0.01824671611308518,0.09704872115717397,0.6,0.12028059461661014,21300.17142857143,85,70,15,False,0.05335482985233843,False,0.13959336728262953
PB2_T9,1,70,-0.003451422301735429,0.007029660566954882,0.7142857142857143,0.00010815779186855197,-0.005666507517127062,0.007193006375615388,0.8142857142857143,7.269345870975997e-09,20999.17142857143,85,70,15,True,0.00024376071161503395,True,1.953000776378077e-08
PB2_T9,5,70,-0.006673445808014535,0.015752218037559062,0.6285714285714286,0.0007111277363761689,-0.007419912840356435,0.014226612758488494,0.7285714285714285,4.386880986248149e-05,20995.17142857143,85,70,15,True,0.0014047720578500076,True,7.764090083782419e-05
PB2_T9,30,70,-0.013651596035899945,0.037021222590549366,0.6428571428571429,0.0029261799644093524,-0.012400496038980535,0.03086945268703778,0.6142857142857143,0.0012693290779706367,20970.17142857143,85,70,15,True,0.005082932014597441,True,0.001892763040305805
PB2_T9,60,70,-0.01802754490209011,0.05037099931859775,0.6428571428571429,0.0038158236100804188,-0.017201491612583313,0.042024064230581915,0.6142857142857143,0.0010402009964614585,20940.17142857143,85,70,15,True,0.006491221355405144,True,0.0015666497135023276
PB2_T9,300,70,-0.026847436571050983,0.10275251923110602,0.6,0.03220774288254175,-0.01976204548478231,0.09552249237988936,0.5428571428571428,0.08793706090415235,20700.17142857143,85,70,15,True,0.0458591463092954,False,0.10372910393439617
PB3_T1,1,70,-0.014022647496676366,0.015580948066863902,0.8571428571428571,1.4457358044991204e-10,-0.03137601330304617,0.01815977227126063,0.9285714285714286,1.4573301148948558e-22,22794.17142857143,85,70,15,True,5.241361180004681e-10,True,9.664252489369916e-22
PB3_T1,5,70,-0.01332346299599446,0.021701036475058777,0.7285714285714285,2.4735691840553366e-06,-0.02912665230645127,0.025857211625244313,0.8571428571428571,5.0668731943773883e-14,22790.17142857143,85,70,15,True,7.010813396973903e-06,True,1.8683080988872867e-13
PB3_T1,30,70,-0.009455963639225871,0.02330970814227291,0.6857142857142857,0.0011448847568695034,-0.01905061796600033,0.026096758230106116,0.7714285714285715,5.2741096591367335e-08,22765.17142857143,85,70,15,True,0.0021686276507588455,True,1.3359273366801622e-07
PB3_T1,60,70,-0.007510992002606165,0.02460540304953507,0.6571428571428571,0.012862335587132468,-0.015416381738645698,0.02329405084732433,0.7857142857142857,5.192672226964257e-07,22735.17142857143,85,70,15,True,0.020062920746520396,True,1.2065018523309688e-06
PB3_T1,300,70,-0.006360264519261378,0.022919197565485227,0.5714285714285714,0.023202279607685814,-0.009605947141438703,0.021771375541433293,0.6714285714285714,0.00044155284455580816,22495.17142857143,85,70,15,True,0.0341673560589942,True,0.0006985188085807313
PB3_T10,1,70,-0.0018719219794910808,0.007997872653402646,0.6285714285714286,0.05424792317808246,-0.005897753152073704,0.008548262812117588,0.7857142857142857,2.0381121488749598e-07,21299.17142857143,85,70,15,False,0.07396470977911401,True,4.924249982072018e-07
PB3_T10,5,70,-0.0035829612799327917,0.0180450414439553,0.6285714285714286,0.10120213032089923,-0.010915305448401335,0.015973809523615067,0.8285714285714286,2.542055511013883e-07,21295.17142857143,85,70,15,False,0.12897578762770448,True,6.086487727340933e-07
PB3_T10,30,70,-0.006149145853211793,0.04452681679347345,0.6,0.2519014288392095,-0.019353707030460982,0.03677494865370811,0.7714285714285715,3.8069953166491866e-05,21270.17142857143,85,70,15,False,0.28799451907328555,True,6.857752251836777e-05
PB3_T10,60,70,-0.007595668474118871,0.06358275897275938,0.5571428571428572,0.32105278732032416,-0.023608569077217464,0.0512359981609676,0.7285714285714285,0.00025646797764353326,21240.17142857143,85,70,15,False,0.35816512114682597,True,0.00041836490215222256
PB3_T10,300,70,-0.0151251681182579,0.13797833696181483,0.6,0.3622609325836898,-0.04186472493643842,0.11335396884952462,0.6571428571428571,0.002884798069375156,21000.17142857143,85,70,15,False,0.39911081698872714,True,0.004099949539157204
PB3_T11,1,70,-0.0013016214308501993,0.007975209631689273,0.5714285714285714,0.17653121577754252,-0.005311897589464696,0.008572030600900712,0.7857142857142857,2.057044975950917e-06,20999.17142857143,85,70,15,False,0.21031563810738257,True,4.425336483132265e-06
PB3_T11,5,70,-0.0023373980233277144,0.017848033809211964,0.5714285714285714,0.27702020378308656,-0.010376325009792266,0.016111046639482332,0.7857142857142857,9.314030678090925e-07,20995.17142857143,85,70,15,False,0.31329126156155945,True,2.0747889099164506e-06
PB3_T11,30,70,-0.004604668435299113,0.04391376271964007,0.5857142857142857,0.383369651823622,-0.01940366940383433,0.03840729248789406,0.7285714285714285,7.130842189297789e-05,20970.17142857143,85,70,15,False,0.4202227623891542,True,0.00012355596672028015
PB3_T11,60,70,-0.005687414350564623,0.06209309380862374,0.5714285714285714,0.446088876378804,-0.02346711257747379,0.053275809291851176,0.6714285714285714,0.00045055178712844065,20940.17142857143,85,70,15,False,0.4813357488721949,True,0.0007114517479564728
PB3_T11,300,70,-0.015134264074297701,0.135779953182978,0.6,0.35430130597808035,-0.044597031704047684,0.1167649972000814,0.6857142857142857,0.0021057759397458465,20700.17142857143,85,70,15,False,0.39083898821680746,True,0.003056298851359604
PB3_T12,1,70,-0.0017164888336909797,0.008989731600943459,0.6142857142857143,0.11472222245779291,-0.00425275133104411,0.010197460801352571,0.7285714285714285,0.0008483522125837585,19199.17142857143,85,70,15,False,0.14329908842793726,True,0.0012900778584845447
PB3_T12,5,70,-0.003576073277673738,0.02044837711767504,0.6,0.14795980329961078,-0.009312580367271275,0.02046922169083535,0.7,0.00030191858041790637,19195.17142857143,85,70,15,False,0.1793058998246774,True,0.0004881276066185618
PB3_T12,30,70,-0.008119114541678732,0.050056711385939964,0.5857142857142857,0.17918857071139735,-0.021879613774963905,0.045986643440054,0.7,0.00016762719610598483,19170.17142857143,85,70,15,False,0.21304078176458288,True,0.0002793786601766414
PB3_T12,60,70,-0.01141272019640447,0.07042144362605456,0.5857142857142857,0.17954649726236088,-0.02770554508434352,0.0633412796332525,0.6714285714285714,0.0004901931593796847,19140.17142857143,85,70,15,False,0.21331951445717223,True,0.0007685748487591323
PB3_T12,300,70,-0.03140437684832207,0.1495050581597149,0.6142857142857143,0.08327643411531827,-0.056233118328062034,0.1370667917522795,0.6857142857142857,0.0010149124053273984,18900.17142857143,85,70,15,False,0.10849173449035619,True,0.0015323198977752457
PB3_T2,1,70,-0.012049470314497164,0.013372292982753812,0.8428571428571429,1.391352448677545e-10,-0.02801779299239539,0.016783885906820267,0.9428571428571428,8.625829153552476e-22,22789.17142857143,85,70,15,True,5.049498645148023e-10,True,5.1206597466535746e-21
PB3_T2,5,70,-0.013056900042611596,0.020771986237669123,0.7428571428571429,1.5420163834620843e-06,-0.029509212099625655,0.026033344984867323,0.8714285714285714,3.9604602209505144e-14,22785.17142857143,85,70,15,True,4.4508492939528e-06,True,1.471332264880003e-13
PB3_T2,30,70,-0.01026422009079364,0.029151995593403424,0.6714285714285714,0.004388638402791938,-0.02309916415893625,0.03172176186663936,0.7857142857142857,5.610425242157277e-08,22760.17142857143,85,70,15,True,0.007367709271936904,True,1.417997016214586e-07
PB3_T2,60,70,-0.008917840575071764,0.033419043834068705,0.6285714285714286,0.028821784954490358,-0.019510910625534467,0.030818494121380866,0.7714285714285715,1.3318789065098431e-06,22730.17142857143,85,70,15,True,0.04156062897235567,True,2.91982336420781e-06
PB3_T2,300,70,-0.007924461330060827,0.032601670552472296,0.5571428571428572,0.045833077172412466,-0.012179604513020787,0.03075414881051882,0.6428571428571429,0.001470197790475451,22490.17142857143,85,70,15,False,0.06374930822491347,True,0.0021698134840207957
PB3_T3,1,70,-0.0092921346622899,0.010415364461241574,0.8285714285714286,1.9037517995253343e-10,-0.022204115299614725,0.013918378602119212,0.9428571428571428,8.566362878320234e-21,22769.17142857143,85,70,15,True,6.858667849176256e-10,True,4.6244974600931893e-20
PB3_T3,5,70,-0.01163138147134412,0.0191561061602997,0.7857142857142857,3.0734975350608673e-06,-0.026732812647579037,0.023460483713620025,0.8857142857142857,3.217934814436075e-14,22765.17142857143,85,70,15,True,8.605294962427306e-06,True,1.1980565499867068e-13
PB3_T3,30,70,-0.009544483609589096,0.036601301566151455,0.6571428571428571,0.03253700681593311,-0.02580103783374042,0.03519398347208925,0.8142857142857143,4.74473256782771e-08,22740.17142857143,85,70,15,True,0.04629957106632986,True,1.2089270665077238e-07
PB3_T3,60,70,-0.009544401166041492,0.044886661741770834,0.6142857142857143,0.07964116483369253,-0.022780341294490043,0.04018463636488626,0.7428571428571429,1.0976410321999613e-05,22710.17142857143,85,70,15,False,0.10418789265445198,True,2.144994211680354e-05
PB3_T3,300,70,-0.011375362011241855,0.055418845786624156,0.5285714285714286,0.09040227359576253,-0.01701796296513444,0.05172877215608824,0.5857142857142857,0.007551276807622148,22470.17142857143,85,70,15,False,0.11663176074434635,True,0.010108353882345805
PB3_T4,1,70,-0.007469711168119353,0.009456826271712153,0.8,6.761421725306985e-09,-0.01819225801276411,0.012199263119936079,0.9714285714285714,2.3439575088033106e-19,22739.17142857143,85,70,15,True,2.2142855034062214e-08,True,1.1487054174348139e-18
PB3_T4,5,70,-0.009657141569035904,0.018210374753893054,0.7428571428571429,3.370967625273711e-05,-0.022288727147676848,0.0210380544697476,0.9,5.27764891628287e-13,22735.17142857143,85,70,15,True,8.133165604274211e-05,True,1.8197881243270777e-12
PB3_T4,30,70,-0.008576976474226887,0.037444554439943524,0.6714285714285714,0.05945230787734362,-0.0231526830286833,0.03505328860710111,0.7714285714285715,5.423455882880099e-07,22710.17142857143,85,70,15,False,0.08048891995149773,True,1.255900809339862e-06
PB3_T4,60,70,-0.008312146382922258,0.05049969200626732,0.5571428571428572,0.17292486160042542,-0.020706738555456922,0.04467745941600942,0.6857142857142857,0.00023776031975523927,22680.17142857143,85,70,15,False,0.20658900305306702,True,0.00038950303686787656
PB3_T4,300,70,-0.014925968313224305,0.07368269139004978,0.5285714285714286,0.09461673252608052,-0.020459262067732645,0.06691702479569706,0.5857142857142857,0.012726905695382505,22440.17142857143,85,70,15,False,0.12147930541717138,True,0.01663065778273319
PB3_T5,1,70,-0.006484546704352439,0.00919254737120502,0.7714285714285715,1.2120226295133778e-07,-0.01592197420102448,0.011367061155919005,0.9428571428571428,4.503131695726995e-18,22709.17142857143,85,70,15,True,3.7827806548949594e-07,True,2.0939865422256754e-17
PB3_T5,5,70,-0.008636746178069426,0.01821932872192982,0.7285714285714285,0.00017616310836150712,-0.019375477147526684,0.01984949423620298,0.8571428571428571,9.901829928650041e-12,22705.17142857143,85,70,15,True,0.0003854613928999411,True,3.1824020840451996e-11
PB3_T5,30,70,-0.007890156166271346,0.03935339529050907,0.6,0.09797711366353706,-0.02076439736421544,0.03533397719107932,0.7285714285714285,5.721310845898377e-06,22680.17142857143,85,70,15,False,0.12528161647206534,True,1.169652601927745e-05
PB3_T5,60,70,-0.0066467588790354235,0.05433875671928034,0.5857142857142857,0.30968918818887164,-0.018975543764860468,0.04717389663979497,0.6714285714285714,0.001251664116292696,22650.17142857143,85,70,15,False,0.34660710890591234,True,0.0018672277727941554
PB3_T5,300,70,-0.016765565627372556,0.08313994848125669,0.5714285714285714,0.09608787912674507,-0.0225359246948815,0.07386001793788279,0.6285714285714286,0.01290216025682567,22410.17142857143,85,70,15,False,0.12316361781615166,True,0.01682168669252764
PB3_T6,1,70,-0.00580578517401907,0.009051349539711125,0.7428571428571429,1.0148365413177613e-06,-0.014500832937641381,0.010943871170559989,0.9142857142857143,5.607379661809926e-17,22679.17142857143,85,70,15,True,2.9714069917397165e-06,True,2.436917827868339e-16
PB3_T6,5,70,-0.007538804990733743,0.018203776764278253,0.7,0.0009163039790632136,-0.017535793247672037,0.019382099015057774,0.8714285714285714,1.2231406424345767e-10,22675.17142857143,85,70,15,True,0.001779556069512874,True,3.716755426219404e-10
PB3_T6,30,70,-0.006000867345162228,0.03968736494124087,0.5428571428571428,0.21010593457193838,-0.019056079526659126,0.0352999693849928,0.7142857142857143,2.5254800638739276e-05,22650.17142857143,85,70,15,False,0.24598983529178145,True,4.663566873695575e-05
PB3_T6,60,70,-0.006831025248476438,0.05539659983747236,0.5857142857142857,0.30581723758563467,-0.018724113299073055,0.04790744058043361,0.6285714285714286,0.0016797932460132334,22620.17142857143,85,70,15,False,0.3425393041606353,True,0.002465456951986288
PB3_T6,300,70,-0.017625413683202633,0.08751615874052622,0.6,0.09650658287847183,-0.02443662953501703,0.07775890555413935,0.6714285714285714,0.010540237247010044,22380.17142857143,85,70,15,False,0.12353843788259361,True,0.0139100533569212
PB3_T7,1,70,-0.004163880985829441,0.007756253608455161,0.6857142857142857,2.765961159560275e-05,-0.011061521681274559,0.009815742789713958,0.9,4.9838280021756916e-14,22499.17142857143,85,70,15,True,6.782395888062988e-05,True,1.8396501867005355e-13
PB3_T7,5,70,-0.006449049003275578,0.01605396326823927,0.6285714285714286,0.0012692288854819571,-0.01375724244481439,0.01715730182478613,0.8142857142857143,4.469225616901059e-09,22495.17142857143,85,70,15,True,0.0023703707023460334,True,1.2187193769844639e-08
PB3_T7,30,70,-0.008071780965334964,0.03824200025858143,0.5857142857142857,0.08182826552622725,-0.01854717363127802,0.03437546212070012,0.7142857142857143,2.547556156014706e-05,22470.17142857143,85,70,15,False,0.10680644404726677,True,4.701819721704492e-05
PB3_T7,60,70,-0.00944542925448787,0.05510297658841,0.5857142857142857,0.15604504457999707,-0.020984833512973873,0.04777036992673377,0.6857142857142857,0.0004655802570858115,22440.17142857143,85,70,15,False,0.18793542799310411,True,0.0007328381723150244
PB3_T7,300,70,-0.022233588944359905,0.10510477255669168,0.6428571428571429,0.08117032249807712,-0.030660903599421585,0.09008394530294718,0.7142857142857143,0.005797828622854471,22200.17142857143,85,70,15,False,0.10606787603285041,True,0.00785548936939694
PB3_T8,1,70,-0.0030999674403883334,0.007974958049468406,0.6571428571428571,0.0017735017949362319,-0.008568141089438801,0.010126673566278289,0.8571428571428571,9.567065678468961e-10,22199.17142857143,85,70,15,True,0.0032172056886817504,True,2.756815005763992e-09
PB3_T8,5,70,-0.005104463713897419,0.01731867644359072,0.6571428571428571,0.016154733690338565,-0.012207607074199598,0.018298081443555707,0.7714285714285715,4.3524046238426434e-07,22195.17142857143,85,70,15,True,0.02475148776058525,True,1.0181149610952156e-06
PB3_T8,30,70,-0.008208969532369824,0.04196489928064209,0.5714285714285714,0.10626051229628902,-0.018534092016695713,0.03846268742192318,0.6857142857142857,0.0001407569024771968,22170.17142857143,85,70,15,False,0.13443063712328032,True,0.0002361899456331787
PB3_T8,60,70,-0.009616403709308323,0.05967843003579647,0.5428571428571428,0.1820132630784208,-0.022566055758979155,0.052512245785844576,0.7142857142857143,0.0006037865552276088,22140.17142857143,85,70,15,False,0.21587910193475587,True,0.000931702790670562
PB3_T8,300,70,-0.02520725491962819,0.13076554728504305,0.5428571428571428,0.11135217561163067,-0.03503104545469679,0.10450909643480141,0.6571428571428571,0.00654122557467122,21900.17142857143,85,70,15,False,0.13989882426843053,True,0.008814326973669682
PB3_T9,1,70,-0.0024114215489251228,0.008226614832819334,0.6142857142857143,0.01672163849031856,-0.007196467593710917,0.009213136089688231,0.8142857142857143,9.152866438049618e-09,21899.17142857143,85,70,15,True,0.025540787349270833,True,2.4495084077042162e-08
PB3_T9,5,70,-0.004382133201395331,0.018295278294576757,0.5571428571428572,0.04899855727831227,-0.011407744857240837,0.01744571250975173,0.7428571428571429,6.741423685873456e-07,21895.17142857143,85,70,15,False,0.06758084446968818,True,1.5414704721835067e-06
PB3_T9,30,70,-0.008823329279485025,0.04572189802552878,0.5714285714285714,0.11096763528239413,-0.018638710242789354,0.03800743721714406,0.7,0.00011000726525902033,21870.17142857143,85,70,15,False,0.13961878364918853,True,0.00018686091517694948
PB3_T9,60,70,-0.011968450571856725,0.06507331453613084,0.5571428571428572,0.1284251200714354,-0.023102383554249373,0.0513943846222165,0.6857142857142857,0.0003512769421146609,21840.17142857143,85,70,15,False,0.1583543147204887,True,0.0005626619541057734
PB3_T9,300,70,-0.022338725643049312,0.13540639440050825,0.5571428571428572,0.17195502697130244,-0.04065935596908124,0.10948817962244611,0.6714285714285714,0.00274339900674987,21600.17142857143,85,70,15,False,0.20550142448490138,True,0.003918331363505912
PB4_T1,1,70,-0.015084517025926258,0.017344024006659724,0.8428571428571429,4.1836070279652545e-10,-0.026528666760857345,0.01598381831879974,0.9285714285714286,1.1587747776877655e-21,22794.17142857143,85,70,15,True,1.4764414996547451e-09,True,6.751397883444294e-21
PB4_T1,5,70,-0.01523601772738612,0.025170704831083905,0.6714285714285714,3.2642910571016095e-06,-0.024866935289329355,0.02398287648255649,0.8,1.1667832689334096e-12,22790.17142857143,85,70,15,True,9.05873542352294e-06,True,3.921435986541761e-12
PB4_T1,30,70,-0.012291475103172704,0.021252814416122656,0.7285714285714285,7.672590383224739e-06,-0.0150518374349829,0.020355853822647832,0.8,3.824906577364714e-08,22765.17142857143,85,70,15,True,2.047011565563048e-05,True,9.79618400651971e-08
PB4_T1,60,70,-0.010341134036282805,0.025095274963102848,0.6857142857142857,0.0009675376790210707,-0.01193174837255728,0.018278067924361603,0.8,6.991935660196084e-07,22735.17142857143,85,70,15,True,0.0018706450369433685,True,1.5871969583428036e-06
PB4_T1,300,70,-0.007862366635873494,0.021852727374953904,0.6285714285714286,0.0036444523539581044,-0.007389717376393821,0.017066980845376174,0.7,0.000552844370710916,22495.17142857143,85,70,15,True,0.006227291237846316,True,0.0008576925758005306
PB4_T10,1,70,-0.004544965238497818,0.00809379780300448,0.7285714285714285,1.29629745452641e-05,-0.00552483535083249,0.009567909046258542,0.7857142857142857,7.895346906878362e-06,21299.17142857143,85,70,15,True,3.352326126787984e-05,True,1.5749668101469836e-05
PB4_T10,5,70,-0.008939779179388973,0.018062652400807802,0.6857142857142857,9.639915753294232e-05,-0.009144070129612727,0.017546305884884036,0.7571428571428571,4.441385560375534e-05,21295.17142857143,85,70,15,True,0.0002188298878293796,True,7.837073891257327e-05
PB4_T10,30,70,-0.018215963928189683,0.04410925300608219,0.6285714285714286,0.0009448497942027156,-0.017656692009146102,0.04058961079288092,0.6714285714285714,0.0005232788783400213,21270.17142857143,85,70,15,True,0.0018329343284505238,True,0.000815116660978749
PB4_T10,60,70,-0.024295695969609787,0.06237183076212944,0.6285714285714286,0.0017369242250834039,-0.023947973827846695,0.057186231850228454,0.6714285714285714,0.0008101664140130401,21240.17142857143,85,70,15,True,0.0031617877753757433,True,0.001233094732366304
PB4_T10,300,70,-0.04898356476797994,0.13134594367480373,0.6285714285714286,0.002638093215425482,-0.04104072990371641,0.11664095299836601,0.6571428571428571,0.00441375327449791,21000.17142857143,85,70,15,True,0.00462201422885144,True,0.0060876317618324466
PB4_T11,1,70,-0.004167731466357881,0.008674115903758184,0.7,0.0001465103071160757,-0.005312541740853877,0.009781663996652295,0.7428571428571429,2.285145078642297e-05,20999.17142857143,85,70,15,True,0.0003242748949942611,True,4.2561675376525364e-05
PB4_T11,5,70,-0.008044299715355363,0.019131772063463226,0.6714285714285714,0.0007743375325542602,-0.009079529189750123,0.01844368595551205,0.7571428571428571,0.00010413277735617047,20995.17142857143,85,70,15,True,0.0015200773721448688,True,0.00017714369697066073
PB4_T11,30,70,-0.01676750523291628,0.04589404964520328,0.6142857142857143,0.0031814012828856367,-0.017580398784995267,0.042856325032819116,0.7142857142857143,0.0010160766673815017,20970.17142857143,85,70,15,True,0.005487639257298988,True,0.0015323198977752457
PB4_T11,60,70,-0.0237783451179057,0.06436216173082758,0.6571428571428571,0.0028763545972141373,-0.02419913448642846,0.05917297930725369,0.7,0.0010503336557900135,20940.17142857143,85,70,15,True,0.0050039300772280184,True,0.0015791569977173616
PB4_T11,300,70,-0.053076742248103125,0.12985990400922512,0.6571428571428571,0.0010567726023917648,-0.047558045274245786,0.12026712601131209,0.6857142857142857,0.0014928848566191835,20700.17142857143,85,70,15,True,0.002019441007336033,True,0.002197663902692492
PB4_T12,1,70,-0.005155939848223058,0.00771553697075388,0.8,4.1963706094161725e-07,-0.0050581100887583325,0.009559536909507152,0.7714285714285715,3.4945743222673704e-05,19199.17142857143,85,70,15,True,1.2691926070633844e-06,True,6.312656013106266e-05
PB4_T12,5,70,-0.01082990540966367,0.01752201865629226,0.8142857142857143,2.1662806665216163e-06,-0.011172353702964643,0.01875558880836265,0.8142857142857143,4.43702293860088e-06,19195.17142857143,85,70,15,True,6.169486959968015e-06,True,9.179590619217653e-06
PB4_T12,30,70,-0.024368571887614772,0.042543332025788076,0.7285714285714285,9.130340047182475e-06,-0.023341700101547604,0.04030030583573943,0.7428571428571429,7.470858370352894e-06,19170.17142857143,85,70,15,True,2.4062032694901183e-05,True,1.4980742169992596e-05
PB4_T12,60,70,-0.033838509607601104,0.05972669174018072,0.7428571428571429,1.1091771521022966e-05,-0.03212677342886814,0.05735652684912282,0.7571428571428571,1.3542932041062444e-05,19140.17142857143,85,70,15,True,2.8987950533384532e-05,True,2.6009357192551685e-05
PB4_T12,300,70,-0.07616393638271067,0.12729724051457308,0.7285714285714285,4.080337360598262e-06,-0.07272580602011154,0.1320916641265006,0.7571428571428571,1.8184154785335818e-05,18900.17142857143,85,70,15,True,1.1188544111799201e-05,True,3.438765997993172e-05
PB4_T2,1,70,-0.011969354736748053,0.014392009966140623,0.8,1.583334234728761e-09,-0.0226026702928492,0.014722089694821732,0.9285714285714286,5.711659571206838e-20,22789.17142857143,85,70,15,True,5.368581135049216e-09,True,2.85996866935067e-19
PB4_T2,5,70,-0.014205466050513201,0.0219231077944996,0.6857142857142857,8.191992261521827e-07,-0.02387638857016389,0.024293490060669918,0.8,7.816550453495185e-12,22785.17142857143,85,70,15,True,2.423541883290357e-06,True,2.5310400424863973e-11
PB4_T2,30,70,-0.014731857073696505,0.028262793938990328,0.7428571428571429,4.427273837358832e-05,-0.01946988072989355,0.026817627816738483,0.7571428571428571,6.03944662786937e-08,22760.17142857143,85,70,15,True,0.00010455386950153687,True,1.5208694643964996e-07
PB4_T2,60,70,-0.013086699245121774,0.03499423926210106,0.6571428571428571,0.002571256896152989,-0.015340865951346374,0.026138971544353982,0.7428571428571429,5.861226595754375e-06,22730.17142857143,85,70,15,True,0.004518663568773436,True,1.194722513494012e-05
PB4_T2,300,70,-0.010049035262685701,0.030410325464814883,0.6428571428571429,0.007301174710023264,-0.008936283186103237,0.02404299230850346,0.6571428571428571,0.0027216576124838316,22490.17142857143,85,70,15,True,0.011904463720212543,True,0.0038888875228823964
PB4_T3,1,70,-0.009026150229544434,0.011048680478360834,0.8,2.6440576827081443e-09,-0.01719178551746485,0.012446229194043323,0.9428571428571428,8.565258688193216e-18,22769.17142857143,85,70,15,True,8.860542476970553e-09,True,3.848277690172923e-17
PB4_T3,5,70,-0.01239174175061722,0.02106658149094594,0.7428571428571429,5.6214369064500175e-06,-0.021046084534340093,0.0226391252606359,0.9,5.0935290077353164e-11,22765.17142857143,85,70,15,True,1.5185351455656617e-05,True,1.5797287513763534e-10
PB4_T3,30,70,-0.012115081245271258,0.046240761808100495,0.6,0.031752586829376726,-0.022852798744309007,0.03594609752630708,0.7857142857142857,1.2213480290130766e-06,22740.17142857143,85,70,15,True,0.045351462379287555,True,2.686033936629893e-06
PB4_T3,60,70,-0.015336507085549777,0.05282045726195538,0.6428571428571429,0.01773789437136719,-0.020369939327100815,0.03842140390107563,0.7285714285714285,3.3850655761217906e-05,22710.17142857143,85,70,15,True,0.026914547673725843,True,6.132879896759774e-05
PB4_T3,300,70,-0.014654220132776511,0.051815641546102485,0.6142857142857143,0.020785322735586226,-0.013639704858701971,0.03978806843341497,0.6428571428571429,0.005473064622982139,22470.17142857143,85,70,15,True,0.030914029294640728,True,0.007444660737166649
PB4_T4,1,70,-0.006921194864588954,0.011427023220603964,0.7285714285714285,3.2249465940273503e-06,-0.013858253126587247,0.010895019226363198,0.9285714285714286,3.3683567059101386e-16,22739.17142857143,85,70,15,True,9.00015386297625e-06,True,1.4157752334451981e-15
PB4_T4,5,70,-0.010374436037434018,0.024829669692878652,0.6571428571428571,0.0008308563050322281,-0.017344865767184907,0.02037806848882962,0.8428571428571429,8.016492386979187e-10,22735.17142857143,85,70,15,True,0.0016236473607954456,True,2.321624576447032e-09
PB4_T4,30,70,-0.015350376632454154,0.05283181254806229,0.6428571428571429,0.017662737799888573,-0.020596467100811863,0.03918909378124501,0.6857142857142857,3.888920757057269e-05,22710.17142857143,85,70,15,True,0.026847672282716683,True,6.98348296030814e-05
PB4_T4,60,70,-0.01807381013548273,0.06252307373985078,0.6428571428571429,0.01822442810225532,-0.020353250784842302,0.0462737704901025,0.7285714285714285,0.00045851284107812875,22680.17142857143,85,70,15,True,0.02750781961262216,True,0.0007223721203180617
PB4_T4,300,70,-0.018772497909602393,0.0723793207970085,0.5714285714285714,0.03345375006345849,-0.01604277127350476,0.055208660259897666,0.6142857142857143,0.01765053822512149,22440.17142857143,85,70,15,True,0.047486732320973335,True,0.02269543233742443
PB4_T5,1,70,-0.007331534714672691,0.010418779360424454,0.7428571428571429,1.284678330340565e-07,-0.012827780098449076,0.010215406272094793,0.9,5.857896659865564e-16,22709.17142857143,85,70,15,True,3.998705974168155e-07,True,2.4151677724538277e-15
PB4_T5,5,70,-0.011773985635943531,0.022028068814633834,0.7,2.9697009290203823e-05,-0.01637633830242364,0.018681917327767437,0.8857142857142857,3.288593325164985e-10,22705.17142857143,85,70,15,True,7.225575147722128e-05,True,9.761269769196907e-10
PB4_T5,30,70,-0.015964490203911,0.05096741404148281,0.6571428571428571,0.010785601492334646,-0.02017194558675142,0.038046133666732006,0.7,3.3824772079884184e-05,22680.17142857143,85,70,15,True,0.01710939079706896,True,6.132879896759774e-05
PB4_T5,60,70,-0.015680812955151075,0.06527659532024775,0.6285714285714286,0.048360746260892304,-0.017307811303676382,0.04778294164629391,0.6714285714285714,0.003435116482328705,22650.17142857143,85,70,15,False,0.06686129585089352,True,0.004834349265354654
PB4_T5,300,70,-0.021073191371377517,0.08516310436067932,0.6142857142857143,0.04217130965209156,-0.01783878807648426,0.06416496074183256,0.6,0.022961356855649873,22410.17142857143,85,70,15,False,0.05910826565840825,True,0.029028249594403494
PB4_T6,1,70,-0.005819383837152165,0.010571137981241697,0.7428571428571429,1.8225188052501552e-05,-0.010945771082671694,0.010538156651298022,0.9,1.0945593656346675e-12,22679.17142857143,85,70,15,True,4.606292956941687e-05,True,3.693072132936994e-12
PB4_T6,5,70,-0.008740974115588693,0.02233851831591471,0.6857142857142857,0.0016602858744931407,-0.012660712408674437,0.020320247880451336,0.8142857142857143,1.84416192071458e-06,22675.17142857143,85,70,15,True,0.003038287974774259,True,3.98224500558695e-06
PB4_T6,30,70,-0.01232138705697173,0.04966133658965829,0.6714285714285714,0.0416390436822736,-0.015158482075271066,0.03777403333904911,0.6428571428571429,0.0012830550544193709,22650.17142857143,85,70,15,False,0.05845708895662547,True,0.0019074680635224293
PB4_T6,60,70,-0.01267369832699166,0.06629852309530297,0.6142857142857143,0.11430812191047665,-0.013983134311333634,0.04942465968665087,0.6285714285714286,0.020740468297562292,22620.17142857143,85,70,15,False,0.1429886173789636,True,0.026451950142402567
PB4_T6,300,70,-0.02408824810013709,0.092172102394357,0.6142857142857143,0.0321711309510566,-0.0195065907716138,0.07017330955029216,0.5857142857142857,0.02297894721872462,22380.17142857143,85,70,15,True,0.045854479140222996,True,0.029028249594403494
PB4_T7,1,70,-0.004746359868627663,0.009723810602963357,0.6857142857142857,0.00011752703377727148,-0.008965927908536758,0.009217224086496304,0.9,1.1155531317772197e-11,22499.17142857143,85,70,15,True,0.00026401554076753767,True,3.568737102120643e-11
PB4_T7,5,70,-0.008008132586936903,0.020976256901199697,0.6285714285714286,0.002114664592917645,-0.010052747745907892,0.01812655398886515,0.7714285714285715,1.606988670578572e-05,22495.17142857143,85,70,15,True,0.0037718978670781955,True,3.0657900921308484e-05
PB4_T7,30,70,-0.015230100414886828,0.04975956002304508,0.6142857142857143,0.012634247024921863,-0.01518764511002084,0.039802261290744795,0.6857142857142857,0.0021250214199295477,22470.17142857143,85,70,15,True,0.019760671557765973,True,0.00307838706223697
PB4_T7,60,70,-0.019658740052731227,0.06976397897172826,0.6,0.021234077641683318,-0.018923301246036604,0.053779480047417866,0.6142857142857143,0.004412357239108252,22440.17142857143,85,70,15,True,0.031473075183189994,True,0.0060876317618324466
PB4_T7,300,70,-0.04386990327135666,0.10876880726179845,0.6857142857142857,0.0012168077698311824,-0.03158890186828045,0.08991351605189409,0.6714285714285714,0.004470145496797021,22200.17142857143,85,70,15,True,0.00228730731488941,True,0.006155581914774522
PB4_T8,1,70,-0.005025681388201639,0.00799497939285183,0.7571428571428571,1.5408905653041233e-06,-0.007318382955882834,0.008993689117265077,0.8428571428571429,2.9572535201478055e-09,22199.17142857143,85,70,15,True,4.4508492939528e-06,True,8.173859426995761e-09
PB4_T8,5,70,-0.009600609086013503,0.01793458918419328,0.7571428571428571,2.8973720464875078e-05,-0.009775864908599425,0.016712266925594268,0.7571428571428571,6.232365852466514e-06,22195.17142857143,85,70,15,True,7.079505247959222e-05,True,1.263663412367626e-05
PB4_T8,30,70,-0.019224788505422846,0.043913302278204454,0.6857142857142857,0.00048501914727355603,-0.016812927083283132,0.03756055659105274,0.7,0.00037015073288668274,22170.17142857143,85,70,15,True,0.0009880549256073917,True,0.0005909755404425321
PB4_T8,60,70,-0.02738825693845345,0.060821890359185345,0.6714285714285714,0.00034365564419122066,-0.024139938817080823,0.05209590090165438,0.7142857142857143,0.00023840932620306911,22140.17142857143,85,70,15,True,0.0007174200910457204,True,0.0003898269325772014
PB4_T8,300,70,-0.04677106882160114,0.12096255627129773,0.7,0.001868712500255559,-0.032360654831084475,0.10606010695418895,0.6571428571428571,0.012902305882163154,21900.17142857143,85,70,15,True,0.00336972948245457,True,0.01682168669252764
PB4_T9,1,70,-0.004986198990350787,0.008158508535666078,0.7714285714285715,2.7055613050737322e-06,-0.00645620339135908,0.009782343700285615,0.8,5.516312860754915e-07,21899.17142857143,85,70,15,True,7.637021494305347e-06,True,1.2722874905872024e-06
PB4_T9,5,70,-0.009601578655860208,0.018227351872090788,0.7428571428571429,3.750886462020852e-05,-0.009241414431292004,0.018013163246586084,0.7857142857142857,5.655746338833458e-05,21895.17142857143,85,70,15,True,8.980812700126156e-05,True,9.904008662682185e-05
PB4_T9,30,70,-0.019757973417246295,0.043443559934205137,0.7142857142857143,0.0003032603594240007,-0.017096516795765924,0.03922799382422375,0.7571428571428571,0.0005117340992308285,21870.17142857143,85,70,15,True,0.0006384914940950167,True,0.0007992953493863078
PB4_T9,60,70,-0.02668812896551306,0.06102957163128334,0.6857142857142857,0.0004915705861856878,-0.023473876239932634,0.05366959844812584,0.7571428571428571,0.0004905086950836141,21840.17142857143,85,70,15,True,0.0009996329460103303,True,0.0007685748487591323
PB4_T9,300,70,-0.05214274024208237,0.12076031084217055,0.6571428571428571,0.0005710774034630053,-0.03790792702896999,0.11300615665993252,0.6285714285714286,0.006502700808108238,21600.17142857143,85,70,15,True,0.0011464685816180613,True,0.008765833512295733
PB5_T1,1,70,-0.015086186123395028,0.01734353495249739,0.8428571428571429,4.1659320739162634e-10,-0.026528666213786852,0.0159838189341601,0.9285714285714286,1.1587782763769802e-21,22794.17142857143,85,70,15,True,1.4747228806754658e-09,True,6.751397883444294e-21
PB5_T1,5,70,-0.015234652644303046,0.025167728081556,0.6714285714285714,3.262479504058767e-06,-0.024866936423239075,0.02398287549774473,0.8,1.1667795832498099e-12,22790.17142857143,85,70,15,True,9.05873542352294e-06,True,3.921435986541761e-12
PB5_T1,30,70,-0.012287163846145375,0.02125256879621448,0.7285714285714285,7.719990814629917e-06,-0.015051837334210887,0.02035585324515459,0.8,3.824904486856823e-08,22765.17142857143,85,70,15,True,2.0564817474592415e-05,True,9.79618400651971e-08
PB5_T1,60,70,-0.010336274924099591,0.02509610248346587,0.6857142857142857,0.0009728406648390872,-0.011931749120531361,0.01827806683361039,0.8,6.991917293534339e-07,22735.17142857143,85,70,15,True,0.0018766970949296738,True,1.5871969583428036e-06
PB5_T1,300,70,-0.00785667314899639,0.02185304022107661,0.6285714285714286,0.0036680594175309594,-0.007389716093496712,0.017066980972929423,0.7,0.0005528455474118037,22495.17142857143,85,70,15,True,0.0062614354187596165,True,0.0008576925758005306
PB5_T10,1,70,-0.004540412341618233,0.008096832223863891,0.7285714285714285,1.3277150331429161e-05,-0.005524835278041794,0.00956790871455513,0.7857142857142857,7.895343832376507e-06,21299.17142857143,85,70,15,True,3.425881582904238e-05,True,1.5749668101469836e-05
PB5_T10,5,70,-0.008930058796025033,0.018069609471778034,0.6857142857142857,9.846983622311213e-05,-0.009144070086094514,0.017546305897881108,0.7571428571428571,4.4413859415671315e-05,21295.17142857143,85,70,15,True,0.0002230906781317065,True,7.837073891257327e-05
PB5_T10,30,70,-0.01818873968602273,0.04412796940539974,0.6285714285714286,0.0009648172326464943,-0.01765669213645634,0.04058961065921373,0.6714285714285714,0.0005232788132626122,21270.17142857143,85,70,15,True,0.0018680814582698818,True,0.000815116660978749
PB5_T10,60,70,-0.024255778347724355,0.06240163832830984,0.6285714285714286,0.0017738862046132373,-0.02394797417277557,0.057186231839679635,0.6714285714285714,0.0008101662822056462,21240.17142857143,85,70,15,True,0.0032172056886817504,True,0.001233094732366304
PB5_T10,300,70,-0.04890642594674908,0.13140922962463603,0.6285714285714286,0.0026888012738714214,-0.04104073025526306,0.11664095290217363,0.6571428571428571,0.00441375292489568,21000.17142857143,85,70,15,True,0.004703700456316841,True,0.0060876317618324466
PB5_T11,1,70,-0.004163395831516095,0.008675825383421156,0.7,0.0001490338293478014,-0.005312541244733218,0.00978166416907634,0.7428571428571429,2.2851492857729247e-05,20999.17142857143,85,70,15,True,0.0003290171759723028,True,4.2561675376525364e-05
PB5_T11,5,70,-0.008034839428237114,0.019136728572996232,0.6714285714285714,0.0007869027255017285,-0.009079529389919598,0.018443685651019663,0.7571428571428571,0.0001041327198323579,20995.17142857143,85,70,15,True,0.0015403676581351115,True,0.00017714369697066073
PB5_T11,30,70,-0.016743445984290818,0.04590973441136646,0.6142857142857143,0.003232435462576311,-0.017580399590875373,0.042856325023549774,0.7142857142857143,0.0010160761622561474,20970.17142857143,85,70,15,True,0.005567330270788214,True,0.0015323198977752457
PB5_T11,60,70,-0.02374525672199988,0.06438909641685919,0.6571428571428571,0.002924226501895978,-0.024199135555769188,0.059172978979395496,0.7,0.0010503330947305082,20940.17142857143,85,70,15,True,0.005082093845095877,True,0.0015791569977173616
PB5_T11,300,70,-0.05299493006554939,0.1299154033963118,0.6571428571428571,0.0010793151772845813,-0.047558045781278944,0.12026712637302003,0.6857142857142857,0.0014928847402819626,20700.17142857143,85,70,15,True,0.00205569676820189,True,0.002197663902692492
PB5_T12,1,70,-0.005148549055086999,0.007719699900137849,0.8,4.3836365428099273e-07,-0.005058110183724569,0.00955953668656083,0.7714285714285715,3.49457197435238e-05,19199.17142857143,85,70,15,True,1.322747969904655e-06,True,6.312656013106266e-05
PB5_T12,5,70,-0.010812324563909067,0.01753068589032807,0.8142857142857143,2.2595976016696444e-06,-0.01117235367800353,0.018755588900951404,0.8142857142857143,4.437023540982194e-06,19195.17142857143,85,70,15,True,6.409613886509541e-06,True,9.179590619217653e-06
PB5_T12,30,70,-0.02432365679414675,0.042565549290837064,0.7285714285714285,9.525040150577796e-06,-0.023341700021299663,0.04030030596226339,0.7428571428571429,7.470859264514397e-06,19170.17142857143,85,70,15,True,2.5044911507036746e-05,True,1.4980742169992596e-05
PB5_T12,60,70,-0.03377625625963691,0.05975819958279129,0.7428571428571429,1.1564015875531178e-05,-0.03212677333395262,0.057356526919085354,0.7571428571428571,1.3542933021534148e-05,19140.17142857143,85,70,15,True,3.0085598531596553e-05,True,2.6009357192551685e-05
PB5_T12,300,70,-0.07606177547574935,0.12739579094392237,0.7285714285714285,4.247932336559366e-06,-0.07272580619748163,0.13209166429927463,0.7571428571428571,1.8184154437441982e-05,18900.17142857143,85,70,15,True,1.1583746032212005e-05,True,3.438765997993172e-05
PB5_T2,1,70,-0.011968942303582999,0.014392501992129929,0.8,1.5864895336850978e-09,-0.02260267067524998,0.01472208866216216,0.9285714285714286,5.711635236403296e-20,22789.17142857143,85,70,15,True,5.368581135049216e-09,True,2.85996866935067e-19
PB5_T2,5,70,-0.014201739666990815,0.02192165773839047,0.6857142857142857,8.226223173784897e-07,-0.023876386493228378,0.02429348834844536,0.8,7.81655492136899e-12,22785.17142857143,85,70,15,True,2.429196672259523e-06,True,2.5310400424863973e-11
PB5_T2,30,70,-0.014726581259479366,0.028264951522250333,0.7428571428571429,4.457395898829939e-05,-0.01946988103991095,0.02681763037932222,0.7571428571428571,6.039458480903032e-08,22760.17142857143,85,70,15,True,0.00010504981466888911,True,1.5208694643964996e-07
PB5_T2,60,70,-0.01308010705392533,0.03499606333116928,0.6571428571428571,0.002584593507664296,-0.015340865742278309,0.026138971794887958,0.7428571428571429,5.861229118299133e-06,22730.17142857143,85,70,15,True,0.0045374850452134866,True,1.194722513494012e-05
PB5_T2,300,70,-0.010041379565533599,0.03041026240708637,0.6428571428571429,0.007343527985241431,-0.008936283406322968,0.024042993727409576,0.6571428571428571,0.002721658474769793,22490.17142857143,85,70,15,True,0.01195659245476397,True,0.0038888875228823964
PB5_T3,1,70,-0.009024607973113215,0.011049897597824054,0.8,2.6652531769369892e-09,-0.017191784491416066,0.012446231082427733,0.9428571428571428,8.565341660616434e-18,22769.17142857143,85,70,15,True,8.914278534673086e-09,True,3.848277690172923e-17
PB5_T3,5,70,-0.012386996299718905,0.021067040202989756,0.7428571428571429,5.663908772901924e-06,-0.02104608347384882,0.02263912551758766,0.9,5.093539302556462e-11,22765.17142857143,85,70,15,True,1.5264278323226325e-05,True,1.5797287513763534e-10
PB5_T3,30,70,-0.012107298884260995,0.04624674192247127,0.6,0.03188025106601241,-0.022852797871608786,0.03594609692432292,0.7857142857142857,1.2213485714748371e-06,22740.17142857143,85,70,15,True,0.04549618646554022,True,2.686033936629893e-06
PB5_T3,60,70,-0.015325526409277002,0.05282573949800519,0.6428571428571429,0.017827235271486684,-0.02036993883946485,0.038421403062909726,0.7285714285714285,3.385065691207204e-05,22710.17142857143,85,70,15,True,0.02699084043075657,True,6.132879896759774e-05
PB5_T3,300,70,-0.014644348485298681,0.05181614798717906,0.6142857142857143,0.020869261351848852,-0.013639705250740273,0.03978806721536997,0.6428571428571429,0.00547306199650184,22470.17142857143,85,70,15,True,0.031012171170166792,True,0.007444660737166649
PB5_T4,1,70,-0.0069194198389214544,0.011427426907457044,0.7285714285714285,3.2432322694248757e-06,-0.013858253400056943,0.010895018211919889,0.9285714285714286,3.3683402706823863e-16,22739.17142857143,85,70,15,True,9.036586686179794e-06,True,1.4157752334451981e-15
PB5_T4,5,70,-0.010368626713224383,0.024830556116106257,0.6571428571428571,0.000836373255968479,-0.01734486630625229,0.02037806735765104,0.8428571428571429,8.016471721856759e-10,22735.17142857143,85,70,15,True,0.0016325816945599405,True,2.321624576447032e-09
PB5_T4,30,70,-0.015335293333134659,0.052838817902957594,0.6428571428571429,0.017784556345092923,-0.020596467479572275,0.03918909343715732,0.6857142857142857,3.88891908738728e-05,22710.17142857143,85,70,15,True,0.026949843058024583,True,6.98348296030814e-05
PB5_T4,60,70,-0.018055632706430673,0.06253032969272512,0.6428571428571429,0.018349808282476062,-0.020353250107055552,0.0462737694193559,0.7285714285714285,0.00045851289720911994,22680.17142857143,85,70,15,True,0.027660814841167013,True,0.0007223721203180617
PB5_T4,300,70,-0.018759134221282954,0.07237419723016938,0.5714285714285714,0.033563632681634877,-0.01604277051558701,0.055208660165116066,0.6142857142857143,0.017650543181088118,22440.17142857143,85,70,15,True,0.04760359232965866,True,0.02269543233742443
PB5_T5,1,70,-0.007329195377980981,0.010419506423864201,0.7428571428571429,1.2965650998598166e-07,-0.012827779206775245,0.010215406422049931,0.9,5.85791778094445e-16,22709.17142857143,85,70,15,True,4.028446420877398e-07,True,2.4151677724538277e-15
PB5_T5,5,70,-0.011767761718042434,0.022029586736823092,0.7,2.9985808445744514e-05,-0.016376337390702756,0.018681917788546734,0.8857142857142857,3.2886014504617076e-10,22705.17142857143,85,70,15,True,7.275348889048265e-05,True,9.761269769196907e-10
PB5_T5,30,70,-0.015948404443895947,0.050976165748942835,0.6571428571428571,0.01087465332469274,-0.020171945484776604,0.03804613429804818,0.7,3.382478380217168e-05,22680.17142857143,85,70,15,True,0.017234829007712574,True,6.132879896759774e-05
PB5_T5,60,70,-0.015663977878694477,0.06528344467887767,0.6285714285714286,0.04861839336014176,-0.017307811274575598,0.047782941217935825,0.6714285714285714,0.0034351162611283522,22650.17142857143,85,70,15,False,0.06716375412206708,True,0.004834349265354654
PB5_T5,300,70,-0.021061194499722984,0.08515037112917513,0.6142857142857143,0.04225522265557659,-0.01783878579415242,0.06416496011726183,0.6,0.022961372421143742,22410.17142857143,85,70,15,False,0.05917786553506977,True,0.029028249594403494
PB5_T6,1,70,-0.005816735675905961,0.01057211493141409,0.7428571428571429,1.8394699425045997e-05,-0.010945771554013531,0.010538157353592554,0.9,1.0945603079963767e-12,22679.17142857143,85,70,15,True,4.63895521996598e-05,True,3.693072132936994e-12
PB5_T6,5,70,-0.008734562525626734,0.02234043149093926,0.7,0.001673953439838352,-0.012660712085691741,0.020320249351817095,0.8142857142857143,1.8441655597508307e-06,22675.17142857143,85,70,15,True,0.003056823009852805,True,3.98224500558695e-06
PB5_T6,30,70,-0.012308331920253823,0.0496645422293984,0.6714285714285714,0.041862166060957204,-0.015158482499535128,0.03777403485950332,0.6428571428571429,0.001283055218415666,22650.17142857143,85,70,15,False,0.05872260809606461,True,0.0019074680635224293
PB5_T6,60,70,-0.012660372614540255,0.06629579551250867,0.6142857142857143,0.11466788805710566,-0.01398313412109972,0.04942466076338806,0.6285714285714286,0.020740472629744877,22620.17142857143,85,70,15,False,0.14328302106231466,True,0.026451950142402567
PB5_T6,300,70,-0.02407671940872904,0.09215180451110457,0.6142857142857143,0.03221422520771633,-0.019506591239338716,0.07017331035199449,0.5857142857142857,0.022978945564837042,22380.17142857143,85,70,15,True,0.0458591463092954,True,0.029028249594403494
PB5_T7,1,70,-0.004743921292437949,0.009722660283615585,0.6857142857142857,0.00011818629997259506,-0.008965929240895322,0.00921722278928108,0.9,1.1155420679449433e-11,22499.17142857143,85,70,15,True,0.00026515173143202333,True,3.568737102120643e-11
PB5_T7,5,70,-0.008002065050172986,0.020972442564988196,0.6285714285714286,0.002126415930250248,-0.010052748868857328,0.01812655310463677,0.7714285714285715,1.6069842613686637e-05,22495.17142857143,85,70,15,True,0.0037850422663650725,True,3.0657900921308484e-05
PB5_T7,30,70,-0.015213200655093436,0.04974985669565814,0.6142857142857143,0.01271209410385985,-0.015187644248570132,0.039802261365811074,0.6857142857142857,0.0021250226174920907,22470.17142857143,85,70,15,True,0.019846491246649698,True,0.00307838706223697
PB5_T7,60,70,-0.019635822698911298,0.0697455935072293,0.6,0.021346702855920954,-0.01892330056853186,0.05377947994062059,0.6142857142857143,0.0044123584977675285,22440.17142857143,85,70,15,True,0.03158580658124493,True,0.0060876317618324466
PB5_T7,300,70,-0.043838568744422254,0.1087638914634542,0.6857142857142857,0.0012253910958552965,-0.03158890123982437,0.08991351587708744,0.6714285714285714,0.004470146171973741,22200.17142857143,85,70,15,True,0.002294658512158688,True,0.006155581914774522
PB5_T8,1,70,-0.005021006359992101,0.007996021946128303,0.7571428571428571,1.5745797115708777e-06,-0.007318382709108514,0.008993689230119825,0.8428571428571429,2.9572573903747326e-09,22199.17142857143,85,70,15,True,4.537258468288059e-06,True,8.173859426995761e-09
PB5_T8,5,70,-0.009589955373544297,0.017937089230265917,0.7571428571428571,2.9567062478457348e-05,-0.00977586488572576,0.01671226690863334,0.7571428571428571,6.23236600484641e-06,22195.17142857143,85,70,15,True,7.214279721968229e-05,True,1.263663412367626e-05
PB5_T8,30,70,-0.019201653663479354,0.04391841889124252,0.6857142857142857,0.0004927321176504035,-0.016812926820561958,0.037560556685888334,0.7,0.00037015081606878137,22170.17142857143,85,70,15,True,0.0010008168527231888,True,0.0005909755404425321
PB5_T8,60,70,-0.027356797178972936,0.06083000599218273,0.6714285714285714,0.0003492030994407826,-0.024139938786107092,0.05209590125365716,0.7142857142857143,0.0002384093512404129,22140.17142857143,85,70,15,True,0.0007272433445255599,True,0.0003898269325772014
PB5_T8,300,70,-0.04674098203077733,0.1210027745239329,0.7,0.0018866972631863806,-0.03236065447069832,0.10606010680998167,0.6571428571428571,0.012902306725093557,21900.17142857143,85,70,15,True,0.003398612640411337,True,0.01682168669252764
PB5_T9,1,70,-0.004984865841035211,0.0081585645059449,0.7714285714285715,2.7201588036808218e-06,-0.006456203013589666,0.00978234326160932,0.8,5.516314503327436e-07,21899.17142857143,85,70,15,True,7.665700380682904e-06,True,1.2722874905872024e-06
PB5_T9,5,70,-0.009597258052605645,0.018227958507183832,0.7428571428571429,3.779733867401889e-05,-0.00924141434658439,0.018013163413485293,0.7857142857142857,5.6557479280671344e-05,21895.17142857143,85,70,15,True,9.024865592172444e-05,True,9.904008662682185e-05
PB5_T9,30,70,-0.019746283309675518,0.04344802772391499,0.7142857142857143,0.0003059441626887924,-0.01709651733828582,0.03922799389767445,0.7571428571428571,0.0005117339177693931,21870.17142857143,85,70,15,True,0.0006433579318866571,True,0.0007992953493863078
PB5_T9,60,70,-0.02667155126184756,0.06103819182048519,0.6857142857142857,0.000496063590959087,-0.02347387704373066,0.05366959816532797,0.7571428571428571,0.0004905084636465563,21840.17142857143,85,70,15,True,0.0010064002975711365,True,0.0007685748487591323
PB5_T9,300,70,-0.052093746559445465,0.12080814912649204,0.6571428571428571,0.0005800679896209334,-0.03790792785257447,0.11300615714670256,0.6285714285714286,0.0065026999241447015,21600.17142857143,85,70,15,True,0.0011624912437008844,True,0.008765833512295733
PB6_T1,1,70,-0.009590280588754739,0.012729897199413814,0.7714285714285715,2.3759630793016283e-08,-0.01935838892324649,0.01435093932159121,0.9142857142857143,2.5159242864994597e-17,22786.17142857143,85,70,15,True,7.636234826964768e-08,True,1.1073271859688705e-16
PB6_T1,5,70,-0.013211404774988032,0.021839151785938194,0.7285714285714285,3.3027541653931427e-06,-0.02293688913805941,0.025105290844423058,0.7714285714285715,8.947806219273165e-11,22782.17142857143,85,70,15,True,9.143442020379253e-06,True,2.743094098277621e-10
PB6_T1,30,70,-0.014412094979104416,0.0317901067937035,0.7142857142857143,0.0003157248117018417,-0.02002393018665974,0.029594888990292334,0.7428571428571429,3.180522992759567e-07,22757.17142857143,85,70,15,True,0.0006619109371540431,True,7.536836035654529e-07
PB6_T1,60,70,-0.013718740401590022,0.03914030736493792,0.6428571428571429,0.004559151146158713,-0.016534563503745898,0.02923962009996145,0.7428571428571429,1.1467534981387263e-05,22727.17142857143,85,70,15,True,0.007639120858379415,True,2.230874626165146e-05
PB6_T1,300,70,-0.010924422298594168,0.03451929644021677,0.6285714285714286,0.010031523766380019,-0.009877000531286456,0.02734306593305963,0.6428571428571429,0.0035192624619760577,22487.17142857143,85,70,15,True,0.016001345619964434,True,0.004942703986230602
PB6_T10,1,70,-0.0034649976760518994,0.007311581671093224,0.7285714285714285,0.00017685662233320225,-0.001277373591851263,0.00872119497752956,0.6,0.22457713384940453,18301.17142857143,85,70,15,True,0.0003862450253863551,False,0.2511861435576862
PB6_T10,5,70,-0.007847096183034965,0.016747014058640187,0.7571428571428571,0.00020585933631090994,-0.006833927426304999,0.018341016008769993,0.6714285714285714,0.0026599402229105385,18297.17142857143,85,70,15,True,0.0004436955751429781,True,0.003810154838373097
PB6_T10,30,70,-0.01932534099171432,0.04097605464685253,0.7571428571428571,0.00018872866821680406,-0.01829153010752011,0.04030132657547946,0.7571428571428571,0.0003112040497610101,18272.17142857143,85,70,15,True,0.00040906998035700003,True,0.0005012633994985033
PB6_T10,60,70,-0.02821573755515064,0.058101127492327063,0.7428571428571429,0.00012629283775112391,-0.027235632187246023,0.057155598025340544,0.7142857142857143,0.00016413812770837765,18242.17142857143,85,70,15,True,0.00028223916845416115,True,0.0002736955749191336
PB6_T10,300,70,-0.06474343782490763,0.12747281877133199,0.7142857142857143,6.585943319511396e-05,-0.0652900370976913,0.13051571678323423,0.7,8.251355298836265e-05,18002.17142857143,85,70,15,True,0.00015250961239217072,True,0.00014197426572449848
PB6_T11,1,70,-0.003747884971519502,0.007011571344356686,0.7571428571428571,2.9670634687309194e-05,-0.0012219134927458023,0.008556798060642152,0.6285714285714286,0.23627414168938668,17401.17142857143,85,70,15,True,7.225575147722128e-05,False,0.2635013426523018
PB6_T11,5,70,-0.008467067512661025,0.016080290864955167,0.7428571428571429,3.775601611982457e-05,-0.007603174281266943,0.01770401258115822,0.7857142857142857,0.0006081901917901305,17397.17142857143,85,70,15,True,9.024865592172444e-05,True,0.0009380790681405808
PB6_T11,30,70,-0.02121041160100787,0.03925387639987589,0.7571428571428571,2.4868174843048347e-05,-0.020489757839246253,0.03780190930430711,0.7857142857142857,2.3619105801232333e-05,17372.17142857143,85,70,15,True,6.137110291623717e-05,True,4.384954892168603e-05
PB6_T11,60,70,-0.030528900438045216,0.055371831600024214,0.7571428571428571,1.7757328984988485e-05,-0.030366283667876123,0.05362380535635736,0.8,1.1186140208411e-05,17342.17142857143,85,70,15,True,4.507830392588921e-05,True,2.1847436076913514e-05
PB6_T11,300,70,-0.07131281252043435,0.1193011400244622,0.7714285714285715,4.153865756297964e-06,-0.0728457479799507,0.1230816651237686,0.7714285714285715,5.010978926774334e-06,17102.17142857143,85,70,15,True,1.1363108620751754e-05,True,1.030531678095555e-05
PB6_T12,1,70,-0.007620725465450721,0.00775013553078895,0.8857142857142857,7.687772273135532e-12,-0.004908245342091711,0.008799589019335911,0.7142857142857143,1.4560968689728962e-05,12001.171428571428,85,70,15,True,2.8933827019262813e-11,True,2.7886999347568497e-05
PB6_T12,5,70,-0.017352704615981686,0.017688530857667594,0.8857142857142857,8.333122798088592e-12,-0.01493960929325828,0.016899456573512415,0.8428571428571429,2.532706126966647e-10,11997.171428571428,85,70,15,True,3.1226615257479484e-11,True,7.589331889566146e-10
PB6_T12,30,70,-0.04330391916354782,0.04280694812569206,0.8857142857142857,2.8366851767044034e-12,-0.04120009867116128,0.03931980794135278,0.8857142857142857,7.938679163057884e-13,11972.171428571428,85,70,15,True,1.0722918255485463e-11,True,2.699619735075294e-12
PB6_T12,60,70,-0.06215107991262211,0.061381399213819715,0.9142857142857143,2.7453480684419533e-12,-0.06029170286675341,0.058704590739079646,0.8714285714285714,1.64839237836093e-12,11942.171428571428,85,70,15,True,1.0389022537203667e-11,True,5.502604509407741e-12
PB6_T12,300,70,-0.14299654210785637,0.1327609548854427,0.8857142857142857,2.842084653906268e-13,-0.14019665802058012,0.12973084854485906,0.8571428571428571,2.507484114304334e-13,11702.171428571428,85,70,15,True,1.097139941815213e-12,True,8.750866277698459e-13
PB6_T2,1,70,-0.006984362715164001,0.00947584075309584,0.7714285714285715,4.146012251736516e-08,-0.013402609716609637,0.012295479743710279,0.8285714285714286,1.8061826746527751e-13,22771.17142857143,85,70,15,True,1.321445786877275e-07,True,6.367715449923815e-13
PB6_T2,5,70,-0.012695271391458457,0.020976486474470504,0.7714285714285715,3.2740332036821328e-06,-0.01928069983718751,0.023152304591799813,0.8285714285714286,1.5232071214524216e-09,22767.17142857143,85,70,15,True,9.071198651741595e-06,True,4.327862339324109e-09
PB6_T2,30,70,-0.012323046777763401,0.043491161556853696,0.6428571428571429,0.02055608860417503,-0.02127909189757219,0.03508018079229344,0.7714285714285715,3.1335972070566602e-06,22742.17142857143,85,70,15,True,0.030652259873726686,True,6.6136703423217845e-06
PB6_T2,60,70,-0.015285372526241955,0.050803317743173086,0.6571428571428571,0.014152741202848002,-0.01947390491819892,0.03721921959652062,0.7285714285714285,4.1726426709931576e-05,22712.17142857143,85,70,15,True,0.021937066332812855,True,7.446529146839545e-05
PB6_T2,300,70,-0.013874046648872356,0.04862347579313885,0.6142857142857143,0.019717374237927146,-0.012539801110504538,0.03757746820152047,0.6571428571428571,0.006771631074505579,22472.17142857143,85,70,15,True,0.029490704758458136,True,0.009107039845238137
PB6_T3,1,70,-0.003368856158466008,0.01022382436321416,0.6714285714285714,0.007460524823614583,-0.006708851008655405,0.010202991974880912,0.7285714285714285,5.980186779403342e-07,22711.17142857143,85,70,15,True,0.012141362819401029,True,1.373772960295116e-06
PB6_T3,5,70,-0.006716485865057246,0.023077674036480846,0.6285714285714286,0.017481221322942705,-0.010148593977269471,0.019060963055085485,0.7142857142857143,3.161904084271554e-05,22707.17142857143,85,70,15,True,0.026618607170897774,True,5.7739844667855276e-05
PB6_T3,30,70,-0.01177064834642512,0.05325367779421289,0.6,0.06870278876987963,-0.014878048144550503,0.04009813364321599,0.6857142857142857,0.0027650677212281917,22682.17142857143,85,70,15,False,0.09136571793684917,True,0.00394601775169079
PB6_T3,60,70,-0.013900945562701371,0.06367887061337203,0.6571428571428571,0.07211475438565337,-0.015079878578979992,0.047303043059000995,0.6428571428571429,0.00952192135033579,22652.17142857143,85,70,15,False,0.09538915635621455,True,0.012624036172452094
PB6_T3,300,70,-0.019466525923278293,0.08099175495482457,0.5857142857142857,0.0482420165887797,-0.016547165084396062,0.061345693245015515,0.6,0.02719205526218833,22412.17142857143,85,70,15,False,0.06675056760682173,True,0.034088734009746255
PB6_T4,1,70,-0.002206990428559774,0.009236830184685517,0.6571428571428571,0.049541925873004024,-0.0043323537360457414,0.00936381412160677,0.6857142857142857,0.00024319437359130483,22621.17142857143,85,70,15,False,0.06824854620862397,True,0.000397462895344351
PB6_T4,5,70,-0.004781008177005357,0.02097606611103236,0.6428571428571429,0.060688177134906644,-0.005307809556967322,0.01836135567448316,0.5714285714285714,0.018224121841486286,22617.17142857143,85,70,15,False,0.08196937138432465,True,0.023412153613798177
PB6_T4,30,70,-0.00963836281144907,0.05186901134357942,0.6,0.12459457742264526,-0.00892552984835305,0.040359691374137065,0.6,0.06855629650090939,22592.17142857143,85,70,15,False,0.15407096098612721,False,0.08195917107634669
PB6_T4,60,70,-0.010124254031128758,0.07274003810528511,0.5571428571428572,0.2482329754590964,-0.009172303544131838,0.057012350224745954,0.5428571428571428,0.18269496755166686,22562.17142857143,85,70,15,False,0.28483724018969714,False,0.2070902601348455
PB6_T4,300,70,-0.0280887353370049,0.09668075681339443,0.6428571428571429,0.017670608728522486,-0.021681597711725054,0.07573580568469139,0.6285714285714286,0.019330785480214642,22322.17142857143,85,70,15,True,0.026847824607319784,True,0.024736245864496884
PB6_T5,1,70,-0.002014666555726864,0.0091024865161743,0.6142857142857143,0.06833449565874657,-0.003851570033264428,0.008885404029000074,0.6571428571428571,0.0005455621381440434,22531.17142857143,85,70,15,False,0.09094594857510377,True,0.0008486795080088563
PB6_T5,5,70,-0.004565950631244377,0.020808452911969512,0.6142857142857143,0.07068667982227322,-0.004365477241756237,0.017674309818334052,0.5857142857142857,0.04253538558230161,22527.17142857143,85,70,15,False,0.09378743424959832,False,0.05213187555404472
PB6_T5,30,70,-0.00977821974817405,0.05293601418032752,0.5857142857142857,0.12680965173720957,-0.008073453510965913,0.042101399058654614,0.5428571428571428,0.11319438170419024,22502.17142857143,85,70,15,False,0.1565858994825086,False,0.13199007384001935
PB6_T5,60,70,-0.011759689706226107,0.07310251783352587,0.5714285714285714,0.18274066933016045,-0.00993434557147925,0.05923784498934232,0.5571428571428572,0.16507066278794894,22472.17142857143,85,70,15,False,0.2165931432369483,False,0.18797598547539998
PB6_T5,300,70,-0.03745133768835312,0.1016707413580685,0.6571428571428571,0.0029545800872804555,-0.027724627514442147,0.08231174718388568,0.6428571428571429,0.006297783912353751,22232.17142857143,85,70,15,True,0.005121963974688396,True,0.008512849537238737
PB6_T6,1,70,-0.002259609039472786,0.00879164216353239,0.6142857142857143,0.03503264802707192,-0.0037070999242648276,0.008283021692344406,0.6714285714285714,0.0003708458137045213,22441.17142857143,85,70,15,True,0.04964634902934105,True,0.0005918116796069843
PB6_T6,5,70,-0.005261251015097502,0.02011573243974745,0.6142857142857143,0.03203799499269044,-0.004011341393496519,0.016680238762899886,0.6142857142857143,0.04812189235642873,22437.17142857143,85,70,15,True,0.04570242473152166,False,0.05862522499698917
PB6_T6,30,70,-0.012036764824124819,0.049890801713094554,0.5714285714285714,0.047423198634923454,-0.008889437018574527,0.03985023242888682,0.5857142857142857,0.06624286930512668,22412.17142857143,85,70,15,False,0.06571603964694207,False,0.0793307152336959
PB6_T6,60,70,-0.015490340334461256,0.06802662992751961,0.5857142857142857,0.060927587897301475,-0.012571435910506716,0.05415465454626604,0.5428571428571428,0.056193513613825,22382.17142857143,85,70,15,False,0.0821642529996786,False,0.06788412221530257
PB6_T6,300,70,-0.04319060227941395,0.10581057074569838,0.6857142857142857,0.001071720028856746,-0.031309526358712134,0.08798788183290239,0.6714285714285714,0.0040103803622070795,22142.17142857143,85,70,15,True,0.0020434838298565437,True,0.005578045149527157
PB6_T7,1,70,-0.0032354177169801857,0.007369417702245199,0.7142857142857143,0.0004688088971648905,-0.0022079538500880324,0.007918319430238139,0.6428571428571429,0.02257273058756667,21901.17142857143,85,70,15,True,0.0009584229229021873,True,0.028630243825272704
PB6_T7,5,70,-0.00736207974901683,0.016707293580611363,0.7142857142857143,0.0004484913892338157,-0.0036140586439706215,0.015430661107377265,0.6428571428571429,0.054087495314896795,21897.17142857143,85,70,15,True,0.000920153058077692,False,0.06543147630005898
PB6_T7,30,70,-0.017904725572199246,0.041879290949860835,0.7,0.0006406852651262763,-0.010228810888645405,0.0367713172667033,0.6714285714285714,0.02288608496382619,21872.17142857143,85,70,15,True,0.001274362458843572,True,0.0290063916177621
PB6_T7,60,70,-0.024618315211078778,0.059170366522057254,0.7,0.0008707620076446405,-0.01626929310647777,0.05150357998106787,0.6571428571428571,0.010164165767258706,21842.17142857143,85,70,15,True,0.0016949198514998496,True,0.013439415509329823
PB6_T7,300,70,-0.04553846066806725,0.12244885325223633,0.6714285714285714,0.0027069479313238617,-0.03031928667946482,0.11385901666826344,0.6285714285714286,0.029148280429571058,21602.17142857143,85,70,15,True,0.004725874230785216,True,0.03640900538111641
PB6_T8,1,70,-0.0029122483521388355,0.007633253036366018,0.6571428571428571,0.0021280318643414472,-0.001003372494109799,0.008477033345692879,0.6142857142857143,0.3254870204853747,21001.17142857143,85,70,15,True,0.003785968121163594,False,0.3560980543942272
PB6_T8,5,70,-0.0065506239656636465,0.017341094527274677,0.6428571428571429,0.0023394213474521746,-0.003713533828838281,0.01687068659489274,0.7,0.06982662571541302,20997.17142857143,85,70,15,True,0.004140727846028311,False,0.08340387765882185
PB6_T8,30,70,-0.015592522054565195,0.04299486032300607,0.6285714285714286,0.0033981772377871715,-0.00994014537202417,0.04040215952925726,0.6857142857142857,0.04332673502621737,20972.17142857143,85,70,15,True,0.0058353391434168385,False,0.05300774416274115
PB6_T8,60,70,-0.022011385581825974,0.060750078398809346,0.6285714285714286,0.0034259465993106285,-0.016590682721858454,0.057189909055284496,0.6714285714285714,0.017833539146144644,20942.17142857143,85,70,15,True,0.005874265757130631,True,0.022922201543872672
PB6_T8,300,70,-0.0433637693992025,0.13195586588037783,0.6428571428571429,0.007614191725985482,-0.03557279365782513,0.11838907442177736,0.6714285714285714,0.014276061906943445,20702.17142857143,85,70,15,True,0.012362327261879623,True,0.01852884819252051
PB6_T9,1,70,-0.0029981612459975735,0.006975875877904408,0.7,0.0006027992979572123,-0.0011020335360684987,0.00816247878857317,0.6142857142857143,0.2625596984237437,20101.17142857143,85,70,15,True,0.0012052497537281067,False,0.2910310420449261
PB6_T9,5,70,-0.006703431780072718,0.0158878993720396,0.6857142857142857,0.0007448598017637098,-0.005228731354637268,0.016121963082569434,0.6714285714285714,0.008400916211987748,20097.17142857143,85,70,15,True,0.0014663764188567621,True,0.01121962331365198
PB6_T9,30,70,-0.01621327889236625,0.039427466257922435,0.6857142857142857,0.0009896512209884268,-0.013357468055535858,0.03702604879268741,0.7142857142857143,0.00355946969456283,20072.17142857143,85,70,15,True,0.0019038112296854203,True,0.004984988972320461
PB6_T9,60,70,-0.02310331378050306,0.056070104070704854,0.7,0.0009683443707859836,-0.020633155905667073,0.05422162535091589,0.7,0.0021816089307232387,20042.17142857143,85,70,15,True,0.0018711576068599404,True,0.00315242946702166
PB6_T9,300,70,-0.04985037457303628,0.1246458022791545,0.7,0.0013290538904013082,-0.045040873902569965,0.11812297150909846,0.7285714285714285,0.002139660757036825,19802.17142857143,85,70,15,True,0.002466101606518002,True,0.0030969953563310558
PB7_T1,1,70,-0.015038825713896533,0.017449405274221546,0.8857142857142857,5.512358719493164e-10,-0.031820110732199626,0.01929661035385657,0.9428571428571428,1.6124276974349103e-21,22286.685714285715,85,70,15,True,1.9354877415023045e-09,True,9.208524792724779e-21
PB7_T1,5,70,-0.012633711415509933,0.019133887858424417,0.7571428571428571,5.463031069007465e-07,-0.024779678584469524,0.021445499891593826,0.9,1.8463385678078834e-14,22282.685714285715,85,70,15,True,1.6327657737200901e-06,True,6.933804078017649e-14
PB7_T1,30,70,-0.007014949986008807,0.014689833505784967,0.7,0.00015941212775683977,-0.012424264787339385,0.016055966414353192,0.8285714285714286,1.177233147586194e-08,22257.685714285715,85,70,15,True,0.00035080821745215376,True,3.123917453848157e-08
PB7_T1,60,70,-0.005575049666281645,0.013923452558175092,0.7,0.001312924377085015,-0.009863114090737847,0.013313800763320779,0.8,3.648603192090705e-08,22227.742857142857,85,70,15,True,0.002440104208084307,True,9.414431686835987e-08
PB7_T1,300,70,-0.0045260279607637665,0.012482522894557386,0.6285714285714286,0.003404070768053739,-0.006098197595065071,0.01194341550590974,0.7142857142857143,6.0816178334162286e-05,21988.742857142857,85,70,15,True,0.005839654669175077,True,0.0001061865137624508
PB7_T10,1,70,-0.004970833233216958,0.007766921496991406,0.7285714285714285,1.0632785456881756e-06,-0.00951550069392411,0.01007212929762524,0.9142857142857143,2.9921850182879404e-11,21300.17142857143,85,70,15,True,3.1053485844062944e-06,True,9.415299852627353e-11
PB7_T10,5,70,-0.00847030372969017,0.01661830049151661,0.7,6.244774750148723e-05,-0.012754561229133312,0.017659290200122395,0.8428571428571429,6.859388298109683e-08,21296.17142857143,85,70,15,True,0.0001450147012170592,True,1.7148470984625146e-07
PB7_T10,30,70,-0.014124287240241592,0.039794214511624904,0.6571428571428571,0.004098979878345227,-0.019282236418726305,0.036711856882211444,0.7714285714285715,3.9282189905700534e-05,21271.17142857143,85,70,15,True,0.006925171383707951,True,7.035768072793953e-05
PB7_T10,60,70,-0.017989656809451433,0.056231075862080045,0.6428571428571429,0.009282200460021971,-0.02407036465926025,0.05115279404693849,0.7142857142857143,0.00019454400155984717,21241.17142857143,85,70,15,True,0.014874769290063039,True,0.00032237387369274005
PB7_T10,300,70,-0.03339159277807572,0.11259382730377267,0.6428571428571429,0.01553278849895424,-0.03985929422146009,0.10436291207087406,0.6714285714285714,0.002106236632442031,21001.17142857143,85,70,15,True,0.0239131963304261,True,0.003056298851359604
PB7_T11,1,70,-0.004578035769064958,0.007860465004957363,0.7571428571428571,6.7515349896441044e-06,-0.00906677195060878,0.01020126762852769,0.8857142857142857,2.1428469740772994e-10,21000.17142857143,85,70,15,True,1.8124750108177345e-05,True,6.437857648206148e-10
PB7_T11,5,70,-0.007812651876318952,0.017105538577350726,0.7285714285714285,0.00028729517073220937,-0.01242452777531334,0.017908023666087142,0.8285714285714286,1.7908522652906336e-07,20996.17142857143,85,70,15,True,0.000607097746103843,True,4.357320124351507e-07
PB7_T11,30,70,-0.01260174961662342,0.041042269884633054,0.6714285714285714,0.012368063349473121,-0.01872723613750335,0.03777700715261591,0.7714285714285715,9.417535631007801e-05,20971.17142857143,85,70,15,True,0.019408867047217795,True,0.00016107715646104925
PB7_T11,60,70,-0.015888287724267362,0.057261033391405224,0.6571428571428571,0.02321995717120648,-0.023578378483090568,0.05228192727426034,0.7142857142857143,0.0003372041447020257,20941.17142857143,85,70,15,True,0.0341673560589942,True,0.0005408729433358863
PB7_T11,300,70,-0.03229355206897644,0.11718974345417404,0.6285714285714286,0.02414718636064796,-0.04029692057032796,0.10895326034083978,0.6571428571428571,0.002847418017369723,20701.17142857143,85,70,15,True,0.03536605717509059,True,0.004051824238061117
PB7_T12,1,70,-0.004587460096577591,0.00840801756251574,0.7714285714285715,2.117463804663044e-05,-0.008404303530092846,0.009965284215746424,0.8857142857142857,1.0527720653305648e-09,19200.17142857143,85,70,15,True,5.2898318475138535e-05,True,3.014568071673417e-09
PB7_T12,5,70,-0.008472151958144625,0.01853029583774972,0.7285714285714285,0.00028351739229155693,-0.013937125030491321,0.01828273728882807,0.8285714285714286,1.748342892422392e-08,19196.17142857143,85,70,15,True,0.0005998484937950809,True,4.5900643566256564e-08
PB7_T12,30,70,-0.01595656042962869,0.04504590199970599,0.7,0.004169111546956835,-0.024339269571964212,0.03875233058427156,0.8285714285714286,1.5677316133395933e-06,19171.17142857143,85,70,15,True,0.00702647824133457,True,3.4066117761561603e-06
PB7_T12,60,70,-0.020758519610062916,0.06235001632481408,0.7,0.006893539496272322,-0.030622286485027597,0.05503004699027396,0.8285714285714286,1.5165268122573976e-05,19141.17142857143,85,70,15,True,0.011277073371032611,True,2.8996126930544043e-05
PB7_T12,300,70,-0.04077605245091413,0.12811613877640607,0.6285714285714286,0.009633796714618524,-0.05117262686140926,0.11814093609350533,0.7285714285714285,0.0005503627586651451,18901.17142857143,85,70,15,True,0.015388242093854369,True,0.0008553771170436692
PB7_T2,1,70,-0.01374231475864876,0.01652493852409073,0.8571428571428571,1.5864298030669758e-09,-0.03132854684452103,0.018561683024854718,0.9285714285714286,4.899979355382661e-22,22753.7,85,70,15,True,5.368581135049216e-09,True,3.0285280639936347e-21
PB7_T2,5,70,-0.012061135430348988,0.021697823593853333,0.6428571428571429,1.5447032167474318e-05,-0.027386248072190828,0.025054318546265764,0.8428571428571429,1.624429181259651e-13,22749.7,85,70,15,True,3.9591614346263796e-05,True,5.75041272669272e-13
PB7_T2,30,70,-0.008166281991231764,0.020342416929665305,0.6571428571428571,0.0012781524564411872,-0.016417301516932745,0.022438826573885243,0.7714285714285715,4.986747342862901e-08,22724.7,85,70,15,True,0.0023844582813198176,True,1.2649935440228577e-07
PB7_T2,60,70,-0.006192031991064877,0.02030514427079814,0.6857142857142857,0.012949644836592628,-0.012939959516358165,0.019403349405690423,0.8,4.389933685703645e-07,22694.7,85,70,15,True,0.020180885390359733,True,1.025505130771203e-06
PB7_T2,300,70,-0.005537752156532565,0.01923786309421203,0.6142857142857143,0.01869914665284197,-0.008375695777394438,0.018423835753241205,0.7,0.00030482482609106814,22454.72857142857,85,70,15,True,0.02810158837997782,True,0.0004921354084788039
PB7_T3,1,70,-0.011645979572022515,0.013351921517704594,0.8428571428571429,3.8313773489218556e-10,-0.027000644780485025,0.015895018514214394,0.9428571428571428,3.5175443853997583e-22,22768.9,85,70,15,True,1.3590768727448427e-09,True,2.229931162566871e-21
PB7_T3,5,70,-0.013060577355692545,0.020547760776547287,0.7285714285714285,1.2265882310800959e-06,-0.029552687444830843,0.025533396529840668,0.8571428571428571,1.726088573731761e-14,22764.9,85,70,15,True,3.567224190557013e-06,True,6.496335536212673e-14
PB7_T3,30,70,-0.011179166615724285,0.029292923088346162,0.7,0.0021220108256256244,-0.02393806667757605,0.03236567314332069,0.8,3.801824973653247e-08,22739.9,85,70,15,True,0.003781097164794498,True,9.766026593267696e-08
PB7_T3,60,70,-0.009099842726833174,0.03315989237117047,0.6428571428571429,0.024719289102448132,-0.019931124555003826,0.03079038953600805,0.7714285714285715,8.368859821196673e-07,22709.9,85,70,15,True,0.036112111564041566,True,1.8787791216526644e-06
PB7_T3,300,70,-0.007829610368898744,0.03149330920335733,0.5857142857142857,0.041238720303136814,-0.012371507245843988,0.030547458648572032,0.6428571428571429,0.001165204375679841,22469.9,85,70,15,False,0.05794216293101428,True,0.0017435171580657647
PB7_T4,1,70,-0.010181308808901635,0.011161797766437768,0.8142857142857143,9.423131813666384e-11,-0.022933190468007743,0.01390404581580543,0.9428571428571428,1.5931486808034507e-21,22739.32857142857,85,70,15,True,3.437900783131196e-10,True,9.143403143149374e-21
PB7_T4,5,70,-0.012541900885927836,0.01952271265992172,0.7571428571428571,9.822386055815583e-07,-0.027527874481201732,0.02367089478898224,0.9,1.4249330674963707e-14,22735.32857142857,85,70,15,True,2.8808441275757928e-06,True,5.398183934429781e-14
PB7_T4,30,70,-0.010180333452516222,0.03470803585798063,0.6714285714285714,0.016654292363859378,-0.025457372589779936,0.035130133340012505,0.8,6.322892664638739e-08,22710.32857142857,85,70,15,True,0.025449172984137174,True,1.5876158543842182e-07
PB7_T4,60,70,-0.009602924583591172,0.04219920484116221,0.6428571428571429,0.061091649835632894,-0.022105989064291454,0.03892091624462114,0.7285714285714285,1.06133331101344e-05,22680.32857142857,85,70,15,False,0.08228914237119363,True,2.077567472833674e-05
PB7_T4,300,70,-0.009177418895505546,0.04453599321675412,0.5285714285714286,0.08917055133470428,-0.014981941606926941,0.04329410339499582,0.6285714285714286,0.005069099136158359,22440.32857142857,85,70,15,False,0.1151716840603441,True,0.006927902573705729
PB7_T5,1,70,-0.008964371465811237,0.010173883217151791,0.8,2.8054071437082763e-10,-0.020377853134870505,0.012441295806380204,0.9714285714285714,2.271117886916816e-21,22709.757142857143,85,70,15,True,1.001310091065299e-09,True,1.2800516942690944e-20
PB7_T5,5,70,-0.010950259553282255,0.018595117382479192,0.7428571428571429,5.5052673627926556e-06,-0.024982703920641385,0.02139592688215438,0.8857142857142857,1.2109221141258304e-14,22705.757142857143,85,70,15,True,1.4906503713517733e-05,True,4.6331546661946226e-14
PB7_T5,30,70,-0.008049440589690739,0.03570514105874056,0.6428571428571429,0.06347932671855704,-0.023948399072419274,0.035007615554454946,0.8142857142857143,2.477882323220773e-07,22680.757142857143,85,70,15,False,0.08510712992340495,True,5.949328837213431e-07
PB7_T5,60,70,-0.0073663284994375895,0.04447840105277265,0.6142857142857143,0.17031896362680202,-0.020535530361492815,0.040939963643615684,0.7,7.929606383213156e-05,22650.757142857143,85,70,15,False,0.20389882859688485,True,0.00013657422758724556
PB7_T5,300,70,-0.010240832411460205,0.05311508193538927,0.5285714285714286,0.11128331253831682,-0.016813447069116177,0.05198628883422582,0.6142857142857143,0.008575237992240666,22410.757142857143,85,70,15,False,0.13986855575655113,True,0.011434753864604979
PB7_T6,1,70,-0.008012910068277998,0.009790388992629684,0.7857142857142857,2.5093805176812028e-09,-0.01862459994361068,0.011764252816989042,0.9571428571428572,1.2548028036517363e-20,22680.17142857143,85,70,15,True,8.441976327741998e-09,True,6.649300132847775e-20
PB7_T6,5,70,-0.009637655903539937,0.018430103726316878,0.7857142857142857,4.209308736314662e-05,-0.022772341153757397,0.020633075561040538,0.8857142857142857,1.1211285273891508e-13,22676.17142857143,85,70,15,True,9.967896973247858e-05,True,4.0306966823745127e-13
PB7_T6,30,70,-0.006293943989231581,0.03596136290541902,0.6714285714285714,0.1476481659469716,-0.0218493492964681,0.03521060345385956,0.7714285714285715,2.0010142648299547e-06,22651.17142857143,85,70,15,False,0.1789910222269703,True,4.310164766201679e-06
PB7_T6,60,70,-0.006148939755336934,0.04484898108907736,0.5857142857142857,0.2553073420867847,-0.019337492317153204,0.04151732501720364,0.6857142857142857,0.00022282890042616289,22621.17142857143,85,70,15,False,0.29140629894613307,True,0.00036573579618640983
PB7_T6,300,70,-0.011275207830388642,0.05861644650818869,0.5428571428571428,0.11210301787188286,-0.018266402528293597,0.05796180380100441,0.6142857142857143,0.010334127814850621,22381.17142857143,85,70,15,False,0.14058654328399284,True,0.013644000151158832
PB7_T7,1,70,-0.005885676758229527,0.00883724282265587,0.8,4.520455689533304e-07,-0.013903535794291802,0.011106082356633493,0.9,6.678806368045096e-16,22500.17142857143,85,70,15,True,1.3604681539493267e-06,True,2.7405327422376236e-15
PB7_T7,5,70,-0.007538438112106732,0.017399174701582414,0.7,0.0005486447832809616,-0.01683498706332799,0.019442318291880496,0.8428571428571429,4.784703996975495e-10,22496.17142857143,85,70,15,True,0.0011059321623313322,True,1.4081049667419367e-09
PB7_T7,30,70,-0.006613254600989521,0.036574785355803545,0.5857142857142857,0.13489667655915294,-0.018808362999030562,0.035547157984681194,0.7142857142857143,3.4952562431360166e-05,22471.17142857143,85,70,15,False,0.16509671183559102,True,6.312656013106266e-05
PB7_T7,60,70,-0.006890801121066691,0.05091172704137496,0.5285714285714286,0.26138504032501614,-0.018166770124987037,0.048133168417058746,0.6857142857142857,0.0023584902106345553,22441.17142857143,85,70,15,False,0.29726310543875273,True,0.003395243205275705
PB7_T7,300,70,-0.02243991436447014,0.08129406347103761,0.6,0.023916633391922036,-0.027856974612576167,0.07719570972106053,0.6285714285714286,0.003550551260860153,22201.17142857143,85,70,15,True,0.03505811131484541,True,0.004974515250194887
PB7_T8,1,70,-0.005456637370711433,0.008141446690348449,0.7714285714285715,3.930337716443087e-07,-0.011811423021371958,0.009776850081340533,0.9285714285714286,2.9949187917949895e-15,22200.17142857143,85,70,15,True,1.1922139429612509e-06,True,1.1852750598680165e-14
PB7_T8,5,70,-0.00810699035310673,0.016781396518887867,0.6857142857142857,0.0001358892963937766,-0.014241686003854366,0.017127434658427868,0.8714285714285714,1.5918363402566377e-09,22196.17142857143,85,70,15,True,0.00030251128804156195,True,4.5117264606945724e-09
PB7_T8,30,70,-0.010437285032363908,0.03788625221197765,0.6142857142857143,0.024185017058694306,-0.018271743014197442,0.03376471253284289,0.7,2.4262004610138476e-05,22171.17142857143,85,70,15,True,0.035391458677589506,True,4.494650183808495e-05
PB7_T8,60,70,-0.012452693264396263,0.05240366777393546,0.5857142857142857,0.05076312204665165,-0.02035114233702212,0.04636812893623086,0.6428571428571429,0.0004704707892535354,22141.17142857143,85,70,15,False,0.06970850026676713,True,0.0007398619005768758
PB7_T8,300,70,-0.028309012470586845,0.09290143701573281,0.5857142857142857,0.013014429519177346,-0.031194307471083076,0.08948042686963212,0.6285714285714286,0.004769086725197987,21901.17142857143,85,70,15,True,0.020236207915732822,True,0.006535975658690617
PB7_T9,1,70,-0.004820875925374578,0.00793530228147702,0.7,3.040849330691243e-06,-0.010566402285697038,0.010034203074330315,0.9142857142857143,6.609354535843729e-13,21900.17142857143,85,70,15,True,8.527706523975848e-06,True,2.267658383449859e-12
PB7_T9,5,70,-0.007460575238374372,0.01650998778326686,0.6571428571428571,0.0003288999340721495,-0.012989382034104444,0.017343863629477468,0.8571428571428571,2.7653738479647054e-08,21896.17142857143,85,70,15,True,0.0006882793895937472,True,7.199975234291095e-08
PB7_T9,30,70,-0.010257138892808694,0.038177934966553986,0.5857142857142857,0.027786118003914496,-0.017209116431210827,0.0354205529149423,0.7,0.00012549356755469217,21871.17142857143,85,70,15,True,0.04018461184743599,True,0.0002122272520320418
PB7_T9,60,70,-0.012496970613110883,0.05313490210897995,0.5714285714285714,0.05311525649179271,-0.0199421980408641,0.04925558083683098,0.6428571428571429,0.0011688968427862475,21841.17142857143,85,70,15,False,0.07256354732271404,True,0.0017467727473297944
PB7_T9,300,70,-0.029669026612586448,0.10023533356779646,0.6428571428571429,0.015725289108771735,-0.03344580466468551,0.09721160579603937,0.6714285714285714,0.005314815107070699,21601.17142857143,85,70,15,True,0.024157791850069516,True,0.007249382633012832
PB8_T1,1,70,-0.011257958962603136,0.01624407449057972,0.8571428571428571,1.8362312117866492e-07,-0.029405404566655267,0.018732957575373535,0.9428571428571428,1.9163261178037572e-20,22795.17142857143,85,70,15,True,5.674578565941746e-07,True,1.0031676874260577e-19
PB8_T1,5,70,-0.010724422024442544,0.01780912099853629,0.7428571428571429,3.6065693120380428e-06,-0.023568907533737377,0.02019750468084029,0.9,1.2413568313008088e-14,22791.17142857143,85,70,15,True,9.944690321701068e-06,True,4.728652538196576e-14
PB8_T1,30,70,-0.007616782212735695,0.014970411839515248,0.6714285714285714,6.414980050540363e-05,-0.013498602590587811,0.016333643188920294,0.8142857142857143,1.900455914440787e-09,22766.17142857143,85,70,15,True,0.00014875004076924132,True,5.3732202818272666e-09
PB8_T1,60,70,-0.006835582241990643,0.015374414406407152,0.6857142857142857,0.00040227065086837323,-0.011298489345822265,0.014753198964803751,0.8285714285714286,1.5490570675177885e-08,22736.17142857143,85,70,15,True,0.0008327412215399818,True,4.076155497543e-08
PB8_T1,300,70,-0.006680636378142721,0.015440973483483205,0.7,0.0005577706412320878,-0.008994300425999855,0.01510646393794791,0.7285714285714285,4.477698922227536e-06,22496.17142857143,85,70,15,True,0.0011230172292872164,True,9.252661349459413e-06
PB8_T10,1,70,-0.0037373705870367463,0.006872284548485815,0.7571428571428571,2.2354333998376153e-05,-0.01060810939914445,0.009987353805533412,0.9142857142857143,4.79955022567884e-13,21300.17142857143,85,70,15,True,5.564425357664957e-05,True,1.6615677384489372e-12
PB8_T10,5,70,-0.006547439359560582,0.014799474091168096,0.7285714285714285,0.000427344601151175,-0.013818758024444525,0.017230129787729934,0.8428571428571429,4.441250667530806e-09,21296.17142857143,85,70,15,True,0.0008788545220103032,True,1.2120474768024436e-08
PB8_T10,30,70,-0.011155619996180687,0.03545349158074128,0.6428571428571429,0.010448023252472237,-0.019333819853918584,0.03598121846901913,0.7714285714285715,2.725169026863039e-05,21271.17142857143,85,70,15,True,0.016608372924456247,True,5.0162274841831645e-05
PB8_T10,60,70,-0.013995150352304,0.050675365285042594,0.6,0.02384856041240953,-0.023496006636054185,0.05014662317547106,0.7285714285714285,0.00020598047926343244,21241.17142857143,85,70,15,True,0.0349880153821125,True,0.00034002033246782564
PB8_T10,300,70,-0.028678938261593456,0.10600656989019942,0.6285714285714286,0.02675356131363137,-0.038858075153091955,0.1027710031138679,0.6571428571428571,0.002318879857411592,21001.17142857143,85,70,15,True,0.03880501861402031,True,0.003345127640946681
PB8_T11,1,70,-0.0033117701473760635,0.007009516054562569,0.6857142857142857,0.00018425543625619838,-0.009961804924515687,0.010136793785808932,0.8857142857142857,7.842335883964086e-12,21000.17142857143,85,70,15,True,0.00040138873408900716,True,2.5370103444846363e-11
PB8_T11,5,70,-0.005772279748678988,0.015351180485859635,0.6285714285714286,0.002443241983080583,-0.013094536260844962,0.017543888651169112,0.8428571428571429,3.016794705574181e-08,20996.17142857143,85,70,15,True,0.004304641025774306,True,7.819224086840806e-08
PB8_T11,30,70,-0.009454967039671854,0.036511172371221076,0.6142857142857143,0.033719800050538304,-0.018221639458177914,0.036701564365559644,0.7571428571428571,9.213341165548202e-05,20971.17142857143,85,70,15,True,0.04780546129446444,True,0.00015774080142204674
PB8_T11,60,70,-0.011954980291598973,0.05141835976931713,0.5571428571428572,0.05581819145676562,-0.022379941122819158,0.05100105190703989,0.7142857142857143,0.0004716350522571302,20941.17142857143,85,70,15,False,0.07586618862436083,True,0.0007413553710411214
PB8_T11,300,70,-0.02811258740177892,0.1098849527958091,0.6142857142857143,0.03585241703340364,-0.039705430389214445,0.10680654861328584,0.6428571428571429,0.0027168308036884335,20701.17142857143,85,70,15,False,0.05076643477475802,True,0.0038884218834894517
PB8_T12,1,70,-0.0036548383100656677,0.007505377880325268,0.7571428571428571,0.0001215233883769328,-0.008680707322502671,0.009910751074605099,0.8857142857142857,3.3703230273009507e-10,19200.17142857143,85,70,15,True,0.0002724615878275813,True,9.995249836330287e-10
PB8_T12,5,70,-0.00696877306766184,0.016460570794595314,0.6857142857142857,0.0007166698831067319,-0.013483986279731413,0.017910068158054276,0.8714285714285714,2.4165718525806137e-08,19196.17142857143,85,70,15,True,0.0014149111120764337,True,6.315624622288971e-08
PB8_T12,30,70,-0.01367224736202029,0.039698440646806936,0.6714285714285714,0.005270877655585111,-0.02192829937110758,0.037387931090539075,0.8285714285714286,5.93366602059884e-06,19171.17142857143,85,70,15,True,0.00875944314576554,True,1.2087745342670397e-05
PB8_T12,60,70,-0.017803551005085017,0.05490763520889582,0.7,0.008415857732853986,-0.02770105106661994,0.052596196212618365,0.8285714285714286,3.7614656730521984e-05,19141.17142857143,85,70,15,True,0.01358093809762285,True,6.779271726862465e-05
PB8_T12,300,70,-0.03716406588209046,0.11979068741306655,0.6285714285714286,0.01152536326137894,-0.05114243403039689,0.11567143166587499,0.7285714285714285,0.0004305841501478189,18901.17142857143,85,70,15,True,0.018174408976752276,True,0.0006824166232847313
PB8_T2,1,70,-0.011009126459174628,0.015728707813818483,0.7857142857142857,1.4572058113510522e-07,-0.030069280859523977,0.018413371020182333,0.9285714285714286,2.6440966768638487e-21,22790.17142857143,85,70,15,True,4.511331611306349e-07,True,1.4758245587341837e-20
PB8_T2,5,70,-0.0106903763876514,0.020932038001171736,0.6714285714285714,6.058651935969605e-05,-0.026401294859726494,0.024051534652361817,0.8285714285714286,1.381971047620225e-13,22786.17142857143,85,70,15,True,0.00014124590039659235,True,4.917312018051367e-13
PB8_T2,30,70,-0.008498538081556093,0.020240693120694528,0.6571428571428571,0.000786713238409532,-0.016979366498354808,0.022183910414246222,0.8,1.5727772756706138e-08,22761.17142857143,85,70,15,True,0.0015403676581351115,True,4.1354227453896274e-08
PB8_T2,60,70,-0.006970847309203114,0.020670506990034237,0.6857142857142857,0.006237571451211762,-0.013638773801395497,0.019645093481305647,0.7857142857142857,1.763334725694439e-07,22731.17142857143,85,70,15,True,0.010281874696534656,True,4.296418531223051e-07
PB8_T2,300,70,-0.007297920719625608,0.019688431682018087,0.6428571428571429,0.002790550408758603,-0.010446466988860108,0.018896850089232073,0.7,1.697124999235959e-05,22491.17142857143,85,70,15,True,0.004866911490288226,True,3.230615356672308e-05
PB8_T3,1,70,-0.009718499915946338,0.013290616097921185,0.7857142857142857,5.057950922984768e-08,-0.02775773101708521,0.01617556607666155,0.9571428571428572,2.0782599171085264e-22,22770.17142857143,85,70,15,True,1.60617834916474e-07,True,1.3614707205013432e-21
PB8_T3,5,70,-0.011657216119185004,0.020819057063280872,0.7142857142857143,1.362454001513999e-05,-0.02939205510751014,0.02538745137494611,0.8571428571428571,1.7066530679984832e-14,22766.17142857143,85,70,15,True,3.507659146967859e-05,True,6.437212172417859e-14
PB8_T3,30,70,-0.010508505949996872,0.029752791835807695,0.7,0.004274191814179159,-0.02365758736713644,0.03207807074620657,0.8142857142857143,4.08572820116132e-08,22741.17142857143,85,70,15,True,0.007186049984422869,True,1.0425547219359205e-07
PB8_T3,60,70,-0.008985306885003166,0.03293473531422994,0.6571428571428571,0.025540949997298362,-0.019896074568800763,0.03010352781514482,0.7714285714285715,5.348392572829186e-07,22711.17142857143,85,70,15,True,0.037202353389825395,True,1.2401809623573716e-06
PB8_T3,300,70,-0.009003465500137411,0.031575219445260705,0.5857142857142857,0.019797334667985403,-0.013645053773727349,0.03001827190800572,0.6857142857142857,0.00030528156854238864,22471.17142857143,85,70,15,True,0.029597486489783456,True,0.0004926426059383244
PB8_T4,1,70,-0.008349110026066676,0.01130655799749071,0.8,3.9581877881673756e-08,-0.024363369121857256,0.014402991787230798,0.9571428571428572,4.371475387230978e-22,22740.17142857143,85,70,15,True,1.2627459656618912e-07,True,2.7213418852041493e-21
PB8_T4,5,70,-0.01108064427868437,0.019227375689652743,0.7142857142857143,8.182419338986956e-06,-0.028162119248716286,0.023959865468102488,0.9,9.260045988436763e-15,22736.17142857143,85,70,15,True,2.171294839953912e-05,True,3.574688144139555e-14
PB8_T4,30,70,-0.01048613202014836,0.03406388306551821,0.6285714285714286,0.01215380622542746,-0.02612477426839173,0.03450754691403196,0.8285714285714286,2.0924784540195852e-08,22711.17142857143,85,70,15,True,0.019113063499704992,True,5.472757803662125e-08
PB8_T4,60,70,-0.009955229229209245,0.041531075185165335,0.6428571428571429,0.048830820963907465,-0.022877413061936417,0.03794011905184606,0.7428571428571429,3.515571571808584e-06,22681.17142857143,85,70,15,False,0.06737639234436912,True,7.361393806423429e-06
PB8_T4,300,70,-0.009918431307231045,0.044071836562843095,0.5714285714285714,0.06392779779427252,-0.01592158697590766,0.042275380334120795,0.6428571428571429,0.0024068422724410083,22441.17142857143,85,70,15,False,0.0855755681438247,True,0.003460524365910813
PB8_T5,1,70,-0.007441846505914631,0.010175632524304243,0.7714285714285715,5.0391093581330495e-08,-0.022031654875080638,0.012985302285776453,0.9714285714285714,3.741122979570787e-22,22710.17142857143,85,70,15,True,1.6016672338868156e-07,True,2.362994496237124e-21
PB8_T5,5,70,-0.009995370089539402,0.018100759299289178,0.6857142857142857,1.7291813365619256e-05,-0.026151115496680245,0.021866325909468035,0.9142857142857143,4.550946025797872e-15,22706.17142857143,85,70,15,True,4.415610877916817e-05,True,1.7867634680831422e-14
PB8_T5,30,70,-0.009214901113303892,0.03501036438659823,0.6428571428571429,0.0310009284119266,-0.02524880586971684,0.03452969265860738,0.8142857142857143,5.059686420915866e-08,22681.17142857143,85,70,15,True,0.044461688527690495,True,1.2825544082365604e-07
PB8_T5,60,70,-0.00827253403797326,0.04411028235177351,0.6285714285714286,0.12120191772324312,-0.02189386726432859,0.04034224546163823,0.7142857142857143,2.313860448324108e-05,22651.17142857143,85,70,15,False,0.1505221515937473,True,4.298057983311717e-05
PB8_T5,300,70,-0.01045869603562969,0.05315739339916442,0.5285714285714286,0.1042858057647982,-0.017450740310530566,0.05112938190867691,0.6142857142857143,0.0056703279220672205,22411.17142857143,85,70,15,False,0.1322714606891989,True,0.00769480870806844
PB8_T6,1,70,-0.006695385780620697,0.009406751940326814,0.7428571428571429,9.783451259577663e-08,-0.020345547075390703,0.012142977203746857,0.9714285714285714,7.138800718226325e-22,22680.17142857143,85,70,15,True,3.070102098259839e-07,True,4.259854314589284e-21
PB8_T6,5,70,-0.008886340167920262,0.01725677214045373,0.6857142857142857,5.3432027902892514e-05,-0.024306781451334948,0.020885342581662154,0.9,1.3822092185573975e-14,22676.17142857143,85,70,15,True,0.00012507293794342388,True,5.247838296830558e-14
PB8_T6,30,70,-0.007380392208457663,0.034325454853736045,0.6571428571428571,0.07640425169381751,-0.02337780835942021,0.034447830549901914,0.8,2.9714255976315015e-07,22651.17142857143,85,70,15,False,0.10048598766735421,True,7.07043763072785e-07
PB8_T6,60,70,-0.00646092540870176,0.044125012513926934,0.6142857142857143,0.22471657260305095,-0.02074661090708163,0.040941238348153795,0.6857142857142857,6.815373857620829e-05,22621.17142857143,85,70,15,False,0.2606229467417056,True,0.000118327219487839
PB8_T6,300,70,-0.011224922161847391,0.05894241068723576,0.5571428571428572,0.11565822424627778,-0.019053408179383165,0.057228332396915556,0.6142857142857143,0.0068933225172563796,22381.17142857143,85,70,15,False,0.14433429301202402,True,0.009256288106148773
PB8_T7,1,70,-0.004679063142991524,0.008148014186268043,0.7142857142857143,8.721599497265957e-06,-0.015709906568392606,0.011213951344582597,0.9571428571428572,4.471489611514577e-18,22500.17142857143,85,70,15,True,2.3072837873701287e-05,True,2.0820750145259925e-17
PB8_T7,5,70,-0.006377759493392342,0.016378264919713614,0.6428571428571429,0.001742521117816747,-0.018908924120693355,0.019572815510078223,0.8714285714285714,1.4104015696096245e-11,22496.17142857143,85,70,15,True,0.003168637085293085,True,4.4953297260159154e-11
PB8_T7,30,70,-0.005886739398259516,0.034316090455453196,0.5571428571428572,0.15573492769796246,-0.02014175300346546,0.03502341974698004,0.7571428571428571,8.496324076760573e-06,22471.17142857143,85,70,15,False,0.18767498262869212,True,1.690944682327637e-05
PB8_T7,60,70,-0.005685153994570094,0.04890509817641446,0.5142857142857142,0.33414630434543474,-0.019276271997097798,0.047150626982926026,0.6857142857142857,0.0010539974108011332,22441.17142857143,85,70,15,False,0.3715724111726672,True,0.0015832874149208328
PB8_T7,300,70,-0.021388982835665912,0.0796598276009038,0.5857142857142857,0.02787745213434447,-0.02748966297145943,0.07610035539910279,0.6428571428571429,0.003518915618269569,22201.17142857143,85,70,15,True,0.04029983143270299,True,0.004942703986230602
PB8_T8,1,70,-0.004284467405955377,0.007363371135413908,0.7285714285714285,6.869600026131743e-06,-0.013297501980278376,0.009902312947922398,0.9571428571428572,3.0813185100994313e-17,22200.17142857143,85,70,15,True,1.84130861833089e-05,True,1.3492972689979134e-16
PB8_T8,5,70,-0.006542294975358623,0.015287287709090212,0.6714285714285714,0.0006333893538975901,-0.015915901892703345,0.017026357520492256,0.8571428571428571,4.249090285903573e-11,22196.17142857143,85,70,15,True,0.0012613027191447689,True,1.3237697869970103e-10
PB8_T8,30,70,-0.008065360037845097,0.034093551607491945,0.5857142857142857,0.05177951034299703,-0.019276075892612408,0.03325518541060743,0.6857142857142857,7.366638299340514e-06,22171.17142857143,85,70,15,False,0.07090693945107203,True,1.4814746987323328e-05
PB8_T8,60,70,-0.009237489931140291,0.048645950197287305,0.5857142857142857,0.11668828831323298,-0.02103834731999456,0.04564857296314149,0.6714285714285714,0.0002557809156441452,22141.17142857143,85,70,15,False,0.14549189322346445,True,0.00041744122038286333
PB8_T8,300,70,-0.025407551157075884,0.09082337862715313,0.5571428571428572,0.02215375023277607,-0.03153129064346185,0.0883494223662203,0.6428571428571429,0.00390953891596736,21901.17142857143,85,70,15,True,0.03272390211810231,True,0.00544858616752114
PB8_T9,1,70,-0.0039146920997784745,0.006986010651994191,0.6571428571428571,1.3443695642655187e-05,-0.01201122988365773,0.009935645958036341,0.9285714285714286,2.9134364079544428e-15,21900.17142857143,85,70,15,True,3.466266301893558e-05,True,1.1583340379151437e-14
PB8_T9,5,70,-0.006379825481112105,0.014764034117273655,0.6285714285714286,0.0005659553691730177,-0.014712748944199449,0.017020421369996305,0.8428571428571429,5.03877812854187e-10,21896.17142857143,85,70,15,True,0.0011381698489480653,True,1.481615185881886e-09
PB8_T9,30,70,-0.008925219962737835,0.03427034069592152,0.5857142857142857,0.03275226006966417,-0.018584628541767546,0.0345254567697158,0.7142857142857143,2.6470519699427494e-05,21871.17142857143,85,70,15,True,0.046548358099831225,True,4.882842795596476e-05
PB8_T9,60,70,-0.01074288431021803,0.0492474748306465,0.5428571428571428,0.07231479724927675,-0.021236205302831556,0.04809850009568652,0.6571428571428571,0.0004379830518262869,21841.17142857143,85,70,15,False,0.09558057555327129,True,0.0006935066196424478
PB8_T9,300,70,-0.027574056316742035,0.09585399024057495,0.6,0.01877409212250277,-0.03462134764890625,0.09519221115109641,0.6714285714285714,0.0033129234970102534,21601.17142857143,85,70,15,True,0.028192113223538765,True,0.004675715147945436
PB9_T1,1,70,-0.012038710845422764,0.006992993793731266,0.9285714285714286,1.7592488748813821e-22,-0.012548669809517476,0.009081970247465158,0.9285714285714286,8.444620458759887e-18,22798.17142857143,85,70,15,True,3.1191825066201304e-21,True,3.813877605884367e-17
PB9_T1,5,70,-0.026926519305017754,0.015737356763888984,0.9285714285714286,2.4206177953227664e-22,-0.028584294407504526,0.01646444066383045,0.9428571428571428,1.1333255875798973e-22,22794.17142857143,85,70,15,True,3.171397408042586e-21,True,7.647734189626065e-22
PB9_T1,30,70,-0.0645923121948588,0.0385389197816029,0.9285714285714286,7.024070039986406e-22,-0.06943718826081492,0.033323832494199096,0.9428571428571428,5.535726941500162e-27,22769.17142857143,85,70,15,True,5.062643492557023e-21,True,9.064424920797659e-26
PB9_T1,60,70,-0.0903847121780048,0.0535533224130491,0.9285714285714286,4.9083195743073225e-22,-0.09790062624509543,0.04566985695750999,0.9428571428571428,1.1084363384403909e-27,22739.17142857143,85,70,15,True,4.056996203165502e-21,True,4.1623084319529176e-26
PB9_T1,300,70,-0.19958622243352275,0.11118589954478436,0.9285714285714286,1.9539205267291698e-23,-0.21117030751256308,0.09796329234678106,0.9571428571428572,8.073066550728547e-28,22499.17142857143,85,70,15,True,1.3379154825388102e-21,True,4.1623084319529176e-26
PB9_T10,1,70,-0.012038710845422764,0.006992993793731266,0.9285714285714286,1.7592488748813821e-22,-0.012548669809517476,0.009081970247465158,0.9285714285714286,8.444620458759887e-18,22798.17142857143,85,70,15,True,3.1191825066201304e-21,True,3.813877605884367e-17
PB9_T10,5,70,-0.026926519305017754,0.015737356763888984,0.9285714285714286,2.4206177953227664e-22,-0.028584294407504526,0.01646444066383045,0.9428571428571428,1.1333255875798973e-22,22794.17142857143,85,70,15,True,3.171397408042586e-21,True,7.647734189626065e-22
PB9_T10,30,70,-0.0645923121948588,0.0385389197816029,0.9285714285714286,7.024070039986406e-22,-0.06943718826081492,0.033323832494199096,0.9428571428571428,5.535726941500162e-27,22769.17142857143,85,70,15,True,5.062643492557023e-21,True,9.064424920797659e-26
PB9_T10,60,70,-0.0903847121780048,0.0535533224130491,0.9285714285714286,4.9083195743073225e-22,-0.09790062624509543,0.04566985695750999,0.9428571428571428,1.1084363384403909e-27,22739.17142857143,85,70,15,True,4.056996203165502e-21,True,4.1623084319529176e-26
PB9_T10,300,70,-0.19958622243352275,0.11118589954478436,0.9285714285714286,1.9539205267291698e-23,-0.21117030751256308,0.09796329234678106,0.9571428571428572,8.073066550728547e-28,22499.17142857143,85,70,15,True,1.3379154825388102e-21,True,4.1623084319529176e-26
PB9_T11,1,70,-0.012038710845422764,0.006992993793731266,0.9285714285714286,1.7592488748813821e-22,-0.012548669809517476,0.009081970247465158,0.9285714285714286,8.444620458759887e-18,22798.17142857143,85,70,15,True,3.1191825066201304e-21,True,3.813877605884367e-17
PB9_T11,5,70,-0.026926519305017754,0.015737356763888984,0.9285714285714286,2.4206177953227664e-22,-0.028584294407504526,0.01646444066383045,0.9428571428571428,1.1333255875798973e-22,22794.17142857143,85,70,15,True,3.171397408042586e-21,True,7.647734189626065e-22
PB9_T11,30,70,-0.0645923121948588,0.0385389197816029,0.9285714285714286,7.024070039986406e-22,-0.06943718826081492,0.033323832494199096,0.9428571428571428,5.535726941500162e-27,22769.17142857143,85,70,15,True,5.062643492557023e-21,True,9.064424920797659e-26
PB9_T11,60,70,-0.0903847121780048,0.0535533224130491,0.9285714285714286,4.9083195743073225e-22,-0.09790062624509543,0.04566985695750999,0.9428571428571428,1.1084363384403909e-27,22739.17142857143,85,70,15,True,4.056996203165502e-21,True,4.1623084319529176e-26
PB9_T11,300,70,-0.19958622243352275,0.11118589954478436,0.9285714285714286,1.9539205267291698e-23,-0.21117030751256308,0.09796329234678106,0.9571428571428572,8.073066550728547e-28,22499.17142857143,85,70,15,True,1.3379154825388102e-21,True,4.1623084319529176e-26
PB9_T12,1,70,-0.012038710845422764,0.006992993793731266,0.9285714285714286,1.7592488748813821e-22,-0.012548669809517476,0.009081970247465158,0.9285714285714286,8.444620458759887e-18,22798.17142857143,85,70,15,True,3.1191825066201304e-21,True,3.813877605884367e-17
PB9_T12,5,70,-0.026926519305017754,0.015737356763888984,0.9285714285714286,2.4206177953227664e-22,-0.028584294407504526,0.01646444066383045,0.9428571428571428,1.1333255875798973e-22,22794.17142857143,85,70,15,True,3.171397408042586e-21,True,7.647734189626065e-22
PB9_T12,30,70,-0.0645923121948588,0.0385389197816029,0.9285714285714286,7.024070039986406e-22,-0.06943718826081492,0.033323832494199096,0.9428571428571428,5.535726941500162e-27,22769.17142857143,85,70,15,True,5.062643492557023e-21,True,9.064424920797659e-26
PB9_T12,60,70,-0.0903847121780048,0.0535533224130491,0.9285714285714286,4.9083195743073225e-22,-0.09790062624509543,0.04566985695750999,0.9428571428571428,1.1084363384403909e-27,22739.17142857143,85,70,15,True,4.056996203165502e-21,True,4.1623084319529176e-26
PB9_T12,300,70,-0.19958622243352275,0.11118589954478436,0.9285714285714286,1.9539205267291698e-23,-0.21117030751256308,0.09796329234678106,0.9571428571428572,8.073066550728547e-28,22499.17142857143,85,70,15,True,1.3379154825388102e-21,True,4.1623084319529176e-26
PB9_T2,1,70,-0.012038710845422764,0.006992993793731266,0.9285714285714286,1.7592488748813821e-22,-0.012548669809517476,0.009081970247465158,0.9285714285714286,8.444620458759887e-18,22798.17142857143,85,70,15,True,3.1191825066201304e-21,True,3.813877605884367e-17
PB9_T2,5,70,-0.026926519305017754,0.015737356763888984,0.9285714285714286,2.4206177953227664e-22,-0.028584294407504526,0.01646444066383045,0.9428571428571428,1.1333255875798973e-22,22794.17142857143,85,70,15,True,3.171397408042586e-21,True,7.647734189626065e-22
PB9_T2,30,70,-0.0645923121948588,0.0385389197816029,0.9285714285714286,7.024070039986406e-22,-0.06943718826081492,0.033323832494199096,0.9428571428571428,5.535726941500162e-27,22769.17142857143,85,70,15,True,5.062643492557023e-21,True,9.064424920797659e-26
PB9_T2,60,70,-0.0903847121780048,0.0535533224130491,0.9285714285714286,4.9083195743073225e-22,-0.09790062624509543,0.04566985695750999,0.9428571428571428,1.1084363384403909e-27,22739.17142857143,85,70,15,True,4.056996203165502e-21,True,4.1623084319529176e-26
PB9_T2,300,70,-0.19958622243352275,0.11118589954478436,0.9285714285714286,1.9539205267291698e-23,-0.21117030751256308,0.09796329234678106,0.9571428571428572,8.073066550728547e-28,22499.17142857143,85,70,15,True,1.3379154825388102e-21,True,4.1623084319529176e-26
PB9_T3,1,70,-0.012038710845422764,0.006992993793731266,0.9285714285714286,1.7592488748813821e-22,-0.012548669809517476,0.009081970247465158,0.9285714285714286,8.444620458759887e-18,22798.17142857143,85,70,15,True,3.1191825066201304e-21,True,3.813877605884367e-17
PB9_T3,5,70,-0.026926519305017754,0.015737356763888984,0.9285714285714286,2.4206177953227664e-22,-0.028584294407504526,0.01646444066383045,0.9428571428571428,1.1333255875798973e-22,22794.17142857143,85,70,15,True,3.171397408042586e-21,True,7.647734189626065e-22
PB9_T3,30,70,-0.0645923121948588,0.0385389197816029,0.9285714285714286,7.024070039986406e-22,-0.06943718826081492,0.033323832494199096,0.9428571428571428,5.535726941500162e-27,22769.17142857143,85,70,15,True,5.062643492557023e-21,True,9.064424920797659e-26
PB9_T3,60,70,-0.0903847121780048,0.0535533224130491,0.9285714285714286,4.9083195743073225e-22,-0.09790062624509543,0.04566985695750999,0.9428571428571428,1.1084363384403909e-27,22739.17142857143,85,70,15,True,4.056996203165502e-21,True,4.1623084319529176e-26
PB9_T3,300,70,-0.19958622243352275,0.11118589954478436,0.9285714285714286,1.9539205267291698e-23,-0.21117030751256308,0.09796329234678106,0.9571428571428572,8.073066550728547e-28,22499.17142857143,85,70,15,True,1.3379154825388102e-21,True,4.1623084319529176e-26
PB9_T4,1,70,-0.012038710845422764,0.006992993793731266,0.9285714285714286,1.7592488748813821e-22,-0.012548669809517476,0.009081970247465158,0.9285714285714286,8.444620458759887e-18,22798.17142857143,85,70,15,True,3.1191825066201304e-21,True,3.813877605884367e-17
PB9_T4,5,70,-0.026926519305017754,0.015737356763888984,0.9285714285714286,2.4206177953227664e-22,-0.028584294407504526,0.01646444066383045,0.9428571428571428,1.1333255875798973e-22,22794.17142857143,85,70,15,True,3.171397408042586e-21,True,7.647734189626065e-22
PB9_T4,30,70,-0.0645923121948588,0.0385389197816029,0.9285714285714286,7.024070039986406e-22,-0.06943718826081492,0.033323832494199096,0.9428571428571428,5.535726941500162e-27,22769.17142857143,85,70,15,True,5.062643492557023e-21,True,9.064424920797659e-26
PB9_T4,60,70,-0.0903847121780048,0.0535533224130491,0.9285714285714286,4.9083195743073225e-22,-0.09790062624509543,0.04566985695750999,0.9428571428571428,1.1084363384403909e-27,22739.17142857143,85,70,15,True,4.056996203165502e-21,True,4.1623084319529176e-26
PB9_T4,300,70,-0.19958622243352275,0.11118589954478436,0.9285714285714286,1.9539205267291698e-23,-0.21117030751256308,0.09796329234678106,0.9571428571428572,8.073066550728547e-28,22499.17142857143,85,70,15,True,1.3379154825388102e-21,True,4.1623084319529176e-26
PB9_T5,1,70,-0.012038710845422764,0.006992993793731266,0.9285714285714286,1.7592488748813821e-22,-0.012548669809517476,0.009081970247465158,0.9285714285714286,8.444620458759887e-18,22798.17142857143,85,70,15,True,3.1191825066201304e-21,True,3.813877605884367e-17
PB9_T5,5,70,-0.026926519305017754,0.015737356763888984,0.9285714285714286,2.4206177953227664e-22,-0.028584294407504526,0.01646444066383045,0.9428571428571428,1.1333255875798973e-22,22794.17142857143,85,70,15,True,3.171397408042586e-21,True,7.647734189626065e-22
PB9_T5,30,70,-0.0645923121948588,0.0385389197816029,0.9285714285714286,7.024070039986406e-22,-0.06943718826081492,0.033323832494199096,0.9428571428571428,5.535726941500162e-27,22769.17142857143,85,70,15,True,5.062643492557023e-21,True,9.064424920797659e-26
PB9_T5,60,70,-0.0903847121780048,0.0535533224130491,0.9285714285714286,4.9083195743073225e-22,-0.09790062624509543,0.04566985695750999,0.9428571428571428,1.1084363384403909e-27,22739.17142857143,85,70,15,True,4.056996203165502e-21,True,4.1623084319529176e-26
PB9_T5,300,70,-0.19958622243352275,0.11118589954478436,0.9285714285714286,1.9539205267291698e-23,-0.21117030751256308,0.09796329234678106,0.9571428571428572,8.073066550728547e-28,22499.17142857143,85,70,15,True,1.3379154825388102e-21,True,4.1623084319529176e-26
PB9_T6,1,70,-0.012038710845422764,0.006992993793731266,0.9285714285714286,1.7592488748813821e-22,-0.012548669809517476,0.009081970247465158,0.9285714285714286,8.444620458759887e-18,22798.17142857143,85,70,15,True,3.1191825066201304e-21,True,3.813877605884367e-17
PB9_T6,5,70,-0.026926519305017754,0.015737356763888984,0.9285714285714286,2.4206177953227664e-22,-0.028584294407504526,0.01646444066383045,0.9428571428571428,1.1333255875798973e-22,22794.17142857143,85,70,15,True,3.171397408042586e-21,True,7.647734189626065e-22
PB9_T6,30,70,-0.0645923121948588,0.0385389197816029,0.9285714285714286,7.024070039986406e-22,-0.06943718826081492,0.033323832494199096,0.9428571428571428,5.535726941500162e-27,22769.17142857143,85,70,15,True,5.062643492557023e-21,True,9.064424920797659e-26
PB9_T6,60,70,-0.0903847121780048,0.0535533224130491,0.9285714285714286,4.9083195743073225e-22,-0.09790062624509543,0.04566985695750999,0.9428571428571428,1.1084363384403909e-27,22739.17142857143,85,70,15,True,4.056996203165502e-21,True,4.1623084319529176e-26
PB9_T6,300,70,-0.19958622243352275,0.11118589954478436,0.9285714285714286,1.9539205267291698e-23,-0.21117030751256308,0.09796329234678106,0.9571428571428572,8.073066550728547e-28,22499.17142857143,85,70,15,True,1.3379154825388102e-21,True,4.1623084319529176e-26
PB9_T7,1,70,-0.012038710845422764,0.006992993793731266,0.9285714285714286,1.7592488748813821e-22,-0.012548669809517476,0.009081970247465158,0.9285714285714286,8.444620458759887e-18,22798.17142857143,85,70,15,True,3.1191825066201304e-21,True,3.813877605884367e-17
PB9_T7,5,70,-0.026926519305017754,0.015737356763888984,0.9285714285714286,2.4206177953227664e-22,-0.028584294407504526,0.01646444066383045,0.9428571428571428,1.1333255875798973e-22,22794.17142857143,85,70,15,True,3.171397408042586e-21,True,7.647734189626065e-22
PB9_T7,30,70,-0.0645923121948588,0.0385389197816029,0.9285714285714286,7.024070039986406e-22,-0.06943718826081492,0.033323832494199096,0.9428571428571428,5.535726941500162e-27,22769.17142857143,85,70,15,True,5.062643492557023e-21,True,9.064424920797659e-26
PB9_T7,60,70,-0.0903847121780048,0.0535533224130491,0.9285714285714286,4.9083195743073225e-22,-0.09790062624509543,0.04566985695750999,0.9428571428571428,1.1084363384403909e-27,22739.17142857143,85,70,15,True,4.056996203165502e-21,True,4.1623084319529176e-26
PB9_T7,300,70,-0.19958622243352275,0.11118589954478436,0.9285714285714286,1.9539205267291698e-23,-0.21117030751256308,0.09796329234678106,0.9571428571428572,8.073066550728547e-28,22499.17142857143,85,70,15,True,1.3379154825388102e-21,True,4.1623084319529176e-26
PB9_T8,1,70,-0.012038710845422764,0.006992993793731266,0.9285714285714286,1.7592488748813821e-22,-0.012548669809517476,0.009081970247465158,0.9285714285714286,8.444620458759887e-18,22798.17142857143,85,70,15,True,3.1191825066201304e-21,True,3.813877605884367e-17
PB9_T8,5,70,-0.026926519305017754,0.015737356763888984,0.9285714285714286,2.4206177953227664e-22,-0.028584294407504526,0.01646444066383045,0.9428571428571428,1.1333255875798973e-22,22794.17142857143,85,70,15,True,3.171397408042586e-21,True,7.647734189626065e-22
PB9_T8,30,70,-0.0645923121948588,0.0385389197816029,0.9285714285714286,7.024070039986406e-22,-0.06943718826081492,0.033323832494199096,0.9428571428571428,5.535726941500162e-27,22769.17142857143,85,70,15,True,5.062643492557023e-21,True,9.064424920797659e-26
PB9_T8,60,70,-0.0903847121780048,0.0535533224130491,0.9285714285714286,4.9083195743073225e-22,-0.09790062624509543,0.04566985695750999,0.9428571428571428,1.1084363384403909e-27,22739.17142857143,85,70,15,True,4.056996203165502e-21,True,4.1623084319529176e-26
PB9_T8,300,70,-0.19958622243352275,0.11118589954478436,0.9285714285714286,1.9539205267291698e-23,-0.21117030751256308,0.09796329234678106,0.9571428571428572,8.073066550728547e-28,22499.17142857143,85,70,15,True,1.3379154825388102e-21,True,4.1623084319529176e-26
PB9_T9,1,70,-0.012038710845422764,0.006992993793731266,0.9285714285714286,1.7592488748813821e-22,-0.012548669809517476,0.009081970247465158,0.9285714285714286,8.444620458759887e-18,22798.17142857143,85,70,15,True,3.1191825066201304e-21,True,3.813877605884367e-17
PB9_T9,5,70,-0.026926519305017754,0.015737356763888984,0.9285714285714286,2.4206177953227664e-22,-0.028584294407504526,0.01646444066383045,0.9428571428571428,1.1333255875798973e-22,22794.17142857143,85,70,15,True,3.171397408042586e-21,True,7.647734189626065e-22
PB9_T9,30,70,-0.0645923121948588,0.0385389197816029,0.9285714285714286,7.024070039986406e-22,-0.06943718826081492,0.033323832494199096,0.9428571428571428,5.535726941500162e-27,22769.17142857143,85,70,15,True,5.062643492557023e-21,True,9.064424920797659e-26
PB9_T9,60,70,-0.0903847121780048,0.0535533224130491,0.9285714285714286,4.9083195743073225e-22,-0.09790062624509543,0.04566985695750999,0.9428571428571428,1.1084363384403909e-27,22739.17142857143,85,70,15,True,4.056996203165502e-21,True,4.1623084319529176e-26
PB9_T9,300,70,-0.19958622243352275,0.11118589954478436,0.9285714285714286,1.9539205267291698e-23,-0.21117030751256308,0.09796329234678106,0.9571428571428572,8.073066550728547e-28,22499.17142857143,85,70,15,True,1.3379154825388102e-21,True,4.1623084319529176e-26
PV1_T1,1,70,-0.001314850749389735,0.011750041355050282,0.5285714285714286,0.3524162014400789,0.0013775288280469514,0.007087948260817068,0.6428571428571429,0.10850178913303413,22794.17142857143,85,70,15,False,0.3893821477375992,False,0.12668931444901416
PV1_T1,5,70,-0.00019977300627632366,0.01045085149653239,0.5,0.8734022602167179,0.001756337243986669,0.011131415280951502,0.6,0.19116460233824353,22790.17142857143,85,70,15,False,0.8854474204955282,False,0.21591163814273664
PV1_T1,30,70,0.0003317489137049309,0.016207503003137835,0.5714285714285714,0.8645247577256504,0.0022175751825820886,0.016763398147927638,0.6142857142857143,0.27222835925734673,22765.17142857143,85,70,15,False,0.877219688088729,False,0.30087939258929397
PV1_T1,60,70,0.00043012407885729677,0.01906000182222224,0.4714285714285714,0.8507977338229421,0.003085445520623372,0.019048174164326744,0.5857142857142857,0.17976379576279863,22735.17142857143,85,70,15,False,0.8653241596580115,False,0.2038345632951983
PV1_T1,300,70,0.005498806419829407,0.02999696250099674,0.5428571428571428,0.12967638983736185,0.005920987312473693,0.031968807778165916,0.5142857142857142,0.1258148534200991,22495.17142857143,85,70,15,False,0.15958016244835413,False,0.14559421202303258
PV1_T10,1,70,0.0005879260102124826,0.0070265505460586795,0.5428571428571428,0.4862492913357989,0.0008540476878321311,0.008128637322081175,0.5857142857142857,0.3824254478415108,21299.17142857143,85,70,15,False,0.5206046797536986,False,0.41393481274825183
PV1_T10,5,70,0.0015312218992498236,0.015761102086278702,0.5428571428571428,0.4191104047893784,0.0010052924347161204,0.015964433418835928,0.5,0.5999867051648782,21295.17142857143,85,70,15,False,0.4554974673001895,False,0.6300772238129648
PV1_T10,30,70,0.006054286583276259,0.03914630144850242,0.5142857142857142,0.1999932658100222,0.0041279596304582165,0.03808952821009917,0.5428571428571428,0.3677043096722961,21270.17142857143,85,70,15,False,0.2354264849654605,False,0.3993770480722361
PV1_T10,60,70,0.009146898243690676,0.05417032310980082,0.5142857142857142,0.16222785164866688,0.005250301278970935,0.05236178971336571,0.5,0.4044131791479558,21240.17142857143,85,70,15,False,0.19495555737257186,False,0.4360947359413819
PV1_T10,300,70,0.021230156230004547,0.10528584632830684,0.5857142857142857,0.09610683462585959,0.02147567143282389,0.09925985596298786,0.5571428571428572,0.07462201553062085,21000.17142857143,85,70,15,False,0.12316361781615166,False,0.08868904838606641
PV1_T11,1,70,0.0007769046908973079,0.007313484586675871,0.5857142857142857,0.3772113813806339,0.0005761994965103699,0.00858269250754681,0.5571428571428572,0.5761457696904377,20999.17142857143,85,70,15,False,0.4141294320527773,False,0.6063306836065984
PV1_T11,5,70,0.001952838257348761,0.016308909766093234,0.5714285714285714,0.3199302217335939,0.0017924402562402944,0.017238850610223424,0.5285714285714286,0.38735376914077607,20995.17142857143,85,70,15,False,0.3571434300774045,False,0.4190066601068821
PV1_T11,30,70,0.006419785275810445,0.04053608372623059,0.5714285714285714,0.18953041736084714,0.0066492909693212365,0.04153795778117097,0.5571428571428572,0.18486678872834394,20970.17142857143,85,70,15,False,0.22410252976787365,False,0.20920889454845343
PV1_T11,60,70,0.00837580573354231,0.057177309280009844,0.5571428571428572,0.22451278711745137,0.006857999966616122,0.05701789135849121,0.5142857142857142,0.31777854612932144,20940.17142857143,85,70,15,False,0.2605615315723193,False,0.34810554117844184
PV1_T11,300,70,0.018902537487360573,0.11446726352545118,0.5428571428571428,0.17154654163729907,0.02093350979342089,0.11300132571363103,0.6285714285714286,0.12573705980428568,20700.17142857143,85,70,15,False,0.20521604409602803,False,0.1455836265495332
PV1_T12,1,70,-0.0009574963300925671,0.00701480930818615,0.5857142857142857,0.25739705139445834,-0.00033996680995165797,0.007715892962525229,0.5285714285714286,0.7135267175693899,19199.17142857143,85,70,15,False,0.2935974950702719,False,0.7392008423395029
PV1_T12,5,70,-0.0018127679710255322,0.015592235598936289,0.5714285714285714,0.33409574803138137,-0.0008705576898810613,0.016758148567861123,0.5,0.6651866700358994,19195.17142857143,85,70,15,False,0.3715724111726672,False,0.6928610024039893
PV1_T12,30,70,-0.003694123505475368,0.03853127110118952,0.5857142857142857,0.42522932828295956,-0.003964523191515472,0.03636085698781097,0.5714285714285714,0.36482226153369596,19170.17142857143,85,70,15,False,0.46127702644195456,False,0.39649604076719713
PV1_T12,60,70,-0.005844293839174883,0.05576653559837385,0.5714285714285714,0.38363032550524107,-0.00612255609225325,0.05242446332094364,0.5857142857142857,0.33192330865464653,19140.17142857143,85,70,15,False,0.4202418435702625,False,0.3622220566651307
PV1_T12,300,70,-0.015838427157023997,0.13039741888320072,0.5428571428571428,0.3130699918748434,-0.011482556032062807,0.12876627314765163,0.4857142857142857,0.4581533824458837,18900.17142857143,85,70,15,False,0.34982432791965845,False,0.48976483179162383
PV1_T2,1,70,-0.0007451832879000393,0.009723571509479778,0.5285714285714286,0.5235237603411971,0.0004744564257616271,0.0076631016524553435,0.4857142857142857,0.6061061590514654,22789.17142857143,85,70,15,False,0.5568887290575234,False,0.6357306555928394
PV1_T2,5,70,0.0013899636302441621,0.011443530365441747,0.5571428571428572,0.31306960067926765,0.0024853348759076455,0.014071287543501055,0.6285714285714286,0.14402576888004884,22785.17142857143,85,70,15,False,0.34982432791965845,False,0.16563237680223292
PV1_T2,30,70,0.0005156883147833127,0.018310380705071967,0.5857142857142857,0.8144142616906409,0.003730227033923983,0.019184530301378216,0.6428571428571429,0.10833905671473591,22760.17142857143,85,70,15,False,0.8324855840654333,False,0.1265420692864816
PV1_T2,60,70,0.0006445947789187918,0.021924823260354956,0.5142857142857142,0.8064280000736757,0.004102509539057522,0.021582274645516476,0.5571428571428572,0.11632046196778123,22730.17142857143,85,70,15,False,0.8248101658539223,False,0.13540673723001487
PV1_T2,300,70,0.0052434702728187165,0.03272761579881559,0.5428571428571428,0.18449321926837686,0.00532398982177483,0.03506171082594223,0.5,0.2081961072057355,22490.17142857143,85,70,15,False,0.2185204225479061,False,0.23384835838615609
PV1_T3,1,70,5.368276210269293e-05,0.00676948284847234,0.5,0.9472925726238944,0.0012956506256304814,0.006416282339332085,0.5857142857142857,0.09564123501291905,22769.17142857143,85,70,15,False,0.9530855673895036,False,0.11239471665633854
PV1_T3,5,70,0.001466592293338523,0.01424403999056483,0.5857142857142857,0.3919793318542756,0.002675467625532006,0.01345965211223688,0.6428571428571429,0.10083126572142465,22765.17142857143,85,70,15,False,0.4281658525313064,False,0.1182525536549634
PV1_T3,30,70,-0.00037708515533450214,0.02212339410032949,0.5142857142857142,0.8870172499794489,0.005167479111779043,0.02399625263127006,0.5857142857142857,0.07595996337795548,22740.17142857143,85,70,15,False,0.8976247347733654,False,0.09024816831871946
PV1_T3,60,70,0.0012490568707184374,0.028557281021732335,0.5428571428571428,0.7155266066781873,0.0057506084834282835,0.029478166523846362,0.6,0.10720199320026763,22710.17142857143,85,70,15,False,0.7410504874319956,False,0.12529867608488657
PV1_T3,300,70,0.00418077369350292,0.03790621772109682,0.4857142857142857,0.35934069190043655,0.0036390261271588066,0.04191701076937744,0.5,0.4700831908764473,22470.17142857143,85,70,15,False,0.3960198055872434,False,0.5014317457481091
PV1_T4,1,70,0.0002830721106356921,0.00673805506448367,0.5857142857142857,0.726292723560451,0.002349106541487583,0.006328131042237664,0.6857142857142857,0.002753065651399408,22739.17142857143,85,70,15,False,0.7510749356184849,True,0.003930513151068162
PV1_T4,5,70,0.0022345788167785646,0.013474029514809258,0.6428571428571429,0.16974057591734767,0.005067186242630527,0.012896160063079398,0.6857142857142857,0.0015925466230321162,22735.17142857143,85,70,15,False,0.20334732655840368,True,0.0023393914041564463
PV1_T4,30,70,0.005247437740801812,0.028064836997101657,0.5571428571428572,0.12231061621751572,0.008554928039057025,0.02756562885072207,0.6142857142857143,0.011498361154321988,22710.17142857143,85,70,15,False,0.15173543232729508,True,0.01511100714651292
PV1_T4,60,70,0.006573921699069104,0.039577615395263346,0.5571428571428572,0.1690850136657545,0.009948808729137275,0.03666771803202052,0.6428571428571429,0.02633134844505858,22680.17142857143,85,70,15,False,0.2026847415465127,True,0.03308221668061196
PV1_T4,300,70,0.005119878854578496,0.04023243792449474,0.5285714285714286,0.29071779377399487,0.0025289474954701763,0.0431817319505776,0.5142857142857142,0.6256941232781567,22440.17142857143,85,70,15,False,0.32734448055612625,False,0.6548843368452079
PV1_T5,1,70,0.0002588071047259622,0.006209821112896884,0.5857142857142857,0.7283798176754271,0.0015484236474313658,0.006297556311315707,0.6,0.04345340950292361,22709.17142857143,85,70,15,False,0.7527826114473828,False,0.05314390436552251
PV1_T5,5,70,0.0027418586156289786,0.01346072232264565,0.6,0.09283958495351624,0.003656142865326235,0.012272290562192072,0.6285714285714286,0.01508713673238594,22705.17142857143,85,70,15,False,0.11937505248023766,True,0.01950095675660061
PV1_T5,30,70,0.005911508729574956,0.03334660358233472,0.5285714285714286,0.14257835646646774,0.008029062262818173,0.030875768011094557,0.6142857142857143,0.03300675228018442,22680.17142857143,85,70,15,False,0.17357583565597112,True,0.0408008333195124
PV1_T5,60,70,0.0050015303002162986,0.04401829341503101,0.5857142857142857,0.3451023035280076,0.005634281443485879,0.03816577975742994,0.5714285714285714,0.2209705836706444,22650.17142857143,85,70,15,False,0.38240168655845613,False,0.24739253615751017
PV1_T5,300,70,0.0015971109724110628,0.04625457274187833,0.4714285714285714,0.7735332763143214,-0.0011447994552536266,0.05006280249350641,0.5285714285714286,0.8488357612199101,22410.17142857143,85,70,15,False,0.7951673518791968,False,0.864601283907662
PV1_T6,1,70,0.0006371582112057832,0.0067963322457564816,0.5571428571428572,0.4355068626333193,0.0016302927526367984,0.006396094376652534,0.6428571428571429,0.03652215388587803,22679.17142857143,85,70,15,False,0.47079981551881045,True,0.0449853981018569
PV1_T6,5,70,0.002179992185336163,0.015313536771890304,0.5428571428571428,0.23771674209555957,0.003050877218451098,0.01386041782105118,0.6142857142857143,0.06983053549368033,22675.17142857143,85,70,15,False,0.2743897913575516,False,0.08340387765882185
PV1_T6,30,70,0.005959645517253841,0.03231207215139518,0.6,0.12737159087651337,0.006959691173814526,0.028804420545443972,0.5428571428571428,0.04710564533204893,22650.17142857143,85,70,15,False,0.1571674451708406,False,0.05746822197112608
PV1_T6,60,70,0.007105508206634055,0.04117477726669187,0.5714285714285714,0.15331503869032007,0.00612264146219838,0.03917049039254087,0.6,0.1952944150003364,22620.17142857143,85,70,15,False,0.18514626308111004,False,0.2204319515929965
PV1_T6,300,70,0.0018192760340384972,0.0521805996727218,0.4714285714285714,0.771390112726015,0.0006169530834740034,0.054396946522663865,0.5,0.9246761607926471,22380.17142857143,85,70,15,False,0.793436391625002,False,0.9316874119389315
PV1_T7,1,70,0.00035786584876749315,0.005458179683002299,0.4857142857142857,0.5850804006302031,0.0011983143960291175,0.005877138091110779,0.5571428571428572,0.09252434785574086,22499.17142857143,85,70,15,False,0.6162965805418755,False,0.10891707728844452
PV1_T7,5,70,0.0017334125333358387,0.011632672414053488,0.5142857142857142,0.2167132170028277,0.0014700576550321597,0.01132539867077028,0.5428571428571428,0.28125845776419417,22495.17142857143,85,70,15,False,0.2525275429156053,False,0.31026435874051433
PV1_T7,30,70,0.005519555226097926,0.028552371055243612,0.5714285714285714,0.110360136686572,0.0016987932476877825,0.02782556509816266,0.5285714285714286,0.6111259591652553,22470.17142857143,85,70,15,False,0.13895563857584048,False,0.6406068534332394
PV1_T7,60,70,0.00766853390272984,0.042027246203735436,0.5571428571428572,0.13142713936813974,0.002472709233049177,0.03897158656191052,0.5,0.5972254842455289,22440.17142857143,85,70,15,False,0.16102154841025632,False,0.6273682116352394
PV1_T7,300,70,0.009978539207757113,0.0665868505019647,0.6,0.21414690129168965,0.004904443483732411,0.06725031070228282,0.5142857142857142,0.543759545813962,22200.17142857143,85,70,15,False,0.249958629717158,False,0.5743470592440351
PV1_T8,1,70,0.0011677469831597117,0.006354398660484375,0.6,0.12873720224352808,0.0014647284907307288,0.00768607135025404,0.6142857142857143,0.11541353954432304,22199.17142857143,85,70,15,False,0.1586259036203244,False,0.1344415978171396
PV1_T8,5,70,0.003048436192743378,0.014061086457998709,0.6142857142857143,0.07404510500890474,0.003318184187956768,0.015624361310431463,0.6,0.08000297353066071,22195.17142857143,85,70,15,False,0.09775538318905842,False,0.09488852507670195
PV1_T8,30,70,0.007018739207731167,0.03294386317107087,0.5714285714285714,0.07906408340753306,0.005273368063592693,0.036131694183972246,0.5857142857142857,0.2262068702291381,22170.17142857143,85,70,15,False,0.10347212430796467,False,0.2529270992367871
PV1_T8,60,70,0.010021830432382056,0.04437703303932533,0.5714285714285714,0.0630323076066393,0.007546802671384852,0.049059473894448355,0.5857142857142857,0.2023842409100022,22140.17142857143,85,70,15,False,0.08460630255669728,False,0.22769050874114544
PV1_T8,300,70,-0.0006547651307495026,0.08914089698658485,0.5,0.9511744780860748,0.002542129648747695,0.09350282140305284,0.5571428571428572,0.8207318198588267,21900.17142857143,85,70,15,False,0.9567046711106527,False,0.8384472021325389
PV1_T9,1,70,0.0002600539692765694,0.006497549400253347,0.5142857142857142,0.7387467497697244,0.000926245783387659,0.007541981086692227,0.5428571428571428,0.3077648258242347,21899.17142857143,85,70,15,False,0.7625844100550935,False,0.3374571479602446
PV1_T9,5,70,0.001328117358203471,0.014480973993327805,0.5285714285714286,0.445497369799263,0.002028961980628917,0.015075901677472983,0.6285714285714286,0.26406531926760357,21895.17142857143,85,70,15,False,0.48084767655621796,False,0.29239983144748677
PV1_T9,30,70,0.0045460564684995436,0.03374027397721263,0.5428571428571428,0.2635252831147749,0.004429480994947831,0.0346706588938676,0.6,0.2888370088321231,21870.17142857143,85,70,15,False,0.2991063906575385,False,0.31811662910901667
PV1_T9,60,70,0.006676047785404595,0.047217620951047146,0.5428571428571428,0.24089115562593186,0.007753248812577648,0.04786476456977918,0.5714285714285714,0.1797605660462035,21840.17142857143,85,70,15,False,0.2773338696059962,False,0.2038345632951983
PV1_T9,300,70,0.008630468939247512,0.10134005032180494,0.5857142857142857,0.4785401190364733,0.016770824571797103,0.10088727962620213,0.5571428571428572,0.16875299247974596,21600.17142857143,85,70,15,False,0.5134646308295079,False,0.19197944979174258
PV2,1,70,-0.004346156422803438,0.007540552951191193,0.6857142857142857,8.162984428150704e-06,-0.005357759110552527,0.008304715215196278,0.8,8.98561999760412e-07,22799.17142857143,85,70,15,True,2.16780255182634e-05,True,2.0094056370046754e-06
PV2,5,70,-0.009646158677896657,0.01710719573943486,0.7,1.2059358328993511e-05,-0.011983283872061197,0.016358705199584024,0.8,4.838774448093857e-08,22795.17142857143,85,70,15,True,3.132713009524254e-05,True,1.2301667195117202e-07
PV2,30,70,-0.022505291404858553,0.042646456343104086,0.6857142857142857,3.645091163473279e-05,-0.030202001626965246,0.039254211512052634,0.8142857142857143,1.3704637495268778e-08,22770.17142857143,85,70,15,True,8.75785116119623e-05,True,3.619994078452112e-08
PV2,60,70,-0.032353411889106384,0.061093666652822884,0.6714285714285714,3.447035712229936e-05,-0.0428568105959574,0.05571956384031173,0.8,1.3819816060295845e-08,22740.17142857143,85,70,15,True,8.3050965033155e-05,True,3.647629067098712e-08
PV2,300,70,-0.06947801429026187,0.12969600136156464,0.6714285714285714,2.8635989117670022e-05,-0.08445665137012918,0.12034806300341314,0.7857142857142857,1.3701728407903213e-07,22500.17142857143,85,70,15,True,7.016832794436165e-05,True,3.374160488189993e-07
PV3_B1_T1,1,70,-0.004722883741699455,0.008839207393492962,0.6857142857142857,2.986709854548178e-05,-0.004913012282288469,0.010697985389380204,0.6571428571428571,0.00026775877759877145,22799.17142857143,85,70,15,True,7.25985249276497e-05,True,0.0004359597439225991
PV3_B1_T1,5,70,-0.006832465738607159,0.009506089818581542,0.7571428571428571,7.726010258343228e-08,-0.006845184795643852,0.01205713491271897,0.7285714285714285,1.0693975044883488e-05,22795.17142857143,85,70,15,True,2.4422109279575346e-07,True,2.0909838019282656e-05
PV3_B1_T1,30,70,-0.013910652911579969,0.01764357671179192,0.8,7.108862336212e-09,-0.013479657452551547,0.021081310938171203,0.8,1.0838842118473107e-06,22770.17142857143,85,70,15,True,2.3236631382793244e-08,True,2.402065395723193e-06
PV3_B1_T1,60,70,-0.01936731164952566,0.02418418165534347,0.8142857142857143,4.627640284936158e-09,-0.01998904217832218,0.02836230603260807,0.8,1.2383718782617112e-07,22740.17142857143,85,70,15,True,1.5270770949813207e-08,True,3.0561248852815804e-07
PV3_B1_T1,300,70,-0.041436043796948686,0.049602716733078936,0.7857142857142857,1.3920135277225423e-09,-0.041955458861807494,0.05537392573233739,0.7857142857142857,2.0497870479903196e-08,22500.17142857143,85,70,15,True,4.766508164798199e-09,True,5.3651623112170864e-08
PV3_B1_T10,1,70,-0.0011971018937228298,0.007748151764344883,0.6,0.20044294910627447,-0.0027415728388490174,0.01129726631255727,0.5857142857142857,0.04617530841548699,22799.17142857143,85,70,15,False,0.23569958029376112,False,0.05635312277481722
PV3_B1_T10,5,70,0.0005761515708730663,0.009494319400268179,0.5285714285714286,0.6132707912567208,-0.0032000631148252053,0.013143270798793832,0.6285714285714286,0.04548199292520247,22795.17142857143,85,70,15,False,0.6432454717036947,False,0.05552660267016768
PV3_B1_T10,30,70,-0.002549597026421581,0.013571845637138796,0.6285714285714286,0.12058471076131623,-0.008452812350317241,0.02348886170579608,0.7142857142857143,0.0036377339961829297,22770.17142857143,85,70,15,False,0.14983402188731595,True,0.0050884092942558795
PV3_B1_T10,60,70,-0.0029600806925542374,0.013857203454207614,0.6285714285714286,0.07829443043383524,-0.014794664603909389,0.031535190556445214,0.7142857142857143,0.00020249477000879365,22740.17142857143,85,70,15,False,0.10265930062576878,True,0.0003345860499188819
PV3_B1_T10,300,70,-0.007879923556920571,0.02302400178386432,0.7142857142857143,0.0055458834786734044,-0.0356247010848279,0.059969257152726024,0.7428571428571429,4.673099064144714e-06,22500.17142857143,85,70,15,True,0.009189941208065521,True,9.627642973536068e-06
PV3_B1_T11,1,70,-0.0012198693698715953,0.007860249431175316,0.5857142857142857,0.19845500412546221,-0.002681392395734561,0.011229776466846277,0.5857142857142857,0.049689073016790944,22799.17142857143,85,70,15,False,0.23401434786807918,False,0.060470499215573334
PV3_B1_T11,5,70,0.0006917497271819468,0.009794520891879769,0.5142857142857142,0.5565173715563091,-0.0031461490225756527,0.0130652856623374,0.6142857142857143,0.047835523793182295,22795.17142857143,85,70,15,False,0.5894443650297511,False,0.05833806378589652
PV3_B1_T11,30,70,-0.0024983454356711757,0.01408137293592098,0.6285714285714286,0.14225196776756382,-0.008249387217930532,0.023637984732854195,0.7142857142857143,0.004726906038509468,22770.17142857143,85,70,15,False,0.17323953071446352,True,0.006488462599543191
PV3_B1_T11,60,70,-0.0028085564270215564,0.014453310148926436,0.6142857142857143,0.10855314343787276,-0.014612380714017301,0.031666541115585624,0.7,0.00025172086843845806,22740.17142857143,85,70,15,False,0.136979952731136,True,0.0004110092629748925
PV3_B1_T11,300,70,-0.007584249194512546,0.02358348923802318,0.7,0.008938675561885875,-0.035413503778124196,0.060329624726255505,0.7428571428571429,5.842015012663329e-06,22500.17142857143,85,70,15,True,0.014377618280407681,True,1.1936228189681728e-05
PV3_B1_T12,1,70,-0.0016909637484060379,0.00884261869586114,0.6571428571428571,0.11418214111693567,-0.002396886618860029,0.010825685251523463,0.5857142857142857,0.06824206191356029,22799.17142857143,85,70,15,False,0.14293452810109156,False,0.08161174244075832
PV3_B1_T12,5,70,0.0004747938937822389,0.011526128141152711,0.4857142857142857,0.731410310499465,-0.0026360226141533853,0.012953138306009597,0.6,0.09313647277549023,22795.17142857143,85,70,15,False,0.7556885833659246,False,0.10960031111693418
PV3_B1_T12,30,70,-0.0029033637853610756,0.017384530396838422,0.6142857142857143,0.16680260855945828,-0.007149622684255217,0.024737148881714417,0.6714285714285714,0.018243915379334535,22770.17142857143,85,70,15,False,0.20017471780928392,True,0.02342353312359748
PV3_B1_T12,60,70,-0.002760062291504892,0.018508357014983604,0.6,0.21636942378620871,-0.013317788659291094,0.0333857929434239,0.6857142857142857,0.0013650024397462187,22740.17142857143,85,70,15,False,0.25221199702474734,True,0.002024070141340423
PV3_B1_T12,300,70,-0.006916932060373737,0.028840386640119575,0.6714285714285714,0.04871247904847566,-0.03269082101559431,0.06261930666418253,0.7142857142857143,4.3210060516975906e-05,22500.17142857143,85,70,15,False,0.06726683257893022,True,7.667732875508564e-05
PV3_B1_T2,1,70,-0.004057877931076335,0.0090152852917542,0.6714285714285714,0.00034548900311240653,-0.004506541871352262,0.011313899372284232,0.6142857142857143,0.0013858824378168441,22799.17142857143,85,70,15,True,0.0007208118996095196,True,0.002052389122442005
PV3_B1_T2,5,70,-0.005642380929589265,0.009593482333700273,0.6857142857142857,5.634008194569331e-06,-0.006046187214878427,0.012801421816034279,0.7285714285714285,0.0001851066242364345,22795.17142857143,85,70,15,True,1.5207420556435188e-05,True,0.0003076206766411165
PV3_B1_T2,30,70,-0.011385542015123852,0.01575829238145261,0.8,6.800737539292182e-08,-0.012016668992561317,0.02124974198277742,0.7571428571428571,1.1463158149815259e-05,22770.17142857143,85,70,15,True,2.1536707789417498e-07,True,2.230874626165146e-05
PV3_B1_T2,60,70,-0.015697715970143005,0.020434904048179336,0.7857142857142857,1.4288931370667154e-08,-0.018157307630824054,0.02784457335310866,0.7714285714285715,7.15365501513987e-07,22740.17142857143,85,70,15,True,4.622496056709271e-08,True,1.6217767767262631e-06
PV3_B1_T2,300,70,-0.03402639462440429,0.041226189633804325,0.7857142857142857,1.9726838019305728e-09,-0.03832108039590767,0.05283301945195354,0.7857142857142857,6.181744802102684e-08,22500.17142857143,85,70,15,True,6.662387620400908e-09,True,1.5555665179362545e-07
PV3_B1_T3,1,70,-0.003134214077973982,0.009229872120141232,0.5857142857142857,0.005905789391691701,-0.0038620649298740594,0.011548289364014235,0.6571428571428571,0.006659111559313835,22799.17142857143,85,70,15,True,0.009767593273477657,True,0.008959201883734152
PV3_B1_T3,5,70,-0.0036792306227881265,0.009823395130541241,0.6285714285714286,0.0025349932063187916,-0.004720230456621602,0.013218535134573712,0.6857142857142857,0.003890783851218783,22795.17142857143,85,70,15,True,0.004461743009593186,True,0.005426991605151754
PV3_B1_T3,30,70,-0.008584175174968555,0.014204061439695879,0.7428571428571429,3.3661629620553567e-06,-0.010798774141456795,0.023176872163280703,0.7142857142857143,0.00022182541798799262,22770.17142857143,85,70,15,True,9.311523646037836e-06,True,0.00036443500672777673
PV3_B1_T3,60,70,-0.011436779624032499,0.0164644407468005,0.7857142857142857,1.7412027549009566e-07,-0.016647044430754522,0.02866373827068038,0.8,7.109748015395986e-06,22740.17142857143,85,70,15,True,5.385725620575474e-07,True,1.4365017189001831e-05
PV3_B1_T3,300,70,-0.02506246139278261,0.031702659236847085,0.8,6.6059566224544315e-09,-0.03619638223007507,0.05183266424704375,0.7857142857142857,1.5380467877480273e-07,22500.17142857143,85,70,15,True,2.1654250598273304e-08,True,3.771434813108186e-07
PV3_B1_T4,1,70,-0.0024403278289727034,0.00867229463668386,0.5571428571428572,0.021409555956028496,-0.00362467153794871,0.011639671599450828,0.6428571428571429,0.011231598085605182,22799.17142857143,85,70,15,True,0.03166524650174592,True,0.014777292987725019
PV3_B1_T4,5,70,-0.002665392306220194,0.009462099535394593,0.5857142857142857,0.021277343899726592,-0.0039978740229425075,0.013622645761874006,0.6142857142857143,0.016597760993341523,22795.17142857143,85,70,15,True,0.03151016852702759,True,0.0214134668528734
PV3_B1_T4,30,70,-0.006608554335809356,0.013169728104004838,0.6714285714285714,7.883658582977784e-05,-0.009913570219460682,0.02348929125355605,0.6714285714285714,0.0007423576490810949,22770.17142857143,85,70,15,True,0.00018050391255260598,True,0.0011348874679536207
PV3_B1_T4,60,70,-0.008920236168387252,0.013962889704034103,0.7857142857142857,1.1038639250044315e-06,-0.015770048658120615,0.02874450350629396,0.7714285714285715,1.9301580864987258e-05,22740.17142857143,85,70,15,True,3.218438701173258e-06,True,3.630210228009308e-05
PV3_B1_T4,300,70,-0.019999005605240767,0.026523743447015437,0.8,2.3246671854513923e-08,-0.035390345998241146,0.05156932093746137,0.7857142857142857,2.304150311834602e-07,22500.17142857143,85,70,15,True,7.478328794911136e-08,True,5.543759977290077e-07
PV3_B1_T5,1,70,-0.0019567655147128015,0.008182136288624084,0.5571428571428572,0.04934092866271753,-0.003520005376027856,0.01171672181250101,0.6285714285714286,0.014290877221931406,22799.17142857143,85,70,15,False,0.0679987668646546,True,0.018534151952617494
PV3_B1_T5,5,70,-0.0019590085503058156,0.008803521217386617,0.5571428571428572,0.06689293850395739,-0.0036756827460322525,0.013590293860410316,0.6142857142857143,0.026794494161704596,22795.17142857143,85,70,15,False,0.08919902888516437,True,0.033639163273506315
PV3_B1_T5,30,70,-0.005648256901625929,0.012097947438445203,0.6857142857142857,0.00021595320421539008,-0.009486275123985508,0.022891316097200035,0.6428571428571429,0.0009097593107814504,22770.17142857143,85,70,15,True,0.0004636463130313885,True,0.001378604569627154
PV3_B1_T5,60,70,-0.007709170673652764,0.012733135492465407,0.7857142857142857,3.2503176506495687e-06,-0.015802610473085267,0.028287265598578158,0.7857142857142857,1.4176141343663064e-05,22740.17142857143,85,70,15,True,9.049031009664996e-06,True,2.7180115617289618e-05
PV3_B1_T5,300,70,-0.017376241902183166,0.023697916428953362,0.8142857142857143,4.723805845121115e-08,-0.03513627843898922,0.05139262003978251,0.7714285714285715,2.5118433629658854e-07,22500.17142857143,85,70,15,True,1.5042165156583826e-07,True,6.022497445556651e-07
PV3_B1_T6,1,70,-0.0017575277958243923,0.008016380439184458,0.5714285714285714,0.07091960885659228,-0.0034223043061627273,0.011640161122783281,0.6285714285714286,0.016408823737592573,22799.17142857143,85,70,15,False,0.09398820429594412,True,0.0211776189814652
PV3_B1_T6,5,70,-0.0015668431864603698,0.00872917873251482,0.5571428571428572,0.1377212954482189,-0.003567010994415585,0.013618299670791624,0.6142857142857143,0.031798165562008464,22795.17142857143,85,70,15,False,0.1682556845026861,True,0.039419684971919354
PV3_B1_T6,30,70,-0.00503822902555124,0.011584026235180959,0.6857142857142857,0.0005243652631586558,-0.009339761364277905,0.022542963661187455,0.6714285714285714,0.0009120638904904279,22770.17142857143,85,70,15,True,0.0010613251225618956,True,0.0013814908994495521
PV3_B1_T6,60,70,-0.00697074697275106,0.012549210246924432,0.7857142857142857,1.5636679078559722e-05,-0.01566891875428943,0.028341914344042783,0.7857142857142857,1.695142413777377e-05,22740.17142857143,85,70,15,True,4.0047980886896844e-05,True,3.2286201982364044e-05
PV3_B1_T6,300,70,-0.01574966917919021,0.022054681754981667,0.8142857142857143,9.035140092723256e-08,-0.034845556052375125,0.051540031092400886,0.7714285714285715,3.235349629041488e-07,22500.17142857143,85,70,15,True,2.8404375814703234e-07,True,7.661503062603386e-07
PV3_B1_T7,1,70,-0.0012353754296631281,0.00753059009946669,0.5857142857142857,0.17434639789517242,-0.003082616502004296,0.011662066448348218,0.6428571428571429,0.030314132799388712,22799.17142857143,85,70,15,False,0.20807143513914358,True,0.03775606662649171
PV3_B1_T7,5,70,-0.0005440211127232968,0.008238990960989435,0.5428571428571428,0.5824272369196066,-0.0032326464859169235,0.01343417429431118,0.5857142857142857,0.04799188442369646,22795.17142857143,85,70,15,False,0.6136889611336508,False,0.05850810186445705
PV3_B1_T7,30,70,-0.0033936891234959644,0.011246280329395892,0.6571428571428571,0.013882467742658548,-0.008518415404391619,0.02262083184766995,0.6857142857142857,0.0024093786752140607,22770.17142857143,85,70,15,True,0.021547136590694196,True,0.0034627301675809402
PV3_B1_T7,60,70,-0.004374789182602864,0.011923820250220988,0.6714285714285714,0.0030630844612330017,-0.014531864488326433,0.029418938238848256,0.7571428571428571,9.916217731157796e-05,22740.17142857143,85,70,15,True,0.005307400608605828,True,0.000169104305336378
PV3_B1_T7,300,70,-0.01157744440382131,0.018885904948547194,0.7285714285714285,2.5490466405168056e-06,-0.03385149563163162,0.052427091701545414,0.7571428571428571,8.82794297867827e-07,22500.17142857143,85,70,15,True,7.21290429400947e-06,True,1.977985926805021e-06
PV3_B1_T8,1,70,-0.0012455473810461882,0.0074939358946532735,0.5857142857142857,0.1688185117352488,-0.0027937602668660767,0.011407822602759144,0.6428571428571429,0.04427013736764417,22799.17142857143,85,70,15,False,0.20245330025868957,False,0.054123610971412106
PV3_B1_T8,5,70,-2.3404973605202744e-05,0.008365205159762952,0.5428571428571428,0.9813916901986176,-0.0029607944085284807,0.012743341022562985,0.6,0.0559863448490185,22795.17142857143,85,70,15,False,0.9830700271520992,False,0.067657510127093
PV3_B1_T8,30,70,-0.002803923045276266,0.011272488839091488,0.6428571428571429,0.041137108761968584,-0.007995967092846726,0.02180265489594742,0.6857142857142857,0.003074567677813724,22770.17142857143,85,70,15,False,0.05785027639870899,True,0.0043553223972310024
PV3_B1_T8,60,70,-0.003530050660921324,0.011497184424922011,0.6428571428571429,0.012369992832988013,-0.013920375693186274,0.029168775122880818,0.7428571428571429,0.00016079802397479136,22740.17142857143,85,70,15,True,0.019408867047217795,True,0.00026825551561221835
PV3_B1_T8,300,70,-0.009636395239043777,0.019303593099867185,0.7428571428571429,8.508005171422472e-05,-0.033937497319101596,0.055829759201626174,0.7428571428571429,3.006747865445291e-06,22500.17142857143,85,70,15,True,0.00019415560018008348,True,6.353708792118337e-06
PV3_B1_T9,1,70,-0.001275820605771598,0.007524247836990291,0.6285714285714286,0.16050204738603507,-0.0027418383178634174,0.011399766766926663,0.6142857142857143,0.048092600076406006,22799.17142857143,85,70,15,False,0.19301586276322702,False,0.05861020573685458
PV3_B1_T9,5,70,0.00013225658492348782,0.008749984870922177,0.4857142857142857,0.8997342510382949,-0.0030563123933443712,0.012961442954578802,0.6,0.052520777500061275,22795.17142857143,85,70,15,False,0.9089723538511606,False,0.06371463703044652
PV3_B1_T9,30,70,-0.002638737771237275,0.012007695176130718,0.6285714285714286,0.07027888170116639,-0.00831993285754752,0.022593639162881332,0.7142857142857143,0.0029631016069201067,22770.17142857143,85,70,15,False,0.0933898216452038,True,0.004204318707149474
PV3_B1_T9,60,70,-0.003223562001411301,0.012255030927160133,0.6428571428571429,0.031102964009065474,-0.014492527050651247,0.03031277168776749,0.7142857142857143,0.0001568656506439522,22740.17142857143,85,70,15,True,0.04457102474131946,True,0.000262201656011057
PV3_B1_T9,300,70,-0.008545147102547283,0.020492715541785854,0.7,0.0008496064397788799,-0.03453046115435433,0.057302869316980934,0.7428571428571429,3.5598242031036353e-06,22500.17142857143,85,70,15,True,0.0016574761431033486,True,7.440527901828832e-06
PV3_B2_T1,1,70,-0.005807462717246724,0.008954678981896167,0.7571428571428571,8.039761689691502e-07,-0.006125519236708981,0.010863379959287729,0.6714285714285714,1.205821026678232e-05,22799.17142857143,85,70,15,True,2.3863725633921083e-06,True,2.339198005150641e-05
PV3_B2_T1,5,70,-0.008957869483329675,0.010252238353471436,0.8428571428571429,3.6330933886583805e-10,-0.00941626513773929,0.012992299163665238,0.8285714285714286,6.301846309940019e-08,22795.17142857143,85,70,15,True,1.291392763149661e-09,True,1.5846345706581345e-07
PV3_B2_T1,30,70,-0.01807885260880613,0.020686092723955826,0.8571428571428571,3.605924280148533e-10,-0.019734939309170644,0.025568457422717687,0.8285714285714286,1.2595572895649366e-08,22770.17142857143,85,70,15,True,1.2830554467469806e-09,True,3.337247266446976e-08
PV3_B2_T1,60,70,-0.025080535815260555,0.02849583024762498,0.8428571428571429,2.9024055498990236e-10,-0.02891035097467921,0.034997092775999675,0.8285714285714286,1.9238219648886955e-09,22740.17142857143,85,70,15,True,1.0348618343551214e-09,True,5.434836376688833e-09
PV3_B2_T1,300,70,-0.05394910444955402,0.05905355424137687,0.8571428571428571,8.968402341333217e-11,-0.06289709217675737,0.07102073089367003,0.8428571428571429,2.3954360086668975e-10,22500.17142857143,85,70,15,True,3.278923818974208e-10,True,7.184228654465392e-10
PV3_B2_T10,1,70,-0.0018543902539631685,0.007569035990459352,0.6714285714285714,0.044187521583253196,-0.004549162542172113,0.011479064905724645,0.6571428571428571,0.0014600192257793177,22799.17142857143,85,70,15,False,0.06165908201540379,True,0.0021566337858347764
PV3_B2_T10,5,70,-0.0004810713735406624,0.0095818802626342,0.5571428571428572,0.6757493055918561,-0.006554649976827361,0.013974257327139472,0.7142857142857143,0.00020304725681077516,22795.17142857143,85,70,15,False,0.7028036877844258,True,0.0003353385622759217
PV3_B2_T10,30,70,-0.0042402345969934216,0.013633121110424482,0.7,0.011327214210719586,-0.016122949950784254,0.026118303632670762,0.7714285714285715,2.22068800290755e-06,22770.17142857143,85,70,15,True,0.017894615957035287,True,4.765513695680488e-06
PV3_B2_T10,60,70,-0.005133751298556022,0.014547528688879732,0.7,0.00430498954620989,-0.024992324756154715,0.03672352715876887,0.7857142857142857,2.788255645978678e-07,22740.17142857143,85,70,15,True,0.007234308794822554,True,6.657514344752131e-07
PV3_B2_T10,300,70,-0.012613578757173352,0.026020523158267344,0.7714285714285715,0.00012953127849770258,-0.05870413355138273,0.07521103010695805,0.8428571428571429,9.339148329790529e-09,22500.17142857143,85,70,15,True,0.00028910243359790857,True,2.497427049491198e-08
PV3_B2_T11,1,70,-0.0018466620128914871,0.007646341916376549,0.6714285714285714,0.047203074991487355,-0.0045107589607500395,0.011417336183948808,0.6571428571428571,0.0015066659152368864,22799.17142857143,85,70,15,False,0.06544407066436149,True,0.0022160624679197286
PV3_B2_T11,5,70,-0.00034163144995177306,0.009864280237568912,0.5428571428571428,0.7728672677518965,-0.006505992999493532,0.013917496773699672,0.7285714285714285,0.0002123676722775429,22795.17142857143,85,70,15,False,0.7947191696675007,True,0.0003498952349637151
PV3_B2_T11,30,70,-0.004121620725357434,0.014126091859308625,0.6857142857142857,0.01721001603722136,-0.015942656927574215,0.02616689828042847,0.8,2.8754037809591375e-06,22770.17142857143,85,70,15,True,0.026251922917704104,True,6.091060737715402e-06
PV3_B2_T11,60,70,-0.00488821671557127,0.01515847239409327,0.7,0.00876157641836494,-0.02483782600288295,0.03684011581705016,0.7857142857142857,3.444188066028674e-07,22740.17142857143,85,70,15,True,0.014119051551049845,True,8.128189732328599e-07
PV3_B2_T11,300,70,-0.012218670149728331,0.02663911359713488,0.7571428571428571,0.00027209176760470204,-0.05850396770784475,0.07556687200004292,0.8428571428571429,1.1614658595054888e-08,22500.17142857143,85,70,15,True,0.0005781531716323773,True,3.086818880454972e-08
PV3_B2_T12,1,70,-0.002257576028246325,0.00842139383450805,0.6714285714285714,0.02811886337398716,-0.004312184770616198,0.0111714925268144,0.6285714285714286,0.0019002149170352224,22799.17142857143,85,70,15,True,0.040631816376882325,True,0.0027713138616955227
PV3_B2_T12,5,70,-0.0006204294126951484,0.011556324107641984,0.5571428571428572,0.6547085782059999,-0.00604155121296995,0.013785827462704762,0.7428571428571429,0.000479039236113193,22795.17142857143,85,70,15,False,0.6827703403868789,True,0.0007523093458050372
PV3_B2_T12,30,70,-0.004407705607721475,0.017281532048552338,0.6428571428571429,0.03640538054089638,-0.01505802207323891,0.02681623669043774,0.7714285714285715,1.2967192025434327e-05,22770.17142857143,85,70,15,False,0.051486119430534986,True,2.498697626763837e-05
PV3_B2_T12,60,70,-0.004627074516107399,0.019151839389157654,0.6857142857142857,0.04712284751593852,-0.023851540013985612,0.0382243931990189,0.7571428571428571,1.789590933905274e-06,22740.17142857143,85,70,15,False,0.06535906791150846,True,3.874083130728522e-06
PV3_B2_T12,300,70,-0.011497788943310041,0.031934531498084916,0.7285714285714285,0.003622041348101812,-0.056019303631819395,0.0778342658468286,0.7857142857142857,7.473997233081411e-08,22500.17142857143,85,70,15,True,0.006195125177075129,True,1.8644520173499115e-07
PV3_B2_T2,1,70,-0.005244677735204827,0.00911669126320522,0.7,8.446123218698281e-06,-0.005821131611877901,0.011377928843439153,0.6714285714285714,5.8994465397131224e-05,22799.17142857143,85,70,15,True,2.2378340276535707e-05,True,0.00010315074794893136
PV3_B2_T2,5,70,-0.007659841656950325,0.010067057519050888,0.8,1.8362418083097737e-08,-0.00872413059624008,0.013391996101741726,0.8,7.308466201408058e-07,22795.17142857143,85,70,15,True,5.9181114251028625e-08,True,1.653618253167311e-06
PV3_B2_T2,30,70,-0.015040825422359953,0.018432464540242183,0.8142857142857143,2.7326194825319798e-09,-0.01838374360913218,0.02584758317990763,0.8142857142857143,9.959225340331757e-08,22770.17142857143,85,70,15,True,9.11312771442856e-09,True,2.4701452656745315e-07
PV3_B2_T2,60,70,-0.0206645493934212,0.024359442322186838,0.8428571428571429,8.852209701126028e-10,-0.027196762902262448,0.03468332774473051,0.8428571428571429,8.242161330208873e-09,22740.17142857143,85,70,15,True,3.0614999516907334e-09,True,2.210921381667054e-08
PV3_B2_T2,300,70,-0.04495394836170892,0.05035080499724844,0.8571428571428571,1.860214298196704e-10,-0.0594667989763289,0.06920653736553403,0.8571428571428571,6.035206808664511e-10,22500.17142857143,85,70,15,True,6.708810438694793e-10,True,1.768586897704486e-09
PV3_B2_T3,1,70,-0.004278299728113354,0.00934361619363533,0.6428571428571429,0.00027817615894753963,-0.005183009344557662,0.011744087383205122,0.6714285714285714,0.00044022044994522757,22799.17142857143,85,70,15,True,0.0005899930197444747,True,0.0006967300295743295
PV3_B2_T3,5,70,-0.005432187370400796,0.0105237031185878,0.7428571428571429,5.149759599280034e-05,-0.00740323401186007,0.014174848779048548,0.7285714285714285,4.292221187444499e-05,22795.17142857143,85,70,15,True,0.00012087241450755787,True,7.620567421696169e-05
PV3_B2_T3,30,70,-0.011497468072826679,0.01636895796938084,0.8,1.3416785884031484e-07,-0.017407092387812677,0.027293401937393786,0.7714285714285715,1.1433309484712944e-06,22770.17142857143,85,70,15,True,4.1611306309989926e-07,True,2.5257087128953465e-06
PV3_B2_T3,60,70,-0.015488461807433788,0.019431461223105583,0.8428571428571429,5.268746357923952e-09,-0.025900857012736717,0.03490220611361452,0.8428571428571429,3.4927658619952053e-08,22740.17142857143,85,70,15,True,1.7320189026286638e-08,True,9.025808566337647e-08
PV3_B2_T3,300,70,-0.033679032403299516,0.04003339646860387,0.8571428571428571,1.1323000094656816e-09,-0.05725059809244222,0.0686792581706461,0.8428571428571429,1.4804094774221e-09,22500.17142857143,85,70,15,True,3.904287956790349e-09,True,4.213191717045597e-09
PV3_B2_T4,1,70,-0.0034876267371977566,0.008716177412451653,0.6142857142857143,0.0013223054783437105,-0.005073062049165637,0.011789670304277884,0.6714285714285714,0.0005945870123729635,22799.17142857143,85,70,15,True,0.0024562179718696344,True,0.0009187379819984744
PV3_B2_T4,5,70,-0.00432941170713037,0.009973524557854706,0.6714285714285714,0.0005364634977894458,-0.006939640185793737,0.014372941177152435,0.7285714285714285,0.00013693957532823038,22795.17142857143,85,70,15,True,0.0010832737491890912,True,0.00023023174343505398
PV3_B2_T4,30,70,-0.00923805111745809,0.014437920214170221,0.7285714285714285,1.0686418687367544e-06,-0.0168122459771078,0.026792139321762266,0.8,1.5967643651134663e-06,22770.17142857143,85,70,15,True,3.1183763990586876e-06,True,3.4631643951456535e-06
PV3_B2_T4,60,70,-0.012584670489337488,0.01612483204064789,0.8857142857142857,9.36263080873883e-09,-0.025305289260315444,0.03400734181089078,0.8285714285714286,3.260607833082088e-08,22740.17142857143,85,70,15,True,3.051687683414401e-08,True,8.443070845901013e-08
PV3_B2_T4,300,70,-0.027404496872565402,0.03403144962587458,0.8571428571428571,3.966560299405349e-09,-0.05647080243709526,0.06845390289073494,0.8428571428571429,2.00121931820287e-09,22500.17142857143,85,70,15,True,1.31143213726751e-08,True,5.644255301543605e-09
PV3_B2_T5,1,70,-0.002952681851288844,0.008153132946961088,0.6142857142857143,0.003440514366355117,-0.005042670552155807,0.011765272161886765,0.6714285714285714,0.0006223821803149791,22799.17142857143,85,70,15,True,0.005896318023688952,True,0.0009582577687113426
PV3_B2_T5,5,70,-0.0035481497172388035,0.009175776623744008,0.6428571428571429,0.001867328121090863,-0.006771493381737971,0.014110461588439625,0.7,0.00014900386024239168,22795.17142857143,85,70,15,True,0.00336972948245457,True,0.00024966456699198025
PV3_B2_T5,30,70,-0.008139117402827785,0.013005895614961552,0.7428571428571429,1.687465136309854e-06,-0.016607969942546257,0.025734271263531467,0.7857142857142857,8.92189918881685e-07,22770.17142857143,85,70,15,True,4.8504093560320685e-06,True,1.9968482774578884e-06
PV3_B2_T5,60,70,-0.0111421516412985,0.014445271173402404,0.8571428571428571,1.2819337614894418e-08,-0.02539882626664013,0.03339447917777627,0.8285714285714286,1.8560286678597412e-08,22740.17142857143,85,70,15,True,4.154860362050677e-08,True,4.865386227204405e-08
PV3_B2_T5,300,70,-0.024160687713128702,0.030743788750011124,0.8571428571428571,7.764827447986087e-09,-0.05626707822823695,0.06846704887637108,0.8428571428571429,2.2319821822296146e-09,22500.17142857143,85,70,15,True,2.5333322992372865e-08,True,6.274612237268771e-09
PV3_B2_T6,1,70,-0.0027385550732828895,0.007863558856764374,0.6,0.004809826017243082,-0.00494209644287745,0.011703445807603163,0.6571428571428571,0.0007377901272036033,22799.17142857143,85,70,15,True,0.008024118247018276,True,0.0011284041122126825
PV3_B2_T6,5,70,-0.003131144767052922,0.008954781955468871,0.6142857142857143,0.004651576862440313,-0.00667515511618764,0.014110449095559406,0.7142857142857143,0.00018114778677847315,22795.17142857143,85,70,15,True,0.0077788954790567666,True,0.00030118652710280303
PV3_B2_T6,30,70,-0.007418851308787993,0.01220161747132659,0.7285714285714285,2.992593129342604e-06,-0.016414225336952047,0.02541438301720601,0.8,8.777028426527486e-07,22770.17142857143,85,70,15,True,8.406023790145283e-06,True,1.967854199458304e-06
PV3_B2_T6,60,70,-0.010236587256865675,0.013987873771717613,0.8428571428571429,4.957722990581022e-08,-0.025140541827048214,0.033665370236093624,0.8142857142857143,2.9768283970270255e-08,22740.17142857143,85,70,15,True,1.577249809618548e-07,True,7.721428011808088e-08
PV3_B2_T6,300,70,-0.022130628021012004,0.028758059194175588,0.8571428571428571,1.3634059170209638e-08,-0.055968715908337484,0.0687744534349982,0.8285714285714286,2.9493792032730025e-09,22500.17142857143,85,70,15,True,4.414777360175661e-08,True,8.173859426995761e-09
PV3_B2_T7,1,70,-0.0021258654839404717,0.007340902248622855,0.6571428571428571,0.018025862234591718,-0.004649213785587181,0.011750852417769292,0.6571428571428571,0.0014847459784040542,22799.17142857143,85,70,15,True,0.027253137352574924,True,0.0021902875909125276
PV3_B2_T7,5,70,-0.0019263892014031677,0.008479637661399204,0.6428571428571429,0.06151791502231333,-0.006332644568597259,0.014088715180951571,0.6714285714285714,0.0003515531879133299,22795.17142857143,85,70,15,False,0.08279875200704813,True,0.000562843495940943
PV3_B2_T7,30,70,-0.005537641118369172,0.011722736602131066,0.7428571428571429,0.00018469185369913868,-0.015582821745646295,0.025800349348853995,0.7571428571428571,3.4061397436714516e-06,22770.17142857143,85,70,15,True,0.0004016589217787802,True,7.1495825117769536e-06
PV3_B2_T7,60,70,-0.007180181645448896,0.013303310513337736,0.7571428571428571,2.5334755535112584e-05,-0.024001492909491943,0.035215919233929936,0.8142857142857143,2.6969296398526743e-07,22740.17142857143,85,70,15,True,6.247793031678371e-05,True,6.448368100824215e-07
PV3_B2_T7,300,70,-0.01711815777820995,0.024014744954850172,0.8,9.441029981555678e-08,-0.055585844944282266,0.07014467274561217,0.8142857142857143,6.186088306082028e-09,22500.17142857143,85,70,15,True,2.9653416896613515e-07,True,1.667155623830999e-08
PV3_B2_T8,1,70,-0.0019973542432425973,0.007343112427193511,0.6571428571428571,0.025969759998682534,-0.00447040968224769,0.011552905923447428,0.6571428571428571,0.001854819495890143,22799.17142857143,85,70,15,True,0.03776326632805057,True,0.002708538190321405
PV3_B2_T8,5,70,-0.001206342070533852,0.00858998910792763,0.5857142857142857,0.24404543778128346,-0.006177614156134785,0.013598657822482462,0.7142857142857143,0.0003076500942338857,22795.17142857143,85,70,15,False,0.28049799984508794,True,0.0004962329951344888
PV3_B2_T8,30,70,-0.004722392438761976,0.011686151375595418,0.6857142857142857,0.001192630056939575,-0.015365523415983304,0.025150987414397415,0.7857142857142857,2.725988658511877e-06,22770.17142857143,85,70,15,True,0.0022479742753552822,True,5.795871270866791e-06
PV3_B2_T8,60,70,-0.006065053082622342,0.012741443018122833,0.7285714285714285,0.00016653799236634602,-0.023796986590008097,0.0351315790474492,0.7857142857142857,3.100426073239621e-07,22740.17142857143,85,70,15,True,0.00036555829963514963,True,7.352074181910015e-07
PV3_B2_T8,300,70,-0.014827636258950116,0.023104086362512318,0.7857142857142857,1.0033600316245453e-06,-0.056251314599713574,0.07246449525317655,0.8285714285714286,1.0819093629884787e-08,22500.17142857143,85,70,15,True,2.940295936609673e-06,True,2.882033037105007e-08
PV3_B2_T9,1,70,-0.001994126621666027,0.007399557316262955,0.6571428571428571,0.027326393049736598,-0.0044720062484666515,0.01155065625831981,0.6285714285714286,0.0018447767429501873,22799.17142857143,85,70,15,True,0.03955286467819017,True,0.002695012112851119
PV3_B2_T9,5,70,-0.0009784690289175787,0.008950947905979398,0.5714285714285714,0.36359131656120314,-0.006341321527654558,0.013841144602581313,0.7285714285714285,0.0002761166383828797,22795.17142857143,85,70,15,False,0.4001936918505756,True,0.0004485110416609541
PV3_B2_T9,30,70,-0.004424703986935288,0.012243749822328042,0.7285714285714285,0.003505595975196348,-0.01583232841757541,0.025777091870186362,0.7571428571428571,2.4540454376721093e-06,22770.17142857143,85,70,15,True,0.005998927238387014,True,5.237014816032821e-06
PV3_B2_T9,60,70,-0.005581530543341571,0.013235492663053926,0.7428571428571429,0.0007490802470200384,-0.024536584608411963,0.03612425676194704,0.7857142857142857,2.9142290815443694e-07,22740.17142857143,85,70,15,True,0.0014731261653529457,True,6.943904466714343e-07
PV3_B2_T9,300,70,-0.01344184965516081,0.023909488202517832,0.7857142857142857,1.2700186544953769e-05,-0.05721441601070206,0.07354145458504426,0.8428571428571429,1.0193267101378124e-08,22500.17142857143,85,70,15,True,3.289291192864713e-05,True,2.719516435155322e-08
PV3_B3_T1,1,70,-0.007334153527781306,0.008387407320108361,0.7714285714285715,3.547874602386819e-10,-0.0071674510871209745,0.010768128181662524,0.7714285714285715,4.579357559739205e-07,22799.17142857143,85,70,15,True,1.2637017269326248e-09,True,1.0675897684817107e-06
PV3_B3_T1,5,70,-0.012096900331911225,0.01094645385337982,0.8857142857142857,1.0670032077580188e-13,-0.011821647204098805,0.014502906932048223,0.8428571428571429,2.81692748417415e-09,22795.17142857143,85,70,15,True,4.1608307932324547e-13,True,7.848777788565877e-09
PV3_B3_T1,30,70,-0.024576029939439692,0.024183404286898892,0.8857142857142857,2.4104512706369692e-12,-0.025203858251079167,0.029613809493286358,0.8285714285714286,8.035844793678562e-10,22770.17142857143,85,70,15,True,9.131698618476675e-12,True,2.3252800470820295e-09
PV3_B3_T1,60,70,-0.034140513625212546,0.03338263647261093,0.8571428571428571,1.9198137431242952e-12,-0.03664769179311182,0.04018469441412378,0.8428571428571429,9.481455741528769e-11,22740.17142857143,85,70,15,True,7.313072196796517e-12,True,2.904116098136693e-10
PV3_B3_T1,300,70,-0.07457628715212276,0.0682288490333679,0.8714285714285714,1.6268953893274386e-13,-0.08299056953686496,0.0835388676698301,0.8714285714285714,5.37951572813342e-12,22500.17142857143,85,70,15,True,6.315644460816068e-13,True,1.7583942138789937e-11
PV3_B3_T10,1,70,-0.0031196570402910084,0.007821252897413969,0.7142857142857143,0.0013662977120261523,-0.006605864727265084,0.011384233066196212,0.7428571428571429,7.22374320230269e-06,22799.17142857143,85,70,15,True,0.0025284191724961737,True,1.4561279325528468e-05
PV3_B3_T10,5,70,-0.002981883225690025,0.01004543570138253,0.6285714285714286,0.015441908038430404,-0.010227662159913031,0.014965318768244371,0.7714285714285715,2.533657614514097e-07,22795.17142857143,85,70,15,True,0.02379651751684971,True,6.070587418964082e-07
PV3_B3_T10,30,70,-0.007793753185609623,0.014379663581331043,0.8142857142857143,2.3641748631159234e-05,-0.023861043298870736,0.030774201477194355,0.8285714285714286,1.1160597497810311e-08,22770.17142857143,85,70,15,True,5.8595582152550325e-05,True,2.9707137407499712e-08
PV3_B3_T10,60,70,-0.009380514000748724,0.01713428475445169,0.8,1.999918035091268e-05,-0.03422039211665177,0.04224419830463549,0.8428571428571429,3.3586554910492683e-09,22740.17142857143,85,70,15,True,5.014308281016206e-05,True,9.209646604424779e-09
PV3_B3_T10,300,70,-0.021205316224396926,0.029935790532377774,0.8,1.0974364522673787e-07,-0.07856343939484334,0.08762502390208066,0.8571428571428571,1.6292777135783137e-10,22500.17142857143,85,70,15,True,3.437572930719668e-07,True,4.920589598263176e-10
PV3_B3_T11,1,70,-0.003054118805408625,0.007795456998172306,0.7285714285714285,0.0016397682766275956,-0.00658994197530003,0.011353143549656445,0.7428571428571429,7.181505330403616e-06,22799.17142857143,85,70,15,True,0.0030071122058112224,True,1.4490386566188417e-05
PV3_B3_T11,5,70,-0.0028077795614616257,0.010116103568633815,0.6142857142857143,0.02317969170862519,-0.010204702706990679,0.015023260544497844,0.7714285714285715,2.9110471728704794e-07,22795.17142857143,85,70,15,True,0.034166311797482946,True,6.941109718611116e-07
PV3_B3_T11,30,70,-0.0075355759523615526,0.014775289260542565,0.8142857142857143,6.186821433194379e-05,-0.023714162571916362,0.03095806544350348,0.8285714285714286,1.539713653419799e-08,22770.17142857143,85,70,15,True,0.00014394254580260324,True,4.0546575248211933e-08
PV3_B3_T11,60,70,-0.008957147341438555,0.017695629591267286,0.7714285714285715,6.929545125660804e-05,-0.03402582916974552,0.042568859596611254,0.8428571428571429,4.876803536713701e-09,22740.17142857143,85,70,15,True,0.00015961052272772054,True,1.3267209621532154e-08
PV3_B3_T11,300,70,-0.02063514607659328,0.03052410591285752,0.8,3.2417434200695154e-07,-0.07833728675286396,0.08803362511863527,0.8428571428571429,2.0639701520172127e-10,22500.17142857143,85,70,15,True,9.885457649020455e-07,True,6.217102768282014e-10
PV3_B3_T12,1,70,-0.003144270731991123,0.007701522617609964,0.7285714285714285,0.0010695248548628913,-0.0064554266911368875,0.011330031042190216,0.7142857142857143,1.003711863086777e-05,22799.17142857143,85,70,15,True,0.0020415515875973978,True,1.9737191160869744e-05
PV3_B3_T12,5,70,-0.0029655958167809954,0.010907937299766754,0.6,0.026037835379238,-0.00995247197460318,0.015271764032493862,0.7571428571428571,7.249279117153166e-07,22795.17142857143,85,70,15,True,0.037814510817682764,True,1.641301399067116e-06
PV3_B3_T12,30,70,-0.007309153586027352,0.017030294883656337,0.6857142857142857,0.0006127276689158273,-0.02351272538571702,0.03189821132335067,0.8142857142857143,4.1393975064295547e-08,22770.17142857143,85,70,15,True,0.0012222714180740088,True,1.0554699914918162e-07
PV3_B3_T12,60,70,-0.008067155767962535,0.020935755117677805,0.7428571428571429,0.0019327762518398758,-0.033991101303649476,0.04425974615254814,0.8,1.4382716132398103e-08,22740.17142857143,85,70,15,True,0.0034725647166441867,True,3.7933041402622476e-08
PV3_B3_T12,300,70,-0.019365722548877536,0.03459860323261878,0.7571428571428571,1.3711072942454544e-05,-0.07727724326432513,0.09086012583471584,0.8285714285714286,8.199622369861723e-10,22500.17142857143,85,70,15,True,3.527308787504129e-05,True,2.3667247525373647e-09
PV3_B3_T2,1,70,-0.007060754746307413,0.008740981489243155,0.7857142857142857,3.6360821109930434e-09,-0.007013747505410859,0.011220979928997265,0.7571428571428571,1.7287099572566665e-06,22799.17142857143,85,70,15,True,1.206788058931889e-08,True,3.7469842549070157e-06
PV3_B3_T2,5,70,-0.010754069569948399,0.010417354162318683,0.8714285714285714,1.368695161414293e-12,-0.011224848118979835,0.014329812711961487,0.8285714285714286,8.480006139989753e-09,22795.17142857143,85,70,15,True,5.231019671113255e-12,True,2.2711954429197362e-08
PV3_B3_T2,30,70,-0.02112497025315087,0.022089352613863862,0.8571428571428571,1.987881663323118e-11,-0.024195637147554273,0.029784250432609675,0.8285714285714286,3.1004784438262547e-09,22770.17142857143,85,70,15,True,7.393036756492328e-11,True,8.542386781036452e-09
PV3_B3_T2,60,70,-0.029175997045884028,0.029679972651242947,0.8571428571428571,7.764686832156395e-12,-0.03515910297063648,0.03989674870836232,0.8428571428571429,2.792015806080806e-10,22740.17142857143,85,70,15,True,2.9159775005543854e-11,True,8.337437000872242e-10
PV3_B3_T2,300,70,-0.06411432016979002,0.059945874095029085,0.8714285714285714,3.7045738299556927e-13,-0.07981362844743224,0.08257486855050128,0.8571428571428571,1.3867542660428941e-11,22500.17142857143,85,70,15,True,1.4269010682828226e-12,True,4.4281293800168194e-11
PV3_B3_T3,1,70,-0.006224247980210263,0.009094192648970888,0.7142857142857143,2.450817031209343e-07,-0.006704329411276731,0.011376442434115468,0.7428571428571429,5.429388991480891e-06,22799.17142857143,85,70,15,True,7.52673141584736e-07,True,1.1126061070917246e-05
PV3_B3_T3,5,70,-0.008532249312756451,0.01117522225435079,0.7857142857142857,1.6785334842959882e-08,-0.010331207555023843,0.014743327969112506,0.7857142857142857,1.4185655305720936e-07,22795.17142857143,85,70,15,True,5.4148769264637154e-08,True,3.485877601797001e-07
PV3_B3_T3,30,70,-0.01705342043585624,0.020469197926762897,0.8428571428571429,1.5047626032283593e-09,-0.02400125126125007,0.03075987793139629,0.8285714285714286,9.419325313369437e-09,22770.17142857143,85,70,15,True,5.137307108847807e-09,True,2.5169194862870383e-08
PV3_B3_T3,60,70,-0.023140821018466904,0.02490795777717923,0.8857142857142857,5.1986253247025413e-11,-0.034560127479020125,0.04007138224886679,0.8571428571428571,5.395662047153151e-10,22740.17142857143,85,70,15,True,1.9168890604959743e-10,True,1.5852051337512022e-09
PV3_B3_T3,300,70,-0.05000222833949404,0.04910427944418122,0.8714285714285714,2.242572370961435e-12,-0.07763493074916496,0.082359999415455,0.8571428571428571,3.222709929637828e-11,22500.17142857143,85,70,15,True,8.523748670706004e-12,True,1.0113045237873474e-10
PV3_B3_T4,1,70,-0.0054144306065098905,0.008760473266191237,0.7,2.1678023645155342e-06,-0.006756259607155798,0.011368854838423792,0.7714285714285715,4.63931255183172e-06,22799.17142857143,85,70,15,True,6.169486959968015e-06,True,9.563737987218732e-06
PV3_B3_T4,5,70,-0.007540464165086461,0.010890923472086672,0.7857142857142857,1.8790549143547578e-07,-0.010290359468137084,0.014892454435076455,0.7857142857142857,1.9682261629064694e-07,22795.17142857143,85,70,15,True,5.796548865264008e-07,True,4.7653969115920476e-07
PV3_B3_T4,30,70,-0.01462059019615459,0.01845171600098537,0.8142857142857143,6.202269904525497e-09,-0.024002434848125913,0.030186611615546522,0.8285714285714286,5.636191530298009e-09,22770.17142857143,85,70,15,True,2.036962216742927e-08,True,1.5249053827078797e-08
PV3_B3_T4,60,70,-0.01969546160422909,0.021519719601811996,0.8857142857142857,8.4576810386989e-11,-0.03453842927835316,0.03931602597300032,0.8714285714285714,3.077090464274294e-10,22740.17142857143,85,70,15,True,3.1020475571873357e-10,True,9.164954787989383e-10
PV3_B3_T4,300,70,-0.04178197909986575,0.042494960902804156,0.8714285714285714,7.709540366461734e-12,-0.07696759279245825,0.08209183861797219,0.8571428571428571,3.850175164778427e-11,22500.17142857143,85,70,15,True,2.898418059426038e-11,True,1.2038330492587752e-10
PV3_B3_T5,1,70,-0.004853520418611752,0.008375888733839484,0.6857142857142857,7.407930857150363e-06,-0.006780085986591936,0.011408671467240552,0.7857142857142857,4.6371923718739455e-06,22799.17142857143,85,70,15,True,1.9794587093158936e-05,True,9.563737987218732e-06
PV3_B3_T5,5,70,-0.0067065960580025095,0.010428007650117178,0.7428571428571429,9.597871554256154e-07,-0.01028916026652443,0.01477612888102811,0.8,1.6445903830394465e-07,22795.17142857143,85,70,15,True,2.822182657017448e-06,True,4.0212737249832183e-07
PV3_B3_T5,30,70,-0.01323275722026936,0.01683831943594697,0.8285714285714286,7.76497512269837e-09,-0.024106240203592623,0.0296063915089463,0.8285714285714286,2.906303060731246e-09,22770.17142857143,85,70,15,True,2.5333322992372865e-08,True,8.078259915387333e-09
PV3_B3_T5,60,70,-0.017693611954946155,0.019334369734469555,0.9,8.484742197330723e-11,-0.03463482270071619,0.03890864251185451,0.8571428571428571,2.0422504509284725e-10,22740.17142857143,85,70,15,True,3.1086727774949784e-10,True,6.157046516542646e-10
PV3_B3_T5,300,70,-0.037349387066994054,0.038897000363188064,0.8714285714285714,1.7344164345906755e-11,-0.07685662058645251,0.08227528763963941,0.8571428571428571,4.346020659778851e-11,22500.17142857143,85,70,15,True,6.457337049041793e-11,True,1.3527478720302638e-10
PV3_B3_T6,1,70,-0.0045902686355028454,0.008181455619182222,0.7,1.3156894520169195e-05,-0.006707864098411204,0.011345601132703909,0.7571428571428571,5.110177443802579e-06,22799.17142857143,85,70,15,True,3.399930483708644e-05,True,1.0503071426732844e-05
PV3_B3_T6,5,70,-0.006226006178213219,0.010074466478545912,0.6857142857142857,2.1715589484866842e-06,-0.010225948950317875,0.014728861595523708,0.8,1.762086284309971e-07,22795.17142857143,85,70,15,True,6.175091495490942e-06,True,4.296406571835533e-07
PV3_B3_T6,30,70,-0.01222809001452621,0.015264347729892148,0.7857142857142857,4.585686702731878e-09,-0.023920108538755525,0.029336757183006722,0.8285714285714286,2.7934718136165745e-09,22770.17142857143,85,70,15,True,1.5146794988469063e-08,True,7.789705501247188e-09
PV3_B3_T6,60,70,-0.016319830171369967,0.018162316212133503,0.9,1.5203983345550238e-10,-0.03431620795002248,0.039014507461435324,0.8428571428571429,2.9612594090841006e-10,22740.17142857143,85,70,15,True,5.500498686793307e-10,True,8.827567953740782e-10
PV3_B3_T6,300,70,-0.034440536922084895,0.036636115977242194,0.8857142857142857,3.5266635255129896e-11,-0.0766256433957635,0.08257893059329839,0.8571428571428571,5.412592285776296e-11,22500.17142857143,85,70,15,True,1.307362927108088e-10,True,1.6771754571620721e-10
PV3_B3_T7,1,70,-0.0038492459484284875,0.007921401912203583,0.6857142857142857,0.00012520825068915436,-0.006606597647769136,0.011388887075914124,0.7714285714285715,7.263087114181142e-06,22799.17142857143,85,70,15,True,0.00027999644409775295,True,1.4623523298074502e-05
PV3_B3_T7,5,70,-0.004808478344366963,0.00978245866299989,0.6428571428571429,0.00010640821347511191,-0.00996838488438553,0.014640554099853162,0.7857142857142857,2.758547507948593e-07,22795.17142857143,85,70,15,True,0.0002401308801806085,True,6.591135297346051e-07
PV3_B3_T7,30,70,-0.009918172717928105,0.013860827670660079,0.8,8.607242763034285e-08,-0.023135636835424717,0.02997078670232668,0.8285714285714286,1.255552014607294e-08,22770.17142857143,85,70,15,True,2.7108499312929314e-07,True,3.3291881891544135e-08
PV3_B3_T7,60,70,-0.012560361544593765,0.016968651659750287,0.8,3.725203284042206e-08,-0.033140376131708525,0.040596955042924626,0.8714285714285714,2.7014185748564717e-09,22740.17142857143,85,70,15,True,1.1906177008664035e-07,True,7.557409859213854e-09
PV3_B3_T7,300,70,-0.027487179356027142,0.031001229984589877,0.8571428571428571,2.3101719206190796e-10,-0.07681374499469663,0.08435408105073845,0.8571428571428571,9.949827723491282e-11,22500.17142857143,85,70,15,True,8.271133663978156e-10,True,3.036806959775828e-10
PV3_B3_T8,1,70,-0.003495418668467285,0.007944190485695628,0.7142857142857143,0.0004566001375198084,-0.006540597502943459,0.011303802021525873,0.7571428571428571,7.606981437637016e-06,22799.17142857143,85,70,15,True,0.0009353976864275414,True,1.522718474335799e-05
PV3_B3_T8,5,70,-0.003851154524807769,0.00978685245072157,0.6857142857142857,0.001568988603115971,-0.00993831888310025,0.014490255272932911,0.8,2.3355601993345738e-07,22795.17142857143,85,70,15,True,0.0028865045919945044,True,5.615421356089737e-07
PV3_B3_T8,30,70,-0.00866364941079763,0.013370576307172614,0.8,8.193044630052495e-07,-0.02309504790105198,0.02994476738983897,0.8285714285714286,1.2855001387960527e-08,22770.17142857143,85,70,15,True,2.423541883290357e-06,True,3.400767978208547e-08
PV3_B3_T8,60,70,-0.010869034687733006,0.015933032416151988,0.8,2.6419535611606626e-07,-0.03298557835711822,0.04073262922455625,0.8714285714285714,3.3884303196091673e-09,22740.17142857143,85,70,15,True,8.077831463548752e-07,True,9.283922882037805e-09
PV3_B3_T8,300,70,-0.024201259756557618,0.028248834126739966,0.8428571428571429,6.598424685388084e-10,-0.07661651040278578,0.08570004658047799,0.8285714285714286,1.7838497711069693e-10,22500.17142857143,85,70,15,True,2.3051119603656045e-09,True,5.382708261287842e-10
PV3_B3_T9,1,70,-0.0034118747075366543,0.007992455452802397,0.7285714285714285,0.00065191179806464,-0.00651539592258472,0.011347322180262088,0.7714285714285715,8.743176635099885e-06,22799.17142857143,85,70,15,True,0.0012937135337813504,True,1.739071691092119e-05
PV3_B3_T9,5,70,-0.003515268717801013,0.009899948646522072,0.6571428571428571,0.004084548699066315,-0.009976842284521798,0.014676319558040826,0.7714285714285715,2.859937163396507e-07,22795.17142857143,85,70,15,True,0.006907545646242837,True,6.823952278684346e-07
PV3_B3_T9,30,70,-0.008122097294931692,0.01353204207863524,0.8,3.84108741059526e-06,-0.023358110021840992,0.030292027664816208,0.8285714285714286,1.2924783734866009e-08,22770.17142857143,85,70,15,True,1.057446773195747e-05,True,3.4166126858425445e-08
PV3_B3_T9,60,70,-0.010051188579573354,0.016128956722438928,0.8,1.837157228790047e-06,-0.03348893866663876,0.04150315356904248,0.8714285714285714,3.748217301066934e-09,22740.17142857143,85,70,15,True,5.267533797070218e-06,True,1.0261561628515257e-08
PV3_B3_T9,300,70,-0.02231493056490436,0.02868086840654288,0.8142857142857143,1.0174400250623635e-08,-0.07707405972522159,0.08676125254875883,0.8285714285714286,2.17638976611277e-10,22500.17142857143,85,70,15,True,3.310033226544694e-08,True,6.532951035551365e-10
PV3_B4_T1,1,70,-0.007782817434986896,0.007549488612791212,0.8571428571428571,1.4385731975020242e-12,-0.007412927911170207,0.010426804524193868,0.7714285714285715,1.0056294708080982e-07,22799.17142857143,85,70,15,True,5.492011488806071e-12,True,2.492431722842166e-07
PV3_B4_T1,5,70,-0.013578915683056683,0.010488922174675123,0.9142857142857143,1.5643037465868453e-16,-0.013385987327186289,0.015393676567259632,0.8571428571428571,4.205247116940988e-10,22795.17142857143,85,70,15,True,6.26991814902268e-16,True,1.242868159882901e-09
PV3_B4_T1,30,70,-0.028087915009111567,0.023996663868023408,0.9,1.0969521112915501e-14,-0.030406466567974355,0.03245978018080007,0.8714285714285714,3.9652765959854896e-11,22770.17142857143,85,70,15,True,4.336349593263508e-14,True,1.2387007811148163e-10
PV3_B4_T1,60,70,-0.03906361398016652,0.03299289022276842,0.8857142857142857,6.875035269471999e-15,-0.043951419653455795,0.04497934975254413,0.8714285714285714,9.549843934669126e-12,22740.17142857143,85,70,15,True,2.720875928525287e-14,True,3.072133221069072e-11
PV3_B4_T1,300,70,-0.08639696465041309,0.06791497312344713,0.9,3.3508076921078265e-16,-0.09741048535796051,0.08840347399546628,0.9,1.193750553699961e-13,22500.17142857143,85,70,15,True,1.3399352518787662e-15,True,4.278431704391457e-13
PV3_B4_T10,1,70,-0.003664677737609963,0.008670312781311364,0.7,0.0007300778165135504,-0.007447969466874362,0.010715353579683508,0.7428571428571429,1.7157310202852103e-07,22799.17142857143,85,70,15,True,0.0014397367899853407,True,4.1922564887449796e-07
PV3_B4_T10,5,70,-0.005166035695302658,0.009827105235129882,0.6857142857142857,3.8741897516853434e-05,-0.012893962068475167,0.01587538263436948,0.8142857142857143,3.118303822455525e-09,22795.17142857143,85,70,15,True,9.22489703106331e-05,True,8.584653152656446e-09
PV3_B4_T10,30,70,-0.009800710417350911,0.015093166716986212,0.8,7.829349454074371e-07,-0.030253353353513063,0.03347304897264065,0.8714285714285714,1.2637793962432337e-10,22770.17142857143,85,70,15,True,2.325915938420202e-06,True,3.8368697838491846e-10
PV3_B4_T10,60,70,-0.011964471474855841,0.018539196302369877,0.8285714285714286,8.922793883450875e-07,-0.042051167002063246,0.045889011721270245,0.8571428571428571,8.125577235288503e-11,22740.17142857143,85,70,15,True,2.6303970023312947e-06,True,2.4954550531486027e-10
PV3_B4_T10,300,70,-0.027119483635231645,0.029224594424811207,0.8571428571428571,5.4011841173498134e-11,-0.092436204897354,0.08778846629867348,0.9142857142857143,6.631680697569389e-13,22500.17142857143,85,70,15,True,1.9894553438639236e-10,True,2.2730611914783965e-12
PV3_B4_T11,1,70,-0.0035826395894598714,0.008721269302926193,0.7142857142857143,0.001000780307408109,-0.007447753627531449,0.0106751509929911,0.7571428571428571,1.5724951081809667e-07,22799.17142857143,85,70,15,True,0.0019230789555589635,True,3.850439829032771e-07
PV3_B4_T11,5,70,-0.005098141601969156,0.010002368227506015,0.6714285714285714,6.245495670361334e-05,-0.012918591528079644,0.01587884915336862,0.8142857142857143,2.9729167574568425e-09,22795.17142857143,85,70,15,True,0.0001450147012170592,True,8.210573458843638e-09
PV3_B4_T11,30,70,-0.009532937934205598,0.015784760859315287,0.8142857142857143,3.410950645818962e-06,-0.030300190693440105,0.03377754896438887,0.8857142857142857,1.6028988855067495e-10,22770.17142857143,85,70,15,True,9.427867585043612e-06,True,4.845158048491531e-10
PV3_B4_T11,60,70,-0.011528337986489178,0.01920682817384438,0.8142857142857143,3.84003803639318e-06,-0.04205148681859148,0.04624050708678237,0.8714285714285714,1.0379928805117708e-10,22740.17142857143,85,70,15,True,1.057446773195747e-05,True,3.1652827909692565e-10
PV3_B4_T11,300,70,-0.026641818203547416,0.030154706714994293,0.8428571428571429,2.579778030780755e-10,-0.09228139371076388,0.08800130131262082,0.9,7.714294940876022e-13,22500.17142857143,85,70,15,True,9.226845855432203e-10,True,2.625900396130705e-12
PV3_B4_T12,1,70,-0.003539264854193837,0.00870709164795649,0.6714285714285714,0.001120754738779442,-0.007290054972595231,0.010588011885777251,0.7571428571428571,2.1370136338351525e-07,22799.17142857143,85,70,15,True,0.002128756252052211,True,5.155993090014281e-07
PV3_B4_T12,5,70,-0.005556979646309997,0.011172575073327331,0.7142857142857143,8.975183024934784e-05,-0.012751320375742548,0.016109984626402164,0.8142857142857143,6.388188655207204e-09,22795.17142857143,85,70,15,True,0.0002045465524482169,True,1.7189401716309103e-08
PV3_B4_T12,30,70,-0.009399963387749085,0.019792977765703462,0.8,0.00017183652994503043,-0.03020324840479668,0.03479756467940764,0.8857142857142857,4.4489152443569865e-10,22770.17142857143,85,70,15,True,0.0003764712815219278,True,1.3115189564209375e-09
PV3_B4_T12,60,70,-0.010751641217227619,0.024013860492487715,0.7857142857142857,0.0003690813502498345,-0.04193972427118245,0.04750800078768744,0.8857142857142857,2.6450389385706516e-10,22740.17142857143,85,70,15,True,0.0007663317698997465,True,7.905371568132872e-10
PV3_B4_T12,300,70,-0.02606490803378649,0.03665706859202882,0.8285714285714286,1.0023046630262395e-07,-0.09169382542016445,0.09112920742373971,0.8714285714285714,3.4323271769652306e-12,22500.17142857143,85,70,15,True,3.1424343110305426e-07,True,1.129399085372845e-11
PV3_B4_T2,1,70,-0.007688843129107906,0.00796243697525129,0.8428571428571429,1.4325168677115796e-11,-0.0072685846321663816,0.010728547344592694,0.7714285714285715,3.0868321721950266e-07,22799.17142857143,85,70,15,True,5.3564348246141857e-11,True,7.32486617783916e-07
PV3_B4_T2,5,70,-0.012214127332268907,0.009607779353658842,0.8714285714285714,3.450162079609536e-16,-0.012931198383010573,0.01499491701029053,0.8428571428571429,5.413068869475247e-10,22795.17142857143,85,70,15,True,1.3780705185029996e-15,True,1.5889679646590468e-09
PV3_B4_T2,30,70,-0.02450143960922293,0.022228913632138844,0.8857142857142857,1.1793360485702676e-13,-0.029787922073681507,0.032693680996572605,0.8571428571428571,9.772612799487044e-11,22770.17142857143,85,70,15,True,4.593693402266374e-13,True,2.985356076235874e-10
PV3_B4_T2,60,70,-0.033941770424080045,0.02968091919697474,0.9,2.7930156999161356e-14,-0.0431181461951872,0.04492373940969042,0.8714285714285714,1.7593427819918825e-11,22740.17142857143,85,70,15,True,1.0953313556424801e-13,True,5.5868835586231194e-11
PV3_B4_T2,300,70,-0.07514163897099412,0.059866538892099926,0.9,5.974171153460098e-16,-0.09504503815695851,0.08786537235849515,0.9,2.417884695326847e-13,22500.17142857143,85,70,15,True,2.383459738476286e-15,True,8.446705381551321e-13
PV3_B4_T3,1,70,-0.007041757038138629,0.008173334686226903,0.8142857142857143,5.57071917578607e-10,-0.007222574341555756,0.010768764581897593,0.7428571428571429,3.869887047514298e-07,22799.17142857143,85,70,15,True,1.9539933758721698e-09,True,9.095550849769999e-07
PV3_B4_T3,5,70,-0.010355368655689437,0.010311030278916512,0.8285714285714286,3.6692597946591245e-12,-0.012645704890604008,0.015595706547030278,0.8428571428571429,3.268425758962331e-09,22795.17142857143,85,70,15,True,1.3839839072649863e-11,True,8.969349481505047e-09
PV3_B4_T3,30,70,-0.02028423634387534,0.02104430589567738,0.8857142857142857,1.524015537756528e-11,-0.030363078935804682,0.03349415447779776,0.8571428571428571,1.1490340902660819e-10,22770.17142857143,85,70,15,True,5.6801226353277295e-11,True,3.4977205126601875e-10
PV3_B4_T3,60,70,-0.02750404102246593,0.025082155801415883,0.9,1.4381117001196582e-13,-0.04326779502400709,0.04491903615371456,0.8714285714285714,1.558930868316781e-11,22740.17142857143,85,70,15,True,5.589061781679887e-13,True,4.96415313367233e-11
PV3_B4_T3,300,70,-0.05949642246241393,0.049061266884117806,0.9,2.557062342319094e-15,-0.09336330203623136,0.08773667890495489,0.9,4.477986152191422e-13,22500.17142857143,85,70,15,True,1.014311181712109e-14,True,1.5533576461668035e-12
PV3_B4_T4,1,70,-0.006344188186600198,0.00836980946492728,0.7571428571428571,2.028150068261274e-08,-0.007448060719252652,0.010737897508926642,0.7428571428571429,1.80126628044358e-07,22799.17142857143,85,70,15,True,6.530529809732248e-08,True,4.379574242739317e-07
PV3_B4_T4,5,70,-0.009592143840293933,0.010488624641976826,0.7857142857142857,8.668691062495477e-11,-0.012952324906611204,0.015597038684037641,0.8428571428571429,1.6528229506788303e-09,22795.17142857143,85,70,15,True,3.172704197131554e-10,True,4.680740405406032e-09
PV3_B4_T4,30,70,-0.01778129439033615,0.018998507610259324,0.9,4.0802863843352836e-11,-0.030874687164466202,0.03278505459679891,0.8714285714285714,3.3263560084249047e-11,22770.17142857143,85,70,15,True,1.509356473006253e-10,True,1.0428820334943781e-10
PV3_B4_T4,60,70,-0.023732990849223767,0.022006650433110685,0.9142857142857143,2.710931839984531e-13,-0.04350040785908493,0.04417555592335538,0.8571428571428571,7.314029648201785e-12,22740.17142857143,85,70,15,True,1.0476811529246706e-12,True,2.379470097414046e-11
PV3_B4_T4,300,70,-0.050062916049066576,0.0421340907567781,0.9,5.950853834613253e-15,-0.0928215996500577,0.0872761906737311,0.9,4.571988168026862e-13,22500.17142857143,85,70,15,True,2.3578211007555952e-14,True,1.5843750371647753e-12
PV3_B4_T5,1,70,-0.005798206419369679,0.008372391003275071,0.7285714285714285,1.8679652488364292e-07,-0.00752469277216108,0.010756218625055094,0.7571428571428571,1.4755219000490943e-07,22799.17142857143,85,70,15,True,5.767488770982898e-07,True,3.6232609556998013e-07
PV3_B4_T5,5,70,-0.008732658099059978,0.010286073389097077,0.7714285714285715,8.649980815413231e-10,-0.01305047575383366,0.015557267598028862,0.8285714285714286,1.2315706255234131e-09,22795.17142857143,85,70,15,True,2.997561054889941e-09,True,3.5078948979253027e-09
PV3_B4_T5,30,70,-0.016208260820022514,0.017505528918864425,0.8857142857142857,5.810388417267792e-11,-0.03110184367261018,0.03257744046175715,0.8571428571428571,2.1059065721365345e-11,22770.17142857143,85,70,15,True,2.135626806559598e-10,True,6.675144226359381e-11
PV3_B4_T5,60,70,-0.021447757190695364,0.020253783372950973,0.9,5.370599316479904e-13,-0.04340231651369756,0.04414851544810352,0.8571428571428571,7.74329261251537e-12,22740.17142857143,85,70,15,True,2.0594251540996746e-12,True,2.5167522084892383e-11
PV3_B4_T5,300,70,-0.04495162785160708,0.038426256521499544,0.9,1.1229731886064137e-14,-0.09243656439844157,0.08723484822704931,0.9,5.244274033136848e-13,22500.17142857143,85,70,15,True,4.4341398475830395e-14,True,1.810086591856924e-12
PV3_B4_T6,1,70,-0.005547239758017661,0.008448670002912797,0.7142857142857143,6.171650008933446e-07,-0.007479018249336143,0.010668669889125407,0.7285714285714285,1.4048717961547846e-07,22799.17142857143,85,70,15,True,1.8429603094956831e-06,True,3.4546847371635445e-07
PV3_B4_T6,5,70,-0.008191670131040184,0.009821699057738048,0.7714285714285715,1.457641792524781e-09,-0.013082461902187328,0.01555060037328635,0.8285714285714286,1.131905564569756e-09,22795.17142857143,85,70,15,True,4.981357461101007e-09,True,3.2293424653910046e-09
PV3_B4_T6,30,70,-0.015021012975412997,0.015894118039226683,0.9,2.957426085267138e-11,-0.030894399117967573,0.03257685197816824,0.8714285714285714,2.634022746030018e-11,22770.17142857143,85,70,15,True,1.0986996908169854e-10,True,8.3338357028697e-11
PV3_B4_T6,60,70,-0.019797351090369553,0.0190140925900389,0.9285714285714286,1.0020041673842616e-12,-0.042986137952539756,0.044330785711580355,0.8571428571428571,1.2429350358495582e-11,22740.17142857143,85,70,15,True,3.83805365666588e-12,True,3.9725629499169506e-11
PV3_B4_T6,300,70,-0.04149294094574542,0.03622346251899553,0.8857142857142857,2.613050789151872e-14,-0.0921313802127308,0.08740317297889591,0.9,6.36833098230886e-13,22500.17142857143,85,70,15,True,1.0259193723317862e-13,True,2.189311795410658e-12
PV3_B4_T7,1,70,-0.004693875869976791,0.008502304960636727,0.6571428571428571,1.736444682370809e-05,-0.00743426287117963,0.0107597306875616,0.7571428571428571,1.9711385066511882e-07,22799.17142857143,85,70,15,True,4.427583913716375e-05,True,4.769106120784213e-07
PV3_B4_T7,5,70,-0.006710871043033498,0.009504065780686098,0.7142857142857143,1.1841000352048337e-07,-0.012756273358931368,0.015693953690141895,0.8142857142857143,3.052257140177826e-09,22795.17142857143,85,70,15,True,3.698974341440055e-07,True,8.416239760027446e-09
PV3_B4_T7,30,70,-0.01229779747112984,0.013684075476816722,0.8428571428571429,1.5129547164461292e-10,-0.029826145696683116,0.03296161740152607,0.8714285714285714,1.2174172426895914e-10,22770.17142857143,85,70,15,True,5.479306651280269e-10,True,3.70262022314484e-10
PV3_B4_T7,60,70,-0.015528418128918146,0.017099669744943664,0.8857142857142857,1.086404431728586e-10,-0.04125341037049402,0.045260351939196856,0.8571428571428571,9.653904504147743e-11,22740.17142857143,85,70,15,True,3.9594169953821355e-10,True,2.951702660338978e-10
PV3_B4_T7,300,70,-0.03344023427660673,0.030190167307925383,0.8857142857142857,9.758849531487845e-14,-0.0919159044304256,0.087592716352581,0.8857142857142857,7.521948708967604e-13,22500.17142857143,85,70,15,True,3.809810749298362e-13,True,2.5654820127821393e-12
PV3_B4_T8,1,70,-0.004127298501631409,0.008628329489560176,0.6714285714285714,0.00015577661755176086,-0.007412546743050746,0.010672804631469104,0.7571428571428571,1.747554182825112e-07,22799.17142857143,85,70,15,True,0.0003432450342100343,True,4.2669962555906445e-07
PV3_B4_T8,5,70,-0.005766475816117758,0.009481913629510293,0.7142857142857143,2.9798352086479434e-06,-0.012676364946148686,0.015565146152902788,0.8285714285714286,2.8878850486128732e-09,22795.17142857143,85,70,15,True,8.376998084522901e-06,True,8.033528859063991e-09
PV3_B4_T8,30,70,-0.010766071161686748,0.013188094910486711,0.8142857142857143,2.699439700465054e-09,-0.029746996593976567,0.032960998091143966,0.8714285714285714,1.3238950281092928e-10,22770.17142857143,85,70,15,True,9.011173106383344e-09,True,4.01233098431369e-10
PV3_B4_T8,60,70,-0.013624440355648984,0.01651232949175566,0.8,1.9900496996380403e-09,-0.04122122882880037,0.045219846035750334,0.8714285714285714,9.61837871748006e-11,22740.17142857143,85,70,15,True,6.7131949777728575e-09,True,2.9434453913989026e-10
PV3_B4_T8,300,70,-0.03004071585267907,0.027264288649898553,0.9,1.195897913175255e-13,-0.09186618888696385,0.08746546179724915,0.9,7.272987369011981e-13,22500.17142857143,85,70,15,True,4.652958659933001e-13,True,2.4830208853692088e-12
PV3_B4_T9,1,70,-0.003947684931745223,0.00876068689318568,0.7,0.00034070186547631144,-0.007401137817306709,0.010707210017151282,0.7571428571428571,1.9517336614022014e-07,22799.17142857143,85,70,15,True,0.000712114304428709,True,4.728779663495516e-07
PV3_B4_T9,5,70,-0.005382009029229316,0.00956205115369522,0.7,1.2445262928566094e-05,-0.012701927797391164,0.015767454176573745,0.8285714285714286,3.924237860729567e-09,22795.17142857143,85,70,15,True,3.228106863227917e-05,True,1.073494996739561e-08
PV3_B4_T9,30,70,-0.010017527149096655,0.013561026908201287,0.8142857142857143,3.9220538178701336e-08,-0.029907010983432254,0.03322313212162842,0.8857142857142857,1.4356268218681396e-10,22770.17142857143,85,70,15,True,1.2523748558910637e-07,True,4.347143443956549e-10
PV3_B4_T9,60,70,-0.012553935336468461,0.01687939233728587,0.8142857142857143,3.3019806478721315e-08,-0.04150942272653915,0.04569688888110859,0.8571428571428571,1.0768112127977377e-10,22740.17142857143,85,70,15,True,1.0573070563853768e-07,True,3.280760793841432e-10
PV3_B4_T9,300,70,-0.02793747561892736,0.027488649753331987,0.9,2.4026297378482023e-12,-0.09203137451410964,0.0880905510418625,0.9,8.847242432185208e-13,22500.17142857143,85,70,15,True,9.112058994803006e-12,True,2.9997274389793813e-12
PV3_B5_T1,1,70,-0.00655232902912235,0.006669653036801446,0.8285714285714286,7.933487507534332e-12,-0.005993833046991969,0.009886655634011546,0.7857142857142857,3.166831451766924e-06,22799.17142857143,85,70,15,True,2.9761345644442033e-11,True,6.6797330072373155e-06
PV3_B5_T1,5,70,-0.012658214791121251,0.010432686429072371,0.8857142857142857,2.5025979643602544e-15,-0.011819073519484283,0.01685468553081959,0.8428571428571429,1.3951079390947357e-07,22795.17142857143,85,70,15,True,9.938478122832964e-15,True,3.433118183456063e-07
PV3_B5_T1,30,70,-0.026402767229841164,0.024358882858639647,0.8857142857142857,2.238987067026123e-13,-0.027617795361825497,0.03478051431822435,0.8571428571428571,5.8500513587281436e-09,22770.17142857143,85,70,15,True,8.662598338830073e-13,True,1.5790568315941983e-08
PV3_B5_T1,60,70,-0.03674269419574431,0.0337631844506529,0.8857142857142857,1.9233777503209318e-13,-0.038731056148807445,0.04770975546539679,0.8714285714285714,3.161148589090212e-09,22740.17142857143,85,70,15,True,7.45821563115468e-13,True,8.695675458046721e-09
PV3_B5_T1,300,70,-0.08079850457545143,0.06988989253834726,0.9,1.807625339284332e-14,-0.0825743850558315,0.09455139439932982,0.8714285714285714,3.686959690512747e-10,22500.17142857143,85,70,15,True,7.125409264325091e-14,True,1.0924910575232883e-09
PV3_B5_T10,1,70,-0.0035053857946752893,0.010483255850351078,0.6714285714285714,0.006666529780314052,-0.006853410769236757,0.010186201024426751,0.7857142857142857,3.6073065206229394e-07,22799.17142857143,85,70,15,True,0.010941976432771994,True,8.489948248468839e-07
PV3_B5_T10,5,70,-0.006044770858906364,0.011366208118065201,0.6571428571428571,3.2206553349980355e-05,-0.012383980793421626,0.017117437957279682,0.8428571428571429,6.582806196683151e-08,22795.17142857143,85,70,15,True,7.78137355413861e-05,True,1.6504786218824594e-07
PV3_B5_T10,30,70,-0.009818261102187064,0.01963996281392198,0.7714285714285715,8.332643136313763e-05,-0.02870520669589409,0.035038771055453916,0.8857142857142857,2.4409429131343883e-09,22770.17142857143,85,70,15,True,0.0001904053044706617,True,6.8397873194479406e-09
PV3_B5_T10,60,70,-0.01181693340896943,0.022337487930661724,0.7857142857142857,3.504986358519515e-05,-0.0384516921941783,0.048357223260239654,0.8571428571428571,5.631487815471392e-09,22740.17142857143,85,70,15,True,8.432958125825156e-05,True,1.5248268340480925e-08
PV3_B5_T10,300,70,-0.02912200501151535,0.03380723251579225,0.8428571428571429,5.597916839672413e-10,-0.07825032530971325,0.09172149344752471,0.8428571428571429,7.481058016233216e-10,22500.17142857143,85,70,15,True,1.9615418540637105e-09,True,2.179347002199474e-09
PV3_B5_T11,1,70,-0.003463177535568476,0.010746967263511592,0.6714285714285714,0.00880686288062831,-0.0068938735570932535,0.010173610511187177,0.8142857142857143,3.0741496129057086e-07,22799.17142857143,85,70,15,True,0.014178803006789755,True,7.29978481964895e-07
PV3_B5_T11,5,70,-0.006115823971161259,0.011892281033655815,0.6714285714285714,5.4523749747707873e-05,-0.0124587510958164,0.017104986273884286,0.8428571428571429,5.574481898845044e-08,22795.17142857143,85,70,15,True,0.00012745572082431035,True,1.4099439941807925e-07
PV3_B5_T11,30,70,-0.009643345879253796,0.020804206391962746,0.8,0.00023737889381749138,-0.0289270817635356,0.035217690871936,0.8857142857142857,2.2659001228947888e-09,22770.17142857143,85,70,15,True,0.0005072010378104098,True,6.3647844915459315e-09
PV3_B5_T11,60,70,-0.011451856738686504,0.023419229848515383,0.7571428571428571,0.00011457837983314542,-0.03865815240248931,0.04859758317801758,0.8571428571428571,5.5702863977811425e-09,22740.17142857143,85,70,15,True,0.00025789465949414814,True,1.5094383924967723e-08
PV3_B5_T11,300,70,-0.02903420438260738,0.03556288577492227,0.8428571428571429,2.692785331519738e-09,-0.07831170085906784,0.09205802205036008,0.8571428571428571,8.151053114812729e-10,22500.17142857143,85,70,15,True,8.99765311450744e-09,True,2.3546729524814366e-09
PV3_B5_T12,1,70,-0.003334964948762899,0.011170477976694123,0.6571428571428571,0.01488237992574354,-0.006869465496289561,0.010200561148508194,0.8,3.532981693864782e-07,22799.17142857143,85,70,15,True,0.02299580619116455,True,8.326365451775458e-07
PV3_B5_T12,5,70,-0.006851762039174098,0.013691075767398067,0.7142857142857143,8.201126425894365e-05,-0.012421532761940881,0.017475026682221936,0.8,1.0101519312531737e-07,22795.17142857143,85,70,15,True,0.00018764829007592737,True,2.501845822566104e-07
PV3_B5_T12,30,70,-0.010023748210932984,0.025874115847376235,0.7857142857142857,0.001833563125529258,-0.029179008872067622,0.03642404806142532,0.8857142857142857,4.585114975882761e-09,22770.17142857143,85,70,15,True,0.003314997696862159,True,1.2493353502898217e-08
PV3_B5_T12,60,70,-0.011394026451574306,0.02973813264741858,0.7428571428571429,0.0020425960297359414,-0.0389812981392044,0.05009855676578978,0.8571428571428571,1.0156915419783782e-08,22740.17142857143,85,70,15,True,0.0036527791318518,True,2.7119121155605076e-08
PV3_B5_T12,300,70,-0.02999162700962053,0.04572352061049824,0.8285714285714286,6.304630443928006e-07,-0.07793687231723787,0.09497740785837197,0.8571428571428571,2.3295612942911286e-09,22500.17142857143,85,70,15,True,1.8810447481667755e-06,True,6.538289416552274e-09
PV3_B5_T2,1,70,-0.006599973408416407,0.007269398925329689,0.8285714285714286,1.0940867775487203e-10,-0.005937233513293096,0.010154075284368099,0.7714285714285715,6.279155841197352e-06,22799.17142857143,85,70,15,True,3.983213715943971e-10,True,1.2724037203130117e-05
PV3_B5_T2,5,70,-0.01143260226347585,0.010067492315383569,0.8571428571428571,3.683885759645559e-14,-0.0115498249337408,0.017027556574222825,0.8142857142857143,3.0054498016097133e-07,22795.17142857143,85,70,15,True,1.4414298187514615e-13,True,7.14647561222406e-07
PV3_B5_T2,30,70,-0.023205290039909225,0.022427566572214234,0.8714285714285714,1.2599433058505118e-12,-0.02733151579687352,0.03471830693470573,0.8428571428571429,7.407251819629595e-09,22770.17142857143,85,70,15,True,4.820713313082524e-12,True,1.9885046648655982e-08
PV3_B5_T2,60,70,-0.03225970874147249,0.03012457217137919,0.8857142857142857,3.5345360220749245e-13,-0.03804771005840361,0.04734083273900007,0.8571428571428571,4.188946405252907e-09,22740.17142857143,85,70,15,True,1.3629265576192929e-12,True,1.1440956387469402e-08
PV3_B5_T2,300,70,-0.07078888428278922,0.06123256078033139,0.9,1.8086784152859925e-14,-0.0805174231096052,0.09392887688718604,0.8714285714285714,6.483986210478891e-10,22500.17142857143,85,70,15,True,7.125409264325091e-14,True,1.8968816559868387e-09
PV3_B5_T3,1,70,-0.0062407064968921,0.007721462875210805,0.8285714285714286,3.5793939885970328e-09,-0.006076168731004847,0.009946230988243255,0.7714285714285715,2.7285792373686884e-06,22799.17142857143,85,70,15,True,1.1891159837118026e-08,True,5.7978113561554855e-06
PV3_B5_T3,5,70,-0.010136466004913686,0.009935326071165608,0.8142857142857143,2.093231228656317e-12,-0.011788947180105314,0.0171075285338037,0.8285714285714286,2.095315945822118e-07,22795.17142857143,85,70,15,True,7.96488314428147e-12,True,5.058921448508328e-07
PV3_B5_T3,30,70,-0.01919996643906518,0.021242331468796838,0.8857142857142857,1.2619270959490438e-10,-0.028129668105449986,0.03447381080762958,0.8714285714285714,2.7349325143099497e-09,22770.17142857143,85,70,15,True,4.5894295963199435e-10,True,7.632626685735765e-09
PV3_B5_T3,60,70,-0.026432967579971284,0.02482045834347187,0.8857142857142857,4.3485459914083883e-13,-0.03812316347780394,0.04655786620204126,0.8428571428571429,2.4757797403048342e-09,22740.17142857143,85,70,15,True,1.6712153949183518e-12,True,6.931782011955593e-09
PV3_B5_T3,300,70,-0.05678537089767222,0.049555949148128046,0.9,2.5758482811689484e-14,-0.0790982237217239,0.09356477773825611,0.8714285714285714,9.808018082742936e-10,22500.17142857143,85,70,15,True,1.012463687308159e-13,True,2.823891872989737e-09
PV3_B5_T4,1,70,-0.005715732165249801,0.008375701464817687,0.7857142857142857,2.620147401795177e-07,-0.0063821744232593165,0.00998301628432746,0.8,1.087764705401638e-06,22799.17142857143,85,70,15,True,8.018254449249192e-07,True,2.409119908437602e-06
PV3_B5_T4,5,70,-0.009407425446440363,0.010150460821607376,0.8428571428571429,5.62834288578389e-11,-0.012229215119629362,0.016802110002428955,0.8285714285714286,5.676045816386209e-08,22795.17142857143,85,70,15,True,2.0709184952484918e-10,True,1.4335335011414e-07
PV3_B5_T4,30,70,-0.01699698964048061,0.0188400834105452,0.8714285714285714,1.3388331682451475e-10,-0.0283022287220342,0.0335291094767704,0.8571428571428571,1.0255056386246891e-09,22770.17142857143,85,70,15,True,4.864004833109343e-10,True,2.945238554819868e-09
PV3_B5_T4,60,70,-0.023011265527114768,0.021572283502477835,0.8857142857142857,4.091340599532354e-13,-0.03834193494892775,0.04629261776669667,0.8428571428571429,1.7835275670933168e-09,22740.17142857143,85,70,15,True,1.5741182373479159e-12,True,5.0467549093426775e-09
PV3_B5_T4,300,70,-0.04827473770403563,0.042080622186187036,0.9,2.4610221275599857e-14,-0.07878844290122823,0.09326635592213604,0.8714285714285714,1.0021625110047258e-09,22500.17142857143,85,70,15,True,9.684318281001995e-14,True,2.8805919097515206e-09
PV3_B5_T5,1,70,-0.005304775421629984,0.008755588849965861,0.7285714285714285,3.2057633958627566e-06,-0.00648258696775594,0.009917165976062264,0.8,6.791804482431767e-07,22799.17142857143,85,70,15,True,8.961094282124454e-06,True,1.5509375073894088e-06
PV3_B5_T5,5,70,-0.00870250872019702,0.01016694270816451,0.8142857142857143,6.775331940054642e-10,-0.012400027570220823,0.016505895746093166,0.8285714285714286,2.5546938106077976e-08,22795.17142857143,85,70,15,True,2.3597552271057246e-09,True,6.671554887112578e-08
PV3_B5_T5,30,70,-0.015536531536378354,0.017433721065614236,0.8714285714285714,1.9704032091390283e-10,-0.028637877395919574,0.0337311789704372,0.8571428571428571,8.642613075085475e-10,22770.17142857143,85,70,15,True,7.091399049557648e-10,True,2.492506525410711e-09
PV3_B5_T5,60,70,-0.020836531170169856,0.020330263829510038,0.8857142857142857,1.7768619244237995e-12,-0.03813811980508315,0.046515756878501534,0.8428571428571429,2.385889690038757e-09,22740.17142857143,85,70,15,True,6.776002151086344e-12,True,6.690948765490183e-09
PV3_B5_T5,300,70,-0.043642087263432626,0.03820440508371279,0.8857142857142857,2.914428022078515e-14,-0.07862484580156451,0.09342603096044615,0.8714285714285714,1.1205051812547095e-09,22500.17142857143,85,70,15,True,1.141649525655473e-13,True,3.1994590092851414e-09
PV3_B5_T6,1,70,-0.0051820557944845915,0.008999046160200494,0.7285714285714285,8.298701056690184e-06,-0.00651218860427345,0.010014277279021771,0.8,7.590668128665387e-07,22799.17142857143,85,70,15,True,2.2004614083549183e-05,True,1.7152229159279863e-06
PV3_B5_T6,5,70,-0.008241844655228285,0.009758971001027144,0.8285714285714286,1.010170888128969e-09,-0.012405946398871348,0.016576645879568214,0.8285714285714286,2.816282146914105e-08,22795.17142857143,85,70,15,True,3.4866537647208674e-09,True,7.326999109629694e-08
PV3_B5_T6,30,70,-0.01448934748379698,0.016305148847551274,0.8857142857142857,2.154351067382885e-10,-0.028456350088616418,0.03381297321828546,0.8571428571428571,1.1202073966907945e-09,22770.17142857143,85,70,15,True,7.721247860796543e-10,True,3.1994590092851414e-09
PV3_B5_T6,60,70,-0.019229563515456436,0.01953458755191965,0.9,7.399895044994721e-12,-0.03795006622381456,0.046564326945970944,0.8571428571428571,2.828665810049417e-09,22740.17142857143,85,70,15,True,2.7880738691883056e-11,True,7.875133258437338e-09
PV3_B5_T6,300,70,-0.04055452968035804,0.03612774433700114,0.8857142857142857,5.806742845915604e-14,-0.07853984938804368,0.0934333896714186,0.8714285714285714,1.1593583633080377e-09,22500.17142857143,85,70,15,True,2.2694905579907705e-13,True,3.304936588472995e-09
PV3_B5_T7,1,70,-0.004469176136996222,0.009310254520599071,0.7,0.00014842472634356833,-0.006611861785447319,0.010105668830412065,0.8,6.65919553575693e-07,22799.17142857143,85,70,15,True,0.00032809176552593,True,1.52468658555601e-06
PV3_B5_T7,5,70,-0.007001041295407671,0.009114573074461643,0.7571428571428571,1.4321614897738793e-08,-0.012216682245506904,0.017033994107679293,0.8285714285714286,8.14271168402026e-08,22795.17142857143,85,70,15,True,4.628735217183118e-08,True,2.0283395002372024e-07
PV3_B5_T7,30,70,-0.01204877205942749,0.014945316675288808,0.8285714285714286,3.841816013119243e-09,-0.027955861490054513,0.034476505400580004,0.8571428571428571,3.2659560612384403e-09,22770.17142857143,85,70,15,True,1.2714055867171442e-08,True,8.969349481505047e-09
PV3_B5_T7,60,70,-0.015420306748708928,0.018402482743490056,0.8571428571428571,1.2717577252211375e-09,-0.037252552366472305,0.04754736976567656,0.8428571428571429,8.432822935031438e-09,22740.17142857143,85,70,15,True,4.376417271552819e-09,True,2.2603105694750672e-08
PV3_B5_T7,300,70,-0.033521957152673136,0.03082131024811068,0.8857142857142857,1.9658881257996737e-13,-0.07835677005905624,0.09291152226999412,0.8571428571428571,1.053135647614997e-09,22500.17142857143,85,70,15,True,7.614510621791337e-13,True,3.014568071673417e-09
PV3_B5_T8,1,70,-0.003877668758923823,0.00991728579724936,0.6571428571428571,0.0016728639584780364,-0.006743411669074307,0.010068519730932816,0.8,3.9930712026340435e-07,22799.17142857143,85,70,15,True,0.003056823009852805,True,9.37232405237814e-07
PV3_B5_T8,5,70,-0.0062867431386953105,0.009713488857843547,0.7142857142857143,8.395957990629686e-07,-0.012290469014246859,0.0168454161249182,0.8285714285714286,5.345624985165397e-08,22795.17142857143,85,70,15,True,2.4772019519748563e-06,True,1.3530501336077984e-07
PV3_B5_T8,30,70,-0.010674917270482483,0.015616425842998148,0.8142857142857143,2.5213803516885586e-07,-0.02833488488825632,0.034335361861223476,0.8428571428571429,1.980916789330175e-09,22770.17142857143,85,70,15,True,7.736562269168713e-07,True,5.591558420862545e-09
PV3_B5_T8,60,70,-0.013565344800989552,0.018578866900646845,0.7714285714285715,5.247320841592241e-08,-0.0378050107673455,0.047399559106958075,0.8571428571428571,5.178305708503959e-09,22740.17142857143,85,70,15,True,1.6647836095226072e-07,True,1.4054238981053559e-08
PV3_B5_T8,300,70,-0.030998061703351208,0.02913877338464688,0.9,4.528976318672935e-13,-0.07899659126987299,0.09228299486224635,0.8714285714285714,6.760121041053614e-10,22500.17142857143,85,70,15,True,1.7386236867794435e-12,True,1.972653563922317e-09
PV3_B5_T9,1,70,-0.003660173575179564,0.01026132060786211,0.6571428571428571,0.0039281933323457325,-0.0068176441163996055,0.01017263638056131,0.8,3.9349083996079396e-07,22799.17142857143,85,70,15,True,0.006662694140036577,True,9.242086009956106e-07
PV3_B5_T9,5,70,-0.005938162288533079,0.010348299555034138,0.6857142857142857,8.839307591201668e-06,-0.012312375544845912,0.017041924336106316,0.8285714285714286,6.808926256803822e-08,22795.17142857143,85,70,15,True,2.336634103106485e-05,True,1.7046985664679134e-07
PV3_B5_T9,30,70,-0.009896890650541643,0.01700869531450871,0.8285714285714286,6.867393374471559e-06,-0.028552490945198867,0.034682188700156526,0.8714285714285714,2.1222122964081193e-09,22770.17142857143,85,70,15,True,1.84130861833089e-05,True,5.970882316034245e-09
PV3_B5_T9,60,70,-0.012393053728306885,0.01982798242188637,0.7857142857142857,1.7302844754690584e-06,-0.03819933171583398,0.04786411880401087,0.8571428571428571,5.089871633769366e-09,22740.17142857143,85,70,15,True,4.969354000619781e-06,True,1.3835961050096898e-08
PV3_B5_T9,300,70,-0.02926326042593468,0.03018114429189982,0.8714285714285714,1.2464593228967813e-11,-0.07874605184537464,0.09205109113469823,0.8571428571428571,6.895167580651498e-10,22500.17142857143,85,70,15,True,4.6657821891748424e-11,True,2.0103632060042975e-09
PV3_B6_T1,1,70,-0.003534743472227827,0.008301107766361632,0.6428571428571429,0.0006709736472756886,-0.0029109083237914366,0.010471507384207133,0.6428571428571429,0.022975940666612328,22799.17142857143,85,70,15,True,0.0013300137414443511,True,0.029028249594403494
PV3_B6_T1,5,70,-0.008483268072905304,0.010756540417932777,0.7857142857142857,7.051221258794726e-09,-0.007338606307368099,0.014663705057439882,0.7285714285714285,8.199691046069961e-05,22795.17142857143,85,70,15,True,2.3070046826833123e-08,True,0.000141155618157308
PV3_B6_T1,30,70,-0.01783274233071062,0.02202757823885195,0.8714285714285714,3.417136529707329e-09,-0.016421207955977665,0.027731807624872113,0.8285714285714286,4.964404604572493e-06,22770.17142857143,85,70,15,True,1.1363047844214457e-08,True,1.0215615192851676e-05
PV3_B6_T1,60,70,-0.024849834095908244,0.031091821728373548,0.8714285714285714,4.889067510795338e-09,-0.022160811377786454,0.03811896700756778,0.8428571428571429,6.979220316295066e-06,22740.17142857143,85,70,15,True,1.6118061307059057e-08,True,1.4109541365008457e-05
PV3_B6_T1,300,70,-0.05346954913665711,0.06578631276589608,0.8428571428571429,3.056324567813231e-09,-0.045677003409951844,0.08083948801113731,0.7714285714285715,1.1629669179684569e-05,22500.17142857143,85,70,15,True,1.0173026379378336e-08,True,2.2598710357598528e-05
PV3_B6_T10,1,70,-0.0022682719370391577,0.012204755810762571,0.6285714285714286,0.12453426598626383,-0.00444170595620051,0.010717011529608916,0.7,0.0009085845444120788,22799.17142857143,85,70,15,False,0.1540515177166278,True,0.0013774285216953631
PV3_B6_T10,5,70,-0.005121744843471738,0.0109999561603525,0.7142857142857143,0.0002238022315736045,-0.00955820234777602,0.015158897391270468,0.7714285714285715,1.4473209119671632e-06,22795.17142857143,85,70,15,True,0.000479675378465759,True,3.1668738130757115e-06
PV3_B6_T10,30,70,-0.006154637199222873,0.01765399190379706,0.7714285714285715,0.004767970641957185,-0.018837979864435712,0.028796194157164827,0.8285714285714286,6.678857720262191e-07,22770.17142857143,85,70,15,True,0.007961980941499311,True,1.5281757234109848e-06
PV3_B6_T10,60,70,-0.007921727975957853,0.019871770466806125,0.7714285714285715,0.0013743445360981515,-0.023536827938404406,0.03829482275282798,0.7857142857142857,2.4210941842302685e-06,22740.17142857143,85,70,15,True,0.0025392301455717183,True,5.182701614941498e-06
PV3_B6_T10,300,70,-0.01944402152088537,0.02860120778407422,0.8571428571428571,2.856095247975046e-07,-0.04328318776133107,0.076531810351506,0.7857142857142857,1.1441448796706158e-05,22500.17142857143,85,70,15,True,8.72485329951705e-07,True,2.2283092216809343e-05
PV3_B6_T11,1,70,-0.002189417572298757,0.01226042279328475,0.6,0.1397154513401104,-0.004524825781378432,0.010692395347433263,0.7,0.0007201329724668519,22799.17142857143,85,70,15,False,0.17045087725285363,True,0.0011018863684114143
PV3_B6_T11,5,70,-0.005217959948332247,0.011382473069772053,0.7,0.0002740317109084613,-0.009666573220103683,0.015177819820773032,0.7714285714285715,1.1769428735551603e-06,22795.17142857143,85,70,15,True,0.0005819173701221475,True,2.5966396092803826e-06
PV3_B6_T11,30,70,-0.006054201993967052,0.018531781374411284,0.7714285714285715,0.007958642898253071,-0.019063355595867842,0.02907624401377327,0.8285714285714286,6.367439255647332e-07,22770.17142857143,85,70,15,True,0.012885244242485641,True,1.4607903471621203e-06
PV3_B6_T11,60,70,-0.0077144688564190845,0.02093295106208009,0.7571428571428571,0.0029419796380311244,-0.023678821745011465,0.03853271096099928,0.7857142857142857,2.429635621396908e-06,22740.17142857143,85,70,15,True,0.005107808869043987,True,5.197765369613819e-06
PV3_B6_T11,300,70,-0.01970232776566738,0.03009784761144687,0.8571428571428571,6.585818487508313e-07,-0.04340732612265119,0.07691968995362893,0.7857142857142857,1.1890302240368876e-05,22500.17142857143,85,70,15,True,1.963244424015636e-06,True,2.3079210247457563e-05
PV3_B6_T12,1,70,-0.0017278146657876607,0.01192671333806,0.5571428571428572,0.22962219046960117,-0.004783765178139827,0.010496301973408598,0.7142857142857143,0.0002952333294138569,22799.17142857143,85,70,15,False,0.26604448962859556,True,0.00047799023108007296
PV3_B6_T12,5,70,-0.005653064262352204,0.012901941246403831,0.7,0.0004801867679686909,-0.010164021081429352,0.015583208363013107,0.7857142857142857,7.119200732406089e-07,22795.17142857143,85,70,15,True,0.0009811030652464973,True,1.6150255108642836e-06
PV3_B6_T12,30,70,-0.006642250584747083,0.02251428353752377,0.7,0.016055930361333497,-0.020074148672656996,0.030386362262349954,0.8142857142857143,5.400119521906565e-07,22770.17142857143,85,70,15,True,0.024621943807548705,True,1.2513355431379733e-06
PV3_B6_T12,60,70,-0.008240145018296315,0.026840493048836293,0.7285714285714285,0.012378663032026305,-0.02475038510695615,0.03999649142934121,0.7571428571428571,2.1152004053777582e-06,22740.17142857143,85,70,15,True,0.01941365446012296,True,4.5447869406593e-06
PV3_B6_T12,300,70,-0.021755388771110273,0.040066852193204154,0.8285714285714286,2.294586216013739e-05,-0.0451928842278615,0.07830070992089619,0.7714285714285715,7.960792703309877e-06,22500.17142857143,85,70,15,True,5.703449911026955e-05,True,1.5871055274054025e-05
PV3_B6_T2,1,70,-0.003817488624236356,0.009044093726196446,0.6714285714285714,0.0007413445745006258,-0.0029509634550996837,0.010876214095235938,0.6142857142857143,0.026331720946941504,22799.17142857143,85,70,15,True,0.0014602882011970708,True,0.03308221668061196
PV3_B6_T2,5,70,-0.0076982566001614385,0.010953149654402273,0.8142857142857143,1.3219457338186976e-07,-0.00731463757068397,0.01513766429329565,0.7142857142857143,0.00013544389438677112,22795.17142857143,85,70,15,True,4.1036141153132075e-07,True,0.0002279389454974643
PV3_B6_T2,30,70,-0.015384203526476372,0.019892152607774653,0.8428571428571429,1.1947708782480363e-08,-0.016422218049331506,0.026955430963226626,0.8142857142857143,2.8783701559727548e-06,22770.17142857143,85,70,15,True,3.8759937881192165e-08,True,6.093608387797713e-06
PV3_B6_T2,60,70,-0.0214390371383419,0.027115005138895306,0.8714285714285714,6.577914452930657e-09,-0.02179700739036739,0.0369148536662714,0.8285714285714286,5.235240797401712e-06,22740.17142857143,85,70,15,True,2.158280573112576e-08,True,1.0747330335723657e-05
PV3_B6_T2,300,70,-0.04581004621475395,0.05602265286061238,0.8571428571428571,2.5748917529848148e-09,-0.04428566394913753,0.07872173430105237,0.7714285714285715,1.2558271438178692e-05,22500.17142857143,85,70,15,True,8.653940667862389e-09,True,2.4280261790099264e-05
PV3_B6_T3,1,70,-0.0038954323396038605,0.010158933798703505,0.7,0.0020269852186587025,-0.003407616963591096,0.010537998247381854,0.6428571428571429,0.008586173772948825,22799.17142857143,85,70,15,True,0.003626739477196177,True,0.011444919130223068
PV3_B6_T3,5,70,-0.0073421133769108575,0.01063291790724388,0.8,1.9994590505544506e-07,-0.008351076063034321,0.014576296850913684,0.7571428571428571,9.09401149294404e-06,22795.17142857143,85,70,15,True,6.162471917632139e-07,True,1.8026282104487468e-05
PV3_B6_T3,30,70,-0.012351265207324704,0.01960724564476087,0.8428571428571429,1.4758236794983378e-06,-0.017140682566859668,0.02667753028868096,0.8142857142857143,9.794250841217928e-07,22770.17142857143,85,70,15,True,4.277660077740568e-06,True,2.177550621390472e-06
PV3_B6_T3,60,70,-0.017406817358814705,0.022449510223687727,0.8571428571428571,1.1153825096437448e-08,-0.022140846903946555,0.03652912189028528,0.8,3.1810440661338165e-06,22740.17142857143,85,70,15,True,3.6218482808450545e-08,True,6.705617601276593e-06
PV3_B6_T3,300,70,-0.03613497496553915,0.043596926980504366,0.8571428571428571,1.747185589732e-09,-0.04360841781063822,0.07754337624508482,0.7714285714285715,1.2630571384807513e-05,22500.17142857143,85,70,15,True,5.9065814212564185e-09,True,2.439781603137913e-05
PV3_B6_T4,1,70,-0.003737745767731437,0.011196831829043111,0.6428571428571429,0.006753375456719269,-0.0036508236723384554,0.010511909455144672,0.6285714285714286,0.0049204434166823345,22799.17142857143,85,70,15,True,0.011079255556963473,True,0.006732725546391076
PV3_B6_T4,5,70,-0.006855599051944023,0.011063827138919603,0.7571428571428571,2.0595050435028662e-06,-0.008881014048295246,0.01445327358737246,0.7571428571428571,2.4334202156717387e-06,22795.17142857143,85,70,15,True,5.8903890110119224e-06,True,5.202640374471446e-06
PV3_B6_T4,30,70,-0.01095753175638132,0.0181043715495617,0.7857142857142857,3.2711097398781857e-06,-0.017447983415021517,0.02691157541906743,0.7714285714285715,8.091242985324733e-07,22770.17142857143,85,70,15,True,9.070372513065114e-06,True,1.8235645475731868e-06
PV3_B6_T4,60,70,-0.015186271402281678,0.019846240120706005,0.8285714285714286,1.5833343031817347e-08,-0.022301231279392177,0.03706161173847842,0.8,3.6591011819201893e-06,22740.17142857143,85,70,15,True,5.112542072423265e-08,True,7.620370454209918e-06
PV3_B6_T4,300,70,-0.030578732140641916,0.03618683911527859,0.8714285714285714,9.932554697225845e-10,-0.04359968323743259,0.07738970360871705,0.7714285714285715,1.2243181914478111e-05,22500.17142857143,85,70,15,True,3.4316976478915296e-09,True,2.3737482331381524e-05
PV3_B6_T5,1,70,-0.0036682296219766627,0.01198247745068983,0.6428571428571429,0.012617908263731293,-0.003717879308957274,0.010528063961713775,0.6285714285714286,0.004279747428454138,22799.17142857143,85,70,15,True,0.019753000929402634,True,0.005933598461199457
PV3_B6_T5,5,70,-0.006614474596681351,0.011224020771658056,0.7714285714285715,5.429850650243723e-06,-0.009086722747388521,0.01446841293254154,0.7571428571428571,1.5694485671998522e-06,22795.17142857143,85,70,15,True,1.4725379903133488e-05,True,3.4081991198463165e-06
PV3_B6_T5,30,70,-0.00999797093084657,0.016880146791803666,0.8,4.941120562799213e-06,-0.017653017112855083,0.027501102684517463,0.8,9.992133631826186e-07,22770.17142857143,85,70,15,True,1.3442182318481322e-05,True,2.2186903404858273e-06
PV3_B6_T5,60,70,-0.013744476895298535,0.018404800346676662,0.8142857142857143,2.9758021154928498e-08,-0.021995507130937682,0.037751149918545765,0.8142857142857143,6.702417763955206e-06,22740.17142857143,85,70,15,True,9.546328977741687e-08,True,1.3573771028408697e-05
PV3_B6_T5,300,70,-0.02775931549441645,0.03247726832168625,0.8571428571428571,7.073503428453009e-10,-0.04358097243956138,0.07762586791648059,0.7714285714285715,1.30086500345806e-05,22500.17142857143,85,70,15,True,2.4611232976138115e-09,True,2.505289067417836e-05
PV3_B6_T6,1,70,-0.0037434175173004245,0.01233647910898829,0.6428571428571429,0.013383019593835841,-0.0037609170673044996,0.010568874691035901,0.6285714285714286,0.0040094782573091405,22799.17142857143,85,70,15,True,0.02078127312211363,True,0.005578045149527157
PV3_B6_T6,5,70,-0.006430793620379637,0.011226011984060522,0.7857142857142857,9.115104423479188e-06,-0.009108274859689616,0.014574304631554513,0.7857142857142857,1.7344437160943114e-06,22795.17142857143,85,70,15,True,2.40585834859592e-05,True,3.757055196931565e-06
PV3_B6_T6,30,70,-0.009305910122269778,0.01575053531716647,0.7571428571428571,5.17519071414816e-06,-0.01768770621180346,0.027939881010526604,0.7714285714285715,1.3330897892551347e-06,22770.17142857143,85,70,15,True,1.4067886638380717e-05,True,2.920624744373171e-06
PV3_B6_T6,60,70,-0.012627334197887611,0.017314912025872164,0.8285714285714286,5.4055634219130785e-08,-0.022006060023692375,0.038004678803752405,0.7857142857142857,7.5081670247527245e-06,22740.17142857143,85,70,15,True,1.7134148277715307e-07,True,1.5046819646473702e-05
PV3_B6_T6,300,70,-0.025875975565794778,0.030379802398155673,0.8571428571428571,7.851174139272219e-10,-0.04375737240216055,0.07751654246015424,0.7714285714285715,1.1827417477498052e-05,22500.17142857143,85,70,15,True,2.7234745633720398e-09,True,2.2970054741290485e-05
PV3_B6_T7,1,70,-0.0033141403011859977,0.012268861304039107,0.6428571428571429,0.02697839261302274,-0.0040884134683098605,0.010796322186975243,0.6857142857142857,0.002285272843425125,22799.17142857143,85,70,15,True,0.039098299697144956,True,0.003298085912294823
PV3_B6_T7,5,70,-0.005789365244055179,0.010154277725662174,0.7714285714285715,9.91942353567763e-06,-0.009275778825518456,0.015117171538339698,0.7714285714285715,2.5026093556080953e-06,22795.17142857143,85,70,15,True,2.6022481636876394e-05,True,5.3373551380407216e-06
PV3_B6_T7,30,70,-0.007922832162072345,0.01401422758947407,0.8,1.1518581040724031e-05,-0.018275912085080153,0.028253197095216218,0.7714285714285715,8.494554175295577e-07,22770.17142857143,85,70,15,True,3.0016153662138673e-05,True,1.9057587451718325e-06
PV3_B6_T7,60,70,-0.01062852882603605,0.015864468063155068,0.7857142857142857,3.9658749784163026e-07,-0.022916738388069544,0.038082336468146356,0.8142857142857143,3.655109962669016e-06,22740.17142857143,85,70,15,True,1.201938425476169e-06,True,7.616649530169753e-06
PV3_B6_T7,300,70,-0.021746939846009377,0.02602418344793622,0.8428571428571429,1.3782310920996818e-09,-0.04473757608285536,0.07607569893226959,0.8,5.6484092499884425e-06,22500.17142857143,85,70,15,True,4.723996451591667e-09,True,1.1554324427892284e-05
PV3_B6_T8,1,70,-0.0025930658278937465,0.01216790641840641,0.6428571428571429,0.07898776215072008,-0.004307104864208424,0.010744567609230248,0.7,0.0012974684871661782,22799.17142857143,85,70,15,False,0.10341141274374303,True,0.0019280660744770521
PV3_B6_T8,5,70,-0.005211113917890303,0.010294976311882592,0.7571428571428571,6.929183654927569e-05,-0.009533452298749643,0.014916939497922724,0.7714285714285715,1.0949183474818864e-06,22795.17142857143,85,70,15,True,0.00015961052272772054,True,2.4234099234784864e-06
PV3_B6_T8,30,70,-0.007003682953587902,0.014512617135381184,0.7714285714285715,0.00013786601405492744,-0.018904638887923323,0.02804098957363696,0.7857142857142857,3.4473069244320884e-07,22770.17142857143,85,70,15,True,0.00030631966466866515,True,8.129996876391034e-07
PV3_B6_T8,60,70,-0.009392464928116928,0.01612299897729592,0.7714285714285715,6.722280055919368e-06,-0.023767790826185697,0.03750725301100263,0.7571428571428571,1.3063737496729063e-06,22740.17142857143,85,70,15,True,1.807430162895052e-05,True,2.865727812774534e-06
PV3_B6_T8,300,70,-0.020408346499759172,0.024517342843278184,0.8857142857142857,1.5431102189633465e-09,-0.045016849077706,0.07526551068584224,0.7714285714285715,4.107503035095676e-06,22500.17142857143,85,70,15,True,5.263026462505786e-09,True,8.533627772853615e-06
PV3_B6_T9,1,70,-0.002439749105338577,0.012214173601552943,0.6285714285714286,0.09921079708985459,-0.0043785790172131845,0.010751116448045092,0.7,0.0010979031054967879,22799.17142857143,85,70,15,False,0.1266591029716094,True,0.001645663873965901
PV3_B6_T9,5,70,-0.0050203701947424875,0.010373554090101753,0.7285714285714285,0.00013254319325958,-0.009522641698308168,0.014960754507371716,0.7714285714285715,1.191614165521881e-06,22795.17142857143,85,70,15,True,0.00029544305336248316,True,2.6273305308730684e-06
PV3_B6_T9,30,70,-0.0064399786654417025,0.015525089024666167,0.8,0.0009000296642740567,-0.018847791233265115,0.028157417612432525,0.8,4.043694558366348e-07,22770.17142857143,85,70,15,True,0.0017489327840646037,True,9.484701085645441e-07
PV3_B6_T9,60,70,-0.008525319592059,0.01730957556803585,0.7571428571428571,0.00010341822199067686,-0.02368552269683519,0.037370803333222805,0.7714285714285715,1.3016063045118111e-06,22740.17142857143,85,70,15,True,0.00023399473279488446,True,2.8570837243254813e-06
PV3_B6_T9,300,70,-0.019393438123394575,0.02499197979285468,0.8571428571428571,1.0921710869886097e-08,-0.044772950037327265,0.07433194651226592,0.7714285714285715,3.589240710714683e-06,22500.17142857143,85,70,15,True,3.549812893269658e-08,True,7.497476817121663e-06
PV3_B7_T1,1,70,-0.0014222383730245962,0.008716424228751421,0.5857142857142857,0.1766379352834249,-0.00015541400141078136,0.010288710811436385,0.5,0.8997987138539493,22799.17142857143,85,70,15,False,0.21037024005661253,False,0.9087414663447515
PV3_B7_T1,5,70,-0.004934376185590689,0.010025848941094618,0.6857142857142857,0.0001044923686156084,-0.0032086793854563295,0.01198567132129427,0.6142857142857143,0.02832729040427058,22795.17142857143,85,70,15,True,0.0002361158492916462,True,0.03543475320302493
PV3_B7_T1,30,70,-0.01065968153079012,0.01862999660012591,0.7714285714285715,9.3077959942552e-06,-0.007617743120623363,0.020834721607711833,0.7142857142857143,0.003160013882994366,22770.17142857143,85,70,15,True,2.4511002408652223e-05,True,0.004474527854813744
PV3_B7_T1,60,70,-0.014791940753448033,0.02630130541800391,0.7571428571428571,1.2619297547942159e-05,-0.010016390929837787,0.028764791622816418,0.7285714285714285,0.00481463305277732,22740.17142857143,85,70,15,True,3.270793175404363e-05,True,0.0065931657540014435
PV3_B7_T1,300,70,-0.0316558308929861,0.05775105724719394,0.7285714285714285,1.959111138866505e-05,-0.019862681164960816,0.06467018967778969,0.6857142857142857,0.01234226808880978,22500.17142857143,85,70,15,True,4.9191344366161154e-05,True,0.016152475851074922
PV3_B7_T10,1,70,-0.001183261756809442,0.010611022131287664,0.5857142857142857,0.354083308138623,-0.0016941972034413358,0.010591283340825883,0.5571428571428572,0.1851812369509835,22799.17142857143,85,70,15,False,0.39072431479365777,False,0.20949612759189523
PV3_B7_T10,5,70,-0.003952727013283708,0.010210653291366133,0.6714285714285714,0.0018469707733533582,-0.005583491266210008,0.012912345907301665,0.7428571428571429,0.0005614370227496346,22795.17142857143,85,70,15,True,0.00333749164327189,True,0.000869849737040353
PV3_B7_T10,30,70,-0.003970937193633473,0.015505495371560313,0.7285714285714285,0.03566907014974066,-0.01061524304634321,0.023293896862027208,0.7285714285714285,0.00029562946907864073,22770.17142857143,85,70,15,False,0.05052752659588109,True,0.00047840740780641865
PV3_B7_T10,60,70,-0.005349490555919552,0.017058900989166695,0.7142857142857143,0.010699426149858842,-0.012332644237191378,0.030727898360326383,0.6714285714285714,0.0012811780919515544,22740.17142857143,85,70,15,True,0.01698828922231723,True,0.0019074680635224293
PV3_B7_T10,300,70,-0.01240676887684881,0.023238184976889138,0.7428571428571429,3.024500568875098e-05,-0.018196804007102354,0.06056934002364182,0.7285714285714285,0.014289790895133474,22500.17142857143,85,70,15,True,7.333087344184887e-05,True,0.018534151952617494
PV3_B7_T11,1,70,-0.001117578399063249,0.010686804125624018,0.6,0.3846410006008462,-0.001781546957444797,0.0105645382174333,0.5857142857142857,0.16276742038507486,22799.17142857143,85,70,15,False,0.42121542221106933,False,0.18553660093382832
PV3_B7_T11,5,70,-0.004064432911458173,0.010526712998930649,0.6857142857142857,0.0018950342831364514,-0.005662144558970793,0.012981810788189233,0.7,0.0005070770569712956,22795.17142857143,85,70,15,True,0.0034118517187266494,True,0.0007938156918150549
PV3_B7_T11,30,70,-0.00390963163811891,0.016251899235381152,0.7,0.04804964637006033,-0.010787790368677365,0.02380872958538342,0.7428571428571429,0.0003179242269031425,22770.17142857143,85,70,15,False,0.06651102892971092,True,0.0005116107144622065
PV3_B7_T11,60,70,-0.005247639316302807,0.018002189629142896,0.7142857142857143,0.01731045868051783,-0.012416817979207576,0.03133762256007157,0.6714285714285714,0.0014627924328496221,22740.17142857143,85,70,15,True,0.02638184152677067,True,0.0021598067758527542
PV3_B7_T11,300,70,-0.012765261137613377,0.024492622224338116,0.7571428571428571,4.434915678842812e-05,-0.018137900831692626,0.06152444871031155,0.7571428571428571,0.016130355716496073,22500.17142857143,85,70,15,True,0.00010466279829509505,True,0.020833786542240725
PV3_B7_T12,1,70,-0.0007256857655617408,0.010916541847077767,0.5714285714285714,0.5798895021585817,-0.002085831738394456,0.010315850975130004,0.6142857142857143,0.09521525619386874,22799.17142857143,85,70,15,False,0.6122579825326288,False,0.11193219127247923
PV3_B7_T12,5,70,-0.004439477766554619,0.011932032272112342,0.6857142857142857,0.002695819601019826,-0.006158008095557457,0.013614130260930314,0.6857142857142857,0.00032487962098387427,22795.17142857143,85,70,15,True,0.004713591458260879,True,0.0005225600979978052
PV3_B7_T12,30,70,-0.004334907184488025,0.019869853667683804,0.6857142857142857,0.07228387649893878,-0.011640894090803301,0.02601119353350507,0.7,0.00037105129543490767,22770.17142857143,85,70,15,False,0.09557626992109969,True,0.000591866216864084
PV3_B7_T12,60,70,-0.0057948567979807485,0.023722442016442424,0.7285714285714285,0.04479563047012871,-0.013237412686817098,0.03406979909951901,0.7142857142857143,0.0017814124508074762,22740.17142857143,85,70,15,False,0.06238166194046542,True,0.0026101696427225747
PV3_B7_T12,300,70,-0.015142136433291329,0.03456177683002947,0.7714285714285715,0.0004806870693025518,-0.01970516884246658,0.06477983186364336,0.7285714285714285,0.013167354240851668,22500.17142857143,85,70,15,True,0.000981544813499005,True,0.017141374868930866
PV3_B7_T2,1,70,-0.0018130503304082818,0.009048269407026462,0.5571428571428572,0.09817357443802854,-0.00015649953871315852,0.010922020362122654,0.5,0.9049238870555293,22799.17142857143,85,70,15,False,0.12548638538046195,False,0.9128502276720741
PV3_B7_T2,5,70,-0.004495963122372948,0.010262947670671783,0.6285714285714286,0.0004812236162851901,-0.0031961241294941045,0.012941290932575681,0.5857142857142857,0.04255537734348243,22795.17142857143,85,70,15,True,0.0009820600084260672,False,0.0521378825254368
PV3_B7_T2,30,70,-0.00907701775811559,0.016641347580130993,0.7142857142857143,2.1275792010644946e-05,-0.007658046414847107,0.019936125694064,0.7428571428571429,0.0019924170975545,22770.17142857143,85,70,15,True,5.311261661616928e-05,True,0.00290088540752246
PV3_B7_T2,60,70,-0.012620828188217371,0.02259443099050769,0.7428571428571429,1.4205169273736059e-05,-0.009891028693247582,0.02731374101737607,0.7285714285714285,0.003442745560919799,22740.17142857143,85,70,15,True,3.646274876727941e-05,True,0.0048431131567499616
PV3_B7_T2,300,70,-0.026669513991173507,0.04805329800073579,0.7428571428571429,1.5867133967712794e-05,-0.019024775631061017,0.06147407617354256,0.7,0.01172211520666843,22500.17142857143,85,70,15,True,4.060810952477608e-05,True,0.015387503054346286
PV3_B7_T3,1,70,-0.002031242951927859,0.009634471279851533,0.6571428571428571,0.08216910156127656,-0.0005381578433551658,0.0107023643593135,0.5,0.675277051905681,22799.17142857143,85,70,15,False,0.10717034575092885,False,0.7025240031117519
PV3_B7_T3,5,70,-0.004608777449766471,0.009707099145475889,0.7571428571428571,0.00017247496264208723,-0.004184799039789052,0.012213990287595055,0.6428571428571429,0.0054970585335927,22795.17142857143,85,70,15,True,0.00037763054241344196,True,0.007471415119418875
PV3_B7_T3,30,70,-0.007142324534369311,0.01681178036619761,0.7,0.00068879307902157,-0.008198528151841057,0.020425215259079293,0.7285714285714285,0.001279766942258659,22770.17142857143,85,70,15,True,0.001364552802763489,True,0.0019074680635224293
PV3_B7_T3,60,70,-0.010342144679852625,0.018878304707814753,0.7285714285714285,1.977857617419889e-05,-0.010462430719483783,0.027423619530811225,0.6714285714285714,0.0021285467354703646,22740.17142857143,85,70,15,True,4.962598451841479e-05,True,0.0030821999040444715
PV3_B7_T3,300,70,-0.02085522407931897,0.03656900491922596,0.7571428571428571,9.870848010771444e-06,-0.01857569602141286,0.059514572299319224,0.7285714285714285,0.011055065972028332,22500.17142857143,85,70,15,True,2.5914726350467582e-05,True,0.014556117733749194
PV3_B7_T4,1,70,-0.0020583992389866124,0.01028606893129941,0.6,0.09860212288385219,-0.0007835890934591518,0.010735711037703708,0.5142857142857142,0.5434244185353903,22799.17142857143,85,70,15,False,0.12594375332690486,False,0.5741686134678206
PV3_B7_T4,5,70,-0.0044835863813862935,0.010189249825653491,0.7142857142857143,0.00045617224847113876,-0.004730712172160629,0.012381614731251772,0.6428571428571429,0.002098503837883051,22795.17142857143,85,70,15,True,0.0009353561533933439,True,0.003048919579430589
PV3_B7_T4,30,70,-0.006592766212900525,0.016102527038192167,0.6714285714285714,0.0010374837784284086,-0.008896313624140492,0.02146175766297095,0.6714285714285714,0.0009070090370012652,22770.17142857143,85,70,15,True,0.001985876152061026,True,0.0013756436447934027
PV3_B7_T4,60,70,-0.009266921709927408,0.017050737488173366,0.7571428571428571,2.2588687694248543e-05,-0.01095399287740014,0.028973208873998065,0.6714285714285714,0.0023206426663228827,22740.17142857143,85,70,15,True,5.6187124538249616e-05,True,0.003345127640946681
PV3_B7_T4,300,70,-0.017730014761443896,0.030028337350872653,0.7571428571428571,5.239279370598229e-06,-0.018715079452688656,0.059243188290421925,0.6714285714285714,0.010160526448981388,22500.17142857143,85,70,15,True,1.4219725235991267e-05,True,0.013439415509329823
PV3_B7_T5,1,70,-0.0021224712430083646,0.010626640130958523,0.5857142857142857,0.09923768212565749,-0.0008782211263884786,0.01079225794764925,0.5,0.49825563140180706,22799.17142857143,85,70,15,False,0.1266591029716094,False,0.5291955753130168
PV3_B7_T5,5,70,-0.004486391800840475,0.010127118620289543,0.7142857142857143,0.00042038335281005843,-0.005077224202994866,0.012450084087903386,0.6857142857142857,0.001082499570791943,22795.17142857143,85,70,15,True,0.0008655688223830464,True,0.0016246898423484637
PV3_B7_T5,30,70,-0.006078244688444487,0.015008708716188736,0.7142857142857143,0.0011655641846711362,-0.009292891946960813,0.022175311425647062,0.6285714285714286,0.0008038656204391504,22770.17142857143,85,70,15,True,0.0022053802070310926,True,0.0012262056152835606
PV3_B7_T5,60,70,-0.008471420864088594,0.01564192841583818,0.7571428571428571,2.3942267985615834e-05,-0.01067927349156396,0.029593479529524142,0.7,0.0035501997223996223,22740.17142857143,85,70,15,True,5.9170626530974756e-05,True,0.004974515250194887
PV3_B7_T5,300,70,-0.016205652725142856,0.0265513788625595,0.7714285714285715,2.7772576386227754e-06,-0.018769160584966266,0.05939749490110341,0.6571428571428571,0.010140107827142095,22500.17142857143,85,70,15,True,7.813864121695187e-06,True,0.013417875351503615
PV3_B7_T6,1,70,-0.0022171245881149487,0.010760502293408579,0.5857142857142857,0.08920795456448787,-0.0009533100091982737,0.01075836673589858,0.5,0.46098312053725904,22799.17142857143,85,70,15,False,0.1151769368536269,False,0.49263738987201666
PV3_B7_T6,5,70,-0.004442993896098874,0.010041326224009113,0.7142857142857143,0.0004266340947672205,-0.005123799983433601,0.012575578750011333,0.6571428571428571,0.0010929338363259242,22795.17142857143,85,70,15,True,0.000877915900786627,True,0.0016389263908446478
PV3_B7_T6,30,70,-0.0057089473452790005,0.013850974542186643,0.6571428571428571,0.0009651303626662051,-0.009286647865857027,0.022144499426087542,0.6714285714285714,0.0007974409844545197,22770.17142857143,85,70,15,True,0.0018680814582698818,True,0.0012169428450929175
PV3_B7_T6,60,70,-0.007828837875877185,0.01471122501220536,0.7714285714285715,3.186923078569395e-05,-0.010581599706592903,0.029373187323674863,0.6857142857142857,0.0036040801361134525,22740.17142857143,85,70,15,True,7.705261886953996e-05,True,0.005045420125717981
PV3_B7_T6,300,70,-0.015160102826468081,0.024550682128134358,0.7714285714285715,2.2065840773497542e-06,-0.018956997914166746,0.05931127039900333,0.6714285714285714,0.009346299509339271,22500.17142857143,85,70,15,True,6.269529594772533e-06,True,0.012405480140133377
PV3_B7_T7,1,70,-0.0020495644673507577,0.010604994710930158,0.5857142857142857,0.11044932665707705,-0.0012816513653645617,0.010928109825305234,0.5,0.3299040133319905,22799.17142857143,85,70,15,False,0.13901727635708605,False,0.36047386655978086
PV3_B7_T7,5,70,-0.004223314863061133,0.009270844724570331,0.7,0.0002969634456544338,-0.005325868042053987,0.01290366802102954,0.6714285714285714,0.0009506856015592328,22795.17142857143,85,70,15,True,0.0006263789406203106,True,0.0014393596640609769
PV3_B7_T7,30,70,-0.005115183873887334,0.01249920802269503,0.6714285714285714,0.0010425039908810785,-0.010086898701816867,0.02217711534271474,0.6428571428571429,0.00030294492020120753,22770.17142857143,85,70,15,True,0.001994380558413138,True,0.0004895578574813713
PV3_B7_T7,60,70,-0.0070012839629918396,0.01359426090361419,0.7428571428571429,5.332137521865931e-05,-0.011839489658064709,0.02935075479062584,0.6857142857142857,0.0012152954055804717,22740.17142857143,85,70,15,True,0.00012498327773437443,True,0.001814540028643271
PV3_B7_T7,300,70,-0.01300738217386605,0.02019262433082304,0.8,9.279131645268811e-07,-0.020231763416961687,0.058019525332480164,0.7428571428571429,0.004758852101449355,22500.17142857143,85,70,15,True,2.7331116653370624e-06,True,0.0065271274356917515
PV3_B7_T8,1,70,-0.0014203091728853105,0.010536823775872707,0.5857142857142857,0.26332161246699975,-0.0015610873937077381,0.010804182082189265,0.5285714285714286,0.23083400841561946,22799.17142857143,85,70,15,False,0.29897343775007695,False,0.25768384461258975
PV3_B7_T8,5,70,-0.0038415645472526447,0.009486866528617912,0.7285714285714285,0.0011669700904519465,-0.005652234782255735,0.012525579432383945,0.6714285714285714,0.00033468359672943464,22795.17142857143,85,70,15,True,0.002206831780247113,True,0.0005373289157528796
PV3_B7_T8,30,70,-0.004534405446038257,0.0126322456388495,0.6714285714285714,0.003719032291519582,-0.010870394661672987,0.021864153353929747,0.6857142857142857,9.027309002537596e-05,22770.17142857143,85,70,15,True,0.006335925328994159,True,0.00015470909029646524
PV3_B7_T8,60,70,-0.006271441452440184,0.013547681022174685,0.7285714285714285,0.0002415117757772394,-0.012842876237161226,0.028763265638041425,0.6714285714285714,0.0003817798025924186,22740.17142857143,85,70,15,True,0.0005157127226887282,True,0.0006072970616744043
PV3_B7_T8,300,70,-0.012560792599503774,0.019014825547755538,0.8,5.409273949273712e-07,-0.020340600449257718,0.057729850428860176,0.7428571428571429,0.004362618144850778,22500.17142857143,85,70,15,True,1.6209055936461992e-06,True,0.006041220717619013
PV3_B7_T9,1,70,-0.0012757105058022918,0.01050276130490508,0.5857142857142857,0.3130638203418341,-0.0016405279224725737,0.010727906036688802,0.5285714285714286,0.20503011584062822,22799.17142857143,85,70,15,False,0.34982432791965845,False,0.23036717080629937
PV3_B7_T9,5,70,-0.00374285909368163,0.009610907429260128,0.7142857142857143,0.0017409736773960872,-0.005613022143966669,0.012628926611315797,0.7,0.0004039374157331052,22795.17142857143,85,70,15,True,0.0031674902872056245,True,0.000641067419089517
PV3_B7_T9,30,70,-0.004168609899802637,0.01359460696215364,0.7,0.01247897351581607,-0.010714150535520437,0.022234160528479437,0.7142857142857143,0.00014073299954293697,22770.17142857143,85,70,15,True,0.01955322154065511,True,0.0002361899456331787
PV3_B7_T9,60,70,-0.005729031578984335,0.014756798328675848,0.7285714285714285,0.001795444994778125,-0.012647891049774993,0.029081772934472117,0.6714285714285714,0.0005246674230309822,22740.17142857143,85,70,15,True,0.0032494826909158837,True,0.00081691119719335
PV3_B7_T9,300,70,-0.012160779863149083,0.020170837073505272,0.7714285714285715,3.526612471015751e-06,-0.020003454662259425,0.05727245306109403,0.7285714285714285,0.004695465762463921,22500.17142857143,85,70,15,True,9.73198569277909e-06,True,0.006452996901079096
V1_T1,1,70,-0.00022682657650208992,0.007177042112120902,0.6285714285714286,0.7922430488568343,-0.0013016480655178996,0.009849156982842406,0.5571428571428572,0.2726899797989352,22798.17142857143,85,70,15,False,0.8119844953427359,False,0.30119689264876
V1_T1,5,70,0.0006695472877590537,0.00671486937644582,0.5714285714285714,0.407022873266718,0.00020985446250094126,0.008672682137228457,0.5285714285714286,0.8401621449482927,22794.17142857143,85,70,15,False,0.44333670464581043,False,0.8575362513430874
V1_T1,30,70,-0.000956131699878933,0.0055432809633385064,0.5285714285714286,0.15351377779197717,0.0018033300711443165,0.0060450855926429846,0.5857142857142857,0.014959141625407362,22769.17142857143,85,70,15,False,0.18531696555146135,True,0.019357241316772446
V1_T1,60,70,-0.0006905459114372487,0.0055249597647221305,0.5714285714285714,0.29934318258497944,0.0013497024080881236,0.006421585532734514,0.5857142857142857,0.0830948888738966,22739.17142857143,85,70,15,False,0.3360073735643613,False,0.0983868543726226
V1_T1,300,70,-0.0007285946275246646,0.006709779395372666,0.5,0.3667744449963292,0.0026969603900471595,0.010337665087666233,0.6142857142857143,0.03246119665555925,22499.17142857143,85,70,15,False,0.40356869664405015,True,0.04016956821094456
V1_T10,1,70,-4.593055632318069e-05,0.009149078785924292,0.5285714285714286,0.9666181490916095,0.00037525158017848273,0.010316091535321224,0.5285714285714286,0.7617862801573357,22798.17142857143,85,70,15,False,0.9699871347985799,False,0.7842585214373048
V1_T10,5,70,0.002137582549661485,0.008977735827109787,0.5857142857142857,0.050321765090625026,0.003064645264780388,0.010948246241369945,0.6,0.022073909564706794,22794.17142857143,85,70,15,False,0.0692400232529309,True,0.028069693612831056
V1_T10,30,70,0.001249969789294505,0.00997717662129659,0.5142857142857142,0.29820788495647055,0.004128641660784336,0.01571964178049495,0.6428571428571429,0.03135000782607673,22769.17142857143,85,70,15,False,0.33505959106491245,True,0.03889202048082409
V1_T10,60,70,0.0018138854923837782,0.009906328270068135,0.5714285714285714,0.1301057524562241,0.0029952546113979927,0.020179087306368127,0.5714285714285714,0.2184838914945489,22739.17142857143,85,70,15,False,0.15987696751876743,False,0.2447671352508646
V1_T10,300,70,0.0018659980555349902,0.013467332547763288,0.5428571428571428,0.25034870973821066,0.0014903576836496335,0.032917920880231356,0.44285714285714284,0.7060013177329219,22499.17142857143,85,70,15,False,0.28642663704422033,False,0.731843550185192
V1_T11,1,70,-8.408201436806922e-05,0.009057771014190336,0.5285714285714286,0.9383185421481667,0.0003873704266591837,0.010302085396911336,0.5285714285714286,0.7540193091586816,22798.17142857143,85,70,15,False,0.945157598577818,False,0.7771887569043094
V1_T11,5,70,0.002241545179866176,0.009125695986441137,0.6,0.04365826386738966,0.00302818761824897,0.01087057176248467,0.6,0.022700762787558813,22794.17142857143,85,70,15,False,0.06096980665393342,True,0.028782068048079156
V1_T11,30,70,0.0013370067068696448,0.010274882225833677,0.5142857142857142,0.2800769002461458,0.004097264153669721,0.01592738793176477,0.6428571428571429,0.034875911979250995,22769.17142857143,85,70,15,False,0.3163339948840908,True,0.04301902031000078
V1_T11,60,70,0.0019098608316168964,0.010204753859929524,0.5571428571428572,0.12196042719621333,0.0028262151609845755,0.020324234919696215,0.5857142857142857,0.24866288617135715,22739.17142857143,85,70,15,False,0.15140972905602482,False,0.27660343584096553
V1_T11,300,70,0.0019155140058161103,0.013579311085874306,0.5714285714285714,0.2419723543210401,0.00116174432789494,0.032846104071802745,0.4714285714285714,0.7681792262400857,22499.17142857143,85,70,15,False,0.2783004274897449,False,0.7898378045642609
V1_T12,1,70,-0.0004364434825056242,0.008808651083819188,0.5428571428571428,0.6797638301139776,0.00033858908782353217,0.010235736559181984,0.5428571428571428,0.7827919966085295,22798.17142857143,85,70,15,False,0.706553559880804,False,0.8027742203272393
V1_T12,5,70,0.0022677354018651326,0.009529664305886256,0.6142857142857143,0.05044615498067627,0.002905729720389969,0.011047777882395915,0.6142857142857143,0.031118465483518747,22794.17142857143,85,70,15,False,0.06938354516649542,True,0.03863251823412047
V1_T12,30,70,0.0012760045706867388,0.011085782624438859,0.5142857142857142,0.3389008610777042,0.0038325315155679092,0.01703660882992631,0.6142857142857143,0.06403482328148391,22769.17142857143,85,70,15,False,0.3761331432776961,False,0.07671842414672202
V1_T12,60,70,0.0020487134321618096,0.011652212236841325,0.5428571428571428,0.1458287167242651,0.0021761757402769064,0.021996747760015336,0.5714285714285714,0.4106816191780102,22739.17142857143,85,70,15,False,0.1770960338426488,False,0.4418888178947447
V1_T12,300,70,0.001746780620525124,0.015942897017146133,0.5285714285714286,0.36250061559601304,0.0005559286927300582,0.03474951437343655,0.45714285714285713,0.8939105835844036,22499.17142857143,85,70,15,False,0.3992475699344039,False,0.9033229208201563
V1_T2,1,70,0.00038645009548264625,0.007189317843315222,0.5,0.6543126489428582,-0.0011486014561749587,0.0102018802611417,0.5285714285714286,0.34949318809364605,22798.17142857143,85,70,15,False,0.6825634668169007,False,0.3807943755482646
V1_T2,5,70,0.0010080934900906953,0.007093557607108332,0.6,0.2385113444918222,0.0005662918406441577,0.009681425583817621,0.5571428571428572,0.6261218493949882,22794.17142857143,85,70,15,False,0.2751441386374777,False,0.6551335522894258
V1_T2,30,70,-0.00032609563549076693,0.005403286846476734,0.4714285714285714,0.615213025511588,0.002353569037914923,0.007781094662892248,0.6,0.013669105577207737,22769.17142857143,85,70,15,False,0.6448910810505268,True,0.017761098070422237
V1_T2,60,70,0.0003740223938054659,0.005573370931471201,0.5,0.5762944550126133,0.0019153793892234241,0.00782307577720541,0.5857142857142857,0.044321935479729895,22739.17142857143,85,70,15,False,0.6087121192505592,False,0.054167770457186695
V1_T2,300,70,0.0006498384651909283,0.006138184861792254,0.5142857142857142,0.3788251840740783,0.0032549635556480606,0.012280802782948866,0.6,0.029883250396242404,22499.17142857143,85,70,15,False,0.41563703111335043,True,0.037273151667515346
V1_T3,1,70,0.00045813208989482144,0.007811504800074722,0.4857142857142857,0.6252043843936101,-0.0006354810999483803,0.010206313574086417,0.5428571428571428,0.6040805463841625,22798.17142857143,85,70,15,False,0.654175455531969,False,0.6337984475424481
V1_T3,5,70,0.001640739600640541,0.007253728387150285,0.6285714285714286,0.06262504978281726,0.0017893929082588094,0.010174210005732326,0.6142857142857143,0.14570795360886368,22794.17142857143,85,70,15,False,0.0841250182735745,False,0.1674163550776934
V1_T3,30,70,3.38079989273104e-05,0.00576000874965263,0.5142857142857142,0.9609757218859014,0.002938912309018789,0.012058461400293983,0.6285714285714286,0.045269996656547434,22769.17142857143,85,70,15,False,0.965166022998776,False,0.05528732359433418
V1_T3,60,70,0.0006819337186089744,0.005245088261821146,0.5,0.28048030072264907,0.0026206462966267908,0.011769262494452312,0.6285714285714286,0.0667218836631578,22739.17142857143,85,70,15,False,0.3166860911754093,False,0.07987668331816015
V1_T3,300,70,0.0011569193318260696,0.005529919668864042,0.6142857142857143,0.08449721273161297,0.003421113098839034,0.015057466325202868,0.6,0.061489466668649864,22499.17142857143,85,70,15,False,0.10987499811355769,False,0.07389429820528184
V1_T4,1,70,0.0005302040107174897,0.008348745481676089,0.45714285714285713,0.5968910260746293,-0.0003208212370252629,0.010384661198767665,0.5285714285714286,0.7968092302111109,22798.17142857143,85,70,15,False,0.6273983860930465,False,0.8152134706483235
V1_T4,5,70,0.001724146894003392,0.007376151171326105,0.6142857142857143,0.05455557465283392,0.0024528468514318034,0.010815800722024847,0.5428571428571428,0.06195912995090838,22794.17142857143,85,70,15,False,0.07429622011255073,False,0.0744328212727359
V1_T4,30,70,0.00021673299376853325,0.006576439212195801,0.5,0.7835799342678121,0.003734560399654636,0.013811555044662837,0.6142857142857143,0.026832474525049298,22769.17142857143,85,70,15,False,0.8038208648738987,True,0.0336623818024856
V1_T4,60,70,0.0007910045385193893,0.0058386057428281265,0.5142857142857142,0.2609303249077038,0.003315651445977056,0.01471217786344281,0.6285714285714286,0.06356436323232889,22739.17142857143,85,70,15,False,0.2969414599987209,False,0.07622869662190085
V1_T4,300,70,0.0012619704245542711,0.004759332391878924,0.6142857142857143,0.0298162676713899,0.003600727784148346,0.017172505321610947,0.5857142857142857,0.08381770378790017,22499.17142857143,85,70,15,True,0.04287158345521182,False,0.09917471458465585
V1_T5,1,70,0.0005114409703243156,0.008121577303761385,0.44285714285714284,0.5999731053673354,-0.00022080160939861782,0.010510698666591597,0.4857142857142857,0.860997412850814,22798.17142857143,85,70,15,False,0.6302545086786694,False,0.8744109527923464
V1_T5,5,70,0.0020270153380744626,0.007177834549447637,0.6571428571428571,0.020966065044925656,0.0027726848194445748,0.010860304585812254,0.5285714285714286,0.03622704992535152,22794.17142857143,85,70,15,True,0.031142628860798854,True,0.04463782364197201
V1_T5,30,70,0.0005934316182994994,0.006808096510761376,0.4857142857142857,0.4682990889590327,0.004126578088029155,0.013670816256621284,0.6142857142857143,0.013854701807985065,22769.17142857143,85,70,15,False,0.5032576523649948,True,0.017995486746837742
V1_T5,60,70,0.001028034751953164,0.0062211021973112325,0.5571428571428572,0.1712530856893654,0.003054835536516996,0.015734582473346456,0.5714285714285714,0.10885933519514575,22739.17142857143,85,70,15,False,0.20494610705118027,False,0.12706385239838802
V1_T5,300,70,0.0014848667194475595,0.004626847948606401,0.6857142857142857,0.009074741331733496,0.0035411553114588477,0.018713011520243537,0.5714285714285714,0.11793694453110828,22499.17142857143,85,70,15,True,0.014562578402758581,False,0.13705756587789408
V1_T6,1,70,0.0004930568852043392,0.008947558151150245,0.45714285714285713,0.6462176804109123,-0.00014372175041266875,0.010410109477518487,0.4857142857142857,0.9083771072764475,22798.17142857143,85,70,15,False,0.6747301558838629,False,0.9160662304845668
V1_T6,5,70,0.002071220735727627,0.007470912208987214,0.6285714285714286,0.023331753075630575,0.0028180700738302264,0.011010863575745712,0.5714285714285714,0.03578316683093979,22794.17142857143,85,70,15,True,0.03431724430664267,True,0.04410661484156153
V1_T6,30,70,0.0006155658304336302,0.006946959238803104,0.5142857142857142,0.46099140093454793,0.004157599687119638,0.014232304117884809,0.6285714285714286,0.0170820648677634,22769.17142857143,85,70,15,False,0.49602157901864313,True,0.022013627048908076
V1_T6,60,70,0.0008696706887240005,0.006315698855147579,0.5571428571428572,0.2532645048719347,0.0030831310227159084,0.01627066112042874,0.5428571428571428,0.11745074841102722,22739.17142857143,85,70,15,False,0.28945711688142056,False,0.13653847098253669
V1_T6,300,70,0.0013250688193057805,0.004640648513904744,0.6142857142857143,0.01963526778382554,0.003609168661565134,0.019830992706361694,0.5857142857142857,0.13240619821803118,22499.17142857143,85,70,15,True,0.02939334930377697,False,0.15284444197905037
V1_T7,1,70,0.0003482586716671731,0.009260680923750802,0.4857142857142857,0.7539877036948327,0.0001821731956422556,0.010519750902371344,0.5285714285714286,0.8852228404825282,22798.17142857143,85,70,15,False,0.7766927597691256,False,0.8966417220366857
V1_T7,5,70,0.001828756236095917,0.00781267699684053,0.6285714285714286,0.05422487586589835,0.0030938843021928912,0.01107557864675887,0.5714285714285714,0.02233976211911541,22794.17142857143,85,70,15,False,0.07396247379260909,True,0.028365997104573226
V1_T7,30,70,0.0007040909338034747,0.007405666823169092,0.4714285714285714,0.4290789727513089,0.004534916330755922,0.014200283319399867,0.6,0.00940230553725891,22769.17142857143,85,70,15,False,0.4648691912373071,True,0.012475025204005199
V1_T7,60,70,0.001370707810148111,0.0070776269785310176,0.5571428571428572,0.10972084689782986,0.0036761654520061655,0.017746733543623744,0.5714285714285714,0.08754360215795333,22739.17142857143,85,70,15,False,0.13835238176350445,False,0.10333554679047788
V1_T7,300,70,0.0016212209950221533,0.006993758486151646,0.5428571428571428,0.05653490782304488,0.004365665005899378,0.02485464564014058,0.6142857142857143,0.1462218427171679,22499.17142857143,85,70,15,False,0.07674974716252261,False,0.16783935767037045
V1_T8,1,70,4.875849674099021e-05,0.00925612828200694,0.45714285714285713,0.9649737264801506,0.00047071757544797367,0.010340278304457062,0.5142857142857142,0.7044695708273471,22798.17142857143,85,70,15,False,0.968618310572028,False,0.7304749001225943
V1_T8,5,70,0.0018160555978699578,0.00821506322686413,0.6285714285714286,0.06866079291407573,0.003425695721175537,0.010714664969530429,0.5714285714285714,0.009324925692281133,22794.17142857143,85,70,15,False,0.09134502869392824,True,0.012386627553568364
V1_T8,30,70,0.001069864667022859,0.00805148476153451,0.5142857142857142,0.27011011908526555,0.005138888552095399,0.01392874369493298,0.6714285714285714,0.002912435890875526,22769.17142857143,85,70,15,False,0.30597720047199756,True,0.004137527139381144
V1_T8,60,70,0.0018132229685259135,0.007623511649229978,0.6142857142857143,0.050559029984020454,0.0045169670137978745,0.018001515537302788,0.6,0.03944521622134899,22739.17142857143,85,70,15,False,0.0694834719947457,True,0.048482113854415074
V1_T8,300,70,0.0021923229179911497,0.01024406145018278,0.5428571428571428,0.0777555003249744,0.004496560836783185,0.03027384695766214,0.5285714285714286,0.21818963944894143,22499.17142857143,85,70,15,False,0.1020301001225927,False,0.24451677077395154
V1_T9,1,70,-4.2060548488836733e-05,0.009246885897623057,0.5142857142857142,0.9697525547225881,0.0004739683477870829,0.010322832224096093,0.5142857142857142,0.702049470059398,22798.17142857143,85,70,15,False,0.9725675113400702,False,0.728402678394961
V1_T9,5,70,0.001825598629547021,0.008453378799696494,0.6142857142857143,0.0751444291766428,0.0033338761939395905,0.010884062845287973,0.5714285714285714,0.012569462778719561,22794.17142857143,85,70,15,False,0.09905532346634906,True,0.01643735575339746
V1_T9,30,70,0.0010874713779669123,0.008726157388750214,0.5428571428571428,0.3007440134454688,0.004737889816807859,0.014719915539706323,0.6571428571428571,0.008882577099472627,22769.17142857143,85,70,15,False,0.33747014175189827,True,0.011814383034211347
V1_T9,60,70,0.001740893829116772,0.008403344640580885,0.5857142857142857,0.0875125521262629,0.003945734686589758,0.019117100853399262,0.5714285714285714,0.08866906743689074,22739.17142857143,85,70,15,False,0.11336927918869077,False,0.10455686962268174
V1_T9,300,70,0.0021594561565295364,0.011407271584004126,0.5571428571428572,0.11780288822184831,0.003890953557472067,0.03122252966605462,0.5285714285714286,0.30075155962870515,22499.17142857143,85,70,15,False,0.14677568655120302,False,0.330396387445843
V2_T1,1,70,0.0005531347055906551,0.006474649764658444,0.5571428571428572,0.47716527701849704,0.0016541631687204492,0.007515199082545739,0.6,0.0698371687603391,22795.17142857143,85,70,15,False,0.5121485032926086,False,0.08340387765882185
V2_T1,5,70,0.0025126301845952905,0.011129605466466451,0.5571428571428572,0.06311517350155071,0.0034387164036807686,0.013899382206337003,0.6714285714285714,0.0422071688996239,22791.17142857143,85,70,15,False,0.08468463085353699,False,0.05176633601285075
V2_T1,30,70,0.004136473133319504,0.018056661127144154,0.6142857142857143,0.0594253457301629,0.004494715129141157,0.01897979661604359,0.5857142857142857,0.05153908491925383,22766.17142857143,85,70,15,False,0.08048395511474433,False,0.06261165203798241
V2_T1,60,70,0.004177720798040559,0.024372974038454648,0.6142857142857143,0.15605983875896257,0.005072723167521017,0.02589429205185561,0.6285714285714286,0.10575972395636721,22736.17142857143,85,70,15,False,0.18793542799310411,False,0.12373851888562434
V2_T1,300,70,0.009076129582031755,0.04078231757974023,0.5571428571428572,0.06686298424190847,0.011590764787625626,0.043499102241759985,0.6142857142857143,0.029047915064407254,22496.17142857143,85,70,15,False,0.089193672029264,True,0.03630989383050907
V2_T10,1,70,-0.0002067364974330934,0.006200300536635287,0.5,0.7811042722486263,0.0015985179093881592,0.00703014949641838,0.6428571428571429,0.061292949696261215,21300.17142857143,85,70,15,False,0.8017573560959608,False,0.0737046429672552
V2_T10,5,70,-0.0003463973793310441,0.01388189142901139,0.4857142857142857,0.835240305155105,0.0017026885624054642,0.01532264555345377,0.5571428571428572,0.35575923708623014,21296.17142857143,85,70,15,False,0.8517577492062832,False,0.3872552501994093
V2_T10,30,70,-0.0007093181662777927,0.03419577344459904,0.4714285714285714,0.8627294444935375,0.0028444072722868243,0.03524627559996874,0.6,0.5018099261896003,21271.17142857143,85,70,15,False,0.8756551794139754,False,0.5326431013779014
V2_T10,60,70,-0.0010740187419943977,0.04922041332558712,0.4857142857142857,0.8556753124110885,0.004296847037570734,0.04931314932804319,0.5714285714285714,0.46846011584528774,21241.17142857143,85,70,15,False,0.8700289006416454,False,0.4998547560980448
V2_T10,300,70,-0.0025950299962731625,0.10860679460149068,0.5,0.8421390156601777,0.008211139478217467,0.11232047710227633,0.5285714285714286,0.5427882398370241,21001.17142857143,85,70,15,False,0.8572746903670931,False,0.5736718778332573
V2_T11,1,70,-1.2092977110632708e-05,0.006637223385935575,0.4857142857142857,0.9878815984632912,0.0013147158030403702,0.007000663146075653,0.5571428571428572,0.12070227642430013,21000.17142857143,85,70,15,False,0.9881676093487757,False,0.1400357169395423
V2_T11,5,70,-4.1462104683442616e-05,0.015025503172061468,0.5,0.9816473498334999,0.0008712086880320915,0.015210943089036819,0.5571428571428572,0.6333129795935176,20996.17142857143,85,70,15,False,0.9830700271520992,False,0.6618561235618885
V2_T11,30,70,-0.0005271131757886472,0.037523045156152214,0.4714285714285714,0.9067802248688401,0.0012246169606110688,0.036676384863610426,0.5857142857142857,0.7808049503520196,20971.17142857143,85,70,15,False,0.9155247448631919,False,0.8014187681900603
V2_T11,60,70,-0.0009669507590247559,0.0539653898616128,0.5,0.8812709396226013,0.002179098223857849,0.052109427726167876,0.5714285714285714,0.7275002468339576,20941.17142857143,85,70,15,False,0.8923772263763444,False,0.7525489080273424
V2_T11,300,70,0.0022875302145762976,0.12308823808288259,0.5285714285714286,0.87688991250814,0.008443883053229266,0.12283055943490807,0.5285714285714286,0.5670574087121723,20701.17142857143,85,70,15,False,0.8884617735236432,False,0.5973119960672424
V2_T12,1,70,0.0005237359868610365,0.007893483394512561,0.5142857142857142,0.5806027346099554,0.0017206907578958854,0.007548849973824722,0.6285714285714286,0.0606728000797393,19200.17142857143,85,70,15,False,0.6125137246037851,False,0.07303990392874539
V2_T12,5,70,0.001327583247000375,0.017956766095264955,0.5142857142857142,0.5382421777581259,0.00270183534436888,0.015565681761616771,0.5714285714285714,0.15096591343873608,19196.17142857143,85,70,15,False,0.5709630715856079,False,0.17274839871167932
V2_T12,30,70,0.003561282946277269,0.044570954441558674,0.5285714285714286,0.5060426754351205,0.004670521783538614,0.040396080820259035,0.5142857142857142,0.3367569289049219,19171.17142857143,85,70,15,False,0.5399559739432802,False,0.36714900264010897
V2_T12,60,70,0.0052062310757124905,0.0634975842216828,0.5571428571428572,0.4950205324267668,0.006426243756707352,0.05759489138669755,0.5428571428571428,0.35380839231276817,19141.17142857143,85,70,15,False,0.5291353732644946,False,0.38525307136483267
V2_T12,300,70,0.015657711730232445,0.13821540925267867,0.5428571428571428,0.3465344163682196,0.01886759168134288,0.12829728862430825,0.5857142857142857,0.22272378612202498,18901.17142857143,85,70,15,False,0.38386547244379565,False,0.24927459703647434
V2_T2,1,70,0.0009560853338212754,0.006094530462644748,0.5285714285714286,0.1936944304938843,0.0015736425996015063,0.007221944368102944,0.6,0.07262631672168765,22790.17142857143,85,70,15,False,0.22870510858097057,False,0.08646585950152683
V2_T2,5,70,0.0023638458438290716,0.012151839573290362,0.6,0.10818513979716084,0.0034340871960307656,0.0125987289063312,0.6142857142857143,0.025670051707823834,22786.17142857143,85,70,15,False,0.1365654578002158,True,0.03230966435356333
V2_T2,30,70,0.00427509233625784,0.021788198411725114,0.5428571428571428,0.1052189295894421,0.004554652016287003,0.022170880079666222,0.5714285714285714,0.09013765905162269,22761.17142857143,85,70,15,False,0.1333172547594243,False,0.10621610232720204
V2_T2,60,70,0.004200526872504763,0.027972233255660277,0.5428571428571428,0.21321046297987892,0.005548647571737703,0.03178746406408688,0.6142857142857143,0.14871095197198156,22731.17142857143,85,70,15,False,0.2491245996159013,False,0.1704133794571132
V2_T2,300,70,0.009915458297819486,0.04526871017831093,0.5714285714285714,0.07117947249068064,0.013955045300665925,0.051708618693766764,0.5857142857142857,0.02711396692285127,22491.17142857143,85,70,15,False,0.0942964254046402,True,0.03400317811922002
V2_T3,1,70,0.0013629815313738085,0.006532532765927941,0.5714285714285714,0.08532295931941608,0.001454218537718938,0.007260008707141081,0.5285714285714286,0.09828879282259156,22770.17142857143,85,70,15,False,0.11069876997693674,False,0.11534910978330634
V2_T3,5,70,0.002726508786516403,0.014173664866740203,0.5857142857142857,0.11208706042715087,0.0033151501853811056,0.014378254516400513,0.6142857142857143,0.057837090705808857,22766.17142857143,85,70,15,False,0.14058654328399284,False,0.0697720490183553
V2_T3,30,70,0.003034505417349173,0.03015937279786725,0.5142857142857142,0.40280194383095863,0.003902061208617123,0.03299698620089907,0.5571428571428572,0.3259278292760271,22741.17142857143,85,70,15,False,0.4391545332710515,False,0.35646744227561683
V2_T3,60,70,0.0038211210801237334,0.035419405622723825,0.6,0.369874872438013,0.006401067447000046,0.04122246623303099,0.5428571428571428,0.19820852581992912,22711.17142857143,85,70,15,False,0.4067210962041168,False,0.22342918652784832
V2_T3,300,70,0.007429638921937952,0.05234486442636181,0.5571428571428572,0.23909271161396553,0.015097428152716622,0.060054091219810764,0.5571428571428572,0.039084354685569124,22471.17142857143,85,70,15,False,0.2755387987412445,True,0.04805567453332431
V2_T4,1,70,0.00037359171962477345,0.006650029088584136,0.5714285714285714,0.6398180021958962,0.0014440519830527833,0.007356833944899488,0.5571428571428572,0.10508714481466751,22740.17142857143,85,70,15,False,0.6684521311118299,False,0.12303493233977507
V2_T4,5,70,0.0008367884691237176,0.014394331139274935,0.5142857142857142,0.6282410089483249,0.002438352452029782,0.01587613370836189,0.6142857142857143,0.20309156950390564,22736.17142857143,85,70,15,False,0.6571518879553323,False,0.22841190515494594
V2_T4,30,70,0.0007814192648605507,0.031717320425203796,0.5285714285714286,0.8372980530138519,0.0028185359562050774,0.03390220693327368,0.5142857142857142,0.48903050175356616,22711.17142857143,85,70,15,False,0.8531007883110758,False,0.5203573709758457
V2_T4,60,70,0.0024127644587321933,0.04089633479325494,0.4857142857142857,0.6231527049894696,0.006015008154609067,0.0447000290383132,0.5,0.26413310389221595,22681.17142857143,85,70,15,False,0.6526197622729971,False,0.29239983144748677
V2_T4,300,70,0.0015218420458857607,0.061749031491562044,0.5142857142857142,0.8372419846083269,0.013817884645058386,0.0667772730974368,0.5571428571428572,0.08787506357085115,22441.17142857143,85,70,15,False,0.8531007883110758,False,0.10369137453459382
V2_T5,1,70,0.000439250902816024,0.005702480707663798,0.5142857142857142,0.5214121653459218,0.0016542674520666474,0.007179603714071332,0.5142857142857142,0.05800112702756961,22710.17142857143,85,70,15,False,0.5548133758146473,False,0.0699455126981686
V2_T5,5,70,0.0013364460396553884,0.012837042711657254,0.5285714285714286,0.3867557212766595,0.003041198977231459,0.015595549750225885,0.5714285714285714,0.10733628119984069,22706.17142857143,85,70,15,False,0.42312888442395774,False,0.1254132064746194
V2_T5,30,70,0.0012306049246319443,0.03175156236104832,0.5285714285714286,0.7467169705682947,0.003671650399867065,0.035569752542712,0.5428571428571428,0.3907814394869627,22681.17142857143,85,70,15,False,0.7698917139103127,False,0.4220537272358412
V2_T5,60,70,-0.0001287075095316215,0.04467346882165595,0.5,0.9808386037590295,0.005159532174247324,0.0488151365116268,0.5714285714285714,0.379599637322331,22651.17142857143,85,70,15,False,0.9828298654255937,False,0.41113377647293214
V2_T5,300,70,-0.0021004167234012867,0.06700336364345043,0.4857142857142857,0.7938904246017762,0.01300986576495795,0.072587377473827,0.5285714285714286,0.1382929957346244,22411.17142857143,85,70,15,False,0.8131904586419024,False,0.15948007351906784
V2_T6,1,70,-4.998992938741233e-05,0.00588829124743512,0.5142857142857142,0.943579296220438,0.0009722266689704666,0.007202956229933176,0.5428571428571428,0.2626860032341811,22680.17142857143,85,70,15,False,0.9499028171449923,False,0.2910776591321667
V2_T6,5,70,0.00014462042375317112,0.013318468931913663,0.5142857142857142,0.9278751019140927,0.0023843307856699796,0.015891994037987352,0.5285714285714286,0.21361541336086642,22676.17142857143,85,70,15,False,0.935183336380744,False,0.2396237834940888
V2_T6,30,70,-0.0016459410215817632,0.03253921443004471,0.5285714285714286,0.6734580355249964,0.002431935574856092,0.03569715499330345,0.5428571428571428,0.570535559428289,22651.17142857143,85,70,15,False,0.7008426243189345,False,0.6006094935480617
V2_T6,60,70,-0.0035337487668050437,0.04467463192666865,0.5,0.5103065573112967,0.0025606815113572165,0.050374244219684804,0.5571428571428572,0.6719410351256295,22621.17142857143,85,70,15,False,0.5438337925695651,False,0.6992639386623645
V2_T6,300,70,-0.005117061251011395,0.07126646242315511,0.5,0.5499833969736189,0.012593110651314326,0.0787795301837234,0.5,0.1854767858670778,22381.17142857143,85,70,15,False,0.5828811768539427,False,0.20976179874656425
V2_T7,1,70,-0.0005564406052770392,0.0057414140707845425,0.5571428571428572,0.4202308821824991,0.0006799846202634666,0.007527254615848079,0.5857142857142857,0.4523368682885724,22500.17142857143,85,70,15,False,0.4565583929438805,False,0.483846402457281
V2_T7,5,70,-0.0010382029420410402,0.012840537262511628,0.5571428571428572,0.5010041435424272,0.0008421843757151598,0.015217143687923266,0.5,0.6447893734482558,22496.17142857143,85,70,15,False,0.5350755227014176,False,0.6734423474195054
V2_T7,30,70,-0.0026909382225461208,0.031296756349021855,0.5428571428571428,0.4743413248254829,0.00032457988837186297,0.03525600440434223,0.44285714285714284,0.9388257523043518,22471.17142857143,85,70,15,False,0.5094340308585774,False,0.9434679971528609
V2_T7,60,70,-0.004221401035727698,0.04452328936205972,0.5285714285714286,0.43034274413622037,0.00020641113768235712,0.04816460238445583,0.4714285714285714,0.9715012140942488,22441.17142857143,85,70,15,False,0.4659461551208528,False,0.9737559311562605
V2_T7,300,70,-0.006336793756486126,0.08308883754211972,0.5,0.5255329266140852,0.00901116351498149,0.09664791249817353,0.5285714285714286,0.4380133935912018,22201.17142857143,85,70,15,False,0.5585100773459442,False,0.46925155809538055
V2_T8,1,70,-0.0005085099800025439,0.004887146130518944,0.5,0.38701916781658835,0.0007104000983861349,0.0067788972788706625,0.5285714285714286,0.3836460277994902,22200.17142857143,85,70,15,False,0.42328307211342603,False,0.41512590856474746
V2_T8,5,70,-0.000969275755528278,0.010913842444018674,0.5142857142857142,0.4599732008233428,0.0006748346295971769,0.01395075037075788,0.5,0.6869392652655109,22196.17142857143,85,70,15,False,0.4950801896712303,False,0.7137544392311812
V2_T8,30,70,-0.0019743897015636496,0.02799999273993023,0.4714285714285714,0.5571433028515785,0.0009468032772650762,0.03207822255945103,0.5142857142857142,0.8056848241061275,22171.17142857143,85,70,15,False,0.589565118331456,False,0.8238061755805477
V2_T8,60,70,-0.002689924326475289,0.0420443227708096,0.4857142857142857,0.5941767070121594,0.0014500057001653594,0.04534923268711353,0.5285714285714286,0.7898703789452961,22141.17142857143,85,70,15,False,0.6247353994908736,False,0.8093126213689199
V2_T8,300,70,-0.004200196265322046,0.09822088796865339,0.4714285714285714,0.7216009009652303,0.011227306696817062,0.10438497021457738,0.5142857142857142,0.37131182789043177,21901.17142857143,85,70,15,False,0.7466699948592006,False,0.40304189926529743
V2_T9,1,70,-0.0003809486648109362,0.00573285054316142,0.5571428571428572,0.5800354636383487,0.0012506699242270324,0.007555334378901094,0.5857142857142857,0.17052565146549595,21900.17142857143,85,70,15,False,0.6122579825326288,False,0.1939322336449271
V2_T9,5,70,-0.0006901536509906363,0.012873962286711655,0.5571428571428572,0.6551827556676443,0.0021308530653596064,0.0165179405737379,0.5571428571428572,0.2842075420114066,21896.17142857143,85,70,15,False,0.683058666515302,False,0.3133175040361869
V2_T9,30,70,-0.0019480042139089048,0.03224381943153832,0.5571428571428572,0.6148420738500726,0.0036088676199788187,0.037433435577069914,0.5428571428571428,0.42266626517763317,21871.17142857143,85,70,15,False,0.6446978346440063,False,0.45365391307509245
V2_T9,60,70,-0.002330435505783723,0.04672297850804523,0.5571428571428572,0.67774952815343,0.006068618492510637,0.05182998818121268,0.5285714285714286,0.33069595651025735,21841.17142857143,85,70,15,False,0.704671868724075,False,0.36099669186190814
V2_T9,300,70,0.00309958904381521,0.09823366332507966,0.5571428571428572,0.7925720072851018,0.02029684721837558,0.10947794107824979,0.5428571428571428,0.12544307419122191,21601.17142857143,85,70,15,False,0.8120807488641835,False,0.14529192803575988
V3_T1,1,70,-0.0021715213843290565,0.009529903426611398,0.6,0.06075750987731402,-0.0019079288950949668,0.010062132507657596,0.5571428571428572,0.11721412017997551,22799.17142857143,85,70,15,False,0.08201626841536463,False,0.13634298403164646
V3_T1,5,70,-0.0005069114563757562,0.008305184907949615,0.5142857142857142,0.6112191348231407,-0.0006771442078291242,0.007923092041078314,0.5,0.4769915854477639,22795.17142857143,85,70,15,False,0.6414792379648828,False,0.5081732740431774
V3_T1,30,70,0.00039008384598903853,0.004203961094166697,0.4857142857142857,0.4402052334729848,0.0006008534670278446,0.0041338083771822656,0.5142857142857142,0.22809300828226559,22770.17142857143,85,70,15,False,0.47573008497002267,False,0.2548229576359893
V3_T1,60,70,4.361799747010562e-05,0.0037201758673887976,0.5142857142857142,0.9221404787262145,5.272815725429209e-05,0.0036718055632626906,0.5285714285714286,0.9047160780163482,22740.17142857143,85,70,15,False,0.9299461044947668,False,0.9128502276720741
V3_T1,300,70,-0.00016073318696214106,0.002463907785353136,0.5,0.5869666565231954,-0.00018517296155651607,0.0023404251129747916,0.5428571428571428,0.5102015719082671,22500.17142857143,85,70,15,False,0.6179067027079951,False,0.5407197640929641
V3_T10,1,70,-0.00037047478640054996,0.010957769818189175,0.5142857142857142,0.7781240632091858,-0.00032699677481665384,0.010131693885160251,0.5857142857142857,0.7879439201844336,22799.17142857143,85,70,15,False,0.7989357023440526,False,0.8075782391685608
V3_T10,5,70,0.0021403108070205097,0.010956056957536323,0.6,0.10671912192054128,0.0029525985031821334,0.011243931500089753,0.6285714285714286,0.031379551850561224,22795.17142857143,85,70,15,False,0.13486267967647042,True,0.038914699082444014
V3_T10,30,70,0.001506768420569167,0.013228848086021884,0.5142857142857142,0.3439381305158871,0.002970473645589412,0.01819754177967234,0.5857142857142857,0.17646201957949906,22770.17142857143,85,70,15,False,0.38123395602579085,False,0.20022209446540862
V3_T10,60,70,0.0023220509994267015,0.013074770724155426,0.5857142857142857,0.14186317729936643,0.0022303616490893974,0.022036634277107572,0.5571428571428572,0.4000360422968552,22740.17142857143,85,70,15,False,0.1728879285958769,False,0.43150937437890563
V3_T10,300,70,0.0028656692503873575,0.017913386529964853,0.5857142857142857,0.1851482754791099,0.0030766324276769847,0.038678364235343016,0.5142857142857142,0.5079410910510194,22500.17142857143,85,70,15,False,0.21914604034954596,False,0.538654533327585
V3_T11,1,70,-0.000591005487907285,0.010594854419592192,0.5285714285714286,0.6421788647077239,-0.0002413713133906596,0.010074751016325318,0.5857142857142857,0.8417203637303825,22799.17142857143,85,70,15,False,0.6707158336049535,False,0.8581126753285546
V3_T11,5,70,0.002243659792643973,0.011101729017609675,0.5857142857142857,0.09537052076334343,0.0029292359239339425,0.011108115944609623,0.6,0.03069523327754336,22795.17142857143,85,70,15,False,0.12235616384602731,True,0.038171248863737094
V3_T11,30,70,0.0015501880205840784,0.013276347030354154,0.5285714285714286,0.3320261383905957,0.0030122624232998972,0.017647385134414884,0.5714285714285714,0.15777120946491882,22770.17142857143,85,70,15,False,0.3694525952140123,False,0.18019819130621306
V3_T11,60,70,0.002622276274505967,0.01301727553627806,0.5428571428571428,0.09642592409782327,0.00249683666062258,0.02152742993291022,0.5428571428571428,0.3352408112256069,22740.17142857143,85,70,15,False,0.12348093690065953,False,0.36572687173491375
V3_T11,300,70,0.003077284091068526,0.016780677062621287,0.5857142857142857,0.12953141858905728,0.003521466934904783,0.03864406545282547,0.5285714285714286,0.4484125341531896,22500.17142857143,85,70,15,False,0.1594907523967188,False,0.4802434300989678
V3_T12,1,70,-0.0011633606186569933,0.010077740544975664,0.5285714285714286,0.337502825815652,-0.000678033652024251,0.010632411845467246,0.5428571428571428,0.595373141668743,22799.17142857143,85,70,15,False,0.37470188405947225,False,0.6256793489265755
V3_T12,5,70,0.0016785620054233703,0.011220879005878448,0.5571428571428572,0.21494850208863986,0.0020482022120876264,0.011987615128010673,0.5714285714285714,0.15736813320139462,22795.17142857143,85,70,15,False,0.25072487330055726,False,0.17985673179319167
V3_T12,30,70,0.0005299865614757658,0.012956632176194955,0.4857142857142857,0.733215898240997,0.0017561061386076656,0.020337181784449817,0.5,0.47245817378085897,22770.17142857143,85,70,15,False,0.7571012936110714,False,0.5038095649422432
V3_T12,60,70,0.0013071442285153528,0.013362470406798966,0.5,0.41592474747186964,0.0005237763129015421,0.025352165884757437,0.5142857142857142,0.863272120159021,22740.17142857143,85,70,15,False,0.45217747089846116,False,0.8762059856490652
V3_T12,300,70,0.001896329133546442,0.01776421495692848,0.5714285714285714,0.37488980869099586,-0.0004086602076464253,0.044005064240434155,0.5,0.9382933188694798,22500.17142857143,85,70,15,False,0.41171147140095066,False,0.9432072786424359
V3_T2,1,70,-0.00172241287098361,0.009422832160972007,0.5714285714285714,0.1307512922375297,-0.0013674835851453574,0.010658281399899782,0.5857142857142857,0.286806721872856,22799.17142857143,85,70,15,False,0.1604410836012739,False,0.3159812576756114
V3_T2,5,70,-0.0001019175902094014,0.009341697344189987,0.5428571428571428,0.9275351325786032,-0.0003849443992173036,0.010043146573843266,0.4857142857142857,0.7494191319370908,22795.17142857143,85,70,15,False,0.9351134762355046,False,0.773139176125007
V3_T2,30,70,0.0006395237372204544,0.005521225430360927,0.5571428571428572,0.3358782921063295,0.0009803207013350215,0.005531873602587249,0.5,0.1427148865398244,22770.17142857143,85,70,15,False,0.37337821725462306,False,0.16430520926194378
V3_T2,60,70,0.0005838681328681469,0.004132963786319861,0.5142857142857142,0.24127960538694945,0.0005973745535531504,0.004423314869865142,0.6142857142857143,0.26242237569487087,22740.17142857143,85,70,15,False,0.2776885531685245,False,0.29100856130557157
V3_T2,300,70,8.899315697856003e-05,0.0025260761253503216,0.4857142857142857,0.7690670878162766,0.0001463080162465807,0.002928948747013964,0.5285714285714286,0.6772947933780297,22500.17142857143,85,70,15,False,0.7915182568975978,False,0.7041990704547375
V3_T3,1,70,-0.0019185887305716044,0.009951070222274878,0.5428571428571428,0.11128760051367846,-0.001294271783758756,0.010821387043519657,0.5857142857142857,0.32048202947944354,22799.17142857143,85,70,15,False,0.13986855575655113,False,0.35084455381859236
V3_T3,5,70,-3.6541095618324546e-05,0.009559667162113015,0.4714285714285714,0.9745797802085288,0.0002550000080654505,0.01108124317617535,0.5571428571428572,0.8478918112303093,22795.17142857143,85,70,15,False,0.9768416421875448,False,0.8638944877029545
V3_T3,30,70,0.00023855948323151438,0.008563321899983996,0.4714285714285714,0.8163899888905769,0.0010562997204312248,0.009914760747087359,0.5142857142857142,0.3758329781010316,22770.17142857143,85,70,15,False,0.8342583293750201,False,0.4073095794664568
V3_T3,60,70,0.0005851684813178454,0.0064539318399523095,0.5285714285714286,0.450682948882953,0.0004923958549566408,0.007455265132115126,0.5285714285714286,0.5823322842396998,22740.17142857143,85,70,15,False,0.48583762508287137,False,0.6124682015367314
V3_T3,300,70,0.00033387595732140376,0.003973194159502895,0.5857142857142857,0.4843818356225979,-0.0001231350358177089,0.006177093590117185,0.5,0.8680301905727702,22500.17142857143,85,70,15,False,0.5187660390812386,False,0.880518000125931
V3_T4,1,70,-0.0016694120044477144,0.01097647271913918,0.5428571428571428,0.207475236592302,-0.0009115447702169577,0.011133324087549084,0.5714285714285714,0.4956271897298954,22799.17142857143,85,70,15,False,0.24348741250896855,False,0.5267277577720051
V3_T4,5,70,0.0004898765973136976,0.010357211544783265,0.5571428571428572,0.6935292674784815,0.0017582102639207822,0.011481954901591401,0.5714285714285714,0.20442596724243262,22795.17142857143,85,70,15,False,0.7199950778660318,False,0.22976308289609781
V3_T4,30,70,0.001019831576121124,0.010704281564744445,0.5,0.4281197912550697,0.0025796018889945507,0.011396788622635818,0.6285714285714286,0.06245318079280836,22770.17142857143,85,70,15,False,0.4641210790041625,False,0.074948155484249
V3_T4,60,70,0.0014042337123771655,0.00797210540941516,0.5142857142857142,0.14510437837341772,0.0018493492244018818,0.009997698768499654,0.5571428571428572,0.12628540777064806,22740.17142857143,85,70,15,False,0.17627834995786154,False,0.14602278575889863
V3_T4,300,70,0.000962156506124222,0.005149512899538069,0.5857142857142857,0.1225688133829736,0.0009599980124597983,0.009716381075926782,0.5,0.41129233060310916,22500.17142857143,85,70,15,False,0.15200116663251034,False,0.44240815760701807
V3_T5,1,70,-0.0013077963796147812,0.010936030288675336,0.5571428571428572,0.32055075926231436,-0.0007184027085302061,0.010711015199625319,0.5428571428571428,0.5765067544656967,22799.17142857143,85,70,15,False,0.3577205662956383,False,0.6065258333370834
V3_T5,5,70,0.0008250040718713953,0.01027380523739804,0.5428571428571428,0.503921128586639,0.0019059818214687508,0.011580661542263511,0.5857142857142857,0.17296299043309887,22795.17142857143,85,70,15,False,0.5378583562764404,False,0.1965100729846618
V3_T5,30,70,0.000913869189826928,0.010830306471767982,0.44285714285714284,0.4825775835496825,0.002722588930384733,0.012102833540852023,0.5571428571428572,0.06403934449758214,22770.17142857143,85,70,15,False,0.5171543272841665,False,0.07671842414672202
V3_T5,60,70,0.0012948670059045194,0.008631099639380822,0.5285714285714286,0.21364572995821232,0.0022642638767467888,0.012194064555950958,0.5285714285714286,0.1248648551881521,22740.17142857143,85,70,15,False,0.24954225727032572,False,0.14467071585347602
V3_T5,300,70,0.001276292225440428,0.005923755585026128,0.5857142857142857,0.07581639083640448,0.001979582560514745,0.012794293430921828,0.6142857142857143,0.19980388114754363,22500.17142857143,85,70,15,False,0.09978881155801048,False,0.2251540800276462
V3_T6,1,70,-0.0009365043858831373,0.01083796524854527,0.5571428571428572,0.47215125389920004,-0.0003890886834028185,0.01058436832919654,0.5142857142857142,0.7593420758248105,22799.17142857143,85,70,15,False,0.5072396088997936,False,0.7819752226452221
V3_T6,5,70,0.0011374741772654017,0.010194940497730978,0.5571428571428572,0.35382643319327306,0.002374923288796084,0.011551228069030882,0.6142857142857143,0.08988458463398964,22795.17142857143,85,70,15,False,0.39056559957915604,False,0.10595402248735389
V3_T6,30,70,0.0018240168043388834,0.010963588843283325,0.5142857142857142,0.16840672043134017,0.004089921092424964,0.013438403962812082,0.6142857142857143,0.013121675237309675,22770.17142857143,85,70,15,False,0.20202958996190287,True,0.017088348264193337
V3_T6,60,70,0.001921596542953415,0.009693099723337933,0.5571428571428572,0.10173055945212522,0.003758621094772307,0.014190627695584287,0.5857142857142857,0.029990055531671403,22740.17142857143,85,70,15,False,0.12950592590533996,True,0.037392869672293286
V3_T6,300,70,0.0016300317101301503,0.007302962428243917,0.5857142857142857,0.06608841364855465,0.0026211667963353565,0.015558328958178437,0.5714285714285714,0.16316374974282438,22500.17142857143,85,70,15,False,0.08826264752831708,False,0.18592703013240708
V3_T7,1,70,-2.1840093384900796e-05,0.011219758323176902,0.5142857142857142,0.9870530605166515,0.00010955766832728378,0.010002180837821699,0.4714285714285714,0.9272475951181679,22799.17142857143,85,70,15,False,0.9876247680524272,False,0.9334616669968736
V3_T7,5,70,0.0019480161358073087,0.010064384420874753,0.5571428571428572,0.10992311918152872,0.0035324058134677387,0.010942465144781272,0.6285714285714286,0.008693820589078336,22795.17142857143,85,70,15,False,0.13855686857795757,True,0.011579471910279743
V3_T7,30,70,0.002083364015461385,0.011989660200395805,0.5571428571428572,0.15053284617790885,0.004572450255602809,0.015603603880461137,0.6142857142857143,0.01675246887078827,22770.17142857143,85,70,15,False,0.18204094628795067,True,0.021604994381699695
V3_T7,60,70,0.0027674277480736415,0.011310310663989544,0.6,0.04445291289005662,0.0042001878107547274,0.017818748920919815,0.6142857142857143,0.05260171587833027,22740.17142857143,85,70,15,False,0.061954342087594046,False,0.06379042764465816
V3_T7,300,70,0.0016610267841266732,0.012137856273659257,0.5142857142857142,0.2561889287319531,0.0033764570088282314,0.025545323293565597,0.5714285714285714,0.2726294462489351,22500.17142857143,85,70,15,False,0.29231596722883024,False,0.30119689264876
V3_T8,1,70,-0.00046035808953180895,0.011195365438290708,0.5714285714285714,0.7318639038573737,0.0001759498992323872,0.010024768554089094,0.4857142857142857,0.8836813747081506,22799.17142857143,85,70,15,False,0.7559311772278702,False,0.8956055000342212
V3_T8,5,70,0.001839272846650203,0.01048385918275163,0.5571428571428572,0.1466958716403914,0.0037913899118652205,0.011122789163067592,0.6428571428571429,0.005729111774990351,22795.17142857143,85,70,15,False,0.17802396786707142,True,0.0077684777011741216
V3_T8,30,70,0.0018870323921886313,0.012206843206916406,0.5714285714285714,0.20019414476705993,0.004739130754496481,0.015906764018721008,0.5571428571428572,0.015082823705479705,22770.17142857143,85,70,15,False,0.2355826873876676,True,0.01950095675660061
V3_T8,60,70,0.0029046186248392037,0.01140760917841275,0.6428571428571429,0.03671323936137181,0.004650174915804779,0.019478385984419918,0.5571428571428572,0.04972635451558001,22740.17142857143,85,70,15,False,0.051898426283908124,False,0.06049456156736934
V3_T8,300,70,0.0024401342151623823,0.01494807128536285,0.5428571428571428,0.17644671036451995,0.004416566037699026,0.03175162934168553,0.5285714285714286,0.24852510700764047,22500.17142857143,85,70,15,False,0.21028747302842926,False,0.276539209246827
V3_T9,1,70,-0.0006066836941563858,0.011560663595481803,0.5571428571428572,0.6619865094078391,-5.294704704859879e-05,0.010106129740228086,0.5142857142857142,0.9651637490387299,22799.17142857143,85,70,15,False,0.6897356423414005,False,0.9682464439398408
V3_T9,5,70,0.0016175534875972613,0.010657743198668012,0.5857142857142857,0.208414294707277,0.00333842018648872,0.010867110599621253,0.6142857142857143,0.01232439087765162,22795.17142857143,85,70,15,False,0.2444234175877943,True,0.01613519154311722
V3_T9,30,70,0.0014680585308281247,0.012518173651044372,0.5428571428571428,0.3299288455966682,0.0038263405384153133,0.01636842696219545,0.5714285714285714,0.05453811946211196,22770.17142857143,85,70,15,False,0.3675924416434984,False,0.06593044182701079
V3_T9,60,70,0.0026386536330010274,0.01221463345062855,0.6285714285714286,0.07506117908417712,0.0032418963779908233,0.020294926596186657,0.5285714285714286,0.18578473879358764,22740.17142857143,85,70,15,False,0.09898334875413432,False,0.2100413195457609
V3_T9,300,70,0.0022356732147159313,0.015668185700581875,0.5285714285714286,0.2366368904935539,-0.0005075204674881599,0.035418848897991476,0.5428571428571428,0.904921917857017,22500.17142857143,85,70,15,False,0.2732555002189936,False,0.9128502276720741
V4_T1,1,70,-0.0019849502970326538,0.009311545824009788,0.6,0.07889997313846679,-0.001463102237734228,0.009460147169709705,0.5428571428571428,0.1999886161027573,22799.17142857143,85,70,15,False,0.10333563578218452,False,0.22528877360124763
V4_T1,5,70,-0.00011794903296336131,0.007882916096973537,0.4714285714285714,0.900740154151997,0.0001829158522778687,0.008117627518144311,0.4857142857142857,0.8510177275534587,22795.17142857143,85,70,15,False,0.90969226325494,False,0.8665683020033008
V4_T1,30,70,0.0002556046905060367,0.0034053856593206605,0.5285714285714286,0.5320846589604407,0.0016537960032667498,0.005467393591065468,0.5857142857142857,0.013665922117659005,22770.17142857143,85,70,15,False,0.5648962216665755,True,0.017761098070422237
V4_T1,60,70,0.0001586956203083377,0.0028921868353541415,0.4857142857142857,0.6476202634248299,0.0011111960611025723,0.005894370619284996,0.5428571428571428,0.11931059895003024,22740.17142857143,85,70,15,False,0.675990335387549,False,0.13860730308418107
V4_T1,300,70,-0.000162636099292958,0.0016874901312663039,0.6,0.422810371750605,0.0023619210219252154,0.00949264515936001,0.6285714285714286,0.04107748863424908,22500.17142857143,85,70,15,False,0.4589411983657996,False,0.0504165979507391
V4_T10,1,70,-9.033360116227166e-05,0.009302129889560062,0.5142857142857142,0.9354794568379615,0.00037458332571548177,0.010313077768129795,0.5285714285714286,0.7621300673314311,22799.17142857143,85,70,15,False,0.9425726227399117,False,0.7843787258355955
V4_T10,5,70,0.0021529389702378914,0.00916383345405988,0.6,0.053366254981087644,0.0030742425594275824,0.010945164870859668,0.6142857142857143,0.02164067126061353,22795.17142857143,85,70,15,False,0.07287763279037858,True,0.02755935097877617
V4_T10,30,70,0.0014202388691894156,0.010529153659845211,0.5285714285714286,0.2630005489001697,0.004151123702173877,0.015742433852162962,0.6428571428571429,0.030702720866085494,22770.17142857143,85,70,15,False,0.2987070665516392,True,0.038171248863737094
V4_T10,60,70,0.00196252589273895,0.010718208765437567,0.5571428571428572,0.130109204269516,0.003012725618701176,0.02019190076227226,0.5714285714285714,0.21612743579963198,22740.17142857143,85,70,15,False,0.15987696751876743,False,0.24228432533670619
V4_T10,300,70,0.0020087112936000746,0.014524282577440482,0.5,0.251220567783537,0.0015186594386344442,0.032949165017526046,0.44285714285714284,0.7009608837835332,22500.17142857143,85,70,15,False,0.2873111756676996,False,0.7274916952454512
V4_T11,1,70,-0.00011049088998337308,0.009191617101881792,0.5142857142857142,0.9201806967369484,0.00039081305315723485,0.010300215369428201,0.5285714285714286,0.7518627795179778,22799.17142857143,85,70,15,False,0.9282406736426735,False,0.77519722567431
V4_T11,5,70,0.002266825868518141,0.0092637181958517,0.6142857142857143,0.04443813111948544,0.0030408484910457063,0.01086654206323233,0.6142857142857143,0.022112915195924177,22795.17142857143,85,70,15,False,0.061954342087594046,True,0.02810894849224357
V4_T11,30,70,0.0014950287301288715,0.010761416181662506,0.5428571428571428,0.24910632934336155,0.004120288274812998,0.01594661998159274,0.6428571428571429,0.034107702452366065,22770.17142857143,85,70,15,False,0.28564964085008765,True,0.04211655181305388
V4_T11,60,70,0.0020603740539028963,0.010933512988335324,0.5428571428571428,0.11945013688682786,0.002848298605751048,0.02033118055954703,0.5857142857142857,0.24518020551019426,22740.17142857143,85,70,15,False,0.14850673729542652,False,0.2730811121978469
V4_T11,300,70,0.002052804076296945,0.01449048754514068,0.5285714285714286,0.23998084982290016,0.0011919930677589436,0.032873522502108565,0.4714285714285714,0.7625186943722013,22500.17142857143,85,70,15,False,0.2763779453793734,False,0.7845449937629408
V4_T12,1,70,-0.0004522234203010746,0.008896710463952266,0.5428571428571428,0.6719576780646692,0.00033918689929513305,0.01023299500275649,0.5428571428571428,0.782361551259137,22799.17142857143,85,70,15,False,0.6994919486934114,False,0.8025710093825172
V4_T12,5,70,0.002273497380993668,0.009584379316603291,0.6285714285714286,0.051163526151747414,0.0029154766337818297,0.011043012723932323,0.6142857142857143,0.030506854364627987,22795.17142857143,85,70,15,False,0.07014681859297116,True,0.03796872544300781
V4_T12,30,70,0.001370012517312406,0.01140493896911073,0.5142857142857142,0.31839224874478017,0.0038523992510255552,0.017051125125010523,0.6142857142857143,0.06292025698608128,22770.17142857143,85,70,15,False,0.3556563916628566,False,0.07548246107184403
V4_T12,60,70,0.0021381548964043828,0.012130544973428557,0.5142857142857142,0.1448377728861152,0.0021935889365692213,0.022002173655165443,0.5714285714285714,0.4070809406022344,22740.17142857143,85,70,15,False,0.17607829180912318,False,0.4386976449721522
V4_T12,300,70,0.0018289464795299812,0.016525230909030415,0.5142857142857142,0.35768287054719633,0.0005856964818000634,0.03477419440942969,0.45714285714285713,0.8883458046999528,22500.17142857143,85,70,15,False,0.39431854426948415,False,0.8990142809719792
V4_T2,1,70,-0.0013891950855126518,0.009450142259139937,0.5571428571428572,0.2229072594358428,-0.0011927927306889159,0.010185219327268508,0.5428571428571428,0.3306009960941338,22799.17142857143,85,70,15,False,0.2587851415829425,False,0.36099669186190814
V4_T2,5,70,-3.487342844441981e-05,0.008828306629072958,0.5285714285714286,0.9737304495201639,0.0005354837071687728,0.009698343890020791,0.5571428571428572,0.6455683395301952,22795.17142857143,85,70,15,False,0.9762735644492647,False,0.6736450054596268
V4_T2,30,70,0.0003292646574972625,0.005056700322632437,0.5142857142857142,0.5876563805798738,0.0022986241988881694,0.007449559931222348,0.5857142857142857,0.01196214159904074,22770.17142857143,85,70,15,False,0.6184443481277685,True,0.01567875539631478
V4_T2,60,70,0.00042359385682331824,0.0036234048442691747,0.5142857142857142,0.33144340344849516,0.0017818701082992154,0.007591033232806422,0.5714285714285714,0.05356925444778774,22740.17142857143,85,70,15,False,0.36892298934102796,False,0.06485053931542831
V4_T2,300,70,0.0001830848476483996,0.001870270615548479,0.5428571428571428,0.4155922358544474,0.003245805978687539,0.012058596968146438,0.6,0.02750548803259936,22500.17142857143,85,70,15,False,0.4519581916515945,True,0.03441921809222412
V4_T3,1,70,-0.0008390117452638991,0.009914257750075484,0.5428571428571428,0.48130636076986333,-0.0005937099884386402,0.01019879470756366,0.5285714285714286,0.627765830467162,22799.17142857143,85,70,15,False,0.5159520559912746,False,0.6566548423445487
V4_T3,5,70,0.0007070200770620758,0.008625456737860486,0.6,0.49513593683476437,0.001757830261468759,0.010103368580234525,0.6,0.1500217860457677,22795.17142857143,85,70,15,False,0.5291353732644946,False,0.17180154815648904
V4_T3,30,70,0.00018550145872100074,0.008202094883511769,0.42857142857142855,0.8504743487201835,0.002933299815016004,0.011891475438317593,0.6285714285714286,0.042798817680290153,22770.17142857143,85,70,15,False,0.8652499631414117,False,0.05241755231669709
V4_T3,60,70,0.000726270252726695,0.0060649009688456155,0.5142857142857142,0.3198934955769356,0.002616365808956671,0.01161913147115232,0.6285714285714286,0.06378291094382017,22740.17142857143,85,70,15,False,0.3571434300774045,False,0.07646424611759149
V4_T3,300,70,0.0006283171752866903,0.0030933893588516487,0.5428571428571428,0.09375001846112382,0.003437003274201773,0.014944731164599509,0.6,0.05845990711846178,22500.17142857143,85,70,15,False,0.12044564725421951,False,0.0704741727474827
V4_T4,1,70,-0.00047149192889067693,0.010131478403661439,0.5142857142857142,0.6982095496124407,-0.0003031697590116941,0.010367535629594762,0.5,0.8074473880152785,22799.17142857143,85,70,15,False,0.7242011389705741,False,0.8251200016541813
V4_T4,5,70,0.0009609575935500516,0.009273375893370626,0.5714285714285714,0.3889511443743838,0.002456409422965422,0.010800882272381143,0.5285714285714286,0.06124142397729653,22795.17142857143,85,70,15,False,0.42526145690300504,False,0.07367309186683826
V4_T4,30,70,0.0005624156355121704,0.009690445756088333,0.5142857142857142,0.6288018834061858,0.0037421422193498945,0.013837791222799064,0.6142857142857143,0.02681331921861183,22770.17142857143,85,70,15,False,0.6573405467982971,True,0.033650569524265844
V4_T4,60,70,0.0011475389082410295,0.00761288475606068,0.5714285714285714,0.21150174819282297,0.003322904872425307,0.014665188113103942,0.6285714285714286,0.06218279375895932,22740.17142857143,85,70,15,False,0.2474563291588904,False,0.07467554829238945
V4_T4,300,70,0.001044491668462105,0.0039153214513058,0.6285714285714286,0.028867394158550327,0.0036074221503477246,0.017116482570229723,0.6,0.08227364808371897,22500.17142857143,85,70,15,True,0.041609030795907956,False,0.09748129428300721
V4_T5,1,70,-0.0002380234270496282,0.010064719010437448,0.5285714285714286,0.8437331395796801,-0.00022203123565916593,0.010484976778299206,0.4857142857142857,0.8598921729427806,22799.17142857143,85,70,15,False,0.8586444763616479,False,0.8738021933874434
V4_T5,5,70,0.0012701147850121438,0.009045692437464293,0.5857142857142857,0.24412791407816525,0.0027901931326370874,0.010857226423793541,0.5285714285714286,0.035052137738188605,22795.17142857143,85,70,15,False,0.28049948225475924,True,0.04322096212899416
V4_T5,30,70,0.0007712270185332524,0.009403745510223594,0.4714285714285714,0.4949065581553961,0.004152066933750471,0.013661156393430284,0.6142857142857143,0.01324077704959871,22770.17142857143,85,70,15,False,0.5291353732644946,True,0.017223977675588684
V4_T5,60,70,0.0011749179945382978,0.008174195382461252,0.6,0.23325200787021744,0.003079839819577428,0.01574421583243052,0.5714285714285714,0.10625684965662568,22740.17142857143,85,70,15,False,0.2698880399168122,False,0.12427806891118542
V4_T5,300,70,0.0012347213793489794,0.004563819507176637,0.6142857142857143,0.026750109041790503,0.0035692969080598127,0.018668161032008006,0.5857142857142857,0.11424129014145609,22500.17142857143,85,70,15,True,0.03880501861402031,False,0.13312096372301208
V4_T6,1,70,-7.464282108940738e-05,0.01021837792055928,0.5285714285714286,0.9514434876805218,-0.000169348979183126,0.010399039458523565,0.5,0.8920199347573662,22799.17142857143,85,70,15,False,0.9567046711106527,False,0.9019399691503366
V4_T6,5,70,0.0014057701747870954,0.00914510994713388,0.5714285714285714,0.20270753154823637,0.0028393085625731526,0.011009073967184346,0.5857142857142857,0.03442699141673395,22795.17142857143,85,70,15,False,0.23821582363916893,True,0.04249562534648653
V4_T6,30,70,0.0008329960316268351,0.009226958554864334,0.45714285714285713,0.4526251678415927,0.00417211024371352,0.014241216321336826,0.6285714285714286,0.016780317242426332,22770.17142857143,85,70,15,False,0.48777914999772387,True,0.02163283435544141
V4_T6,60,70,0.0012078177402040052,0.00843516701137636,0.6142857142857143,0.23501605815743762,0.0030940731849019814,0.016267750732703836,0.5428571428571428,0.11611353914841324,22740.17142857143,85,70,15,False,0.27174714890694346,False,0.13521141818596824
V4_T6,300,70,0.0012891226052284997,0.005319856621143806,0.6428571428571429,0.046484226280938415,0.003619486234414343,0.019804308615125367,0.5857142857142857,0.13081106673908607,22500.17142857143,85,70,15,False,0.06460297739366139,False,0.15105355467364384
V4_T7,1,70,0.00020637166038114433,0.009918954752483816,0.5142857142857142,0.8623172575026953,0.00018363924852978677,0.010506425604759425,0.5285714285714286,0.8841601006495442,22799.17142857143,85,70,15,False,0.8754940125394688,False,0.8958279025642742
V4_T7,5,70,0.0017841016137744945,0.008543222780093273,0.5571428571428572,0.08504896481903822,0.003099208421702192,0.011084713106514443,0.5714285714285714,0.022224414543157125,22795.17142857143,85,70,15,False,0.1103978484204016,True,0.028229908914194066
V4_T7,30,70,0.0012170765998773564,0.0087842094758798,0.5,0.25036423845833444,0.004541345953827931,0.01422187458351569,0.6,0.009409249349469235,22770.17142857143,85,70,15,False,0.28642663704422033,True,0.012479445874248063
V4_T7,60,70,0.0018326249234919627,0.008692194360391491,0.5714285714285714,0.08216208454217303,0.0036841124447135427,0.017759931807041513,0.5714285714285714,0.08710509881220492,22740.17142857143,85,70,15,False,0.10717034575092885,False,0.10288824492176685
V4_T7,300,70,0.0017467679997099322,0.008666548819100957,0.5285714285714286,0.0962525913748414,0.004395680538318863,0.024836664485953727,0.6142857142857143,0.1432251532452118,22500.17142857143,85,70,15,False,0.12330467304415167,False,0.1648377429920742
V4_T8,1,70,-8.79247355535127e-05,0.009644864235109359,0.5285714285714286,0.939423586382644,0.00046594359760573624,0.010338681639014337,0.5142857142857142,0.7072818761770732,22799.17142857143,85,70,15,False,0.9459948968091038,False,0.7329510744426478
V4_T8,5,70,0.0017950846488614966,0.00865218973833275,0.6142857142857143,0.0870571719173256,0.003424903731030787,0.01071533916797489,0.5714285714285714,0.00934473060673316,22795.17142857143,85,70,15,False,0.11286398835810879,True,0.012405480140133377
V4_T8,30,70,0.0013866634079323314,0.008940144277389105,0.5428571428571428,0.19871080566523167,0.005148689670655074,0.0139384443650228,0.6714285714285714,0.002880504020111358,22770.17142857143,85,70,15,False,0.2342360401137412,True,0.004095531436001952
V4_T8,60,70,0.002043389702844297,0.008813007696104045,0.5714285714285714,0.05648204722810722,0.004527371768057972,0.018006134089922483,0.6,0.03905579721497775,22740.17142857143,85,70,15,False,0.07670812624729184,True,0.048054764735665285
V4_T8,300,70,0.0022831053696418554,0.011675627833942657,0.5,0.10638437756347527,0.004528702823675355,0.0302890535356807,0.5285714285714286,0.21518077225786855,22500.17142857143,85,70,15,False,0.13453807631105674,False,0.24130138531351375
V4_T9,1,70,-0.000151420976152842,0.00953079858004368,0.5285714285714286,0.8946398097521414,0.00047089342295855263,0.01032647611245584,0.5142857142857142,0.7039883671472396,22799.17142857143,85,70,15,False,0.9045889794245386,False,0.7301950791034862
V4_T9,5,70,0.0017862610564333419,0.008789695046040049,0.6142857142857143,0.0935821265178288,0.0033376546964198595,0.010880095897837807,0.5714285714285714,0.01244337733801539,22795.17142857143,85,70,15,False,0.12028506217228367,True,0.01627863260236394
V4_T9,30,70,0.0013388327277943114,0.009424624569136153,0.5285714285714286,0.23869805963199697,0.004757499584528459,0.014730612529751738,0.6571428571428571,0.00866414368748626,22770.17142857143,85,70,15,False,0.2752676221724131,True,0.011544395079161213
V4_T9,60,70,0.001957629091989425,0.009409690125216443,0.5571428571428572,0.08620790075295609,0.003965875253692246,0.019117446300232592,0.5714285714285714,0.08709257567321721,22740.17142857143,85,70,15,False,0.11180491632937811,False,0.10288824492176685
V4_T9,300,70,0.002311164994405083,0.012570663343982904,0.5285714285714286,0.12856545342025005,0.0039175937002861455,0.031236247811483864,0.5285714285714286,0.297690585934705,22500.17142857143,85,70,15,False,0.1584707961351994,False,0.3271551871015391
V5,1,70,-0.0003263280480352383,0.010096265893351355,0.5285714285714286,0.7876425534953668,0.001286990551651182,0.010189109523813397,0.6,0.2942940470701313,22799.17142857143,85,70,15,False,0.8075089087022232,False,0.32381717599595655
V5,5,70,0.002710976418338666,0.011197301044837635,0.6142857142857143,0.04667150603279431,0.004582502892630433,0.012764009396876028,0.6857142857142857,0.0037133770254102927,22795.17142857143,85,70,15,False,0.06478507567027092,True,0.005192115589960567
V5,30,70,0.0016737197960535442,0.01449015472190562,0.5428571428571428,0.3372171276265071,0.007799966193905234,0.023089654941095706,0.6714285714285714,0.006154256717258308,22770.17142857143,85,70,15,False,0.3745050388780398,True,0.008322096656801352
V5,60,70,0.003341250882617808,0.016106431183997152,0.6,0.08709215224167231,0.007973751513767136,0.03011419273892326,0.7,0.03003962191616223,22740.17142857143,85,70,15,False,0.11286698649474038,True,0.037441159350772184
V5,300,70,0.005560290901076614,0.024467516278637177,0.6285714285714286,0.06143579032984323,0.012039745607726924,0.05470536933308704,0.5857142857142857,0.06986892333528172,22500.17142857143,85,70,15,False,0.08272044255245845,False,0.08341296825272922
V8_T10_T11,1,70,0.000597646455012901,0.006182776841760639,0.5714285714285714,0.42144362016064163,0.0005987665391070466,0.00584372330094775,0.6,0.39426426075188886,22799.17142857143,85,70,15,False,0.45760141661062753,False,0.425682194030555
V8_T10_T11,5,70,0.001139833604471828,0.014026660380597918,0.5571428571428572,0.4988513011103988,0.001079827847315481,0.012941555809103616,0.5571428571428572,0.48746127150181057,22795.17142857143,85,70,15,False,0.5329410158739728,False,0.519007301398692
V8_T10_T11,30,70,0.0021182778869740914,0.03472341441419578,0.5714285714285714,0.6114011955480055,0.0011566283267667652,0.03273805417056744,0.5571428571428572,0.7684307952487822,22770.17142857143,85,70,15,False,0.6414792379648828,False,0.7898378045642609
V8_T10_T11,60,70,0.0020824373949481956,0.04895704759574392,0.5714285714285714,0.7230148767945542,-0.0008103812611389832,0.045584279417234405,0.4714285714285714,0.8821938527345485,22740.17142857143,85,70,15,False,0.7479091015943667,False,0.8943602585674486
V8_T10_T11,300,70,0.004666026813028917,0.10553674588191143,0.5571428571428572,0.7125847459351553,0.0011374817692519383,0.0959622126472645,0.5142857142857142,0.9212885178378633,22500.17142857143,85,70,15,False,0.7382249766734517,False,0.9285448743085816
V8_T10_T12,1,70,0.0008417829168468078,0.007812140058322489,0.5571428571428572,0.37044392065774495,0.0004721668071494821,0.006513811285162757,0.4857142857142857,0.5461929527649754,22799.17142857143,85,70,15,False,0.4070877054301873,False,0.5765648187604614
V8_T10_T12,5,70,0.0018428081708376288,0.017699168673842726,0.5571428571428572,0.3867113339885924,0.0015049860573232677,0.014518826858969826,0.5285714285714286,0.3888049477784073,22795.17142857143,85,70,15,False,0.42312888442395774,False,0.42031323359649475
V8_T10_T12,30,70,0.004249384072885924,0.04385697791938299,0.5857142857142857,0.42035086771475655,0.0030211591412613475,0.034253336860125785,0.5,0.4630546487077787,22770.17142857143,85,70,15,False,0.4565583929438805,False,0.49469814820203317
V8_T10_T12,60,70,0.005795424290258579,0.06281860075119176,0.6,0.4428251099335554,0.0023050491600745725,0.047678579113135014,0.5,0.6871048523539534,22740.17142857143,85,70,15,False,0.4782621928166408,False,0.7137544392311812
V8_T10_T12,300,70,0.009591261067116918,0.13651813678405783,0.5428571428571428,0.5585810936718514,0.00633139676863979,0.10349368289405086,0.4714285714285714,0.6103968979211152,22500.17142857143,85,70,15,False,0.5909055966430639,False,0.6400368079870874
V8_T11_T12,1,70,0.0006990422830951702,0.007783258988414369,0.5571428571428572,0.4549467518830264,0.0004977576612898916,0.006315828786837688,0.5142857142857142,0.5118457158475064,22799.17142857143,85,70,15,False,0.49012816581099355,False,0.5422959056280695
V8_T11_T12,5,70,0.0015479060285808527,0.01766800871384813,0.5428571428571428,0.4660393357430905,0.0017577899434956378,0.014344778035074028,0.5571428571428572,0.3088346132122432,22795.17142857143,85,70,15,False,0.5009850357785867,False,0.33852271213461305
V8_T11_T12,30,70,0.0036251088724039127,0.043671987041367946,0.5571428571428572,0.4897057367128814,0.0036919020892873214,0.03384583777015965,0.5142857142857142,0.3646158370143852,22770.17142857143,85,70,15,False,0.5239805885236932,False,0.39639638668492794
V8_T11_T12,60,70,0.005170012044000264,0.06250858043938577,0.5428571428571428,0.49126459299464204,0.003673074626005997,0.04718091868503281,0.5285714285714286,0.5169860734761857,22740.17142857143,85,70,15,False,0.5254858107729066,False,0.5474063389090474
V8_T11_T12,300,70,0.008852792204248977,0.1382389986388855,0.5428571428571428,0.5938231588126927,0.0073671672144639275,0.10704443964435051,0.4857142857142857,0.5666113886186485,22500.17142857143,85,70,15,False,0.6245537332413555,False,0.5970241987427357
V8_T1_T10,1,70,0.003022744102285009,0.013465179782177159,0.5428571428571428,0.06458179958147732,0.0026739030739346605,0.007614667299746414,0.6,0.00448878165802794,22799.17142857143,85,70,15,False,0.0863506646880821,True,0.0061787811268870655
V8_T1_T10,5,70,0.006504326810999108,0.02790033453314467,0.5857142857142857,0.055181705338806744,0.00493613158150146,0.014275575374366209,0.6571428571428571,0.00510236519167544,22795.17142857143,85,70,15,False,0.0750897171900659,True,0.006967854441596302
V8_T1_T10,30,70,0.00882557422775438,0.04729102641012511,0.6142857142857143,0.1230053610598745,0.005843288663006981,0.027822634073124356,0.6428571428571429,0.08332868797570443,22770.17142857143,85,70,15,False,0.15237845911146158,False,0.09862987905312053
V8_T1_T10,60,70,0.007471440966666858,0.0539183437237688,0.6285714285714286,0.25030741570906273,0.00525016013839922,0.035774045921727504,0.6142857142857143,0.2236668437478122,22740.17142857143,85,70,15,False,0.28642663704422033,False,0.2502490107346798
V8_T1_T10,300,70,0.008452453867853555,0.0664277351273057,0.6571428571428571,0.290772854074313,0.00018968094789066596,0.06174250058342757,0.4714285714285714,0.9795682017400169,22500.17142857143,85,70,15,False,0.32734448055612625,False,0.9800772268675976
V8_T1_T11,1,70,0.0030121758057159065,0.013563691427545434,0.5428571428571428,0.06743214714627023,0.0026470957084365043,0.007502689193212326,0.6285714285714286,0.004312801359000498,22799.17142857143,85,70,15,False,0.08981421294925353,True,0.005974630591558429
V8_T1_T11,5,70,0.006603484183177816,0.028110706933496155,0.5714285714285714,0.053394669218321075,0.004899886697124749,0.014158181978414959,0.6571428571428571,0.00506534413544055,22795.17142857143,85,70,15,False,0.07288762629367812,True,0.006927902573705729
V8_T1_T11,30,70,0.008869685007894486,0.04761149261692977,0.6142857142857143,0.12365713291414009,0.006192122411788332,0.028191870937231894,0.6714285714285714,0.07041838364894042,22770.17142857143,85,70,15,False,0.15307609968411107,False,0.08401088242648105
V8_T1_T11,60,70,0.007549671559346768,0.05448488396072763,0.6285714285714286,0.2503244826852406,0.005456259978614849,0.03608571863489292,0.6,0.2101080778082443,22740.17142857143,85,70,15,False,0.28642663704422033,False,0.23591920988868512
V8_T1_T11,300,70,0.00850940705982909,0.0670782053814952,0.6571428571428571,0.2922226186924161,0.0002713466212373969,0.06288945776451428,0.4714285714285714,0.9713076254621833,22500.17142857143,85,70,15,False,0.32886942917990153,False,0.9737559311562605
V8_T1_T12,1,70,0.002858536837502529,0.01380102023008846,0.5285714285714286,0.08757503661586982,0.0027504221590532096,0.007563494472018484,0.6142857142857143,0.003317385693549733,22799.17142857143,85,70,15,False,0.11340770296395436,True,0.004680101090736761
V8_T1_T12,5,70,0.006557573541777375,0.028640395987785793,0.5857142857142857,0.05955597974554679,0.005438744674938275,0.01492996296455995,0.6571428571428571,0.00326585320653132,22795.17142857143,85,70,15,False,0.08059769291847402,True,0.004611165847390972
V8_T1_T12,30,70,0.008872640278600262,0.04860162879650301,0.5857142857142857,0.13123441785259693,0.007208485997464775,0.030813242512029666,0.6285714285714286,0.05435954390753744,22770.17142857143,85,70,15,False,0.16084246671895083,False,0.06573756534845707
V8_T1_T12,60,70,0.007616510805135357,0.05587098060281476,0.6142857142857143,0.2579957940960389,0.006417584810996735,0.039911804857154155,0.5857142857142857,0.1829329565952709,22740.17142857143,85,70,15,False,0.29418332297089583,False,0.2072920187066779
V8_T1_T12,300,70,0.008533524966638494,0.0692399931013307,0.6428571428571429,0.30607291370141865,0.0033161687470766015,0.07123617553650903,0.5571428571428572,0.6981207047722223,22500.17142857143,85,70,15,False,0.3426707442768637,False,0.7247617292632296
V8_T1_T2,1,70,0.00019385136936841334,0.007600395162603856,0.5,0.8316491142583148,0.00040499129234515454,0.006977865931384188,0.5428571428571428,0.6287944416256463,22799.17142857143,85,70,15,False,0.8488471757053109,False,0.6575317178621696
V8_T1_T2,5,70,0.0007004477134327564,0.010301788397069273,0.4857142857142857,0.5712922354276894,0.0010979010961499603,0.01158912308643639,0.5142857142857142,0.43071968619949497,22795.17142857143,85,70,15,False,0.6039824582015504,False,0.4618673233455168
V8_T1_T2,30,70,0.0013523610055526485,0.006383258921816788,0.5285714285714286,0.08071685560910392,0.00227866254352582,0.0073712275564782985,0.6285714285714286,0.01181234610633806,22770.17142857143,85,70,15,False,0.10551522365851458,True,0.015494174562413818
V8_T1_T2,60,70,0.0008851041996734616,0.004469234353230064,0.6142857142857143,0.10206952623897902,0.0013077554486461073,0.005010421426293539,0.5857142857142857,0.03238397697475546,22740.17142857143,85,70,15,False,0.12988958127280756,True,0.04008836992037983
V8_T1_T2,300,70,0.0006533458449273246,0.0024832316287547577,0.5714285714285714,0.031063877934725127,0.0008368313734131888,0.0028042946495127233,0.6285714285714286,0.014927772374621492,22500.17142857143,85,70,15,True,0.044533484757043704,True,0.0193238866820222
V8_T1_T3,1,70,0.001088546927357736,0.007839832413456494,0.6142857142857143,0.24936511433549716,0.0012828828735920509,0.0068845179720383775,0.6285714285714286,0.12355765590340104,22799.17142857143,85,70,15,False,0.28585151626713423,False,0.14320419360826925
V8_T1_T3,5,70,0.0018970057251358901,0.011980371286947745,0.5571428571428572,0.18961130634878035,0.0030036887213538916,0.011835114649680036,0.5857142857142857,0.03730885399229942,22795.17142857143,85,70,15,False,0.22412147226651938,True,0.04593802228916411
V8_T1_T3,30,70,0.0014857096275015381,0.015813113901733608,0.4714285714285714,0.4345131602019208,0.0030408424021283373,0.01600373097908338,0.5428571428571428,0.11646891027703729,22770.17142857143,85,70,15,False,0.46987260359863425,False,0.13553387841265202
V8_T1_T3,60,70,0.0018867347691131162,0.012007170065894975,0.5571428571428572,0.19297139110739547,0.0026494918791129477,0.013798625669439566,0.5714285714285714,0.11273522433137265,22740.17142857143,85,70,15,False,0.2279371474448039,False,0.13154346506750844
V8_T1_T3,300,70,0.0019829272757533015,0.006959344157673513,0.6142857142857143,0.019886013432452273,0.0024962596719262753,0.010566165738654256,0.5857142857142857,0.05208381621553547,22500.17142857143,85,70,15,True,0.029717204329205275,False,0.06320673868095365
V8_T1_T4,1,70,0.0013480301619557687,0.008987978698368659,0.5428571428571428,0.21377237476166697,0.0018463885945910002,0.007757713395457171,0.6285714285714286,0.05040767717966727,22799.17142857143,85,70,15,False,0.24960579749968212,False,0.061301839019975504
V8_T1_T4,5,70,0.0020642151579863895,0.01475688284143769,0.5571428571428572,0.2458934475439552,0.004009068541195283,0.013525539461610437,0.5714285714285714,0.0155861549750933,22795.17142857143,85,70,15,False,0.28243412940969587,True,0.02013843135338345
V8_T1_T4,30,70,0.003000263442800489,0.021498354552522428,0.5428571428571428,0.24697728744844158,0.004229730292954271,0.021111585157521377,0.5857142857142857,0.09821341802144652,22770.17142857143,85,70,15,False,0.2835847551127835,False,0.11529981626370972
V8_T1_T4,60,70,0.0030343494801491704,0.018642743737137608,0.6428571428571429,0.17769922892245446,0.0036929705713709357,0.021277489409127843,0.5285714285714286,0.1509986003210627,22740.17142857143,85,70,15,False,0.2114155771098761,False,0.17274839871167932
V8_T1_T4,300,70,0.0035409000674558547,0.01230918644355809,0.6571428571428571,0.018775702612840145,0.0033691430442881914,0.01611669610777146,0.5857142857142857,0.08473609757554422,22500.17142857143,85,70,15,True,0.028192113223538765,False,0.1001927505556144
V8_T1_T5,1,70,0.0017729490819091,0.009314661486322226,0.5857142857142857,0.11584462250003251,0.0020590133507377194,0.007787560209541132,0.6571428571428571,0.030272244661106316,22799.17142857143,85,70,15,False,0.14449211939986004,True,0.03771749199571667
V8_T1_T5,5,70,0.0027409920691683974,0.015594944735771955,0.6142857142857143,0.1459647899689277,0.004764338392397172,0.012844857565998794,0.6285714285714286,0.00277376932557697,22795.17142857143,85,70,15,False,0.17719899836354364,True,0.00395680141200183
V8_T1_T5,30,70,0.0036452236771637382,0.023596363097736578,0.5857142857142857,0.20049813791124863,0.004710658195249577,0.021177290755031768,0.5857142857142857,0.06699641730353127,22770.17142857143,85,70,15,False,0.23569958029376112,False,0.08017756210034656
V8_T1_T5,60,70,0.003180586701830117,0.023724488489139405,0.6285714285714286,0.2658973681734789,0.003661209594485867,0.02376329807406839,0.5714285714285714,0.20168851268635735,22740.17142857143,85,70,15,False,0.3015016104494157,False,0.22698169750207317
V8_T1_T5,300,70,0.004409885194838116,0.017283298040348904,0.6428571428571429,0.03633436904622798,0.003870909061669408,0.020224858264785588,0.5571428571428572,0.11387617624706055,22500.17142857143,85,70,15,False,0.05140673425664114,False,0.1327402796672045
V8_T1_T6,1,70,0.0020593542802758366,0.009850424761179968,0.5571428571428572,0.08471317915657679,0.002093287208256136,0.007761962928385844,0.6,0.027220171368867164,22799.17142857143,85,70,15,False,0.11003159172404993,True,0.034111603946113914
V8_T1_T6,5,70,0.0029889544814462664,0.016877763213468597,0.5714285714285714,0.14297896532364662,0.00502639852516245,0.012886490129294718,0.5857142857142857,0.0017139403285462438,22795.17142857143,85,70,15,False,0.1739409595750701,True,0.002512373286010722
V8_T1_T6,30,70,0.004060634133977742,0.026525118794492722,0.6,0.20454798122054152,0.004764076733196699,0.022228085434273993,0.6142857142857143,0.077325316323075,22770.17142857143,85,70,15,False,0.2402745205313737,False,0.09177566743257443
V8_T1_T6,60,70,0.0035506949696539405,0.027792772931160822,0.6142857142857143,0.2888472083181778,0.0038772345121847215,0.02476241242756085,0.5714285714285714,0.19453348987311478,22740.17142857143,85,70,15,False,0.3253886875576473,False,0.2196448390560822
V8_T1_T6,300,70,0.005099245697189748,0.021807802649309694,0.6571428571428571,0.054474568925294405,0.004097321757345263,0.023199894482432586,0.5714285714285714,0.14405941889745583,22500.17142857143,85,70,15,False,0.07421515600823823,False,0.16563237680223292
V8_T1_T7,1,70,0.002670326367863009,0.011155118961730858,0.5857142857142857,0.049128538487656255,0.002694697828512216,0.00781553653293555,0.6285714285714286,0.005223118634930403,22799.17142857143,85,70,15,False,0.06773308079603048,True,0.007129938713427319
V8_T1_T7,5,70,0.004489773016180525,0.021724860270681774,0.6,0.08826582502718593,0.0056137029707825975,0.013363930650965482,0.6,0.0007827381359742952,22795.17142857143,85,70,15,False,0.1141738770007216,True,0.001195033256646571
V8_T1_T7,30,70,0.006525907944380359,0.036237262529594236,0.6285714285714286,0.13644544450283716,0.005902991750507735,0.022600315145245693,0.6571428571428571,0.0322664059445008,22770.17142857143,85,70,15,False,0.16693307746363398,True,0.039971470971047064
V8_T1_T7,60,70,0.005817262969837404,0.03954985747269242,0.6714285714285714,0.2226449875589945,0.005759039294400133,0.026615735884947124,0.5571428571428572,0.07459689889784318,22740.17142857143,85,70,15,False,0.258567540173555,False,0.08868904838606641
V8_T1_T7,300,70,0.007364258169939202,0.04103912368519296,0.6428571428571429,0.13782942737353063,0.005303276100118336,0.03589605338709515,0.5857142857142857,0.22062029544932693,22500.17142857143,85,70,15,False,0.16826878854259658,False,0.2470804281288248
V8_T1_T8,1,70,0.0028577335721979846,0.012380810778515059,0.5571428571428572,0.05757032483738181,0.0029056588503324652,0.007584577087502727,0.6,0.002044885894252362,22799.17142857143,85,70,15,False,0.07806337217941686,True,0.002976023910969634
V8_T1_T8,5,70,0.0056693560633884615,0.025098878923247386,0.5428571428571428,0.06297869681569869,0.005653591096329865,0.013314157567314988,0.6142857142857143,0.0006926959087042464,22795.17142857143,85,70,15,False,0.0845671968512394,True,0.0010617854323749652
V8_T1_T8,30,70,0.008121856871631637,0.04245169221112939,0.6,0.11401284588925932,0.006720537311044457,0.024006631085280172,0.6142857142857143,0.0220629685092935,22770.17142857143,85,70,15,False,0.14277433220275135,True,0.028066110530047508
V8_T1_T8,60,70,0.007067791477663021,0.047962675390918585,0.6714285714285714,0.22179556145919563,0.006926179999429299,0.0299869598292778,0.5571428571428572,0.05740877190353755,22740.17142857143,85,70,15,False,0.2578410716155858,False,0.06927953437887609
V8_T1_T8,300,70,0.008588736856171713,0.05648500526694055,0.6571428571428571,0.20758344057506206,0.004667522195364815,0.051285361496446184,0.4857142857142857,0.448982427391435,22500.17142857143,85,70,15,False,0.24353167646412205,False,0.48070476809340196
V8_T1_T9,1,70,0.0029179917041236387,0.012978616107639626,0.5285714285714286,0.06418241919676565,0.0028816646880195926,0.007594904539659224,0.6,0.00224349951726129,22799.17142857143,85,70,15,False,0.08584988707891031,True,0.0032391520401745745
V8_T1_T9,5,70,0.006083265512296265,0.026640679040900693,0.5571428571428572,0.06022882075109471,0.005394974940603658,0.013702855495561769,0.6142857142857143,0.0015605970147730308,22795.17142857143,85,70,15,False,0.08144445232682279,True,0.002294409653634392
V8_T1_T9,30,70,0.008596310762088083,0.04514177441597192,0.6,0.11567631182352953,0.005980288122001205,0.02526084439275134,0.6428571428571429,0.051610427933077914,22770.17142857143,85,70,15,False,0.14433429301202402,False,0.06265426159830786
V8_T1_T9,60,70,0.007321973903834016,0.051259166477328796,0.6428571428571429,0.23613801052779895,0.005873219722318124,0.03197020402057328,0.6,0.12886141446693478,22740.17142857143,85,70,15,False,0.272770587219507,False,0.14885195151563343
V8_T1_T9,300,70,0.008561658981317144,0.061614065619310945,0.6571428571428571,0.2490006124120361,0.003033388555860476,0.05358534115212261,0.44285714285714284,0.6372652504093859,22500.17142857143,85,70,15,False,0.28562321244474925,False,0.6657851346127693
V8_T2_T10,1,70,0.0031235503796307597,0.013167597526078444,0.6142857142857143,0.05115753704521491,0.0028862187905804,0.007108220533311016,0.6857142857142857,0.0011337654945267825,22799.17142857143,85,70,15,False,0.07014681859297116,True,0.0016979452898092907
V8_T2_T10,5,70,0.00639033110114757,0.028053201337110027,0.5714285714285714,0.06083548952135929,0.005260644559085452,0.01602516282342195,0.6285714285714286,0.007675484440131376,22795.17142857143,85,70,15,False,0.08207208758152923,True,0.010270642424730404
V8_T2_T10,30,70,0.009370135833676864,0.05290403387262747,0.6142857142857143,0.14293122130369867,0.0051466573703643536,0.031471509228090534,0.5714285714285714,0.17568150635071877,22770.17142857143,85,70,15,False,0.1739409595750701,False,0.1994019725498467
V8_T2_T10,60,70,0.008404020328540901,0.061763049933104955,0.6571428571428571,0.25887714933074296,0.005023402137288388,0.04005454651075212,0.6,0.29770648574449754,22740.17142857143,85,70,15,False,0.2950909108999396,False,0.3271551871015391
V8_T2_T10,300,70,0.009300314816432138,0.08228916138836867,0.6571428571428571,0.34765610231346916,-0.0016204994329938663,0.06984810923986046,0.5571428571428572,0.8466617207123898,22500.17142857143,85,70,15,False,0.3848006314530207,False,0.8628956475107099
V8_T2_T11,1,70,0.0031274181382253594,0.013256251595885166,0.6142857142857143,0.05240401217222347,0.002894272577117222,0.006948570358730215,0.6571428571428571,0.0008599769402135193,22799.17142857143,85,70,15,False,0.07167690500990978,True,0.001306030913598993
V8_T2_T11,5,70,0.006437895247699632,0.028188140263809502,0.5714285714285714,0.0601793206663957,0.005346762154996739,0.015688060758306352,0.6428571428571429,0.00573578731973825,22795.17142857143,85,70,15,False,0.08140937858355408,True,0.007774478301175227
V8_T2_T11,30,70,0.009380623642590976,0.053248032313310024,0.6142857142857143,0.14504804350459927,0.005606888352710445,0.03176310550629931,0.6142857142857143,0.1442550319656961,22770.17142857143,85,70,15,False,0.17627189247569133,False,0.16580210759862943
V8_T2_T11,60,70,0.008442341435657743,0.06240803315198881,0.6571428571428571,0.26163475332205943,0.005310097888434728,0.04019212161909859,0.6,0.27283547996281515,22740.17142857143,85,70,15,False,0.2974491848396562,False,0.30126129219288156
V8_T2_T11,300,70,0.009339438439696314,0.08307342217300398,0.6428571428571429,0.3501882629059981,-0.0015877134510284227,0.07068551481737051,0.5571428571428572,0.8514849302532215,22500.17142857143,85,70,15,False,0.3872920769334902,False,0.8667885780862935
V8_T2_T12,1,70,0.003041630268263156,0.01351470358832676,0.6,0.0639170238220091,0.0030880351660715595,0.007232067346871622,0.6571428571428571,0.0006500690085693766,22799.17142857143,85,70,15,False,0.0855755681438247,True,0.0009995498106841105
V8_T2_T12,5,70,0.006399277347020626,0.02863768735787024,0.5714285714285714,0.06578692496915582,0.005916331128680989,0.01610881258585083,0.6428571428571429,0.003034719556960037,22795.17142857143,85,70,15,False,0.08789397748199279,True,0.004300638256479462
V8_T2_T12,30,70,0.009293718778310544,0.05427980685450298,0.6142857142857143,0.15651053964820413,0.006351786163057154,0.033846012523941024,0.6,0.12095816365401187,22770.17142857143,85,70,15,False,0.18841251375768128,False,0.14028548352622056
V8_T2_T12,60,70,0.008467463701144767,0.06398146026606741,0.6428571428571429,0.2720282078173579,0.006054735176747653,0.04341520993362266,0.5714285714285714,0.2473016151320603,22740.17142857143,85,70,15,False,0.30784718572190356,False,0.27526645627618185
V8_T2_T12,300,70,0.009285283566977639,0.08576181133064946,0.6428571428571429,0.3681742581770328,0.0016994613745761314,0.07735317096609262,0.5428571428571428,0.85469729609087,22500.17142857143,85,70,15,False,0.40497996243287115,False,0.8691941479032677
V8_T2_T3,1,70,0.0011282989316945217,0.006694777255353525,0.6,0.16301442068456592,0.0015262521622778176,0.005733460045463418,0.5857142857142857,0.029199243983713954,22799.17142857143,85,70,15,False,0.19583269244268958,True,0.036459482458883884
V8_T2_T3,5,70,0.002246443925647984,0.014745417211705298,0.6,0.20671252429652232,0.0030617137129485346,0.013962550153215332,0.5857142857142857,0.0708714381296506,22795.17142857143,85,70,15,False,0.24267474394987584,False,0.08452220184257606
V8_T2_T3,30,70,0.0008644556290627196,0.01799161637664474,0.4714285714285714,0.6889296272090061,0.0025001895243389367,0.017436010825654748,0.5428571428571428,0.23435683929565201,22770.17142857143,85,70,15,False,0.7154348848834133,False,0.2614474910450364
V8_T2_T3,60,70,0.002049383371898006,0.013234371403083018,0.5857142857142857,0.19943301250342427,0.0024397843019148043,0.014213374601116817,0.5428571428571428,0.15547488312481994,22740.17142857143,85,70,15,False,0.2349450222606386,False,0.1777517277287402
V8_T2_T3,300,70,0.002049044465794374,0.007441696452151055,0.6571428571428571,0.02425633824874646,0.0017395822717174863,0.007951761149955671,0.6142857142857143,0.07151878941240775,22500.17142857143,85,70,15,True,0.0354807995975525,False,0.08523539752323862
V8_T2_T4,1,70,0.0011169713220452045,0.007911667312160676,0.5571428571428572,0.24157912075650803,0.002077740979831082,0.006543762177002543,0.6142857142857143,0.009799691904290336,22799.17142857143,85,70,15,False,0.2779406800578539,True,0.012982337242838617
V8_T2_T4,5,70,0.0022517304287868723,0.0165773101918266,0.5142857142857142,0.25969878080018993,0.004065360563134024,0.015094030476208267,0.6,0.02741327421129339,22795.17142857143,85,70,15,False,0.29583227420529384,True,0.03432869242479836
V8_T2_T4,30,70,0.0029512483320883864,0.02578406579407009,0.6,0.341586588645944,0.0037366139582960343,0.02434902049691604,0.5857142857142857,0.20345661973984028,22770.17142857143,85,70,15,False,0.3788705180647629,False,0.22874800559751
V8_T2_T4,60,70,0.003504581102080704,0.021782988952129653,0.6142857142857143,0.18268584775236427,0.0033702020660266673,0.023753841645618962,0.5714285714285714,0.23927641058494317,22740.17142857143,85,70,15,False,0.2165931432369483,False,0.2667634716266469
V8_T2_T4,300,70,0.003819782102873969,0.013687317640506581,0.6571428571428571,0.02246410826115606,0.002806428890691447,0.014888754674092643,0.5857142857142857,0.11935873288254774,22500.17142857143,85,70,15,True,0.03316815984713427,False,0.1386166124736815
V8_T2_T5,1,70,0.001505242137863142,0.008221077341454362,0.5571428571428572,0.13012273014841505,0.002248893655866741,0.006753689381106561,0.6285714285714286,0.006885219306580205,22799.17142857143,85,70,15,False,0.15987696751876743,True,0.00925259926263501
V8_T2_T5,5,70,0.0029767791165102287,0.017056844402178452,0.5857142857142857,0.1487877239859118,0.0047811600329936855,0.014222467542552457,0.5857142857142857,0.00639470082780862,22795.17142857143,85,70,15,False,0.180182820319427,True,0.008637095918717273
V8_T2_T5,30,70,0.0036071699216014947,0.02771365520495662,0.5571428571428572,0.27994947198309933,0.004176313294641494,0.024878551266908126,0.5571428571428572,0.16466020879703913,22770.17142857143,85,70,15,False,0.31629346818234405,False,0.18757039940447418
V8_T2_T5,60,70,0.0035805467862755403,0.0279339572833699,0.6428571428571429,0.2872668479510413,0.003359190431264265,0.027009362097266235,0.5571428571428572,0.3017098330116433,22740.17142857143,85,70,15,False,0.32371394640275525,False,0.3312384725310542
V8_T2_T5,300,70,0.004871979003555853,0.019586875253773662,0.6142857142857143,0.04113983476458118,0.003584645448436521,0.0205508251906981,0.5428571428571428,0.14900059543775748,22500.17142857143,85,70,15,False,0.05785027639870899,False,0.17068867945538863
V8_T2_T6,1,70,0.0017202406436251643,0.008710080022326079,0.6142857142857143,0.10299610115603242,0.002324532616578998,0.006650242478479808,0.6571428571428571,0.004665004058049468,22799.17142857143,85,70,15,False,0.130924035869791,True,0.006413684449089102
V8_T2_T6,5,70,0.0031250997843402222,0.01803350653616309,0.5857142857142857,0.15162174328076358,0.005085135691531752,0.014024969534733955,0.6285714285714286,0.003405059473329338,22795.17142857143,85,70,15,False,0.18322949389123405,True,0.004799869637026872
V8_T2_T6,30,70,0.003951457219566461,0.03073288835355892,0.6,0.2857955005999093,0.004248774145860386,0.02579022738084008,0.5571428571428572,0.17255023468528452,22770.17142857143,85,70,15,False,0.3222661405263338,False,0.19610561211765068
V8_T2_T6,60,70,0.003987688036951213,0.032341026480153606,0.6,0.30585636854864257,0.0036902090212827905,0.028045756027406568,0.5571428571428572,0.2747824030361664,22740.17142857143,85,70,15,False,0.3425393041606353,False,0.3033141222012636
V8_T2_T6,300,70,0.0057393419715785175,0.02521165858118626,0.6142857142857143,0.0609979477802947,0.0038022627623600868,0.02447033654491808,0.5285714285714286,0.197918962921542,22500.17142857143,85,70,15,False,0.08222704236477495,False,0.2231755929810469
V8_T2_T7,1,70,0.0024615035997219833,0.010518460155897458,0.5857142857142857,0.05428299827246092,0.0029327785741475854,0.006835880659984091,0.7285714285714285,0.0006153513477420963,22799.17142857143,85,70,15,False,0.07398333689599704,True,0.00094827783516902
V8_T2_T7,5,70,0.0044397881941013306,0.022680896669334292,0.5857142857142857,0.10602398224828435,0.005480098559156272,0.014672450141834745,0.5857142857142857,0.0026015979930335852,22795.17142857143,85,70,15,False,0.13418053431055768,True,0.003729676790842754
V8_T2_T7,30,70,0.007066234605649936,0.040575972372385846,0.5714285714285714,0.14964446309097015,0.0053246612499707295,0.026018292999255142,0.5571428571428572,0.09134539234155489,22770.17142857143,85,70,15,False,0.18102997898434942,False,0.10760256752133385
V8_T2_T7,60,70,0.0069657250163080294,0.04507577587821635,0.6285714285714286,0.20035066607838314,0.005829500053832504,0.02964930762941497,0.5857142857142857,0.10451844970142675,22740.17142857143,85,70,15,False,0.2356866024177098,False,0.12245210027752777
V8_T2_T7,300,70,0.008544613352871345,0.04936350163248046,0.6285714285714286,0.15208367400511355,0.005033275101022964,0.04123246143718242,0.5571428571428572,0.31067200023404234,22500.17142857143,85,70,15,False,0.1837234593313522,False,0.3404287221086636
V8_T2_T8,1,70,0.0028717050678980912,0.011915647154569067,0.5857142857142857,0.04765526366839416,0.003098192923123676,0.006784697534758008,0.7571428571428571,0.0002880036840186364,22799.17142857143,85,70,15,False,0.0659915575047302,True,0.0004669416838500182
V8_T2_T8,5,70,0.00571381111724209,0.02567957758489639,0.5857142857142857,0.0669186346947456,0.005685074432031372,0.015130611559339703,0.6,0.002460511961539259,22795.17142857143,85,70,15,False,0.08919902888516437,True,0.003530344197308198
V8_T2_T8,30,70,0.00886807948736045,0.04751174475378019,0.6285714285714286,0.12295079652793361,0.005969201836734214,0.027490456742051732,0.5714285714285714,0.07360617311236843,22770.17142857143,85,70,15,False,0.15236549569727784,False,0.08757208268017663
V8_T2_T8,60,70,0.008266651687786262,0.054809725067459014,0.6571428571428571,0.2112378390389709,0.006828305912451346,0.033880287257264684,0.5428571428571428,0.09626998085651914,22740.17142857143,85,70,15,False,0.2472312784145137,False,0.11305669063877417
V8_T2_T8,300,70,0.009857454268086681,0.0694993061692949,0.6571428571428571,0.23942397521298686,0.003769655010147155,0.05912311143624266,0.44285714285714284,0.5954366712794733,22500.17142857143,85,70,15,False,0.2758285543050582,False,0.6256793489265755
V8_T2_T9,1,70,0.0029877735390859772,0.01257581007594151,0.6,0.05080969894448867,0.0030991153201770138,0.0069423275643899504,0.7,0.0003827725927917834,22799.17142857143,85,70,15,False,0.06973430444413581,True,0.0006085960920826562
V8_T2_T9,5,70,0.006047434196674494,0.02699056311588562,0.5714285714285714,0.06508127385227154,0.00555197515464929,0.015414986793446162,0.5857142857142857,0.003611059827936083,22795.17142857143,85,70,15,False,0.08698483603852927,True,0.005053143663636763
V8_T2_T9,30,70,0.009256044451039844,0.050502223996560076,0.6285714285714286,0.1297425980658254,0.005126901968522782,0.028632274587120733,0.5714285714285714,0.13866180462588898,22770.17142857143,85,70,15,False,0.15958016244835413,False,0.15985203035783999
V8_T2_T9,60,70,0.0084204050512874,0.05867378986670493,0.6571428571428571,0.2339698245301109,0.005565011003030786,0.03601328126763979,0.5571428571428572,0.20037092133580678,22740.17142857143,85,70,15,False,0.2706279691166833,False,0.22564587132177719
V8_T2_T9,300,70,0.009613782114306597,0.07600694137473829,0.6428571428571429,0.29363030728507955,0.001788936732540325,0.06105204352276401,0.45714285714285713,0.807062758892343,22500.17142857143,85,70,15,False,0.3302385129133951,False,0.8249709562050429
V8_T3_T10,1,70,0.002614825874957687,0.011913438909321323,0.5714285714285714,0.07061438758276273,0.00242894666587652,0.00733328976313417,0.5857142857142857,0.00717203637223265,22799.17142857143,85,70,15,False,0.0937275102183808,True,0.009615593972085295
V8_T3_T10,5,70,0.005781162068730871,0.026362520335872247,0.5857142857142857,0.07085344111054437,0.0037460576732590125,0.015896145036551287,0.5857142857142857,0.052659393128769105,22795.17142857143,85,70,15,False,0.09393654606175396,False,0.0638379660561043
V8_T3_T10,30,70,0.008650469154152567,0.057558259112834985,0.5857142857142857,0.2128402214097062,0.003919678205747571,0.03588213652974087,0.5285714285714286,0.3639272471322144,22770.17142857143,85,70,15,False,0.2488537952522961,False,0.3958969265874688
V8_T3_T10,60,70,0.009401967922573813,0.07124316840127791,0.6142857142857143,0.27336761091190276,0.004449018565172512,0.04588229754965378,0.5571428571428572,0.4199974912801571,22740.17142857143,85,70,15,False,0.3092616554356988,False,0.45092956257704875
V8_T3_T10,300,70,0.009993986150240997,0.11195736992764484,0.6142857142857143,0.4576897547265448,-0.0033308474159565006,0.08225203297087626,0.5714285714285714,0.7357812563966634,22500.17142857143,85,70,15,False,0.4929295830985699,False,0.7595232270243417
V8_T3_T11,1,70,0.0026157935117107063,0.011956468435887505,0.5714285714285714,0.07150674832654892,0.0024382399605730257,0.007204585225562864,0.5714285714285714,0.006066146834992748,22799.17142857143,85,70,15,False,0.09462114724941652,True,0.008209376151547178
V8_T3_T11,5,70,0.0057670159636381835,0.02645311714679895,0.6,0.07248340458222814,0.0038502945698360197,0.015753896980209528,0.5857142857142857,0.04468924226990642,22795.17142857143,85,70,15,False,0.09576679266982724,False,0.0545973592795356
V8_T3_T11,30,70,0.008607323244371464,0.0580108450707829,0.6,0.21866565534279353,0.004307373514236481,0.03607016284795456,0.5714285714285714,0.32123222961162307,22770.17142857143,85,70,15,False,0.25454509407323167,False,0.35155443563768063
V8_T3_T11,60,70,0.009383914333064555,0.07196504500207823,0.6142857142857143,0.2790826365833468,0.0045714039643186865,0.04617189036818129,0.5571428571428572,0.41032082322227326,22740.17142857143,85,70,15,False,0.31552045464511236,False,0.44163814462085793
V8_T3_T11,300,70,0.009995975504634113,0.11285130772934758,0.6,0.46115707450819116,-0.003579024124699168,0.08270848297140876,0.5571428571428572,0.7184242185817257,22500.17142857143,85,70,15,False,0.4960453587876091,False,0.7436056546434578
V8_T3_T12,1,70,0.0025532253113394357,0.012124886384006647,0.5857142857142857,0.08252989796724274,0.002449167733354608,0.007494336711023849,0.6285714285714286,0.007938721959963209,22799.17142857143,85,70,15,False,0.10760030093465044,True,0.01061466113454833
V8_T3_T12,5,70,0.005609843160202523,0.026823229321948375,0.6142857142857143,0.08459851781491391,0.00417280481936984,0.016443507938545054,0.6142857142857143,0.03732957658922202,22795.17142857143,85,70,15,False,0.10992398610399683,True,0.04594716320476027
V8_T3_T12,30,70,0.008322765501026438,0.05910242120344347,0.6142857142857143,0.24277250624875446,0.00431552210028637,0.037369742737126496,0.5285714285714286,0.3373237560607164,22770.17142857143,85,70,15,False,0.27912779004640487,False,0.36765097072232655
V8_T3_T12,60,70,0.009348309624677593,0.07373286633924414,0.6285714285714286,0.2924936705034509,0.004564021415856285,0.04874000532014044,0.5,0.43604406584729216,22740.17142857143,85,70,15,False,0.32906728478978275,False,0.46728667726501066
V8_T3_T12,300,70,0.009888752261443702,0.1163187802070978,0.6142857142857143,0.4793083710160558,-0.00038531898518276273,0.08627915035467733,0.4857142857142857,0.9703019698282407,22500.17142857143,85,70,15,False,0.514129283409026,False,0.9731185212646071
V8_T3_T4,1,70,0.000342492875328061,0.0076525356463345556,0.5,0.70921701456004,0.0013421039622623743,0.007532208771114235,0.5571428571428572,0.14057750212994702,22799.17142857143,85,70,15,False,0.734956444302621,False,0.16195240742212968
V8_T3_T4,5,70,0.0013473057133209076,0.01618255619565268,0.5571428571428572,0.48840869697337963,0.0026535761971469866,0.01562798369065624,0.5714285714285714,0.15993081862032635,22795.17142857143,85,70,15,False,0.5227546617233664,False,0.18248381054598004
V8_T3_T4,30,70,0.0041289868939325715,0.029595572080390563,0.5285714285714286,0.24712536899658763,0.0037277432740584395,0.028956832969099643,0.5571428571428572,0.28520031289474557,22770.17142857143,85,70,15,False,0.2836605149113655,False,0.31431166859692056
V8_T3_T4,60,70,0.0030250313386367125,0.02482524493900817,0.6,0.3115291035387282,0.002011847027886959,0.024543286370067023,0.5428571428571428,0.49512347016202757,22740.17142857143,85,70,15,False,0.348553449717068,False,0.526354335203017
V8_T3_T4,300,70,0.0030722456526414144,0.014033516681061781,0.6,0.07132274878089234,0.0038224217735200717,0.013296398908063367,0.6,0.01884916899473554,22500.17142857143,85,70,15,False,0.09445001802912344,True,0.02415574142314959
V8_T3_T5,1,70,0.0008359564940984642,0.007632720404191757,0.5428571428571428,0.36268384429579587,0.0017715765676954952,0.00719583182186384,0.6142857142857143,0.04319079845992633,22799.17142857143,85,70,15,False,0.3993220784072577,False,0.05286015185230091
V8_T3_T5,5,70,0.002407562699466527,0.01600346228153016,0.5571428571428572,0.21239076552019187,0.003863642577548583,0.0145470687819133,0.5857142857142857,0.029555438251784125,22795.17142857143,85,70,15,False,0.2484123543914228,True,0.03687758727335289
V8_T3_T5,30,70,0.004838844778010433,0.03241721955174455,0.5857142857142857,0.21593550441096065,0.004014964053546809,0.029609268207522993,0.5285714285714286,0.260512466454852,22770.17142857143,85,70,15,False,0.2517911467228718,False,0.28904000372559846
V8_T3_T5,60,70,0.003607787612912965,0.03400581455486352,0.5142857142857142,0.37781820379611963,0.002890119406311659,0.030662068257738068,0.5285714285714286,0.4330400367698333,22740.17142857143,85,70,15,False,0.41466387996048076,False,0.4642113952962377
V8_T3_T5,300,70,0.004728422318715875,0.021912805640433825,0.5428571428571428,0.07537857529665835,0.005264772216944748,0.020372660800610867,0.6428571428571429,0.034078614128882884,22500.17142857143,85,70,15,False,0.09928821107508755,True,0.04209567816063295
V8_T3_T6,1,70,0.000948493560350385,0.007807984979643324,0.5142857142857142,0.31301208064552466,0.0018001617933001463,0.006960561040055695,0.5714285714285714,0.03394492799375664,22799.17142857143,85,70,15,False,0.34982432791965845,True,0.04194553870473147
V8_T3_T6,5,70,0.0024389473466375046,0.0164700675003171,0.5285714285714286,0.21955966563464138,0.003960041692619325,0.014331067544258247,0.5857142857142857,0.023773719349129446,22795.17142857143,85,70,15,False,0.2554957139553248,True,0.02998839005156708
V8_T3_T6,30,70,0.00459812180837559,0.03454585101962877,0.6142857142857143,0.2693103380785364,0.00410934134076231,0.029368628933137155,0.5,0.24575540302117724,22770.17142857143,85,70,15,False,0.3051712751923067,False,0.2736335537989582
V8_T3_T6,60,70,0.003930298515150978,0.03894617214759807,0.5285714285714286,0.40140561651304213,0.0032149624825447572,0.032756397763569596,0.5142857142857142,0.4143822488886985,22740.17142857143,85,70,15,False,0.43790855858937816,False,0.44545447103623315
V8_T3_T6,300,70,0.006018876283307553,0.02975878563957371,0.5857142857142857,0.09512118922685868,0.005543385200308978,0.026352834369938433,0.5571428571428572,0.08285083771986138,22500.17142857143,85,70,15,False,0.12208161544531826,False,0.09813152016527976
V8_T3_T7,1,70,0.0018173011633316888,0.009435671069867636,0.5428571428571428,0.11165808329928827,0.0023352625603085104,0.006695799941598926,0.5857142857142857,0.0047521446058351015,22799.17142857143,85,70,15,False,0.14023216204981495,True,0.006520516129134343
V8_T3_T7,5,70,0.004229823359675127,0.020675463923797276,0.6,0.09145224191071596,0.004113898709472914,0.014446137059400635,0.5571428571428572,0.019950783872415893,22795.17142857143,85,70,15,False,0.11789831932892673,True,0.02551071734981381
V8_T3_T7,30,70,0.007908070265546404,0.04314529640381935,0.6142857142857143,0.12972336993625325,0.005337531407896017,0.02957917300106031,0.5285714285714286,0.13567460809841309,22770.17142857143,85,70,15,False,0.15958016244835413,False,0.15651277829048987
V8_T3_T7,60,70,0.008746795004251427,0.05134856006183255,0.5857142857142857,0.1586131165911977,0.00638180050173946,0.03460972151562696,0.5571428571428572,0.1274668022851084,22740.17142857143,85,70,15,False,0.1908106956206783,False,0.1473395121763297
V8_T3_T7,300,70,0.010119105468200601,0.06340211266726674,0.5857142857142857,0.1861581713963897,0.006384095484398236,0.04823904629017653,0.5142857142857142,0.27202660442831705,22500.17142857143,85,70,15,False,0.22026591855292002,False,0.30075261385594737
V8_T3_T8,1,70,0.002386296308542201,0.01070422442976169,0.6142857142857143,0.06641014074348588,0.002517309717446057,0.006545175813030263,0.6571428571428571,0.001968543538413751,22799.17142857143,85,70,15,False,0.08862380697904353,True,0.002867334707090856
V8_T3_T8,5,70,0.005490698152522036,0.023759492437712686,0.6428571428571429,0.057280776199065936,0.004068549507945101,0.014084783587343079,0.6,0.01830666653623716,22795.17142857143,85,70,15,False,0.0777012492217404,True,0.023486644219346226
V8_T3_T8,30,70,0.009258061452350802,0.05145418439701129,0.6285714285714286,0.13678868620255302,0.005385364326160979,0.031156162905175613,0.5571428571428572,0.15265607962051175,22770.17142857143,85,70,15,False,0.1672937737450693,False,0.17458681068813905
V8_T3_T8,60,70,0.009959497348657857,0.06287680880738605,0.6142857142857143,0.1894617540040913,0.006847055931879825,0.039115751353519676,0.5142857142857142,0.1475880432728955,22740.17142857143,85,70,15,False,0.22409803494835173,False,0.16918271052019043
V8_T3_T8,300,70,0.011586568264262,0.09363944978730747,0.5857142857142857,0.30416713994431094,0.004300393826448263,0.07118024543229849,0.42857142857142855,0.6148377348286739,22500.17142857143,85,70,15,False,0.3408684620524146,False,0.6441068447037805
V8_T3_T9,1,70,0.0025255210929350388,0.0113270600201463,0.6285714285714286,0.06637069376232987,0.002538390281477683,0.0070286719155159836,0.6428571428571429,0.003525882622649654,22799.17142857143,85,70,15,False,0.08860538908379047,True,0.00494998962261461
V8_T3_T9,5,70,0.005709012262695132,0.02514536268115753,0.5857142857142857,0.06167178761214462,0.0038781301741935264,0.014742212370236618,0.6,0.031088679128985594,22795.17142857143,85,70,15,False,0.08297353045169768,True,0.03860941279318664
V8_T3_T9,30,70,0.009024444527883957,0.05488016274792754,0.6428571428571429,0.1733342973970176,0.004011166094992512,0.03253706849361211,0.6,0.30593942720230516,22770.17142857143,85,70,15,False,0.20700656671506942,False,0.335562133645703
V8_T3_T9,60,70,0.00976625896373509,0.06754852902181516,0.6285714285714286,0.2305396774218385,0.005321030669136122,0.04202203720663507,0.5428571428571428,0.29310366279212485,22740.17142857143,85,70,15,False,0.2668390571163993,False,0.32261011626211894
V8_T3_T9,300,70,0.010717741888098578,0.10275173152289363,0.6142857142857143,0.3858554673609004,0.0015359652204522444,0.07275152334137595,0.42857142857142855,0.8603088610513401,22500.17142857143,85,70,15,False,0.42241148280478796,False,0.8739685724588003
V8_T4_T10,1,70,0.0022578116291593958,0.011077891569798683,0.6428571428571429,0.0926525898854892,0.0019917517886546246,0.007275125314668326,0.6428571428571429,0.025048653543934346,22799.17142857143,85,70,15,False,0.11922335123067604,True,0.03155052788709193
V8_T4_T10,5,70,0.004880213409538606,0.024787555331610093,0.6714285714285714,0.10405800174964491,0.0029231201181283708,0.01588619859707484,0.6142857142857143,0.12825942514500624,22795.17142857143,85,70,15,False,0.13212803970783651,False,0.14820612504213931
V8_T4_T10,30,70,0.008431319533537424,0.05614670579542663,0.6571428571428571,0.21321604661771928,0.0039015560584910076,0.03687724391378006,0.5857142857142857,0.379137400726599,22770.17142857143,85,70,15,False,0.2491245996159013,False,0.41076190640025073
V8_T4_T10,60,70,0.010869866019244398,0.07383649311965419,0.5857142857142857,0.22224536785280188,0.004457366273120625,0.051989481786841873,0.5428571428571428,0.4755991814463383,22740.17142857143,85,70,15,False,0.2581902306427137,False,0.5068461356869521
V8_T4_T10,300,70,0.009978970908737757,0.13044163536651035,0.5571428571428572,0.5242553654850838,-0.003821916250048433,0.0896129872309179,0.5571428571428572,0.7223093320818915,22500.17142857143,85,70,15,False,0.5574953178673329,False,0.7474030375390641
V8_T4_T11,1,70,0.0022628829598454734,0.01114176212694831,0.6571428571428571,0.09377678469286554,0.001966133656179631,0.0071221406424984745,0.6142857142857143,0.02390411056345684,22799.17142857143,85,70,15,False,0.12044564725421951,True,0.030141862042607073
V8_T4_T11,5,70,0.004903207902812572,0.0249176393439403,0.6714285714285714,0.10423920933890088,0.002946376270437056,0.015637183318139528,0.6142857142857143,0.11949752879563864,22795.17142857143,85,70,15,False,0.13226091379577765,False,0.13873117002316246
V8_T4_T11,30,70,0.008416328375143212,0.05655312582062567,0.6571428571428571,0.2172956730042927,0.004299944129742178,0.037084551553920764,0.5857142857142857,0.3353824760707067,22770.17142857143,85,70,15,False,0.25303826571573584,False,0.3657659263965567
V8_T4_T11,60,70,0.010928759227251996,0.0746241499377093,0.6,0.2246304313529789,0.004583165315301808,0.052053937626998906,0.5428571428571428,0.4638327862880111,22740.17142857143,85,70,15,False,0.26061052395048423,False,0.4952232004403827
V8_T4_T11,300,70,0.009962152765160168,0.13110486735773957,0.5714285714285714,0.527045237316736,-0.004497474058887354,0.08958217279622456,0.5571428571428572,0.6757575328287052,22500.17142857143,85,70,15,False,0.5599450476412432,False,0.7028122444079399
V8_T4_T12,1,70,0.0021836665535557797,0.01134349985619678,0.6285714285714286,0.11183209869923814,0.0018033837193319013,0.007541407047018418,0.6428571428571429,0.04935940518839638,22799.17142857143,85,70,15,False,0.14039967333062056,False,0.060111647841349834
V8_T4_T12,5,70,0.004791456005663746,0.025324281247590747,0.6571428571428571,0.11799589609839625,0.003020820688862737,0.016310808924137714,0.6,0.1258304825183141,22795.17142857143,85,70,15,False,0.1469102057729582,False,0.14559421202303258
V8_T4_T12,30,70,0.00835127637993692,0.05755511094130685,0.6285714285714286,0.22888736338828355,0.004151350397330899,0.03825587144672955,0.5428571428571428,0.36708860873416316,22770.17142857143,85,70,15,False,0.2653710874182952,False,0.39883369282280934
V8_T4_T12,60,70,0.011094194438829164,0.07665480094744392,0.5857142857142857,0.230068028648242,0.0043559840319409215,0.0533349443604951,0.5142857142857142,0.4966935037273687,22740.17142857143,85,70,15,False,0.266471685879878,False,0.5276986640153932
V8_T4_T12,300,70,0.009991740962335013,0.13470838304701854,0.6,0.536922537557702,-0.0015047327867155882,0.09194785421859536,0.5,0.8914927835861811,22500.17142857143,85,70,15,False,0.5697381349084338,False,0.9016708335158828
V8_T4_T5,1,70,0.0008806982924891355,0.006088342223417194,0.5714285714285714,0.23031049353887129,0.001077477161161019,0.00638506713106232,0.5714285714285714,0.1624851347771699,22799.17142857143,85,70,15,False,0.266663121708043,False,0.18527595401159141
V8_T4_T5,5,70,0.0020640752203173666,0.013781233248069718,0.6,0.21439842523797625,0.002866152854012449,0.013726623634168822,0.5857142857142857,0.08509271235096288,22795.17142857143,85,70,15,False,0.2501676998301952,False,0.10057999355886992
V8_T4_T5,30,70,0.0027383578182008884,0.029804440552768777,0.5285714285714286,0.444693173108227,0.002659113490522422,0.02800870758005514,0.5142857142857142,0.4297355188048758,22770.17142857143,85,70,15,False,0.48012966034028887,False,0.4610982041834925
V8_T4_T5,60,70,0.0017800421456898759,0.03000136593050509,0.5142857142857142,0.6211847418266335,0.002310492114670142,0.028714893118782194,0.5,0.503066540827049,22740.17142857143,85,70,15,False,0.6507559984872707,False,0.5338129295323878
V8_T4_T5,300,70,0.003402184634884512,0.020615912156510405,0.5428571428571428,0.1718224865085955,0.006534329434324868,0.020734484290920695,0.6571428571428571,0.010334688392353882,22500.17142857143,85,70,15,False,0.20541407989176383,True,0.013644000151158832
V8_T4_T6,1,70,0.0008585078151022823,0.0064030947480455125,0.5571428571428572,0.26584943094946933,0.0013634681575307897,0.006268810836784945,0.5857142857142857,0.07313680351087191,22799.17142857143,85,70,15,False,0.3015016104494157,False,0.08704362939375214
V8_T4_T6,5,70,0.0018295036380093744,0.014573251540693112,0.5285714285714286,0.29723116240052583,0.0031157273125473877,0.014297371212820667,0.5285714285714286,0.07259333842546344,22795.17142857143,85,70,15,False,0.3340708087488018,False,0.08645638892105349
V8_T4_T6,30,70,0.0025971149982575914,0.0326594682147127,0.5142857142857142,0.5080632407460778,0.003716606008535804,0.028737344736702225,0.4714285714285714,0.2829956888499085,22770.17142857143,85,70,15,False,0.5417773138202774,False,0.31208110596119815
V8_T4_T6,60,70,0.0029643615197843445,0.039504530393373524,0.5428571428571428,0.5321960062300154,0.0027259411932549155,0.03576401176906894,0.5571428571428572,0.5257768600466772,22740.17142857143,85,70,15,False,0.5648962216665755,False,0.5563733695134058
V8_T4_T6,300,70,0.0052959583798602395,0.030330169662417673,0.5285714285714286,0.14858342950386566,0.007245846257836573,0.026524866067199893,0.6142857142857143,0.025359230196118535,22500.17142857143,85,70,15,False,0.17999850944454976,True,0.031930080294311054
V8_T4_T7,1,70,0.001750140006451468,0.008096697521642304,0.6285714285714286,0.07488895992257173,0.002057199720019976,0.005744564537591217,0.6714285714285714,0.003795804755628574,22799.17142857143,85,70,15,False,0.09879395056605016,True,0.005303075386452375
V8_T4_T7,5,70,0.003744819452956412,0.01831839426855316,0.6,0.09168887204517998,0.0037368551038120296,0.013248423591798654,0.6428571428571429,0.0211145972600356,22795.17142857143,85,70,15,False,0.11815928866695145,True,0.026899311774860987
V8_T4_T7,30,70,0.007669619847168394,0.04115949915759568,0.5571428571428572,0.12356590759116007,0.005923636151290467,0.02995933789694845,0.5571428571428572,0.10261609653083929,22770.17142857143,85,70,15,False,0.15301799667650826,False,0.12030492484358661
V8_T4_T7,60,70,0.009827885432121044,0.05078965354739513,0.5428571428571428,0.11001994858845306,0.007258043540447943,0.041320995606474266,0.5,0.14621639059626157,22740.17142857143,85,70,15,False,0.13862834513971747,False,0.16783935767037045
V8_T4_T7,300,70,0.010861142872074223,0.07164558286272085,0.5714285714285714,0.2089398386070059,0.007420070014857763,0.052542438442876926,0.5285714285714286,0.24144631640298794,22500.17142857143,85,70,15,False,0.24495661431530552,False,0.2690958139265559
V8_T4_T8,1,70,0.0022513466371385676,0.00964891266598538,0.6714285714285714,0.0549794653126193,0.0021584375487638057,0.006071983496022869,0.6571428571428571,0.0040457850906039546,22799.17142857143,85,70,15,False,0.07484399237789585,True,0.00562276246501877
V8_T4_T8,5,70,0.004901958900145521,0.02180243796020314,0.6571428571428571,0.06417707164792172,0.003594289376390583,0.013188514903818406,0.6428571428571429,0.02569218802851306,22795.17142857143,85,70,15,False,0.08584988707891031,True,0.032325750050441596
V8_T4_T8,30,70,0.009090813623023926,0.04953013694817788,0.6428571428571429,0.1292059763468633,0.006026252905361976,0.03218622289684474,0.5714285714285714,0.12181003071662266,22770.17142857143,85,70,15,False,0.15914675517946975,False,0.1412260591026615
V8_T4_T8,60,70,0.011307795789370845,0.06364119459374436,0.6,0.14168080525958032,0.007247372911485474,0.04697127864003898,0.5571428571428572,0.2010420888402408,22740.17142857143,85,70,15,False,0.17272659921377911,False,0.22632792992604497
V8_T4_T8,300,70,0.012365053455081126,0.10940386510238978,0.5857142857142857,0.34764692579908724,0.005549266431545062,0.0805588931360811,0.44285714285714284,0.5662675562375482,22500.17142857143,85,70,15,False,0.3848006314530207,False,0.5968439312997953
V8_T4_T9,1,70,0.002259354620741574,0.01040353891025498,0.6714285714285714,0.07356146190921722,0.002163504777721554,0.006633427649742395,0.6428571428571429,0.008057718216095548,22799.17142857143,85,70,15,False,0.09715399499095775,True,0.0107696001689014
V8_T4_T9,5,70,0.004899232532628545,0.023421231552733412,0.6714285714285714,0.08454339496480143,0.0032974757246077217,0.014379388721076766,0.6285714285714286,0.059169610112669774,22795.17142857143,85,70,15,False,0.1098936905957069,False,0.07130484929866553
V8_T4_T9,30,70,0.008803914059389696,0.05331989519847531,0.6571428571428571,0.1715974388982417,0.004610017984375529,0.034325073897365665,0.5428571428571428,0.26504583768212736,22770.17142857143,85,70,15,False,0.20521604409602803,False,0.2933162617526425
V8_T4_T9,60,70,0.011193919376661634,0.06905334695564816,0.5857142857142857,0.179434583005149,0.005908851562256375,0.05015315251768725,0.5428571428571428,0.32771416697530714,22740.17142857143,85,70,15,False,0.21325988451420358,False,0.35830773636066016
V8_T4_T9,300,70,0.010918910490155902,0.11961271951701463,0.5571428571428572,0.44762025705291875,0.0025232830163292273,0.08082122915425204,0.42857142857142855,0.794708775269566,22500.17142857143,85,70,15,False,0.4828373362840569,False,0.8137874388133819
V8_T5_T10,1,70,0.0021121916224522866,0.010731651813351138,0.6571428571428571,0.10416620068960068,0.001977877862263207,0.0075018317997157516,0.5857142857142857,0.0307256387293035,22799.17142857143,85,70,15,False,0.13221683445355267,True,0.0381860006509869
V8_T5_T10,5,70,0.004485888969148582,0.02388027920139303,0.6714285714285714,0.1206044616117585,0.00289862775813809,0.016486907207279893,0.5857142857142857,0.14584660394171586,22795.17142857143,85,70,15,False,0.14983402188731595,False,0.16751995233332057
V8_T5_T10,30,70,0.009019745418733934,0.05573774638326102,0.6,0.1801790800880988,0.0038477521149897624,0.03951580367029202,0.4714285714285714,0.4180603686326519,22770.17142857143,85,70,15,False,0.21392257398120848,False,0.4492686076596617
V8_T5_T10,60,70,0.012099636554679577,0.07478057707951297,0.6,0.18023983006057825,0.0052032541969075875,0.05484957145331873,0.5428571428571428,0.43009707668342007,22740.17142857143,85,70,15,False,0.21392257398120848,False,0.46134287486532644
V8_T5_T10,300,70,0.009280508298622933,0.1400993136040834,0.5285714285714286,0.5812179171027322,-0.0036482974866735413,0.09583746982580132,0.5571428571428572,0.7510708221005366,22500.17142857143,85,70,15,False,0.6129755505463796,False,0.7746118478678669
V8_T5_T11,1,70,0.0021257349799863475,0.010773201614614586,0.6285714285714286,0.10330953170080596,0.0019576348353904493,0.007498610112061974,0.5857142857142857,0.03234597532557872,22799.17142857143,85,70,15,False,0.1312258941273105,True,0.040055679121818816
V8_T5_T11,5,70,0.004531923160379283,0.02397425473409722,0.6714285714285714,0.11832282089687236,0.002875961531463991,0.016551641895495017,0.5857142857142857,0.15054792861320754,22795.17142857143,85,70,15,False,0.14726417370269956,False,0.17234694942300596
V8_T5_T11,30,70,0.009099643784900626,0.05618180340782909,0.6,0.17979922325519535,0.0040494271352880945,0.039740926774706774,0.5,0.3968750221552906,22770.17142857143,85,70,15,False,0.21354634456744584,False,0.4282333546366424
V8_T5_T11,60,70,0.012128909704991149,0.07547335904081068,0.5857142857142857,0.18317397635753324,0.004957079193494133,0.054672785700454356,0.5142857142857142,0.45068491853930265,22740.17142857143,85,70,15,False,0.21703226622608962,False,0.4823780649173763
V8_T5_T11,300,70,0.009277195593670243,0.14044025384380932,0.5285714285714286,0.5822683085055288,-0.004903489341156662,0.09510844694058014,0.5571428571428572,0.6675547721067011,22500.17142857143,85,70,15,False,0.6136889611336508,False,0.6951180643847656
V8_T5_T12,1,70,0.002087327648855412,0.010921049430943216,0.6714285714285714,0.11436811886315247,0.0018184232143958435,0.007958158867198698,0.6,0.06006149470589236,22799.17142857143,85,70,15,False,0.14301188949409765,False,0.07235441569346517
V8_T5_T12,5,70,0.004517017814733507,0.02429043489001314,0.6571428571428571,0.12432076856259906,0.0029643782478535005,0.01735606121652697,0.6,0.15751664347431962,22795.17142857143,85,70,15,False,0.153842498346626,False,0.1799669322763804
V8_T5_T12,30,70,0.009173687040803949,0.05728187208440194,0.6,0.18467059245717515,0.00405410320106396,0.04058148467715481,0.5142857142857142,0.4061378678245463,22770.17142857143,85,70,15,False,0.21865555069895137,False,0.43781788871569655
V8_T5_T12,60,70,0.012059008502543803,0.07745606318113947,0.6142857142857143,0.1970482450811776,0.004400218355382418,0.05560988539530118,0.5,0.5101633111375472,22740.17142857143,85,70,15,False,0.23243485379155637,False,0.5407197640929641
V8_T5_T12,300,70,0.0095038475764912,0.14386829426188152,0.5428571428571428,0.5822602814001162,-0.001974676063580465,0.09687369737536829,0.5142857142857142,0.8650806436574736,22500.17142857143,85,70,15,False,0.6136889611336508,False,0.8777837368095658
V8_T5_T6,1,70,0.00021124343000925385,0.005842915218401997,0.45714285714285713,0.7631929771558553,0.0013438937984392926,0.00593211055167965,0.6,0.06222656269358508,22799.17142857143,85,70,15,False,0.7859409049399345,False,0.07470214527669786
V8_T5_T6,5,70,0.00028157944591081723,0.01327123092250034,0.45714285714285713,0.8596227883011454,0.0027600175561263824,0.01438107377669215,0.6,0.11290303044365228,22795.17142857143,85,70,15,False,0.8735284510530756,False,0.13169479074369297
V8_T5_T6,30,70,0.0008433802115672943,0.027710243472728484,0.5,0.7997560941047722,0.0034578892380717537,0.029398983170016005,0.5428571428571428,0.3285172345498229,22770.17142857143,85,70,15,False,0.818228399506067,False,0.3590721434260165
V8_T5_T6,60,70,0.0029754493756682723,0.03467991089805952,0.5428571428571428,0.475283494481875,0.004600182431236816,0.035416827898749344,0.5285714285714286,0.2809459302662758,22740.17142857143,85,70,15,False,0.5102872819872213,False,0.31001858481954103
V8_T5_T6,300,70,0.00349073734271128,0.025831061473927504,0.5142857142857142,0.26212183383035864,0.008878189019320923,0.028705645643550912,0.6571428571428571,0.011772127062536417,22500.17142857143,85,70,15,False,0.29790491311970035,True,0.015447284086997085
V8_T5_T7,1,70,0.0015030330812826167,0.007599192055816846,0.5714285714285714,0.10250361235628026,0.0018707297794977467,0.00563119466804543,0.6142857142857143,0.007010468504257917,22799.17142857143,85,70,15,False,0.13034596271289964,True,0.009402627594026049
V8_T5_T7,5,70,0.0030889838245753364,0.016780442966808033,0.5571428571428572,0.12809912476972088,0.003084291086832853,0.013333554579914891,0.5285714285714286,0.0570471098241785,22795.17142857143,85,70,15,False,0.1580087383360891,False,0.068867143411089
V8_T5_T7,30,70,0.007916822754719464,0.03761566490387004,0.4714285714285714,0.08268849309816405,0.00572873934136442,0.03264644085104511,0.5428571428571428,0.1466058955767255,22770.17142857143,85,70,15,False,0.1077664065085465,False,0.16816844927542712
V8_T5_T7,60,70,0.011582436686875251,0.04854555167227765,0.5428571428571428,0.04986237494235022,0.008593738102759095,0.04297648283206299,0.5142857142857142,0.09885243962670093,22740.17142857143,85,70,15,False,0.0686626167500279,False,0.11597119827173233
V8_T5_T7,300,70,0.010743253309867876,0.07547683384110174,0.5428571428571428,0.23777801311852662,0.008545360755477596,0.05685138506355433,0.5285714285714286,0.21278050044544472,22500.17142857143,85,70,15,False,0.2743897913575516,False,0.23876473823936717
V8_T5_T8,1,70,0.0020177087395786123,0.009199418527122884,0.6428571428571429,0.07080914339337217,0.0020521212543799234,0.00622221247361939,0.6714285714285714,0.007409997077090385,22799.17142857143,85,70,15,False,0.0939138542894821,True,0.009923077481142356
V8_T5_T8,5,70,0.004308874990907759,0.020537094124028432,0.6142857142857143,0.08363076357360058,0.003340092735005512,0.014053208162534013,0.5714285714285714,0.050720951357371695,22795.17142857143,85,70,15,False,0.10887124647580634,False,0.06166111433487657
V8_T5_T8,30,70,0.009431523014285457,0.047648621415654145,0.6285714285714286,0.1022474818136356,0.005761508001370119,0.03597328685912697,0.5857142857142857,0.18464131517305432,22770.17142857143,85,70,15,False,0.13006813316130744,False,0.2090221965671372
V8_T5_T8,60,70,0.013060713116203168,0.06315566273451244,0.6142857142857143,0.08805997239228962,0.007944609189600096,0.05098924480539968,0.5285714285714286,0.19670417576440816,22740.17142857143,85,70,15,False,0.11395026390088413,False,0.2219506620725115
V8_T5_T8,300,70,0.01219742423213561,0.11824712507304248,0.5571428571428572,0.3911101421361083,0.006637586385485103,0.08787162206240876,0.4714285714285714,0.5294815736279419,22500.17142857143,85,70,15,False,0.4274867260614534,False,0.5599506693861461
V8_T5_T9,1,70,0.0020717897940427618,0.010013818223414803,0.6285714285714286,0.08792293461883306,0.0021212222377586026,0.006801258101864229,0.6285714285714286,0.011112535096920527,22799.17142857143,85,70,15,False,0.11381556354742159,True,0.014626212860899209
V8_T5_T9,5,70,0.0044054441824916985,0.022313194926340926,0.6142857142857143,0.10310431600530963,0.0032274282207102223,0.015296753278248573,0.6285714285714286,0.08194627329961833,22795.17142857143,85,70,15,False,0.13101339161395542,False,0.09712671500863854
V8_T5_T9,30,70,0.009300544983778167,0.051974687861723476,0.6285714285714286,0.13891473702730575,0.004689883935663139,0.037918772541931406,0.5571428571428572,0.3043750365703708,22770.17142857143,85,70,15,False,0.16953388075921633,False,0.33399237774696255
V8_T5_T9,60,70,0.012740541564235788,0.06900923822691023,0.6285714285714286,0.12700566115326514,0.006739252190819772,0.05364959798682158,0.5571428571428572,0.29693494906307505,22740.17142857143,85,70,15,False,0.1567719039959025,False,0.326515037878079
V8_T5_T9,300,70,0.01034947490237862,0.12865241663093985,0.5142857142857142,0.5031615140590151,0.003617984279772046,0.08716725461505843,0.45714285714285713,0.7294484542688625,22500.17142857143,85,70,15,False,0.5372135448312414,False,0.7541126300116457
V8_T6_T10,1,70,0.00214961956962013,0.010293856821860167,0.6571428571428571,0.08505906584518352,0.0018590871905305394,0.007446901813437834,0.5714285714285714,0.04042734520298728,22799.17142857143,85,70,15,False,0.1103978484204016,True,0.04965392025464666
V8_T6_T10,5,70,0.0046773832804820475,0.02295761076133853,0.6714285714285714,0.0927662230347388,0.002327674678416547,0.017031347741533812,0.6,0.2567979523557753,22795.17142857143,85,70,15,False,0.11932513052309106,False,0.2851018397780217
V8_T6_T10,30,70,0.009591037638698292,0.05470922078917728,0.6142857142857143,0.14698903016483883,0.004154181235164596,0.039509168863046965,0.5571428571428572,0.382073252481524,22770.17142857143,85,70,15,False,0.17831709944505553,False,0.4136831987852289
V8_T6_T10,60,70,0.012283625427080384,0.0748148489451487,0.6,0.1739855562105628,0.005396565660450628,0.055515178113249644,0.5571428571428572,0.4188394423572651,22740.17142857143,85,70,15,False,0.20771254205511214,False,0.44982600974334813
V8_T6_T10,300,70,0.008410492504840827,0.14500388815510495,0.5,0.6290162795014401,-0.003445868150341304,0.10184420261427453,0.5428571428571428,0.7779619819190329,22500.17142857143,85,70,15,False,0.6573657730421886,False,0.7987692860416816
V8_T6_T11,1,70,0.002167780219013021,0.010347798831703777,0.6714285714285714,0.08408943071965155,0.0018301248361917912,0.007424817587815494,0.5428571428571428,0.042950244309783336,22799.17142857143,85,70,15,False,0.10938591232545035,False,0.0525843706911061
V8_T6_T11,5,70,0.004716697533129574,0.023078648189731932,0.6714285714285714,0.09177367477527759,0.0023346463670707845,0.017017849676737962,0.6,0.2550160184875408,22795.17142857143,85,70,15,False,0.11822447664003881,False,0.2832145110493261
V8_T6_T11,30,70,0.009602907087831646,0.05505842242337173,0.6,0.1490356080160453,0.004249038605831811,0.03960198669199254,0.5285714285714286,0.3724765433834504,22770.17142857143,85,70,15,False,0.18041977074121812,False,0.40392544174194006
V8_T6_T11,60,70,0.012275523985167127,0.07535208328821826,0.5857142857142857,0.17731609108372398,0.00496106854894076,0.05483849512632625,0.5428571428571428,0.45168640912006636,22740.17142857143,85,70,15,False,0.2110324129156963,False,0.48330026122943
V8_T6_T11,300,70,0.008420595339416645,0.14502379034751223,0.4857142857142857,0.6286520456627491,-0.004833941186076656,0.10015863646782396,0.5428571428571428,0.6876115040622989,22500.17142857143,85,70,15,False,0.6573405467982971,False,0.7140660494545364
V8_T6_T12,1,70,0.002105333224210002,0.010570000665601906,0.6571428571428571,0.10015548418395089,0.001665000833410667,0.007878617150372004,0.5857142857142857,0.08146013713824982,22799.17142857143,85,70,15,False,0.1277833079230245,False,0.09658365607846708
V8_T6_T12,5,70,0.004622386559471518,0.023558693234763176,0.6857142857142857,0.10522609369868308,0.002438127383373727,0.01760057080502046,0.5714285714285714,0.25045670793776276,22795.17142857143,85,70,15,False,0.1333172547594243,False,0.2785091489941971
V8_T6_T12,30,70,0.009321765390894446,0.05612657306565131,0.6285714285714286,0.16912883064503503,0.0040212642940513675,0.04042477038299624,0.5142857142857142,0.4081280470981783,22770.17142857143,85,70,15,False,0.2026847415465127,False,0.4394148964550346
V8_T6_T12,60,70,0.011954417134464674,0.07720108962430784,0.6428571428571429,0.19944826347046396,0.00426488964830581,0.05584126789128563,0.5142857142857142,0.5249378987538347,22740.17142857143,85,70,15,False,0.2349450222606386,False,0.5556557721184125
V8_T6_T12,300,70,0.008813830021132011,0.14824271161991012,0.5428571428571428,0.6204606263367606,-0.002147813182283301,0.10022986664701951,0.5142857142857142,0.8582379294239664,22500.17142857143,85,70,15,False,0.650194559900973,False,0.8723777717445731
V8_T6_T7,1,70,0.001640497896056068,0.006663634450990003,0.5714285714285714,0.04319752866174565,0.001904906718095843,0.005547594767676988,0.6,0.005400412089595512,22799.17142857143,85,70,15,False,0.0603751867015903,True,0.007360324958403351
V8_T6_T7,5,70,0.0036277336225415593,0.014873794623047788,0.5857142857142857,0.0451166318564909,0.0027916333418420433,0.013034195715398404,0.5142857142857142,0.07752714206617839,22795.17142857143,85,70,15,False,0.0628033694859694,False,0.09198361120832635
V8_T6_T7,30,70,0.009378683651873615,0.03461481566036917,0.5428571428571428,0.02653477236082447,0.006295836770798409,0.03005919254854107,0.5142857142857142,0.08415309351909059,22770.17142857143,85,70,15,True,0.038520016179264094,False,0.09953746597345361
V8_T6_T7,60,70,0.012044082420244564,0.04563899808943365,0.5714285714285714,0.03057512712085764,0.009003354454403917,0.04117510113817304,0.5428571428571428,0.07165398836514034,22740.17142857143,85,70,15,True,0.04388743838909977,False,0.0853670792419172
V8_T6_T7,300,70,0.0102129050159973,0.07663321442113759,0.5142857142857142,0.26871191879343803,0.009379912493264001,0.0602768605423035,0.5428571428571428,0.19726023044101373,22500.17142857143,85,70,15,False,0.3045930706795697,False,0.2225054182741438
V8_T6_T8,1,70,0.0021472491226561226,0.008525338481502167,0.6142857142857143,0.03873094251295024,0.001957072500930447,0.0063581486234063345,0.6571428571428571,0.012162333697589766,22799.17142857143,85,70,15,False,0.05459624903396291,True,0.015935101602264936
V8_T6_T8,5,70,0.004775958605133764,0.019160280254746056,0.6285714285714286,0.040725686255520054,0.002699467898970204,0.014867670689334056,0.5714285714285714,0.13330828301888326,22795.17142857143,85,70,15,False,0.057314560494021095,False,0.15383437469279948
V8_T6_T8,30,70,0.010788634802453356,0.04567388364719289,0.6,0.05212266733454175,0.006090085543506286,0.03580785931439684,0.5857142857142857,0.1592521433961638,22770.17142857143,85,70,15,False,0.07134857988939848,False,0.18182952922463513
V8_T6_T8,60,70,0.013769211369336926,0.06217896279125898,0.5857142857142857,0.06819648155368115,0.00818445544492338,0.05141457231002233,0.5285714285714286,0.1872950557867353,22740.17142857143,85,70,15,False,0.09079724229979512,False,0.21167956092351015
V8_T6_T8,300,70,0.011712264197289698,0.1232805832510539,0.5285714285714286,0.4294157636175376,0.007300860878901506,0.09365285633937878,0.45714285714285713,0.5164185158429291,22500.17142857143,85,70,15,False,0.4650882330089631,False,0.5469730141745309
V8_T6_T9,1,70,0.002173993543268179,0.009431521235997196,0.6571428571428571,0.05790481949394023,0.0020383024127608104,0.006793472254506735,0.6285714285714286,0.014411383481425774,22799.17142857143,85,70,15,False,0.07848613234663142,True,0.018676417827579162
V8_T6_T9,5,70,0.004782706157961646,0.021096089775427478,0.6714285714285714,0.0620411678891029,0.0026602139204584575,0.015878866073686663,0.6,0.16549587002273602,22795.17142857143,85,70,15,False,0.0834380050824642,False,0.1883360444428699
V8_T6_T9,30,70,0.010269037739873886,0.05030651177020914,0.6142857142857143,0.09215647720392857,0.0050327110651595735,0.03771314226183082,0.5428571428571428,0.2680816206325959,22770.17142857143,85,70,15,False,0.11867336143852897,False,0.2965808515163685
V8_T6_T9,60,70,0.013098265886192909,0.0683836741050534,0.6285714285714286,0.11360342137820047,0.0068340038073244,0.0537639701685985,0.5285714285714286,0.29126814524018196,22740.17142857143,85,70,15,False,0.14231320553360502,False,0.3206919827293909
V8_T6_T9,300,70,0.009611668900077521,0.13346476669062313,0.5,0.5487942290515315,0.004062054351421161,0.0928565037681591,0.5,0.7154840124178385,22500.17142857143,85,70,15,False,0.5817993437781656,False,0.7407843161233539
V8_T7_T10,1,70,0.001515404217930097,0.00990013133210444,0.5857142857142857,0.20459844845247507,0.001406208701997308,0.007165552801313671,0.5714285714285714,0.10515927074779291,22799.17142857143,85,70,15,False,0.2402745205313737,False,0.12307766952358554
V8_T7_T10,5,70,0.0031888404238579714,0.022321481288772295,0.6,0.23608126180590172,0.0016540348065101098,0.01597538155712625,0.5142857142857142,0.38935619816785016,22795.17142857143,85,70,15,False,0.272770587219507,False,0.4207774991147708
V8_T7_T10,30,70,0.005911978678490123,0.05484999332741049,0.6142857142857143,0.37030568829857957,0.0021503624380946043,0.03891307340549441,0.5,0.6452893524169754,22770.17142857143,85,70,15,False,0.4070652730103698,False,0.6735573149850906
V8_T7_T10,60,70,0.007391820819352857,0.07689938883831798,0.6142857142857143,0.42402927169005217,0.0017190370597654203,0.05528903406611561,0.4714285714285714,0.7955359606006998,22740.17142857143,85,70,15,False,0.46011970279181225,False,0.8143931092964201
V8_T7_T10,300,70,0.0027460980560651193,0.14425826526304197,0.4714285714285714,0.8739242121664669,-0.00486774767567805,0.11061857815341748,0.5,0.713873189421561,22500.17142857143,85,70,15,False,0.8857166773350376,False,0.7393380903631575
V8_T7_T11,1,70,0.0015562940269860787,0.009861697323086237,0.6142857142857143,0.19108137780703843,0.0012086287098058898,0.007213262915864469,0.5714285714285714,0.1654343409311509,22799.17142857143,85,70,15,False,0.22578186057569008,False,0.18832805532689498
V8_T7_T11,5,70,0.003284387019769875,0.022233612529153512,0.6142857142857143,0.2206762683342515,0.001321137050985447,0.015938957964830823,0.5142857142857142,0.4903332919545447,22795.17142857143,85,70,15,False,0.2566262225159337,False,0.521582981435638
V8_T7_T11,30,70,0.006176124006940956,0.05465279252008456,0.6142857142857143,0.3477127558310653,0.0012323890649406264,0.038713104531095346,0.45714285714285713,0.7907705103675229,22770.17142857143,85,70,15,False,0.3848006314530207,False,0.8099946971004423
V8_T7_T11,60,70,0.007687691782512199,0.07663939693440064,0.5571428571428572,0.4042256905503135,5.112742838197039e-05,0.05398443049505703,0.42857142857142855,0.9937006401192153,22740.17142857143,85,70,15,False,0.44042881136907386,False,0.9937006401192153
V8_T7_T11,300,70,0.0038360683566464764,0.14324613856464818,0.4857142857142857,0.8233774935188104,-0.00578775242211368,0.10614415098805546,0.5142857142857142,0.649673134717953,22500.17142857143,85,70,15,False,0.8409013420359118,False,0.6777236354017293
V8_T7_T12,1,70,0.001507081087543358,0.009948135486256397,0.6428571428571429,0.20924165782996343,0.001046491098457882,0.0077493773963736795,0.6285714285714286,0.2624551887201624,22799.17142857143,85,70,15,False,0.24506099247543175,False,0.29100856130557157
V8_T7_T12,5,70,0.0032467106543070823,0.022394417000747593,0.6428571428571429,0.2292747015113655,0.0015051037347015355,0.016777660965195063,0.5857142857142857,0.4554708837137549,22795.17142857143,85,70,15,False,0.2657309942038805,False,0.4870479428136872
V8_T7_T12,30,70,0.006420294450477908,0.05491076436884553,0.6571428571428571,0.33137189947729473,0.0013670580670378414,0.03871944956762356,0.5142857142857142,0.7685773368871333,22770.17142857143,85,70,15,False,0.36892298934102796,False,0.7898378045642609
V8_T7_T12,60,70,0.008130859903006037,0.07727096129040051,0.6,0.38171070219399705,-0.00017175525091124536,0.05336467111385301,0.4714285714285714,0.9785948365757219,22740.17142857143,85,70,15,False,0.4185954471114409,False,0.979589824256575
V8_T7_T12,300,70,0.005754341168974751,0.1476106315038354,0.5285714285714286,0.7452925831277231,-0.003739032593441089,0.10557685515932393,0.5571428571428572,0.7678868871456273,22500.17142857143,85,70,15,False,0.7686524999123233,False,0.789833044086973
V8_T7_T8,1,70,0.0016149117148470784,0.008236802230290103,0.5857142857142857,0.10548167733733417,0.0016259440358414579,0.0065220806382407384,0.6,0.04069839758631392,22799.17142857143,85,70,15,False,0.13354312759270412,True,0.049969070241902835
V8_T7_T8,5,70,0.0035026412339757536,0.018731862068340484,0.5857142857142857,0.12228530553344892,0.0021559079290889255,0.014869928998755914,0.5428571428571428,0.22925614502284766,22795.17142857143,85,70,15,False,0.15173543232729508,False,0.25600516517580435
V8_T7_T8,30,70,0.0070494653742914715,0.04652239253280246,0.5857142857142857,0.209138806697252,0.004003928505648039,0.037024168101183516,0.5142857142857142,0.3687226059188323,22770.17142857143,85,70,15,False,0.24502359346863534,False,0.4003571978157026
V8_T7_T8,60,70,0.008992532624397595,0.0665608068685406,0.5857142857142857,0.2622431903848619,0.0041965620342528185,0.05538736417126164,0.5,0.5282313469505684,22740.17142857143,85,70,15,False,0.29794482827349483,False,0.5587995418598327
V8_T7_T8,300,70,0.00528701234418361,0.1227328640726168,0.4857142857142857,0.7196404982742389,0.001444436000091034,0.0967513793476698,0.5285714285714286,0.9009596074768845,22500.17142857143,85,70,15,False,0.745087779903355,False,0.9096479964443706
V8_T7_T9,1,70,0.0015650688923165945,0.009014366642171602,0.6,0.15086628880558836,0.0016556121450084246,0.006701707682496251,0.6428571428571429,0.04249662073814024,22799.17142857143,85,70,15,False,0.1823803456344674,False,0.052102847640267756
V8_T7_T9,5,70,0.0033287972419661607,0.020346553196782823,0.6285714285714286,0.17549624859254018,0.002170834906227368,0.014936111032878265,0.5428571428571428,0.22812370708194352,22795.17142857143,85,70,15,False,0.20929911594312264,False,0.2548229576359893
V8_T7_T9,30,70,0.006245808372903794,0.050287293378398566,0.6285714285714286,0.3023614294420757,0.0031978316734359823,0.036384730139103406,0.4857142857142857,0.4646274248366114,22770.17142857143,85,70,15,False,0.3390648291860992,False,0.49591836663901523
V8_T7_T9,60,70,0.0078821911293606,0.07058534851458095,0.6,0.35341279868385717,0.0037964913303796745,0.052710471968922604,0.4857142857142857,0.5487452688271237,22740.17142857143,85,70,15,False,0.39027863641176364,False,0.5789053141367061
V8_T7_T9,300,70,0.003230004414331821,0.1332217596539874,0.4714285714285714,0.8398485418745376,-0.0003801836708113214,0.10144327782088407,0.5285714285714286,0.9750762377549895,22500.17142857143,85,70,15,False,0.8551950227458083,False,0.9767725141906317
V8_T8_T10,1,70,0.0006097500962435211,0.008643142261533177,0.5428571428571428,0.5569573979490468,0.0006941217714142995,0.00668713650358088,0.5571428571428572,0.3881590245308069,22799.17142857143,85,70,15,False,0.589565118331456,False,0.4197463003924688
V8_T8_T10,5,70,0.0011407066658776317,0.019408991548735714,0.5428571428571428,0.6244762604976634,0.0008659007755884528,0.015054583714510083,0.5714285714285714,0.6318790197360848,22795.17142857143,85,70,15,False,0.6538077212180082,False,0.6605573413579949
V8_T8_T10,30,70,0.001333956683497535,0.04711480677824808,0.4857142857142857,0.8134496647033521,0.00018957664929098014,0.03562717215240549,0.4857142857142857,0.9646187171304564,22770.17142857143,85,70,15,False,0.8317456618970351,False,0.9679807341521135
V8_T8_T10,60,70,0.0013196104717238131,0.0656363187267071,0.5,0.8669105381758064,-0.0008505319018590057,0.05018610844843587,0.5428571428571428,0.887656367792393,22740.17142857143,85,70,15,False,0.8793822399874959,False,0.8986804409790754
V8_T8_T10,300,70,-0.0034902808030233593,0.133584151222028,0.4857142857142857,0.827605254797327,-0.005550823883284684,0.1040180499773003,0.5285714285714286,0.6566518244252874,22500.17142857143,85,70,15,False,0.8449693130392332,False,0.6845902394053615
V8_T8_T11,1,70,0.0007759070067685964,0.008516894683566192,0.5714285714285714,0.4485294936886527,0.0007579721081525572,0.006465216879392478,0.5714285714285714,0.33007512531233113,22799.17142857143,85,70,15,False,0.48366710383717076,False,0.360546809343694
V8_T8_T11,5,70,0.001509664535636299,0.019125010115622305,0.5714285714285714,0.5111757992729178,0.0008947939999788474,0.014302942474895188,0.5714285714285714,0.6023620608807237,22795.17142857143,85,70,15,False,0.5445921635793805,False,0.6321873998611485
V8_T8_T11,30,70,0.0022598260987907776,0.04650833117277032,0.5428571428571428,0.6856109436072608,0.00013430286505676856,0.03385559638389104,0.4714285714285714,0.9736191045865603,22770.17142857143,85,70,15,False,0.7124167850114546,False,0.9755957094972639
V8_T8_T11,60,70,0.002449159320716187,0.06509926447926255,0.5142857142857142,0.7538880252021494,-0.001593367623114534,0.04776526344046899,0.5142857142857142,0.7810063654112686,22740.17142857143,85,70,15,False,0.7766927597691256,False,0.8014187681900603
V8_T8_T11,300,70,-0.0007801319750315888,0.13165599863114708,0.4857142857142857,0.9606030517233051,-0.004862960626629396,0.09820725117113925,0.5142857142857142,0.6799456115642224,22500.17142857143,85,70,15,False,0.965072272086077,False,0.7067425054014406
V8_T8_T12,1,70,0.000923792044853798,0.0087801685228574,0.5714285714285714,0.3817638940226195,0.0007116868927941756,0.007146941705934771,0.5857142857142857,0.4076407139530721,22799.17142857143,85,70,15,False,0.4185954471114409,False,0.4390270158066908
V8_T8_T12,5,70,0.001937049447899948,0.019734520060250515,0.5714285714285714,0.41434549426996414,0.001248610239959481,0.015678761303692126,0.5285714285714286,0.5074465891720332,22795.17142857143,85,70,15,False,0.4508861992764492,False,0.538295353266618
V8_T8_T12,30,70,0.0037335974735716385,0.04812186534252171,0.5714285714285714,0.5184069774345968,0.0008621574401851089,0.03597176124346481,0.45714285714285713,0.8416579567446091,22770.17142857143,85,70,15,False,0.5517856152299853,False,0.8581126753285546
V8_T8_T12,60,70,0.004688217699918909,0.0679043648594901,0.5714285714285714,0.5653858201069228,-0.0008091271410464432,0.05035288933766425,0.5714285714285714,0.8934428938419251,22740.17142857143,85,70,15,False,0.5979210310588976,False,0.903114452376785
V8_T8_T12,300,70,0.0039186422580883735,0.1413385068386729,0.5142857142857142,0.8172510957735858,-0.0026342170738851926,0.10301286598567011,0.5714285714285714,0.8312182428744543,22500.17142857143,85,70,15,False,0.8348913471016378,False,0.8486581055352364
V8_T8_T9,1,70,0.0004505573618590997,0.006903254004258046,0.5571428571428572,0.5867817692009604,0.0009247055366797129,0.005768937839166288,0.6,0.184290533864363,22799.17142857143,85,70,15,False,0.6179003391006761,False,0.20869347574610755
V8_T8_T9,5,70,0.000790898044610586,0.015495235688939265,0.5428571428571428,0.6706778167019827,0.0010451501728379806,0.012742358784225551,0.5571428571428572,0.49485953173422564,22795.17142857143,85,70,15,False,0.6983700592843128,False,0.5262356670180823
V8_T8_T9,30,70,0.00019345035056299943,0.03899364930805225,0.5,0.9670113343534866,-9.666531092954704e-05,0.031816247399842464,0.4857142857142857,0.9797935576268254,22770.17142857143,85,70,15,False,0.9700999303691337,False,0.9800772268675976
V8_T8_T9,60,70,-0.00010651508750390361,0.05426179144103527,0.5142857142857142,0.9869439200723392,-0.0004207130857467709,0.0445489168706532,0.4714285714285714,0.9372510810980528,22740.17142857143,85,70,15,False,0.9876247680524272,False,0.9432072786424359
V8_T8_T9,300,70,-0.0035265823540628943,0.11270515863239412,0.5285714285714286,0.7942603944531811,-0.0003176963238978479,0.09155283844471605,0.5142857142857142,0.9769222167544502,22500.17142857143,85,70,15,False,0.8133282936679729,False,0.9783380460540944
V8_T9_T10,1,70,0.0003674725909306381,0.008587820237752649,0.5857142857142857,0.7214312756408306,0.00017191148509415814,0.007120622376409513,0.5142857142857142,0.8405166889274825,22799.17142857143,85,70,15,False,0.7466699948592006,False,0.857644760851876
V8_T9_T10,5,70,0.0006633754180592317,0.019461198018682922,0.5571428571428572,0.7763506159468356,5.209030530115597e-05,0.016294505708567126,0.5714285714285714,0.978739239749261,22795.17142857143,85,70,15,False,0.7973517770797613,False,0.979589824256575
V8_T9_T10,30,70,0.0009283038245768968,0.047349036362224844,0.5428571428571428,0.8701856672202457,0.00042853211934323443,0.03905690157584383,0.5571428571428572,0.9271242946640547,22770.17142857143,85,70,15,False,0.8824454007179187,False,0.9334616669968736
V8_T9_T10,60,70,0.0009988952357436207,0.06610595139464226,0.5285714285714286,0.8997642402810331,-0.0010413776267521654,0.05513936745091021,0.4714285714285714,0.874907320768076,22740.17142857143,85,70,15,False,0.9089723538511606,False,0.8872335759476673
V8_T9_T10,300,70,-0.003260442071455288,0.13283255016193155,0.5285714285714286,0.8378936262689174,-0.009087586638604017,0.10645274916425722,0.5428571428571428,0.4774916125192195,22500.17142857143,85,70,15,False,0.8534559194454923,False,0.5085491742459628
V8_T9_T11,1,70,0.0006077107405040051,0.008252673578009476,0.5428571428571428,0.5398556915174232,0.0004361122125240275,0.006611416826467036,0.5142857142857142,0.5828066642860946,22799.17142857143,85,70,15,False,0.5724988993838849,False,0.6127805919380575
V8_T9_T11,5,70,0.0011769993948144684,0.018667209725651626,0.5428571428571428,0.5995189437035965,0.0006010017538953222,0.014839687672914053,0.5571428571428572,0.7357561629657046,22795.17142857143,85,70,15,False,0.6299689630462062,False,0.7595232270243417
V8_T9_T11,30,70,0.002107405615370847,0.04567566923523723,0.5571428571428572,0.7006679648588389,0.0014622388933252656,0.03594624624174961,0.5571428571428572,0.7346340051575992,22770.17142857143,85,70,15,False,0.7265329587596904,False,0.7590192846350196
V8_T9_T11,60,70,0.0024528762292075584,0.06417092345551403,0.5428571428571428,0.7500818801273107,-0.0003294358949310429,0.05015212162462567,0.45714285714285713,0.9563307763680508,22740.17142857143,85,70,15,False,0.7731303388543731,False,0.9602216891460666
V8_T9_T11,300,70,0.0009033048071970964,0.1300604883149864,0.5,0.9538303416503598,-0.00850378087916657,0.09646801360480048,0.5428571428571428,0.4633028805010057,22500.17142857143,85,70,15,False,0.9588256707599631,False,0.4948103406896367
V8_T9_T12,1,70,0.0008562847938125424,0.008506339904881718,0.5428571428571428,0.40257574037138333,0.00037267567050556393,0.007063280686950185,0.5142857142857142,0.6602733739726427,22799.17142857143,85,70,15,False,0.4390464592749777,False,0.6879506957404947
V8_T9_T12,5,70,0.001831585906962723,0.01923353654759352,0.5428571428571428,0.42833445930227637,0.0009128489763521417,0.015509895742053172,0.5,0.6239829879829503,22795.17142857143,85,70,15,False,0.46420814206065397,False,0.6532912798427555
V8_T9_T12,30,70,0.004008479866701281,0.04736442878446954,0.5285714285714286,0.48128667553579046,0.0013642809883661834,0.036719857941966645,0.5,0.7568512472926356,22770.17142857143,85,70,15,False,0.5159520559912746,False,0.7798750549943502
V8_T9_T12,60,70,0.005377471688618787,0.06743161376882502,0.5428571428571428,0.5068622443595697,-0.000614334332265378,0.05169344029550496,0.4857142857142857,0.921085010595281,22740.17142857143,85,70,15,False,0.5406634931343974,False,0.9285448743085816
V8_T9_T12,300,70,0.007272237118289252,0.1439043401799475,0.5285714285714286,0.6737501712091599,-0.005639449956815995,0.106067958653037,0.5285714285714286,0.6578293781656185,22500.17142857143,85,70,15,False,0.7009355138595748,False,0.6856110110293249
VB1_T1,1,70,-9.016157377427158e-05,0.007196349496789629,0.4857142857142857,0.9168200567482635,-0.00026123285429794903,0.007493560533354424,0.5142857142857142,0.7714156609089118,22285.685714285715,85,70,15,False,0.9251207056265334,False,0.7925189141957449
VB1_T1,5,70,-0.0005454256443117715,0.007732315001999839,0.5285714285714286,0.5570064941306367,-8.471293034104307e-05,0.009087129351837364,0.5571428571428572,0.9380570213018351,22281.685714285715,85,70,15,False,0.589565118331456,False,0.9432072786424359
VB1_T1,30,70,0.0007693629992868724,0.008727367605470278,0.5,0.46328308330444956,0.0017769465291844744,0.010516177229951486,0.5571428571428572,0.1619381185378498,22256.685714285715,85,70,15,False,0.49817710949793753,False,0.18471317251511096
VB1_T1,60,70,0.0005224472967151919,0.009861003064495843,0.5285714285714286,0.6589556876478436,0.0020067950037467434,0.013334736219660522,0.5857142857142857,0.21222950803025498,22226.742857142857,85,70,15,False,0.6867848871261839,False,0.23822383048880147
VB1_T1,300,70,0.0009628852854050863,0.012354197838051072,0.5142857142857142,0.5165081005113544,0.003679757086859466,0.017156053450579974,0.5857142857142857,0.07710880111775359,21987.742857142857,85,70,15,False,0.5501034177764271,False,0.09155014015870744
VB1_T10,1,70,-8.71749609783979e-05,0.0067002228010034776,0.5142857142857142,0.9136328213129757,-0.0008614959642567652,0.006922213754338894,0.5142857142857142,0.301391801116399,21299.17142857143,85,70,15,False,0.9221739402969125,False,0.330994492325861
VB1_T10,5,70,-0.00032544989753538494,0.015431273905475105,0.5142857142857142,0.8604542155124041,-0.002123867408294017,0.015404255795664765,0.5,0.2526656969206298,21295.17142857143,85,70,15,False,0.8741162348119248,False,0.28087515536061
VB1_T10,30,70,-0.0006674554231218673,0.03923455090703955,0.5142857142857142,0.8872325526052222,-0.002765720585655357,0.038264363903542604,0.5,0.5473407712393701,21270.17142857143,85,70,15,False,0.8976247347733654,False,0.5775999891973194
VB1_T10,60,70,-5.4232947001562575e-05,0.05535293882696901,0.5142857142857142,0.9934832180109509,-0.0006146953551271378,0.05474648307368427,0.5,0.9254287015929583,21240.17142857143,85,70,15,False,0.9934832180109509,False,0.932173808747426
VB1_T10,300,70,0.008218876430993735,0.11575152240036503,0.5285714285714286,0.554410690503604,0.0010621368688110977,0.1136482783736084,0.4857142857142857,0.9379010211613336,21000.17142857143,85,70,15,False,0.5873931112204698,False,0.9432072786424359
VB1_T11,1,70,-0.00021885390751407862,0.0070606606839273,0.5285714285714286,0.7961503942543519,-0.0007601797033757066,0.0071250878895133245,0.4857142857142857,0.3751540188556566,20999.17142857143,85,70,15,False,0.8150221073033439,False,0.406701328881799
VB1_T11,5,70,-0.000561899749887589,0.016114414912380658,0.5285714285714286,0.7713621027965265,-0.0022155684723329586,0.015427880508041352,0.5285714285714286,0.23366070195791566,20995.17142857143,85,70,15,False,0.793436391625002,False,0.2607550792198316
VB1_T11,30,70,-0.0013572313766912986,0.040772019238848684,0.5,0.7814538999935707,-0.002806249352316498,0.03786088655969722,0.5285714285714286,0.5372132944799486,20970.17142857143,85,70,15,False,0.8018779995479023,False,0.5679534676952944
VB1_T11,60,70,-0.0010089498415788434,0.057540467665785695,0.5,0.8837925901111913,-0.0008980130374364499,0.054385595359637925,0.5142857142857142,0.8905250301119085,20940.17142857143,85,70,15,False,0.8946684438424161,False,0.9009557771703204
VB1_T11,300,70,0.0017728054187272262,0.1162911658789093,0.5428571428571428,0.8988800636747665,-0.0037082601600192627,0.1137681328887651,0.5285714285714286,0.7858918374317406,20700.17142857143,85,70,15,False,0.9086104798116788,False,0.8057140351117696
VB1_T12,1,70,0.00018023920407754307,0.007310941476421371,0.5428571428571428,0.8371915435083515,-0.00019232984358774838,0.00876372038091904,0.4714285714285714,0.8548543312808403,19199.17142857143,85,70,15,False,0.8531007883110758,False,0.8691941479032677
VB1_T12,5,70,0.0004212358570095918,0.016860381448032237,0.5428571428571428,0.8350413248317476,-0.0007334283117057454,0.01808516717547154,0.44285714285714284,0.7354141023641073,19195.17142857143,85,70,15,False,0.8517577492062832,False,0.7595232270243417
VB1_T12,30,70,0.0013066525329133267,0.042295925211243104,0.5857142857142857,0.7968134343934886,0.0003579438647055792,0.038484777962945,0.5285714285714286,0.9381987764729577,19170.17142857143,85,70,15,False,0.815459246394995,False,0.9432072786424359
VB1_T12,60,70,0.002749089523424015,0.06000202464942747,0.5714285714285714,0.7026541476361666,0.00222227199057142,0.05570265473071072,0.5285714285714286,0.7395520646566132,19140.17142857143,85,70,15,False,0.7283738614110278,False,0.7631876891841692
VB1_T12,300,70,0.016566966701851205,0.12898286944141849,0.5857142857142857,0.28628286776233736,0.012738352283357623,0.12476172929205973,0.4857142857142857,0.3959270988739414,18900.17142857143,85,70,15,False,0.3227103778528142,False,0.4273439945671564
VB1_T2,1,70,-0.0007761849432924455,0.008134278336075376,0.6,0.4274047031898253,-0.0009559345609899741,0.00772953569717671,0.5285714285714286,0.3044115767077236,22752.7,85,70,15,False,0.46349128986843896,False,0.33399237774696255
VB1_T2,5,70,-0.0024580967276883582,0.012800939945431,0.6,0.1127105399409894,-0.002641110945660265,0.012991523406967397,0.5857142857142857,0.0934671385361077,22748.7,85,70,15,False,0.14129713914953498,False,0.10995197944918356
VB1_T2,30,70,0.000399357550479672,0.015829269170569996,0.5428571428571428,0.8334458917511475,0.000254364908624962,0.01502233172470823,0.5,0.8877558162262184,22723.7,85,70,15,False,0.850429874778563,False,0.8986804409790754
VB1_T2,60,70,0.0012663348448321548,0.019747216359536905,0.5714285714285714,0.5933199798443037,0.0011541425556204972,0.019365511569436056,0.6142857142857143,0.6196250595235759,22693.7,85,70,15,False,0.6242145342150028,False,0.6489253048359972
VB1_T2,300,70,0.00345676224566598,0.02208917453933088,0.5714285714285714,0.1947761947645779,0.005118263106384664,0.02242159120654778,0.5857142857142857,0.060306749721147475,22453.72857142857,85,70,15,False,0.22983324894522425,False,0.0726245452375617
VB1_T3,1,70,-0.0006522630115939347,0.007314306345628462,0.5428571428571428,0.45813981694892164,-0.001495494036412259,0.00657751102051127,0.6,0.06131031661009882,22767.9,85,70,15,False,0.49326053834793526,False,0.0737046429672552
VB1_T3,5,70,-0.0016243669172917533,0.015182675362319344,0.6,0.37383101412870323,-0.0030671825130084195,0.014288319531116473,0.6428571428571429,0.07687160928940506,22763.9,85,70,15,False,0.4106792221986231,False,0.09129990034200566
VB1_T3,30,70,0.00023364401496291806,0.027905537006726436,0.44285714285714284,0.944355829521294,-0.0011017339188811616,0.02975357045181674,0.5,0.7576439301136749,22738.9,85,70,15,False,0.9504076291861552,False,0.7804590872220474
VB1_T3,60,70,0.0022765378217835443,0.03364062388672265,0.5571428571428572,0.5731036326138332,0.0010469752952233537,0.03432351349862386,0.5571428571428572,0.7993218896343204,22708.9,85,70,15,False,0.6055269268136984,False,0.8175420748036047
VB1_T3,300,70,0.0075934806466672194,0.03470413180888158,0.5571428571428572,0.07146903919613903,0.008230889956235941,0.03506489520638161,0.5857142857142857,0.05356973638385886,22468.9,85,70,15,False,0.09460748292055952,False,0.06485053931542831
VB1_T4,1,70,-0.0004936352897379776,0.006349707023308425,0.5857142857142857,0.5175735326227953,-0.0020764663740912826,0.006206407379147901,0.6142857142857143,0.006637385101836162,22738.32857142857,85,70,15,False,0.5510682758741934,True,0.008936931226361628
VB1_T4,5,70,-0.0016471565246365253,0.014003414829455869,0.5571428571428572,0.32849273831175263,-0.0038692448111783398,0.01452786193844673,0.6285714285714286,0.029122130261237805,22734.32857142857,85,70,15,False,0.3661104551184211,True,0.036389497306537656
VB1_T4,30,70,-0.0011828964598281553,0.03430329495095841,0.5142857142857142,0.7738218057597755,-0.003978006656035758,0.03308671608952315,0.5571428571428572,0.3179715710888601,22709.32857142857,85,70,15,False,0.7952273464901917,False,0.3482065857724284
VB1_T4,60,70,0.0023316608358113,0.04283830017644079,0.5285714285714286,0.6502594855657766,0.00034007417324839257,0.042405492950760564,0.4714285714285714,0.9466988397510464,22679.32857142857,85,70,15,False,0.6785401759679125,False,0.9508268870174027
VB1_T4,300,70,0.008913137737662618,0.04566380928084947,0.5857142857142857,0.10700756037637155,0.010509902417406224,0.044265362088364645,0.5857142857142857,0.050953405172824796,22439.32857142857,85,70,15,False,0.13517774080452052,False,0.06192191870281733
VB1_T5,1,70,-0.0007090178979709752,0.006124395288215784,0.5428571428571428,0.33612940324333096,-0.0016348361194727685,0.006070763740519009,0.5285714285714286,0.02743491051932844,22708.757142857143,85,70,15,False,0.3735371785801571,True,0.034343339074014406
VB1_T5,5,70,-0.0018469456438159027,0.014239409743998392,0.5285714285714286,0.28160861317945496,-0.0036822463218816673,0.013963149286309574,0.5857142857142857,0.030689471131141805,22704.757142857143,85,70,15,False,0.3178561772411032,True,0.038171248863737094
VB1_T5,30,70,-0.0007807346296066827,0.03732055725778876,0.4714285714285714,0.8615712304616334,-0.0030235330773455854,0.03507725483626361,0.4857142857142857,0.4732409525113962,22679.757142857143,85,70,15,False,0.8749937099485431,False,0.5044885809709576
VB1_T5,60,70,0.002661337894704152,0.04537809583088165,0.5857142857142857,0.6252061806560236,0.001088674201307414,0.04528385711852559,0.5428571428571428,0.8411790257845144,22649.757142857143,85,70,15,False,0.654175455531969,False,0.858067178649394
VB1_T5,300,70,0.011005590166957827,0.05161322692698299,0.5571428571428572,0.07881607870422039,0.01399604530559472,0.0500478502177694,0.6285714285714286,0.022196705242301443,22409.757142857143,85,70,15,False,0.10330407887825548,True,0.028205081505020775
VB1_T6,1,70,-0.0007981034855548188,0.006443441004940773,0.5571428571428572,0.3036750348536699,-0.001391149210921035,0.006889929097709929,0.5428571428571428,0.09567528177193005,22679.17142857143,85,70,15,False,0.3404273995520537,False,0.11239649728732347
VB1_T6,5,70,-0.0020314266024877323,0.015109074362365135,0.5285714285714286,0.2645310931155386,-0.0034095413913136207,0.014548742369862805,0.5714285714285714,0.05394756565129987,22675.17142857143,85,70,15,False,0.3001494012197654,False,0.06528505755700212
VB1_T6,30,70,-0.0017095467919334222,0.03528723482997499,0.4857142857142857,0.6864865181545922,-0.0033577862131089972,0.03412204381867477,0.5285714285714286,0.4131643814823346,22650.17142857143,85,70,15,False,0.7131121227372568,False,0.4442835163465503
VB1_T6,60,70,0.0015327520752009339,0.04331304435712204,0.5,0.7680618276201283,0.0013618355976398706,0.0439012719473003,0.4857142857142857,0.7959949782600374,22620.17142857143,85,70,15,False,0.7907191938103526,False,0.8146216380001271
VB1_T6,300,70,0.011747390522494008,0.05729201486135162,0.5285714285714286,0.09073711383730503,0.015203322100292608,0.055940017387606185,0.5857142857142857,0.026088719983265243,22380.17142857143,85,70,15,False,0.117020055359421,True,0.03280077421476762
VB1_T7,1,70,-0.0006587264473891155,0.005911276942099734,0.5428571428571428,0.35441347325130473,-0.001164126641615515,0.006288468701471071,0.6428571428571429,0.1259968427645746,22499.17142857143,85,70,15,False,0.39083898821680746,False,0.1457378947946452
VB1_T7,5,70,-0.0017082340089616707,0.013595370505763585,0.5428571428571428,0.296812373142693,-0.0018366440309457313,0.01259892718096317,0.6,0.2267446769686719,22495.17142857143,85,70,15,False,0.33370867204946447,False,0.25344641181713407
VB1_T7,30,70,-0.0015739880529676115,0.03380443727011098,0.5285714285714286,0.6980601613086125,0.0025422111241544323,0.03131464434271374,0.5428571428571428,0.4992679787457302,22470.17142857143,85,70,15,False,0.7242011389705741,False,0.5301078262343264
VB1_T7,60,70,0.00011526976689251376,0.04705164537486654,0.5285714285714286,0.9837060883875879,0.007665325750050042,0.04510240869401139,0.6142857142857143,0.1595496096889712,22440.17142857143,85,70,15,False,0.9848462866934559,False,0.18210898628192781
VB1_T7,300,70,0.014538069652880079,0.08663386812927845,0.5714285714285714,0.16480301321959168,0.02239864207933067,0.08405112857513888,0.6,0.029031341724041215,22200.17142857143,85,70,15,False,0.19791255150284645,True,0.036302311131582485
VB1_T8,1,70,-0.0005431291457841695,0.005876246527865382,0.5,0.44198176453167726,-0.0010201951115396519,0.006358394764079842,0.5714285714285714,0.1838636167303279,22199.17142857143,85,70,15,False,0.4775006242829722,False,0.20827829370599438
VB1_T8,5,70,-0.0015334297028920113,0.013661328002230843,0.5285714285714286,0.3509463019740742,-0.002276218475483944,0.012869756217412475,0.6,0.14348755387041162,22195.17142857143,85,70,15,False,0.3878821091875964,False,0.16508474812596474
VB1_T8,30,70,-0.002339003042423943,0.035213128598859236,0.5285714285714286,0.5801831070367082,-0.0006775924331506992,0.03278458673327468,0.5,0.8632197365472626,22170.17142857143,85,70,15,False,0.6122579825326288,False,0.8762059856490652
VB1_T8,60,70,-0.0010684930540545959,0.049835830659705586,0.5142857142857142,0.8581634360194527,0.002456537819414533,0.04786684623743044,0.4857142857142857,0.6689874874816792,22140.17142857143,85,70,15,False,0.8723020510288935,False,0.6964000509940349
VB1_T8,300,70,0.017580845753499805,0.10193947817613745,0.5428571428571428,0.15356366783613135,0.020399137536098746,0.09983301231147278,0.6,0.0918396219824394,21900.17142857143,85,70,15,False,0.18531696555146135,False,0.10814788478163877
VB1_T9,1,70,0.000221187446780292,0.0064837855533191255,0.5142857142857142,0.7761792061665793,-0.0007586057973393387,0.007066571593702502,0.5714285714285714,0.3722207575685247,21899.17142857143,85,70,15,False,0.7973517770797613,False,0.40377479353194745
VB1_T9,5,70,0.00023915340037319847,0.014810671165346564,0.4857142857142857,0.8929272536009921,-0.0012505823517806357,0.015015396112031494,0.5857142857142857,0.48825255584332605,21895.17142857143,85,70,15,False,0.9031216806766474,False,0.5196896427722402
VB1_T9,30,70,0.0014980051442825186,0.03782850242025419,0.4714285714285714,0.741409517163239,0.0008449072094250145,0.03775995135017771,0.4857142857142857,0.852046203774412,21870.17142857143,85,70,15,False,0.7648760471182414,False,0.8669237251259095
VB1_T9,60,70,0.003355170975723458,0.054036907098927896,0.4857142857142857,0.605084903655011,0.0033365801018394275,0.054891996171747406,0.4857142857142857,0.6126834484907502,21840.17142857143,85,70,15,False,0.6352380255630699,False,0.6420446813877895
VB1_T9,300,70,0.016769571653431587,0.11326143956627405,0.5285714285714286,0.21963017957954112,0.01145187054640086,0.1149453119811028,0.5428571428571428,0.4074081612885147,21600.17142857143,85,70,15,False,0.2554957139553248,False,0.43891337613090686
VB2_T1,1,70,0.0029462672722928083,0.012905862295708394,0.6,0.06029007793675804,0.0049174627289169,0.00960427351560552,0.6285714285714286,5.831261295876236e-05,22794.17142857143,85,70,15,False,0.0814953909512907,True,0.00010201016596077162
VB2_T1,5,70,0.008775976740364918,0.01925411452412431,0.7,0.00029490134263289843,0.009180220537792832,0.017366315533240684,0.7428571428571429,3.547068584748156e-05,22790.17142857143,85,70,15,True,0.0006224093700651583,True,6.402885036731911e-05
VB2_T1,30,70,0.020610631512039065,0.03595838541818017,0.8,9.02079804007751e-06,0.016368287392081148,0.028734643825128692,0.7714285714285715,1.0076804184861611e-05,22765.17142857143,85,70,15,True,2.3827872498828588e-05,True,1.9803958167631893e-05
VB2_T1,60,70,0.025582457909950562,0.047939736356947656,0.7571428571428571,3.048221783718495e-05,0.019175577439335196,0.037637821679881917,0.7428571428571429,6.285795699693318e-05,22735.17142857143,85,70,15,True,7.385418136569005e-05,True,0.00010951802391548369
VB2_T1,300,70,0.03534767035898796,0.07944149791208649,0.6714285714285714,0.0003984685181946207,0.03039495840956091,0.0683616594230882,0.6714285714285714,0.0004021341868245875,22495.17142857143,85,70,15,True,0.0008253649462604403,True,0.0006384989041723115
VB2_T10,1,70,0.003036498078467343,0.0075036353129270955,0.6428571428571429,0.001175064688808764,0.005314944745385246,0.008826489439410036,0.7142857142857143,3.6098693100591722e-06,21299.17142857143,85,70,15,True,0.0022197094039553195,True,7.53146042648215e-06
VB2_T10,5,70,0.006874961860147069,0.01702145459548531,0.6428571428571429,0.0011989231408426298,0.010524770691287127,0.01768468613265274,0.7571428571428571,4.5147640337384635e-06,21295.17142857143,85,70,15,True,0.0022586038449352703,True,9.318106174770844e-06
VB2_T10,30,70,0.017207184293442326,0.042153862345644416,0.6571428571428571,0.001071396750907413,0.022984251216989604,0.04065434330271514,0.7428571428571429,1.151293213392713e-05,21270.17142857143,85,70,15,True,0.0020434838298565437,True,2.238445724407329e-05
VB2_T10,60,70,0.023871938087759323,0.05967503117592588,0.6571428571428571,0.0013257497490753792,0.03153899946691082,0.05574223059426396,0.7428571428571429,1.1355422120837573e-05,21240.17142857143,85,70,15,True,0.002461292521792281,True,2.2140509834928786e-05
VB2_T10,300,70,0.049897482595005836,0.13213574795475802,0.7,0.002346966978569577,0.06595837355225126,0.12316442831416564,0.7285714285714285,2.8782259935299156e-05,21000.17142857143,85,70,15,True,0.004151956431622063,True,5.295138875210787e-05
VB2_T11,1,70,0.0030380345479577675,0.007377002191536821,0.7142857142857143,0.0009739356562911083,0.005156935761031588,0.009003354751230768,0.7142857142857143,9.134564988511541e-06,20999.17142857143,85,70,15,True,0.0018777609891103678,True,1.808591520647987e-05
VB2_T11,5,70,0.006884302610003011,0.01669539987226984,0.7142857142857143,0.0009606096749590939,0.010311539480353267,0.018037968695896026,0.7285714285714285,9.46054671850347e-06,20995.17142857143,85,70,15,True,0.0018624615190705215,True,1.8699192741664468e-05
VB2_T11,30,70,0.01703367297709504,0.04135268210039003,0.7142857142857143,0.000971701211526591,0.022429866869452166,0.04061446114658387,0.7285714285714285,1.726212922970951e-05,20970.17142857143,85,70,15,True,0.0018765945700527514,True,3.2823696471461945e-05
VB2_T11,60,70,0.024091655337860545,0.05857762311559383,0.7142857142857143,0.0009880988292496101,0.031361726639512574,0.05522592365312267,0.7428571428571429,1.0643607382016962e-05,20940.17142857143,85,70,15,True,0.0019018838189734835,True,2.082313901747939e-05
VB2_T11,300,70,0.05319413020046585,0.13155936018828734,0.6857142857142857,0.001185372833171033,0.06775513585914031,0.12058901388786461,0.7571428571428571,1.2830452730512761e-05,20700.17142857143,85,70,15,True,0.002237957999238207,True,2.476492412509586e-05
VB2_T12,1,70,0.004173460547431287,0.008006443133592249,0.6857142857142857,4.425001284147757e-05,0.00603358005441421,0.008928662509675738,0.7571428571428571,3.271399623023694e-07,19199.17142857143,85,70,15,True,0.00010455386950153687,True,7.730975169320699e-07
VB2_T12,5,70,0.009470571738328324,0.01811304514332685,0.6857142857142857,4.2182727424964824e-05,0.012424259001818426,0.018403858994785187,0.7285714285714285,3.3444592044864323e-07,19195.17142857143,85,70,15,True,9.982282414606401e-05,True,7.898227307929339e-07
VB2_T12,30,70,0.023554384757558975,0.044803325700782264,0.7,3.87000129806289e-05,0.027806760663225683,0.0424670734243503,0.7142857142857143,6.548028080784868e-07,19170.17142857143,85,70,15,True,9.221278955039507e-05,True,1.5012234252894306e-06
VB2_T12,60,70,0.03371664100611661,0.06329544244776762,0.6857142857142857,3.1372677913779085e-05,0.038259375804843926,0.05959100047815375,0.7142857142857143,9.94954857009064e-07,19140.17142857143,85,70,15,True,7.590518360791789e-05,True,2.2106553253802673e-06
VB2_T12,300,70,0.07337731467281336,0.1390772810728589,0.6571428571428571,3.657930335413198e-05,0.08315961365202315,0.13594141820365493,0.7,2.6568507014416016e-06,18900.17142857143,85,70,15,True,8.782591597534815e-05,True,5.652351707808333e-06
VB2_T2,1,70,0.004374155940036197,0.01125294649660421,0.6714285714285714,0.0017735308161743394,0.006057926572998499,0.009409686172761984,0.7857142857142857,9.391621519457258e-07,22789.17142857143,85,70,15,True,0.0032172056886817504,True,2.0907250225338163e-06
VB2_T2,5,70,0.010939889217578512,0.02131606990572321,0.7142857142857143,5.624588775803347e-05,0.011297745878305244,0.019502083882989036,0.7571428571428571,7.443784051831448e-06,22785.17142857143,85,70,15,True,0.00013139252346450685,True,1.4961183187363381e-05
VB2_T2,30,70,0.02350308890308822,0.04157349968259446,0.7857142857142857,1.1519947830968417e-05,0.018955353599088124,0.03370632777874726,0.7571428571428571,1.2633196202644649e-05,22760.17142857143,85,70,15,True,3.0016153662138673e-05,True,2.439781603137913e-05
VB2_T2,60,70,0.02961622970178999,0.055936896295858844,0.7428571428571429,3.4587852881915224e-05,0.022475213631490517,0.0441031171019917,0.7,6.261691758429026e-05,22730.17142857143,85,70,15,True,8.32759802836356e-05,True,0.00010915310305435058
VB2_T2,300,70,0.042003339943753125,0.09368394786652585,0.6714285714285714,0.0003627522809639378,0.036639572056234686,0.08047467576210333,0.6142857142857143,0.00029908404773965275,22490.17142857143,85,70,15,True,0.000755005500440003,True,0.0004837712476313203
VB2_T3,1,70,0.005075773908175498,0.00977900552329108,0.7571428571428571,4.728117358093724e-05,0.006390106367196063,0.009858560348403562,0.7571428571428571,8.13555601113353e-07,22769.17142857143,85,70,15,True,0.00011120248789798377,True,1.8287798320407513e-06
VB2_T3,5,70,0.011840425943255349,0.02052448686973716,0.7857142857142857,8.030551063925087e-06,0.011575854886865238,0.018974302014487295,0.7714285714285715,2.801426688981558e-06,22765.17142857143,85,70,15,True,2.1359163915212607e-05,True,5.945288212795629e-06
VB2_T3,30,70,0.02531294828546777,0.04696976864198225,0.7571428571428571,2.5966262060529867e-05,0.020518625783098297,0.03903398978204944,0.7142857142857143,3.877923924783311e-05,22740.17142857143,85,70,15,True,6.398961156856683e-05,True,6.978243312565801e-05
VB2_T3,60,70,0.03287697675350434,0.06461254259970797,0.7285714285714285,6.406699482010336e-05,0.025592720722001038,0.050735110948693124,0.7142857142857143,7.294528204853557e-05,22710.17142857143,85,70,15,True,0.00014865780194993762,True,0.00012632879673067188
VB2_T3,300,70,0.049395014444042325,0.11180831223962454,0.6714285714285714,0.0004347712306326256,0.04407743008361433,0.09759187958285974,0.6428571428571429,0.00033102766205360276,22470.17142857143,85,70,15,True,0.000893595836904058,True,0.0005319537546024175
VB2_T4,1,70,0.004813783171867199,0.009256410548375043,0.7285714285714285,4.588768618971753e-05,0.006339690444749318,0.009779785196085447,0.7857142857142857,8.117987719311064e-07,22739.17142857143,85,70,15,True,0.00010799860748329296,True,1.8260187220195132e-06
VB2_T4,5,70,0.01112258720309678,0.020531347971400205,0.7571428571428571,2.3831065031222658e-05,0.011367564050467713,0.018760994438152257,0.7571428571428571,3.201485399397586e-06,22735.17142857143,85,70,15,True,5.893795968709684e-05,True,6.7404826660077145e-06
VB2_T4,30,70,0.02504105414099358,0.049399384998950954,0.7,6.781423425067204e-05,0.020699124573001177,0.03965340994991716,0.7142857142857143,4.328193244405801e-05,22710.17142857143,85,70,15,True,0.00015661643003748123,True,7.668670594575406e-05
VB2_T4,60,70,0.03304299427324049,0.06739402259688182,0.7,0.00011032972826340723,0.027222581947156016,0.05422200675612735,0.6857142857142857,7.823877157653893e-05,22680.17142857143,85,70,15,True,0.0002484936187418983,True,0.0001349352021552866
VB2_T4,300,70,0.0517068589235167,0.12038403387843595,0.6571428571428571,0.0006072802650310034,0.0471053261829155,0.10634025997266366,0.6142857142857143,0.00042084351754708056,22440.17142857143,85,70,15,True,0.0012128053847873506,True,0.0006675915303604974
VB2_T5,1,70,0.004611849273303173,0.008768852243728104,0.7285714285714285,3.8460015136414286e-05,0.00629569126368436,0.009835442952219471,0.7571428571428571,1.0597415674860103e-06,22709.17142857143,85,70,15,True,9.173887284217589e-05,True,2.350068752030915e-06
VB2_T5,5,70,0.01044703579211114,0.01970870396664793,0.7428571428571429,3.395246572573141e-05,0.011096826478301522,0.01913996832875352,0.7571428571428571,7.336314017771895e-06,22705.17142857143,85,70,15,True,8.186027151598186e-05,True,1.476235581328008e-05
VB2_T5,30,70,0.023909378403377125,0.04857357480896115,0.6857142857142857,0.00010429570080982555,0.020947784724737555,0.04116461099680738,0.6857142857142857,6.398031326130071e-05,22680.17142857143,85,70,15,True,0.00023582568474996552,True,0.00011130512704823462
VB2_T5,60,70,0.03163228143341859,0.06794493854895747,0.6857142857142857,0.00022416583213140726,0.02754418458174499,0.05635508454498698,0.6428571428571429,0.00011535332415366493,22650.17142857143,85,70,15,True,0.0004801568195995115,True,0.00019574937865958367
VB2_T5,300,70,0.05158282669205185,0.12385213575632031,0.6428571428571429,0.0008609043523104509,0.04836853535364063,0.11024092191641537,0.6,0.0004724138756652235,22410.17142857143,85,70,15,True,0.0016776224124267387,True,0.0007422419010565471
VB2_T6,1,70,0.00419529234030785,0.008688006829086495,0.7,0.00013671702812646783,0.005818965315607023,0.009771132163605966,0.7285714285714285,4.458948284998778e-06,22679.17142857143,85,70,15,True,0.00030415797306950827,True,9.219429278677905e-06
VB2_T6,5,70,0.009669246690643776,0.019559741833430476,0.7285714285714285,9.806547673927561e-05,0.010432578142841212,0.01928312802680116,0.7285714285714285,2.4356875630466354e-05,22675.17142857143,85,70,15,True,0.0002224663310139181,True,4.5098073581597664e-05
VB2_T6,30,70,0.022792972269651157,0.04866036609579175,0.7,0.00020678076305380717,0.020706729451843472,0.041576321706788516,0.7,8.802290141214742e-05,22650.17142857143,85,70,15,True,0.0004454037009668976,True,0.00015100254437883283
VB2_T6,60,70,0.029890214859672293,0.06888429231290809,0.6428571428571429,0.0005389670165862032,0.02703089311316183,0.05773609380455025,0.6714285714285714,0.00020812898013394926,22620.17142857143,85,70,15,True,0.0010876933658325537,True,0.0003430752034173639
VB2_T6,300,70,0.0509231427614347,0.12580396017291842,0.6142857142857143,0.0011716508364433356,0.048701262365402224,0.11291749262000315,0.6285714285714286,0.0005786713147509338,22380.17142857143,85,70,15,True,0.00221447135662567,True,0.0008957479356919696
VB2_T7,1,70,0.00328081167704887,0.007667509096187373,0.6428571428571429,0.0006346136719467543,0.005273017699747769,0.009670009502117579,0.7571428571428571,2.137604776155534e-05,22499.17142857143,85,70,15,True,0.0012630128090875784,True,4.010958963046721e-05
VB2_T7,5,70,0.007496284400202897,0.017311648481318696,0.6428571428571429,0.0005522984335426737,0.009611732427305073,0.018669770257579335,0.7142857142857143,5.362220744310103e-05,22495.17142857143,85,70,15,True,0.0011126478646588556,True,9.418643961154756e-05
VB2_T7,30,70,0.01875451169635838,0.043180308369674666,0.6571428571428571,0.0005329776926732203,0.01998679533982455,0.041830174440685264,0.7142857142857143,0.00015818219641965797,22470.17142857143,85,70,15,True,0.001076864285488875,True,0.0002642744142311017
VB2_T7,60,70,0.026047115223929832,0.061679029363423385,0.6571428571428571,0.0007373173726821066,0.026500767960973493,0.057632802041718216,0.7,0.00026347725753524115,22440.17142857143,85,70,15,True,0.0014531839832382647,True,0.00042939336074729155
VB2_T7,300,70,0.04713045638217155,0.12737324262504784,0.6,0.00283593690444466,0.049243209031885095,0.11817415712016684,0.6285714285714286,0.0008560461302708257,22200.17142857143,85,70,15,True,0.004938589720189668,True,0.0013012051826157953
VB2_T8,1,70,0.002847025296939232,0.0072880145045480585,0.6428571428571429,0.0016881668741307778,0.005087539654777853,0.009454317408792545,0.7142857142857143,2.6607348954523004e-05,22199.17142857143,85,70,15,True,0.003077897915631576,True,4.9002340425307555e-05
VB2_T8,5,70,0.006414999138814383,0.01639175973048186,0.7,0.0016577785224155396,0.009415864238329246,0.01820035252855893,0.7142857142857143,4.974771863825162e-05,22195.17142857143,85,70,15,True,0.0030369166463126668,True,8.751444393847217e-05
VB2_T8,30,70,0.015984795349046323,0.040629164603691564,0.6571428571428571,0.00157186365531039,0.020052087350295258,0.04158173701556727,0.6714285714285714,0.00013930146051446729,22170.17142857143,85,70,15,True,0.002890254885097072,True,0.0002339749859394674
VB2_T8,60,70,0.02256489760925427,0.05789348186528151,0.6428571428571429,0.0017265020105639627,0.02752179009055752,0.05730063466822008,0.6714285714285714,0.000147244530888589,22140.17142857143,85,70,15,True,0.0031461310371827486,True,0.00024695623991265777
VB2_T8,300,70,0.04445590490619397,0.12687155999404648,0.6714285714285714,0.004570146365266391,0.055824071589269615,0.11955579536961428,0.6857142857142857,0.00021563716689085912,21900.17142857143,85,70,15,True,0.00765383213378351,True,0.0003549435024335008
VB2_T9,1,70,0.0029844366501732412,0.007618498121727007,0.6285714285714286,0.0016417140739298124,0.005097248751100419,0.009306665291380816,0.7285714285714285,1.985971560344086e-05,21899.17142857143,85,70,15,True,0.0030090833556644576,True,3.733151110440053e-05
VB2_T9,5,70,0.00681755831852128,0.017426425475076453,0.6285714285714286,0.001663538862919874,0.010177247764730122,0.01844565953359683,0.7,1.754098339834432e-05,21895.17142857143,85,70,15,True,0.0030426293125400557,True,3.3335587261429934e-05
VB2_T9,30,70,0.016881504644511672,0.043794686349560484,0.6428571428571429,0.001925921381043368,0.021833144462800047,0.04333225135045854,0.6714285714285714,7.421037419467668e-05,21870.17142857143,85,70,15,True,0.003462049100678895,True,0.00012839100793320376
VB2_T9,60,70,0.023628610850933325,0.06171981591273901,0.6571428571428571,0.0020585798552379226,0.0296202043059254,0.05885136734929221,0.6714285714285714,7.541982702128027e-05,21840.17142857143,85,70,15,True,0.003679458561741864,True,0.00013029516715722374
VB2_T9,300,70,0.04585215089195253,0.13319918041379325,0.6571428571428571,0.005291504114207632,0.05985594935873151,0.12265303195740093,0.6714285714285714,0.0001178916879369063,21600.17142857143,85,70,15,True,0.008789493612782388,True,0.00019986054063886717
VB3_T1,1,70,0.0016320449748327606,0.014536420531392548,0.5571428571428572,0.35083201526453495,0.0045151165294577125,0.00885130945384402,0.6714285714285714,6.169411175383883e-05,22794.17142857143,85,70,15,False,0.38787987607646984,True,0.00010759876633493851
VB3_T1,5,70,0.006735603867518177,0.01902648692779374,0.6428571428571429,0.0041909378861437994,0.008288655099795225,0.016627857002843666,0.7142857142857143,8.68994092176579e-05,22790.17142857143,85,70,15,True,0.007056379335588123,True,0.00014914925923845406
VB3_T1,30,70,0.01875006501419405,0.034157726960333465,0.7857142857142857,1.9126088857113283e-05,0.015320074714406088,0.026706405273891627,0.7857142857142857,8.889737289185854e-06,22765.17142857143,85,70,15,True,4.8163729592803496e-05,True,1.76517484678949e-05
VB3_T1,60,70,0.02411758330108279,0.044856358760876326,0.7857142857142857,2.697842102399399e-05,0.018605950675633483,0.03483072662993352,0.8142857142857143,2.9983780385889824e-05,22735.17142857143,85,70,15,True,6.634195347893184e-05,True,5.489876058995726e-05
VB3_T1,300,70,0.034045561517879554,0.07342120370498137,0.6857142857142857,0.0002362212567567786,0.030326420737992063,0.06447053037454975,0.6857142857142857,0.00019546497318514877,22495.17142857143,85,70,15,True,0.0005050398775338305,True,0.00032343461798596215
VB3_T10,1,70,0.0029474769588905708,0.007739279489001782,0.6428571428571429,0.002164507774507863,0.005269835690524318,0.009227712287426554,0.7571428571428571,9.630331565555242e-06,21299.17142857143,85,70,15,True,0.0038429467425101066,True,1.900216765219495e-05
VB3_T10,5,70,0.00693024785783226,0.01727640644062894,0.6571428571428571,0.0012882063585663204,0.010473197570869562,0.018496626351709056,0.7428571428571429,1.1207598500648556e-05,21295.17142857143,85,70,15,True,0.0023980350047665073,True,2.18646260981032e-05
VB3_T10,30,70,0.017186868387212492,0.04283882278720904,0.6714285714285714,0.0012862341980070186,0.02301258690573301,0.0416164160711471,0.7142857142857143,1.6891126743933347e-05,21270.17142857143,85,70,15,True,0.002396946685067017,True,3.2189102537390904e-05
VB3_T10,60,70,0.023649899482135063,0.06027838853429031,0.6571428571428571,0.0016163017863060755,0.031438711302485246,0.057166356410382924,0.7,1.8533494788302917e-05,21240.17142857143,85,70,15,True,0.002968805248106056,True,3.4945256994007216e-05
VB3_T10,300,70,0.04641242430142399,0.13087032881820337,0.6428571428571429,0.004127607075448964,0.06520417603681829,0.12490824741380754,0.6857142857142857,4.326189036014692e-05,21000.17142857143,85,70,15,True,0.006963321506677818,True,7.668670594575406e-05
VB3_T11,1,70,0.0028270361121908168,0.007599865151789631,0.6714285714285714,0.002701096322493272,0.005140709856202205,0.009325316924637875,0.7285714285714285,1.7800892210661728e-05,20999.17142857143,85,70,15,True,0.004718042363101241,True,3.375525937861486e-05
VB3_T11,5,70,0.006601772957338517,0.017004205327067715,0.6857142857142857,0.0017948250672005588,0.010228328561734298,0.018841067906631745,0.7285714285714285,2.301820103636224e-05,20995.17142857143,85,70,15,True,0.0032494826909158837,True,4.2779927154723796e-05
VB3_T11,30,70,0.01621271528558008,0.0422778147162697,0.6714285714285714,0.0020253713526352684,0.022383499614919675,0.04186281448841868,0.7142857142857143,2.9528525772789763e-05,20970.17142857143,85,70,15,True,0.003625729545779716,True,5.418006189324941e-05
VB3_T11,60,70,0.022754108679349058,0.059721719582567494,0.6857142857142857,0.002156034568548595,0.030751935431928595,0.05713832668851434,0.7142857142857143,2.6539958159926297e-05,20940.17142857143,85,70,15,True,0.003831841272806274,True,4.8904296236024194e-05
VB3_T11,300,70,0.04864915665040183,0.13206865610909513,0.6285714285714286,0.002954319688083762,0.06700041023617688,0.12407096759174692,0.7,2.5113628685901537e-05,20700.17142857143,85,70,15,True,0.005121963974688396,True,4.639977920309615e-05
VB3_T12,1,70,0.004078927554531678,0.008238676895230782,0.7,9.594084013586377e-05,0.005655974858971951,0.009356805229841773,0.7571428571428571,3.352136722107099e-06,19199.17142857143,85,70,15,True,0.0002180760543877693,True,7.0490763085088415e-06
VB3_T12,5,70,0.009386376369625055,0.018592921022820535,0.7,7.209467837754281e-05,0.011930186864304186,0.01956956312926752,0.7,2.8422511088680266e-06,19195.17142857143,85,70,15,True,0.00016550638790326273,True,6.024526123398179e-06
VB3_T12,30,70,0.02323508185828616,0.04597839859717967,0.7,7.1014949623561e-05,0.026752905833399555,0.044368783184439646,0.6857142857142857,3.5178767004532833e-06,19170.17142857143,85,70,15,True,0.0001632446114101153,True,7.361758934019439e-06
VB3_T12,60,70,0.03308194801681187,0.06478903976898967,0.6857142857142857,6.07810418111495e-05,0.036610684925511006,0.06210480277341866,0.7,5.398278816734928e-06,19140.17142857143,85,70,15,True,0.00014150842281504146,True,1.1068874369032152e-05
VB3_T12,300,70,0.07129042348773411,0.14046049179110487,0.6571428571428571,6.654850450934443e-05,0.07883732595087434,0.13869866304099548,0.6857142857142857,1.047035073375871e-05,18900.17142857143,85,70,15,True,0.00015389898465849064,True,2.0542340593490258e-05
VB3_T2,1,70,0.003010312782721946,0.014024253427289728,0.6285714285714286,0.07688927874402418,0.005891064095848769,0.009373685522634996,0.7571428571428571,1.547724762085382e-06,22789.17142857143,85,70,15,False,0.10100853918654128,True,3.369495307501572e-06
VB3_T2,5,70,0.00927272162671299,0.02185975703279221,0.6714285714285714,0.0007008979573272402,0.010965329541671865,0.019481452271085595,0.7,1.2441759859700031e-05,22785.17142857143,85,70,15,True,0.0013853560884242648,True,2.409544860721054e-05
VB3_T2,30,70,0.02243411031958918,0.040154931060196,0.7714285714285715,1.4158048153046404e-05,0.0181221508738793,0.031792664899474514,0.7714285714285715,9.959771116742197e-06,22760.17142857143,85,70,15,True,3.6368815144070876e-05,True,1.95962467017906e-05
VB3_T2,60,70,0.029012042336954265,0.05289637304359918,0.7714285714285715,1.9395900072277676e-05,0.022130674003395343,0.041402114823701944,0.7714285714285715,2.9669284845793623e-05,22730.17142857143,85,70,15,True,4.8736607090705e-05,True,5.4380572489239775e-05
VB3_T2,300,70,0.041247621412770656,0.08702633433567819,0.7,0.0001765451829868481,0.036535203271588615,0.0764801602234598,0.6857142857142857,0.00015863533842150473,22490.17142857143,85,70,15,True,0.00038580873321920314,True,0.00026477540784845355
VB3_T3,1,70,0.0042741585879643345,0.012234453747287504,0.7428571428571429,0.004685847649038373,0.006400814828328748,0.009673640831419557,0.7571428571428571,5.216810329422114e-07,22769.17142857143,85,70,15,True,0.007828628446531712,True,1.2104821818773274e-06
VB3_T3,5,70,0.0115184252482851,0.02089618988659494,0.7571428571428571,1.7824170904850155e-05,0.011667411149803221,0.018547733789909437,0.7714285714285715,1.5188889965100958e-06,22765.17142857143,85,70,15,True,4.5181592425720676e-05,True,3.312980734180796e-06
VB3_T3,30,70,0.025707157739885786,0.04725857649632029,0.7714285714285715,2.22617989699599e-05,0.020753513606660556,0.03809196146337903,0.7428571428571429,2.1685175552519414e-05,22740.17142857143,85,70,15,True,5.545386837866723e-05,True,4.061236546597541e-05
VB3_T3,60,70,0.03405100489399315,0.06282483993437747,0.7571428571428571,2.364119090564752e-05,0.026628547257887405,0.04916482162951714,0.7428571428571429,2.3917657695469275e-05,22710.17142857143,85,70,15,True,5.8595582152550325e-05,True,4.4356149939799434e-05
VB3_T3,300,70,0.04965601526196903,0.1052216855525038,0.7,0.00018716210534781342,0.04411604864393585,0.09449585161128089,0.6428571428571429,0.00021607732533044684,22470.17142857143,85,70,15,True,0.0004061840916939041,True,0.0003553294426543045
VB3_T4,1,70,0.0043385749347607545,0.010855562899324489,0.7285714285714285,0.001338473318229349,0.006507944919593311,0.009630047236973919,0.7857142857142857,3.2668688940701554e-07,22739.17142857143,85,70,15,True,0.002479584619025416,True,7.7255523812542e-07
VB3_T4,5,70,0.011400016026170596,0.020669059808664125,0.7571428571428571,1.7645046261532932e-05,0.011862740610886078,0.01859077582991495,0.7714285714285715,1.1313971981535212e-06,22735.17142857143,85,70,15,True,4.489222005419461e-05,True,2.5009451820987944e-06
VB3_T4,30,70,0.026710330362285425,0.04968522636366676,0.7571428571428571,2.7037135966320002e-05,0.02195229690892751,0.03900769709562499,0.7428571428571429,1.2477184236246069e-05,22710.17142857143,85,70,15,True,6.639182996704734e-05,True,2.4136994141226298e-05
VB3_T4,60,70,0.035214606863937806,0.06683755887102708,0.7285714285714285,3.7395089263513034e-05,0.02820576229696195,0.05375097241944385,0.7285714285714285,3.9856482433547435e-05,22680.17142857143,85,70,15,True,8.965998154437025e-05,True,7.131234946033475e-05
VB3_T4,300,70,0.053626958129813745,0.11463618984868537,0.6571428571428571,0.00021037566577523863,0.04675015056849252,0.10465298369267789,0.6428571428571429,0.00037953820862119894,22440.17142857143,85,70,15,True,0.0004523011358142187,True,0.0006040094476214843
VB3_T5,1,70,0.0044012490473512335,0.010022988873021303,0.7571428571428571,0.0004677529937175318,0.0065032419801550004,0.00986447441727662,0.7857142857142857,5.650164684366332e-07,22709.17142857143,85,70,15,True,0.0009568304282380535,True,1.299688347835265e-06
VB3_T5,5,70,0.011127635053341965,0.02015703478342098,0.7571428571428571,1.7377145548478743e-05,0.011652331997686487,0.019138149465047254,0.7714285714285715,2.913873222596103e-06,22705.17142857143,85,70,15,True,4.427583913716375e-05,True,6.16121908449788e-06
VB3_T5,30,70,0.025935384281492134,0.04939998359008907,0.7428571428571429,3.954741306891468e-05,0.021517868650934434,0.041150574042608495,0.7571428571428571,4.2123931854116355e-05,22680.17142857143,85,70,15,True,9.390811831828193e-05,True,7.509710245406192e-05
VB3_T5,60,70,0.034588141995502086,0.06768161649406795,0.6857142857142857,6.0008034312357946e-05,0.027905243914298467,0.056414433356825396,0.6714285714285714,9.720263791509131e-05,22650.17142857143,85,70,15,True,0.00013999173433436644,True,0.00016600845971163642
VB3_T5,300,70,0.0545688850904922,0.11929499635353054,0.6714285714285714,0.0002817559189625599,0.04768176438852669,0.1095497597411362,0.6285714285714286,0.0005197733953226032,22410.17142857143,85,70,15,True,0.0005968526670850059,True,0.0008111188260341435
VB3_T6,1,70,0.004177139019486821,0.009729300752213694,0.7428571428571429,0.0006102397426300127,0.005945303624418294,0.009851919851226916,0.7714285714285715,3.4621756752687534e-06,22679.17142857143,85,70,15,True,0.0012180117335567266,True,7.258384076488801e-06
VB3_T6,5,70,0.010698836739288549,0.01974359876972749,0.7571428571428571,2.3720787754896856e-05,0.01079038740186148,0.019285338450361688,0.7571428571428571,1.3801803402041451e-05,22675.17142857143,85,70,15,True,5.870725049653914e-05,True,2.6477085371489846e-05
VB3_T6,30,70,0.025496494458244923,0.049178995575644875,0.6857142857142857,4.8144026964117366e-05,0.021072990174822483,0.04140908208326378,0.7,6.394376892467031e-05,22650.17142857143,85,70,15,True,0.00011307791513326003,True,0.00011129759276309115
VB3_T6,60,70,0.03326741951467824,0.06986377137815346,0.6857142857142857,0.0001657508874434046,0.02738392516226075,0.058014311494837725,0.6857142857142857,0.00018661890169825853,22620.17142857143,85,70,15,True,0.00036429345808967103,True,0.000309538312706425
VB3_T6,300,70,0.05434186996217228,0.1224756807014075,0.6714285714285714,0.0004125072790386521,0.047900444349638464,0.11249000443212015,0.6142857142857143,0.0006709071513347394,22380.17142857143,85,70,15,True,0.000851890405904688,True,0.0010304319716108697
VB3_T7,1,70,0.0035112775400475216,0.008575423635457591,0.6571428571428571,0.0010365603166748074,0.005401011652923376,0.009790246060878466,0.7571428571428571,1.7578478168962667e-05,22499.17142857143,85,70,15,True,0.001985208367024091,True,3.3370133007563745e-05
VB3_T7,5,70,0.008654107964048377,0.01836067922941129,0.6857142857142857,0.00019027084150023346,0.009917508096053882,0.018972580738261233,0.7428571428571429,4.234839689604723e-05,22495.17142857143,85,70,15,True,0.0004118958379594653,True,7.538058283144935e-05
VB3_T7,30,70,0.021177168422896638,0.04590566782350066,0.6714285714285714,0.00025261569107443713,0.020243901156446798,0.04176651082005774,0.7142857142857143,0.00012976643855949456,22470.17142857143,85,70,15,True,0.0005387575386803582,True,0.0002191314981539852
VB3_T7,60,70,0.029399519087409322,0.06476297502434783,0.6714285714285714,0.0003104548091947516,0.026564395871927562,0.05786103832722631,0.7,0.0002688100624817558,22440.17142857143,85,70,15,True,0.0006516533206366141,True,0.0004370535368821018
VB3_T7,300,70,0.049543946644514926,0.13129883831610722,0.6571428571428571,0.002363808557034649,0.04882434597304109,0.1191862474599381,0.6285714285714286,0.0010314154228302313,22200.17142857143,85,70,15,True,0.00417533668944515,True,0.0015542213149774935
VB3_T8,1,70,0.0029744687240694156,0.008130421137362369,0.6428571428571429,0.003143216469538714,0.005201791873174617,0.00957365750064002,0.7285714285714285,2.2690127577507872e-05,22199.17142857143,85,70,15,True,0.005427192854700777,True,4.2421207132191396e-05
VB3_T8,5,70,0.007155009237607825,0.017702004048288887,0.6571428571428571,0.0011898197319556972,0.00960991034378475,0.01848171106603299,0.7285714285714285,4.599753417632863e-05,22195.17142857143,85,70,15,True,0.002243901295800728,True,8.108238805062011e-05
VB3_T8,30,70,0.01763500968889202,0.04423430549849796,0.6428571428571429,0.0013732637112809703,0.020034762300487154,0.041820790581501295,0.6857142857142857,0.00015259446542200376,22170.17142857143,85,70,15,True,0.0025385907557387653,True,0.00025543308044235607
VB3_T8,60,70,0.02446501385019001,0.06261896807970212,0.6714285714285714,0.0016859378415807161,0.027112705366680413,0.05825021195694356,0.6857142857142857,0.00022483265255102524,22140.17142857143,85,70,15,True,0.0030754568335065336,True,0.0003686743305950604
VB3_T8,300,70,0.042672442646248226,0.13271215119796942,0.6285714285714286,0.008948832443597794,0.0540717959320299,0.12089382526552092,0.6428571428571429,0.00037380306530907583,21900.17142857143,85,70,15,True,0.014380565624479247,True,0.0005954308854969373
VB3_T9,1,70,0.0029550763977959573,0.00822566568537959,0.6428571428571429,0.0036924094127014783,0.005212688822839941,0.009568151356248932,0.7857142857142857,2.170559460245672e-05,21899.17142857143,85,70,15,True,0.0062967791317293225,True,4.06245012738288e-05
VB3_T9,5,70,0.007073584945042505,0.018375513375207854,0.6428571428571429,0.0019516203030926734,0.010306751003975888,0.018981805595275635,0.7571428571428571,2.2943551291542894e-05,21895.17142857143,85,70,15,True,0.003502778258278019,True,4.268711346918723e-05
VB3_T9,30,70,0.017592625969591873,0.046380990474679314,0.6285714285714286,0.0022499295958723505,0.02201580501694514,0.044096503967139725,0.6714285714285714,8.492549152015378e-05,21870.17142857143,85,70,15,True,0.0039884590834987025,True,0.0001459063019403935
VB3_T9,60,70,0.024455698362991114,0.06482443867071108,0.6285714285714286,0.002368357043347938,0.02959641451007592,0.06030040700001945,0.6857142857142857,0.00010867380312129835,21840.17142857143,85,70,15,True,0.004179097847174222,True,0.00018468666492084892
VB3_T9,300,70,0.04499729852973245,0.13605365194481095,0.6428571428571429,0.007253554494550708,0.05845160909721681,0.12378398882507834,0.6857142857142857,0.00018563120763856282,21600.17142857143,85,70,15,True,0.011843587324514506,True,0.0003081959742389402
VB4_T1,1,70,0.0016345884597611785,0.014533700135939014,0.5571428571428572,0.34999692020479994,0.004517949120949954,0.008851529804445342,0.6714285714285714,6.11347766284454e-05,22794.17142857143,85,70,15,False,0.38720440579813764,True,0.000106677097601656
VB4_T1,5,70,0.006737114170100015,0.019029287311299423,0.6428571428571429,0.004188188491253759,0.008291276463517454,0.016628141050529517,0.7142857142857143,8.652061587816381e-05,22790.17142857143,85,70,15,True,0.007055188316568374,True,0.0001485729263713002
VB4_T1,30,70,0.01875123768262796,0.03415778299847839,0.7857142857142857,1.9106478947715702e-05,0.015322474545370937,0.026706701528707827,0.7857142857142857,8.866543031764672e-06,22765.17142857143,85,70,15,True,4.814944184125292e-05,True,1.7615817236772253e-05
VB4_T1,60,70,0.024118576743403473,0.044856201504179224,0.7857142857142857,2.6958722836843653e-05,0.018608292179107082,0.03483128608435525,0.8142857142857143,2.993054705445381e-05,22735.17142857143,85,70,15,True,6.634073176730401e-05,True,5.483034998575711e-05
VB4_T1,300,70,0.03404650042852978,0.0734215265947152,0.6857142857142857,0.00023614966570970243,0.030328122951651628,0.06447065695207718,0.6857142857142857,0.0001953234911814027,22495.17142857143,85,70,15,True,0.0005050398775338305,True,0.00032335537231995514
VB4_T10,1,70,0.002947879816065311,0.007738941424799466,0.6428571428571429,0.0021607682346791255,0.005270119390718154,0.009227652383132326,0.7571428571428571,9.619975966470806e-06,21299.17142857143,85,70,15,True,0.0038382798204711454,True,1.899258112237522e-05
VB4_T10,5,70,0.00693069580922149,0.017276449885512333,0.6571428571428571,0.001287372993655029,0.01047369653829569,0.018496626113621868,0.7428571428571429,1.1198193327336855e-05,21295.17142857143,85,70,15,True,0.002397775575783356,True,2.1858620308445668e-05
VB4_T10,30,70,0.017187725151530654,0.042839058014632635,0.6714285714285714,0.0012856398498915604,0.023013138977590053,0.041616142608030815,0.7142857142857143,1.6882340778245546e-05,21270.17142857143,85,70,15,True,0.002396946685067017,True,3.2189102537390904e-05
VB4_T10,60,70,0.023651087744720082,0.0602788768818759,0.6571428571428571,0.001615617062378234,0.03143934919613936,0.057165993165292514,0.7,1.852515632394524e-05,21240.17142857143,85,70,15,True,0.002968805248106056,True,3.4945256994007216e-05
VB4_T10,300,70,0.046414164807062286,0.1308723021050467,0.6428571428571429,0.004126816423450151,0.0652059309120701,0.12490740027757677,0.6857142857142857,4.323909088875516e-05,21000.17142857143,85,70,15,True,0.006963321506677818,True,7.668670594575406e-05
VB4_T11,1,70,0.002827309947665148,0.007599540864395811,0.6714285714285714,0.0026976196517737154,0.005140801830995956,0.00932514757711867,0.7285714285714285,1.7790018806194284e-05,20999.17142857143,85,70,15,True,0.004714353008031455,True,3.3753165829435064e-05
VB4_T11,5,70,0.0066019339618537815,0.017004140450258432,0.6857142857142857,0.0017943246559797021,0.010228729288052399,0.018840903658260817,0.7285714285714285,2.2999936039770055e-05,20995.17142857143,85,70,15,True,0.0032494826909158837,True,4.276898763046585e-05
VB4_T11,30,70,0.016212902248723585,0.04227779776568054,0.6714285714285714,0.0020251371004218963,0.022384738284175774,0.04186165780769222,0.7142857142857143,2.9488840959679077e-05,20970.17142857143,85,70,15,True,0.003625729545779716,True,5.413599655456493e-05
VB4_T11,60,70,0.022754383378137642,0.059721827674222294,0.6857142857142857,0.002155822328488224,0.030753855401884644,0.057136858137828296,0.7142857142857143,2.650170407032227e-05,20940.17142857143,85,70,15,True,0.003831841272806274,True,4.8859865295071205e-05
VB4_T11,300,70,0.04864985162349543,0.1320692999747294,0.6285714285714286,0.0029540671278711398,0.06700377259404722,0.12406825501663443,0.7,2.5083888186066924e-05,20700.17142857143,85,70,15,True,0.005121963974688396,True,4.636962743866304e-05
VB4_T12,1,70,0.004079141670700094,0.008238482662953314,0.7,9.583542462673358e-05,0.005656239764039815,0.009356442610267522,0.7571428571428571,3.3465963966324968e-06,19199.17142857143,85,70,15,True,0.00021797984995744864,True,7.041711662829035e-06
VB4_T12,5,70,0.009386565909374877,0.018592733259699592,0.7,7.206218489305767e-05,0.011930651512518023,0.019568720184965603,0.7,2.837695805256366e-06,19195.17142857143,85,70,15,True,0.00016550638790326273,True,6.018562926433851e-06
VB4_T12,30,70,0.023235548171911792,0.04597792970855557,0.7,7.098291978695426e-05,0.026753679611711795,0.044367122348025215,0.6857142857142857,3.51338399216133e-06,19170.17142857143,85,70,15,True,0.0001632446114101153,True,7.361274525723103e-06
VB4_T12,60,70,0.033082617809205496,0.0647884519319396,0.6857142857142857,6.075407081651626e-05,0.036611644612259193,0.06210252185649768,0.7,5.391943254307887e-06,19140.17142857143,85,70,15,True,0.00014150842281504146,True,1.1062448897644744e-05
VB4_T12,300,70,0.07129206205520812,0.14046021607321812,0.6571428571428571,6.652360248397308e-05,0.0788387902974476,0.13869626257455941,0.6857142857142857,1.0463697605784126e-05,18900.17142857143,85,70,15,True,0.00015389898465849064,True,2.054095183408191e-05
VB4_T2,1,70,0.003012450283362628,0.014020374375904466,0.6285714285714286,0.0766049197868575,0.0058920015827678505,0.009373539081289876,0.7571428571428571,1.5422186575243295e-06,22789.17142857143,85,70,15,False,0.10067325898196755,True,3.3617447708180178e-06
VB4_T2,5,70,0.00927386498336445,0.021861187933471287,0.6714285714285714,0.0007004366974812441,0.01096641643820407,0.01948144911613442,0.7,1.2420202696189683e-05,22785.17142857143,85,70,15,True,0.001385236857354149,True,2.4067190305852696e-05
VB4_T2,30,70,0.022435304667865117,0.040154484000001094,0.7714285714285715,1.4142308063133122e-05,0.018122917234193965,0.03179273092550959,0.7714285714285715,9.952650343808463e-06,22760.17142857143,85,70,15,True,3.6355412468842955e-05,True,1.959339426658589e-05
VB4_T2,60,70,0.02901323818560772,0.05289616531734348,0.7714285714285715,1.9381174103765123e-05,0.022131189965090392,0.041402101278792555,0.7714285714285715,2.9657922888802e-05,22730.17142857143,85,70,15,True,4.8735048419584064e-05,True,5.4380572489239775e-05
VB4_T2,300,70,0.04124891768331415,0.08702680237245164,0.7,0.00017648300194801592,0.036535452362379345,0.07648024718317638,0.6857142857142857,0.0001586230041679355,22490.17142857143,85,70,15,True,0.00038580873321920314,True,0.00026477540784845355
VB4_T3,1,70,0.00427577508953934,0.012230411580541186,0.7428571428571429,0.004658229920604027,0.006401375214592059,0.009673652408347822,0.7571428571428571,5.206972612790218e-07,22769.17142857143,85,70,15,True,0.0077862527216675925,True,1.2090114500799868e-06
VB4_T3,5,70,0.011519396474460377,0.02089606515428164,0.7571428571428571,1.7796919126789347e-05,0.011668084062576323,0.018547612243767587,0.7714285714285715,1.516898409372746e-06,22765.17142857143,85,70,15,True,4.5145635523536854e-05,True,3.310728998346707e-06
VB4_T3,30,70,0.02570773769074544,0.04725765833367745,0.7714285714285715,2.2246266378481552e-05,0.020754084448070236,0.038091825307366566,0.7428571428571429,2.1673949370463222e-05,22740.17142857143,85,70,15,True,5.545386837866723e-05,True,4.061236546597541e-05
VB4_T3,60,70,0.03405221058159089,0.06282455781064983,0.7571428571428571,2.362559952524073e-05,0.026629092553536193,0.04916462205302261,0.7428571428571429,2.3907965902536224e-05,22710.17142857143,85,70,15,True,5.8595582152550325e-05,True,4.4356149939799434e-05
VB4_T3,300,70,0.049658035909567896,0.10522210028343923,0.7,0.00018706972072965965,0.04411621943087257,0.09449615104629851,0.6428571428571429,0.00021607531946618314,22470.17142857143,85,70,15,True,0.0004061840916939041,True,0.0003553294426543045
VB4_T4,1,70,0.004339800177500701,0.010852552096333727,0.7285714285714285,0.0013307335545709135,0.006508301191708673,0.009630066461448213,0.7857142857142857,3.262997932842399e-07,22739.17142857143,85,70,15,True,0.002467892877639563,True,7.721683464363348e-07
VB4_T4,5,70,0.011400662730607653,0.020668994723633018,0.7571428571428571,1.7627135197384903e-05,0.011863188936718718,0.018590887243573346,0.7714285714285715,1.1306484224320337e-06,22735.17142857143,85,70,15,True,4.4879699415596784e-05,True,2.500890076506195e-06
VB4_T4,30,70,0.02671126309806079,0.04968505499539759,0.7571428571428571,2.7020192151699136e-05,0.021952834784010906,0.03900768390948095,0.7428571428571429,1.2471773248564145e-05,22710.17142857143,85,70,15,True,6.639182996704734e-05,True,2.4136994141226298e-05
VB4_T4,60,70,0.03521587554231763,0.06683781294542011,0.7285714285714285,3.737598136106245e-05,0.028206451346828074,0.05375108384554879,0.7285714285714285,3.984243682864708e-05,22680.17142857143,85,70,15,True,8.965998154437025e-05,True,7.131234946033475e-05
VB4_T4,300,70,0.05362969519423288,0.11463683593621599,0.6571428571428571,0.00021024909841015988,0.04675039253694227,0.10465331575007852,0.6428571428571429,0.0003795288270265954,22440.17142857143,85,70,15,True,0.0004523011358142187,True,0.0006040094476214843
VB4_T5,1,70,0.004402381299767745,0.010020489219331978,0.7571428571428571,0.0004649129262917506,0.006503603631845474,0.009864537796124388,0.7857142857142857,5.644122766933902e-07,22709.17142857143,85,70,15,True,0.0009515842182097146,True,1.2991635016493425e-06
VB4_T5,5,70,0.011128235695429471,0.02015714693267061,0.7571428571428571,1.7362863545399068e-05,0.011652844424645531,0.019138275197402757,0.7714285714285715,2.9117463464713973e-06,22705.17142857143,85,70,15,True,4.427583913716375e-05,True,6.160492116998578e-06
VB4_T5,30,70,0.025936227189912283,0.04939956450093457,0.7428571428571429,3.952184892071809e-05,0.02151859352029367,0.04115062644636457,0.7571428571428571,4.210252286894091e-05,22680.17142857143,85,70,15,True,9.390811831828193e-05,True,7.509710245406192e-05
VB4_T5,60,70,0.034589023086745455,0.0676813421895018,0.6857142857142857,5.9981184517874586e-05,0.027906049581550737,0.05641472015096499,0.6714285714285714,9.716927386271489e-05,22650.17142857143,85,70,15,True,0.00013999173433436644,True,0.00016600845971163642
VB4_T5,300,70,0.054572030584876495,0.11929579063975224,0.6714285714285714,0.0002815720437228243,0.04768227526216816,0.10955000779002745,0.6285714285714286,0.0005197213479163003,22410.17142857143,85,70,15,True,0.0005968290865413239,True,0.0008111188260341435
VB4_T6,1,70,0.0041781284067395,0.009727117071144566,0.7428571428571429,0.0006069820902750431,0.00594565600008491,0.009852014325165371,0.7714285714285715,3.4588610727363332e-06,22679.17142857143,85,70,15,True,0.0012128053847873506,True,7.25583789089498e-06
VB4_T6,5,70,0.010699357377484493,0.019743496613998966,0.7571428571428571,2.3699687482954003e-05,0.01079092830569022,0.01928554677546817,0.7571428571428571,1.3792407625536377e-05,22675.17142857143,85,70,15,True,5.869707545061368e-05,True,2.6473760192348993e-05
VB4_T6,30,70,0.025497019607254978,0.0491782779057258,0.6857142857142857,4.8117798425294616e-05,0.02107352173022575,0.04140929753778466,0.7,6.392448901723196e-05,22650.17142857143,85,70,15,True,0.00011307791513326003,True,0.00011129759276309115
VB4_T6,60,70,0.03326804677173803,0.0698637287272095,0.6857142857142857,0.00016570694825469262,0.0273844541302992,0.05801469391847796,0.6857142857142857,0.00018658699173689994,22620.17142857143,85,70,15,True,0.00036429345808967103,True,0.000309538312706425
VB4_T6,300,70,0.054345502199962974,0.12247678332486786,0.6714285714285714,0.0004122160174881821,0.04790089348099969,0.11249048626873535,0.6142857142857143,0.0006708680285804967,22380.17142857143,85,70,15,True,0.0008517980504914289,True,0.0010304319716108697
VB4_T7,1,70,0.0035121236163621595,0.008574248885832348,0.6571428571428571,0.001032351461947196,0.005401221590297999,0.009790521076471673,0.7571428571428571,1.7575263704470336e-05,22499.17142857143,85,70,15,True,0.0019815412783486456,True,3.3370133007563745e-05
VB4_T7,5,70,0.00865497840741789,0.01836092497129022,0.6857142857142857,0.00019004849978751422,0.009917799350737189,0.01897283269137405,0.7428571428571429,4.233771843386732e-05,22495.17142857143,85,70,15,True,0.00041167245565257787,True,7.538058283144935e-05
VB4_T7,30,70,0.021178967922921843,0.045905946376992385,0.6714285714285714,0.0002523572343251474,0.02024452078671057,0.04176681074480449,0.7142857142857143,0.0001297239039565202,22470.17142857143,85,70,15,True,0.0005385387551534183,True,0.0002191314981539852
VB4_T7,60,70,0.029402012540581505,0.06476358303444024,0.6714285714285714,0.00031015864352506944,0.02656496008271795,0.05786156095954602,0.7,0.00026876781293794737,22440.17142857143,85,70,15,True,0.0006514274245465744,True,0.0004370535368821018
VB4_T7,300,70,0.049549614103814046,0.13130005741100828,0.6571428571428571,0.002361463109227723,0.0488241679787715,0.11918671096713741,0.6285714285714286,0.0010314991245277548,22200.17142857143,85,70,15,True,0.004173327387407562,True,0.0015542213149774935
VB4_T8,1,70,0.002975127318330948,0.008129702245708753,0.6428571428571429,0.003134476765812321,0.005202132441123732,0.009573735869910126,0.7285714285714285,2.266856793355398e-05,22199.17142857143,85,70,15,True,0.005414808612940784,True,4.240384526823443e-05
VB4_T8,5,70,0.007155764699790097,0.017701954209945928,0.6571428571428571,0.0011884606165808045,0.00961025628481311,0.018481973290525176,0.7285714285714285,4.598193388980046e-05,22195.17142857143,85,70,15,True,0.0022425622229856252,True,8.108238805062011e-05
VB4_T8,30,70,0.017636682884411285,0.0442342774584061,0.6428571428571429,0.0013719113904423995,0.02003525399564721,0.041821107138389504,0.6857142857142857,0.0001525588665897889,22170.17142857143,85,70,15,True,0.002537448529967072,True,0.00025543308044235607
VB4_T8,60,70,0.02446741254019795,0.06261902666787841,0.6714285714285714,0.0016843034849054696,0.02711365567005254,0.058250228164394145,0.6857142857142857,0.00022472985125830482,22140.17142857143,85,70,15,True,0.0030740985421808752,True,0.0003686743305950604
VB4_T8,300,70,0.04267588773219475,0.13271348772508063,0.6285714285714286,0.008944228752194961,0.05407244771499073,0.12089355415865893,0.6428571428571429,0.00037373698797392305,21900.17142857143,85,70,15,True,0.014379855904529358,True,0.0005954308854969373
VB4_T9,1,70,0.0029555761035036676,0.008225162044375421,0.6428571428571429,0.00368499611055253,0.005213016963470001,0.009568270862917982,0.7857142857142857,2.1687355798762558e-05,21899.17142857143,85,70,15,True,0.006287240277510613,True,4.061236546597541e-05
VB4_T9,5,70,0.007074100196339328,0.018375493689756755,0.6428571428571429,0.0019502139705011776,0.0103070311595726,0.01898191398019386,0.7571428571428571,2.2935385615731536e-05,21895.17142857143,85,70,15,True,0.0035020734241588193,True,4.268711346918723e-05
VB4_T9,30,70,0.017593752291731626,0.04638107616076034,0.6285714285714286,0.0022485976529500393,0.022016306188536578,0.04409653056799617,0.6714285714285714,8.489795130206143e-05,21870.17142857143,85,70,15,True,0.003988144194528946,True,0.0001459063019403935
VB4_T9,60,70,0.024457269700925578,0.0648246267134692,0.6285714285714286,0.0023669855405040077,0.02959702487309184,0.0603004051383238,0.6857142857142857,0.00010864179416975979,21840.17142857143,85,70,15,True,0.004178811978764101,True,0.00018468666492084892
VB4_T9,300,70,0.044999453648343936,0.13605496870551492,0.6428571428571429,0.007251440959094171,0.05845196560733451,0.12378397702747386,0.6857142857142857,0.00018561574575857838,21600.17142857143,85,70,15,True,0.011843587324514506,True,0.0003081959742389402
VB5_T1,1,70,0.0023035544275169487,0.015478705142030334,0.6142857142857143,0.21729798390118327,0.005428878835294828,0.009751892605171905,0.7,1.505554130660131e-05,22795.17142857143,85,70,15,False,0.25303826571573584,True,2.881822449546123e-05
VB5_T1,5,70,0.0079684236064456,0.019432433473724073,0.6285714285714286,0.001020341366018438,0.010082460180559579,0.016057360738853155,0.7571428571428571,1.5763857364539948e-06,22791.17142857143,85,70,15,True,0.0019595772204523084,True,3.421113517241553e-06
VB5_T1,30,70,0.018151417049295373,0.03239667680703282,0.7857142857142857,1.347504564339471e-05,0.01815245571434599,0.025267570082025265,0.8142857142857143,7.814649080644304e-08,22766.17142857143,85,70,15,True,3.4717585904495696e-05,True,1.9480239952111163e-07
VB5_T1,60,70,0.022604901853849963,0.04089408745472842,0.7571428571428571,1.6996480166226795e-05,0.02225777262072243,0.03236440589885025,0.8142857142857143,2.1946622412531263e-07,22736.17142857143,85,70,15,True,4.346620205352596e-05,True,5.284012573888189e-07
VB5_T1,300,70,0.03141582436482233,0.06652528549511778,0.6857142857142857,0.0001854604854523132,0.03733312738306819,0.059192977634207555,0.7571428571428571,1.4394511765315198e-06,22496.17142857143,85,70,15,True,0.0004029974699608441,True,3.1516500728240817e-06
VB5_T10,1,70,0.002693877102236817,0.006673900471991744,0.6285714285714286,0.0012069574228103254,0.005433057276228914,0.007963236452046173,0.7285714285714285,2.6333653692208553e-07,21300.17142857143,85,70,15,True,0.002272500215700095,True,6.300746087713334e-07
VB5_T10,5,70,0.006188172320425929,0.015058109510850987,0.6428571428571429,0.0009965866541887353,0.010888834055484714,0.01677681503980041,0.7571428571428571,7.908624605657824e-07,21296.17142857143,85,70,15,True,0.0019160861937796774,True,1.7835703663542938e-06
VB5_T10,30,70,0.01540364136634832,0.03781219765140611,0.6571428571428571,0.0010948891801862534,0.02149671140101447,0.038352084466247,0.6857142857142857,1.3382213092581026e-05,21271.17142857143,85,70,15,True,0.0020830628400569963,True,2.575796447624927e-05
VB5_T10,60,70,0.020997561563208544,0.05354824557041023,0.6571428571428571,0.001625455791273429,0.026292168585609132,0.05497604461456115,0.6571428571428571,0.0001562013893871251,21241.17142857143,85,70,15,True,0.0029840328155418157,True,0.00026121771555300926
VB5_T10,300,70,0.036997648454789325,0.11831419584725107,0.6428571428571429,0.010911804330564592,0.0483672822895143,0.12080418100426348,0.6285714285714286,0.0013139320458506118,21001.17142857143,85,70,15,True,0.017277856994546592,True,0.0019516918393868716
VB5_T11,1,70,0.002600191461381516,0.007096499548872391,0.6857142857142857,0.003100229571322254,0.005474963881322781,0.008373238085275979,0.7571428571428571,6.749199765961228e-07,21000.17142857143,85,70,15,True,0.005361007592051246,True,1.5422278565738122e-06
VB5_T11,5,70,0.005962137671361157,0.015984911168156056,0.7142857142857143,0.0026348268515612155,0.011269421014057266,0.017254125496179783,0.7714285714285715,6.911206796955073e-07,20996.17142857143,85,70,15,True,0.004620978056925888,True,1.5750804408627822e-06
VB5_T11,30,70,0.014808416541516307,0.03991758429074772,0.6714285714285714,0.0027696022332113083,0.022265192475500885,0.03909174552317895,0.6857142857142857,1.009993038804648e-05,20971.17142857143,85,70,15,True,0.004832816018053065,True,1.983812364451426e-05
VB5_T11,60,70,0.020552266352181672,0.05659055290479435,0.6571428571428571,0.0033556998746339596,0.028513297618377634,0.055414865805385655,0.6714285714285714,5.4080995927885846e-05,20941.17142857143,85,70,15,True,0.00576813087903499,True,9.494402486323455e-05
VB5_T11,300,70,0.042314482872778725,0.11914673870663536,0.6428571428571429,0.004078007942164214,0.05709018419928764,0.1204455609689262,0.6857142857142857,0.00017642192881082712,20701.17142857143,85,70,15,True,0.0068998616259438586,True,0.0002934702763800711
VB5_T12,1,70,0.002991994578978489,0.007179050104481753,0.6714285714285714,0.0008545208255559651,0.005674773881893703,0.009364517089797391,0.8,3.194115279632718e-06,19200.17142857143,85,70,15,True,0.001666122715742584,True,6.729066031177464e-06
VB5_T12,5,70,0.006841497351894539,0.016431987228783713,0.6285714285714286,0.0008639898806536698,0.012066893136012278,0.01976739743006831,0.7428571428571429,2.7689367579583976e-06,19196.17142857143,85,70,15,True,0.0016826860415210987,True,5.8799486777788964e-06
VB5_T12,30,70,0.01679680594091578,0.04081941391229555,0.6428571428571429,0.000982562685508551,0.02545429100480584,0.04350245124847342,0.7428571428571429,6.198699387479141e-06,19171.17142857143,85,70,15,True,0.0018927223432301027,True,1.259794493161202e-05
VB5_T12,60,70,0.023733387562583877,0.05796284156521477,0.6857142857142857,0.00103654776939595,0.03279829752535014,0.061678481787037165,0.7142857142857143,3.226218287712611e-05,19141.17142857143,85,70,15,True,0.001985208367024091,True,5.8883170544358534e-05
VB5_T12,300,70,0.04531416800824878,0.1307063126685333,0.6714285714285714,0.004993082491332062,0.058364413834892395,0.13568860877328437,0.6571428571428571,0.0005972019216932783,18901.17142857143,85,70,15,True,0.008317791710488078,True,0.0009219538156614284
VB5_T2,1,70,0.003654944657547823,0.012875529059523012,0.6571428571428571,0.02033330498272559,0.0063041135395784514,0.009454595446162103,0.7285714285714285,4.406739271321094e-07,22790.17142857143,85,70,15,True,0.030359364181208687,True,1.0287354177307013e-06
VB5_T2,5,70,0.011614510433376616,0.022911766723129025,0.7285714285714285,6.778790091397811e-05,0.012747713278797533,0.01899041642191602,0.8,3.796843507011855e-07,22786.17142857143,85,70,15,True,0.00015661643003748123,True,8.929948479731763e-07
VB5_T2,30,70,0.02086986932351682,0.03789872302736674,0.7714285714285715,1.812614129255162e-05,0.01959150611816324,0.02933493251146207,0.8,4.252131062081653e-07,22761.17142857143,85,70,15,True,4.5879720267960325e-05,True,9.966833663156114e-07
VB5_T2,60,70,0.02551013928202871,0.04751177651928846,0.7428571428571429,2.7591927415036254e-05,0.023685200990609938,0.037684685724517136,0.7428571428571429,1.5456325233117484e-06,22731.17142857143,85,70,15,True,6.770604347936807e-05,True,3.3670620227251517e-06
VB5_T2,300,70,0.0359223332000372,0.07612978924189584,0.6857142857142857,0.00018749064029111498,0.03820944116976562,0.06670005051218715,0.7285714285714285,9.113054752978519e-06,22491.17142857143,85,70,15,True,0.0004066416586351552,True,1.8053672116709166e-05
VB5_T3,1,70,0.004189653392289825,0.011117765047230051,0.6857142857142857,0.0023932148245513255,0.006755474750840462,0.009758964482291632,0.7857142857142857,1.8872253841994647e-07,22770.17142857143,85,70,15,True,0.004220805114254635,True,4.5789070943884487e-07
VB5_T3,5,70,0.010434352896020911,0.022964077909563816,0.7428571428571429,0.0003068274757079063,0.012677958832095802,0.01940058827570134,0.7857142857142857,6.834418950357712e-07,22766.17142857143,85,70,15,True,0.0006448229492523214,True,1.558608414091478e-06
VB5_T3,30,70,0.020780062751742535,0.04468232030829837,0.6714285714285714,0.00022732463938272208,0.019851236292525644,0.038003929287714386,0.7142857142857143,4.2835619370863536e-05,22741.17142857143,85,70,15,True,0.00048662120760056056,True,7.609103595184242e-05
VB5_T3,60,70,0.026071753647360592,0.05690642464249409,0.6285714285714286,0.0002761070469397636,0.024180856789869365,0.04841562702810649,0.6714285714285714,8.448089388645012e-05,22711.17142857143,85,70,15,True,0.0005859642795926802,True,0.00014528695290078904
VB5_T3,300,70,0.03793774231625029,0.08884871683082694,0.6428571428571429,0.0006500595980084165,0.035770804367552526,0.07778889844953432,0.6857142857142857,0.00026330220904171876,22471.17142857143,85,70,15,True,0.0012907792592638384,True,0.0004293105862383852
VB5_T4,1,70,0.0040519817976981815,0.009614927846052317,0.6428571428571429,0.0007547730012595143,0.006705658134881131,0.00953169703478423,0.7857142857142857,1.292187841030852e-07,22740.17142857143,85,70,15,True,0.001483356495649387,True,3.1866588085378975e-07
VB5_T4,5,70,0.009933783194615551,0.0206439177293151,0.7142857142857143,0.00014351894459522125,0.012243043026419662,0.01926685036599447,0.7285714285714285,1.233580086783338e-06,22736.17142857143,85,70,15,True,0.0003182656954919701,True,2.7112081423895886e-06
VB5_T4,30,70,0.021105520881318854,0.044906727417627156,0.6571428571428571,0.00019773418212439014,0.02142526347611304,0.04110450992538306,0.6714285714285714,4.428182222542013e-05,22711.17142857143,85,70,15,True,0.000426982249524855,True,7.829769487657449e-05
VB5_T4,60,70,0.02605723854997761,0.05824322785145393,0.6142857142857143,0.00037256727951313207,0.023862677543894706,0.053470458336684006,0.6571428571428571,0.0003841587885094279,22681.17142857143,85,70,15,True,0.000773105075506229,True,0.0006105191418123612
VB5_T4,300,70,0.037546852995760716,0.09496985955138858,0.6142857142857143,0.001496013611939173,0.03329465029794845,0.0832697635446944,0.6571428571428571,0.0013323454806260034,22441.17142857143,85,70,15,True,0.0027566544155999163,True,0.001978192365948793
VB5_T5,1,70,0.004174003372314092,0.008779898378589595,0.7,0.00016944536991434717,0.006438832043628074,0.009354104127166377,0.7714285714285715,2.1496835768502815e-07,22710.17142857143,85,70,15,True,0.00037170397019306003,True,5.182942608525975e-07
VB5_T5,5,70,0.00975267808487976,0.01927410757627644,0.6285714285714286,6.96636794479812e-05,0.011951904180186936,0.01899332145713381,0.7,1.5080329834736016e-06,22706.17142857143,85,70,15,True,0.0001603517738126416,True,3.2954179607337835e-06
VB5_T5,30,70,0.020907706642701546,0.04398540055854973,0.6714285714285714,0.00016979268515029277,0.01951280012408515,0.040401179373791604,0.6857142857142857,0.00013635181335102466,22681.17142857143,85,70,15,True,0.0003722295223313842,True,0.00022935516802716175
VB5_T5,60,70,0.025432821877463783,0.05969475716798357,0.6571428571428571,0.0006668010425799636,0.021875522200961228,0.05600362457754607,0.7,0.0016897123964986895,22651.17142857143,85,70,15,True,0.0013225014937507315,True,0.0024779101570046574
VB5_T5,300,70,0.03602258231352106,0.09866729304310376,0.6285714285714286,0.003201843309858213,0.029111888934403238,0.0869697120698973,0.6142857142857143,0.006611567637059306,22411.17142857143,85,70,15,True,0.005520144029720622,True,0.008905639838612048
VB5_T6,1,70,0.003908192988746127,0.008251141981960697,0.6714285714285714,0.00017812523815464984,0.005916091319229649,0.00927754115541141,0.7857142857142857,1.1469832260916078e-06,22680.17142857143,85,70,15,True,0.00038876986596608667,True,2.532157856962623e-06
VB5_T6,5,70,0.009330370146056746,0.01859329543250032,0.6571428571428571,7.880220049459447e-05,0.011383571415987647,0.01921102401345331,0.7428571428571429,4.900171980084979e-06,22676.17142857143,85,70,15,True,0.00018050391255260598,True,1.0089448266503935e-05
VB5_T6,30,70,0.020699657354793344,0.044986545818422485,0.7142857142857143,0.0002612010265921502,0.019415548716283263,0.042545783478276956,0.7142857142857143,0.00029042463223364517,22651.17142857143,85,70,15,True,0.0005567239647599501,True,0.0004706459213730038
VB5_T6,60,70,0.025131313201512254,0.06413927122347804,0.7142857142857143,0.0016379959225544707,0.020341438774821047,0.059295838124820144,0.6714285714285714,0.005442024485675855,22621.17142857143,85,70,15,True,0.0030054572025627704,True,0.0074141145891206935
VB5_T6,300,70,0.034460972473033154,0.10302451390573332,0.6142857142857143,0.006648992163143581,0.02746448135343898,0.09003982263881095,0.5857142857142857,0.01292782877273097,22381.17142857143,85,70,15,True,0.010928766852360168,True,0.016848603700409467
VB5_T7,1,70,0.003329994695655488,0.008184396228408886,0.6571428571428571,0.0011093575495633079,0.004934389886925488,0.009022270187258187,0.7285714285714285,2.0344172837238225e-05,22500.17142857143,85,70,15,True,0.0021082675103087064,True,3.8221379637116955e-05
VB5_T7,5,70,0.007778498168643604,0.01850421481141779,0.6714285714285714,0.0007765005067345637,0.009025322753538002,0.018324695260415684,0.6857142857142857,0.00010341231168193527,22496.17142857143,85,70,15,True,0.0015234578368926277,True,0.00017626518838731445
VB5_T7,30,70,0.017537841491483477,0.0453378995274247,0.6571428571428571,0.00186076394635761,0.013587651183081762,0.03876819221055952,0.6571428571428571,0.004561014041440619,22471.17142857143,85,70,15,True,0.0033606583558105294,True,0.006275708288800214
VB5_T7,60,70,0.022849119064554682,0.06426093558019058,0.6285714285714286,0.0040367244974111776,0.014812679797566945,0.05461832786737751,0.6571428571428571,0.026395527178299558,22441.17142857143,85,70,15,True,0.006843416652873218,True,0.0331503258455198
VB5_T7,300,70,0.03296400163912028,0.1111583043499107,0.6714285714285714,0.015538386617020724,0.021966504083122635,0.10122577829240875,0.6142857142857143,0.07377770883493913,22201.17142857143,85,70,15,True,0.0239131963304261,False,0.08774594975033208
VB5_T8,1,70,0.0032008830734561885,0.00685185353845327,0.6857142857142857,0.00021425731871686942,0.005081739598858241,0.008437495191404614,0.7571428571428571,3.595815609028831e-06,22200.17142857143,85,70,15,True,0.00046036009711864667,True,7.506672464770158e-06
VB5_T8,5,70,0.007447070323716,0.015509384313870505,0.7142857142857143,0.00014783679490991072,0.009746765104003696,0.017227188944018736,0.7571428571428571,1.1363470257849335e-05,22196.17142857143,85,70,15,True,0.0003270013613404235,True,2.2143705437602625e-05
VB5_T8,30,70,0.017292893819615615,0.03900604273514399,0.7,0.00041657209427866065,0.016560523760536655,0.03857945451442247,0.7,0.0006115336340099738,22171.17142857143,85,70,15,True,0.0008597709592190995,True,0.0009428151296316195
VB5_T8,60,70,0.022569885486557587,0.0559852310990501,0.6857142857142857,0.0012228980278964666,0.019795119702771386,0.055312264941355035,0.7,0.003817296450387248,22141.17142857143,85,70,15,True,0.0022937636733888667,True,0.005330945527925603
VB5_T8,300,70,0.02991007863392342,0.11493956774707914,0.6571428571428571,0.032889382338848396,0.027327697046068578,0.11542816972822267,0.6285714285714286,0.05160154127164206,21901.17142857143,85,70,15,True,0.04672401972891497,False,0.06265426159830786
VB5_T9,1,70,0.0022960552857421595,0.0071783572263809095,0.6428571428571429,0.009295979132246942,0.0050249810421948765,0.008694761469779953,0.7714285714285715,7.772894985131015e-06,21900.17142857143,85,70,15,True,0.01488994339448919,True,1.5541291767145633e-05
VB5_T9,5,70,0.00537579721156783,0.016178312478978243,0.6714285714285714,0.006998184407890374,0.010110016911031307,0.018290175813316087,0.7714285714285715,1.70018764197887e-05,21896.17142857143,85,70,15,True,0.0114374300516846,True,3.234663162465306e-05
VB5_T9,30,70,0.012481621172596125,0.04012022441044537,0.6285714285714286,0.011306894891908925,0.017870729694326407,0.04200736023186779,0.7,0.0006781702965382666,21871.17142857143,85,70,15,True,0.017870687031813968,True,0.0010404433279483619
VB5_T9,60,70,0.0164308199867625,0.05702469205245512,0.6428571428571429,0.018589671196060188,0.021541584421686008,0.05843836795459233,0.7,0.002935580499658357,21841.17142857143,85,70,15,True,0.027961390501692617,True,0.004168693229066841
VB5_T9,300,70,0.02484994612019607,0.11710340361772191,0.5428571428571428,0.08023573366145573,0.03564786506289487,0.1169612735454602,0.5857142857142857,0.012996624920150239,21601.17142857143,85,70,15,False,0.10492598781238817,True,0.01693187748835561
VB6_T1,1,70,-0.0005367640073918716,0.005473181726674131,0.6,0.41474183295854977,-0.00036859387545134576,0.010702594931006053,0.5142857142857142,0.7741010597408206,22527.557142857142,85,70,15,False,0.4511753881838128,False,0.7950413678372577
VB6_T1,5,70,-0.0006551431241899347,0.005596947269475218,0.5285714285714286,0.33083280739199855,0.0010956270950503947,0.008685693897128876,0.5571428571428572,0.29493472168080065,22523.557142857142,85,70,15,False,0.36848077032216475,False,0.32441880401374285
VB6_T1,30,70,-0.0004833649486505589,0.004806189199351849,0.4714285714285714,0.40300810948201554,0.002874277018794219,0.006116876357766017,0.6714285714285714,0.00019825598182564167,22498.557142857142,85,70,15,False,0.43924069976667623,True,0.0003278958435651469
VB6_T1,60,70,-0.0007148260933652412,0.005520088760297691,0.5428571428571428,0.28238631947518467,0.0026448537749618807,0.007411095190333134,0.6714285714285714,0.003910996728061484,22468.585714285713,85,70,15,False,0.31862989346399834,True,0.00544858616752114
VB6_T1,300,70,-0.0012782808541909538,0.00561012968577408,0.6285714285714286,0.060770375439459755,0.0034283766610578043,0.01122734175218308,0.6285714285714286,0.012833686691206787,22229.014285714286,85,70,15,False,0.08201626841536463,True,0.016763851613655744
VB6_T10,1,70,-0.0020279253606534002,0.019345236927512933,0.5142857142857142,0.3835001364371227,0.000760378549360902,0.01097821883006355,0.5,0.5641449423687948,22797.14285714286,85,70,15,False,0.42023246793221025,False,0.5947881525432365
VB6_T10,5,70,0.0016442523536028854,0.012406812571879405,0.5714285714285714,0.27136185231675725,0.002665173557965488,0.010238771066762381,0.5714285714285714,0.0328388977731184,22793.14285714286,85,70,15,False,0.3072750165146037,True,0.040607871083079485
VB6_T10,30,70,0.006477608641837813,0.01805373975988964,0.6142857142857143,0.0037333994081612644,0.004830684277029752,0.011447250001115383,0.6428571428571429,0.0007433751020992317,22768.14285714286,85,70,15,True,0.006357267104582144,True,0.0011359402820667163
VB6_T10,60,70,0.007421393162871663,0.022285595982968597,0.6857142857142857,0.00688114340708442,0.0042808969923403255,0.01472801598565554,0.6,0.01762089202588666,22738.14285714286,85,70,15,True,0.011272807241098469,True,0.0226910853333725
VB6_T10,300,70,0.005812802213964405,0.02718294444405512,0.5857142857142857,0.07798524955365704,0.003235367530951434,0.019631358500930566,0.5857142857142857,0.17238956074395953,22498.14285714286,85,70,15,False,0.10229272483215075,False,0.19598747363289903
VB6_T11,1,70,-0.0019469206050154262,0.019195956490091603,0.4857142857142857,0.3990550992320635,0.0007482849955816308,0.010961863274923572,0.5,0.5697700534376371,22797.14285714286,85,70,15,False,0.43548179654035984,False,0.599986447615677
VB6_T11,5,70,0.0017182680124661447,0.012382151615341723,0.5857142857142857,0.2496302705622329,0.0026439285737192026,0.01026227648494794,0.5714285714285714,0.03461045820619564,22793.14285714286,85,70,15,False,0.28606055880348746,True,0.042706833250859264
VB6_T11,30,70,0.006444969912824219,0.018525073077646118,0.6,0.0048505125033079435,0.004774598415371413,0.011616153056686838,0.6285714285714286,0.000994537261267068,22768.14285714286,85,70,15,True,0.008088089140409722,True,0.001503117339316588
VB6_T11,60,70,0.007329342412735305,0.023013451365604117,0.6571428571428571,0.009589092133903828,0.00418417917963904,0.015084878531495904,0.6,0.02326566807792016,22738.14285714286,85,70,15,True,0.0153310103297722,True,0.02937970877529757
VB6_T11,300,70,0.0052274637976866154,0.027544781684929912,0.6428571428571429,0.11689975566943558,0.002755170729725078,0.020165391795107453,0.5571428571428572,0.2569405541777412,22498.14285714286,85,70,15,False,0.1457029782965007,False,0.28516852383041946
VB6_T12,1,70,-0.0018988092765642125,0.019290116343546423,0.5,0.4130268348996267,0.0006006072525377486,0.010860135549509037,0.5,0.6450316543823863,22797.14285714286,85,70,15,False,0.4497345460378854,False,0.6734917999066621
VB6_T12,5,70,0.0016457784794521237,0.012780773972771617,0.5857142857142857,0.2850690965987586,0.002391895173258784,0.010515465419985577,0.5571428571428572,0.06119949008656616,22793.14285714286,85,70,15,False,0.3215519845735263,False,0.07364828918463465
VB6_T12,30,70,0.005884420338540803,0.020679297848317377,0.5714285714285714,0.02004246456764348,0.004277151346869564,0.012497067903681373,0.6142857142857143,0.005545338353182979,22768.14285714286,85,70,15,True,0.02993805234812288,True,0.0075311100669210665
VB6_T12,60,70,0.006629115380475557,0.02621642929556737,0.6428571428571429,0.037991686692952595,0.0034168144251498565,0.016481927815109185,0.5571428571428572,0.08730332256679037,22738.14285714286,85,70,15,False,0.0535760316425107,False,0.10308714267541377
VB6_T12,300,70,0.003449226468223474,0.03350001090373683,0.5428571428571428,0.39197873818129514,0.0012482283949031394,0.023383444038078547,0.5571428571428572,0.6565507132096503,22498.14285714286,85,70,15,False,0.4281658525313064,False,0.6845902394053615
VB6_T2,1,70,-0.002579367812888327,0.012978709369263448,0.5857142857142857,0.10089597091591118,-0.00024757397050199193,0.01106993945303014,0.5285714285714286,0.852119528372674,22773.014285714286,85,70,15,False,0.12868053876503252,False,0.8669237251259095
VB6_T2,5,70,-0.0006671607986001325,0.008415725270425153,0.4714285714285714,0.5093698549938591,0.0009992526505535103,0.009159596367547011,0.6,0.36455648642062644,22769.014285714286,85,70,15,False,0.5430030388780571,False,0.39639638668492794
VB6_T2,30,70,-0.0008936843576289793,0.004785019011927165,0.5428571428571428,0.1227204332802231,0.002936049724314621,0.006502568740260642,0.6428571428571429,0.0003322173435544239,22744.014285714286,85,70,15,False,0.15213458808151087,True,0.0005336173509904856
VB6_T2,60,70,-0.0010725352266747837,0.004526531704572229,0.6,0.05141609187955932,0.002886255015872931,0.0074398783386657565,0.7142857142857143,0.0018085724114774435,22714.014285714286,85,70,15,False,0.07043719169067306,True,0.002646597916838021
VB6_T2,300,70,-0.0011352416161392262,0.004978901778503369,0.6428571428571429,0.06059608276550745,0.003378089752402698,0.010683789243659661,0.6571428571428571,0.010095706393292348,22474.014285714286,85,70,15,False,0.08187699098741816,True,0.013364239689205004
VB6_T3,1,70,-0.0036149140004809845,0.018428524747386155,0.5571428571428572,0.10531074946184397,-6.129043201452754e-05,0.01112278315976648,0.5285714285714286,0.9633614089184662,22795.885714285716,85,70,15,False,0.13337560094965942,False,0.9669999034902095
VB6_T3,5,70,-0.0004790810859290089,0.01145817530053589,0.5142857142857142,0.7275405376300949,0.001265234847289364,0.009525519891398784,0.5285714285714286,0.2702964315797146,22791.885714285716,85,70,15,False,0.7521402027265044,False,0.2989353940806383
VB6_T3,30,70,0.0006754032375363144,0.007162900733545612,0.5428571428571428,0.43287144320451465,0.0033513622766929005,0.007686418339470447,0.6571428571428571,0.0005091396791463782,22766.885714285716,85,70,15,False,0.46839049053291515,True,0.000796683691780225
VB6_T3,60,70,0.0008787159718417444,0.0056020995819517855,0.5285714285714286,0.19375393713936348,0.003125863126988411,0.007866271576846868,0.7285714285714285,0.001420091845870043,22736.885714285716,85,70,15,False,0.22870510858097057,True,0.0021003498833394685
VB6_T3,300,70,0.00014510085285110428,0.0036346205446642485,0.5,0.7393847980352319,0.0031762455084434426,0.010160713334996784,0.6285714285714286,0.010937593391840852,22496.885714285716,85,70,15,False,0.7630150768254857,True,0.01441242760061409
VB6_T4,1,70,-0.003187917183524519,0.01792487426321475,0.5714285714285714,0.14130972654753948,9.551747038607825e-05,0.010966645617417848,0.4857142857142857,0.9421191610482638,22796.314285714285,85,70,15,False,0.17233501772740872,False,0.9465023848274938
VB6_T4,5,70,6.706852871255939e-05,0.011652356809743905,0.5142857142857142,0.9617307149838807,0.00171906895133624,0.009677080495207987,0.5142857142857142,0.14176268710522724,22792.314285714285,85,70,15,False,0.9656435978696042,False,0.1632633613161867
VB6_T4,30,70,0.0015514492644243475,0.008742124456765001,0.5714285714285714,0.1421497010349522,0.003831684704492604,0.00789240242029536,0.6285714285714286,0.00012680926149427168,22767.314285714285,85,70,15,False,0.17317602858806766,True,0.00021434735736923125
VB6_T4,60,70,0.0014968168697621137,0.007840215962620502,0.5428571428571428,0.11476620581930373,0.0033928845356000874,0.008982709121136469,0.6857142857142857,0.0023416861622080854,22737.314285714285,85,70,15,False,0.1433022194093583,True,0.0033738639242822917
VB6_T4,300,70,0.0007794903790019589,0.005035207116783565,0.5285714285714286,0.19956235130711927,0.003269253853481512,0.010151509558012039,0.6428571428571429,0.008847068877618278,22497.314285714285,85,70,15,False,0.23499929235381634,True,0.011774508078648363
VB6_T5,1,70,-0.0033119669001313266,0.018995855924837893,0.5428571428571428,0.14917562686677308,0.00017075523234864336,0.011008134224990066,0.5142857142857142,0.8971177141598106,22796.742857142857,85,70,15,False,0.1805260213046238,False,0.9062987433982881
VB6_T5,5,70,7.278039080886748e-05,0.012031357546838942,0.5714285714285714,0.9597813679901535,0.001914120708414562,0.009717998170328285,0.5142857142857142,0.10391156618938974,22792.742857142857,85,70,15,False,0.9645272328115125,False,0.12178238167718505
VB6_T5,30,70,0.0019376315859761818,0.00943077439949633,0.5571428571428572,0.09010024868023836,0.00401874346157402,0.008087290118222581,0.6428571428571429,9.095674876464282e-05,22767.742857142857,85,70,15,False,0.11628552827427104,True,0.0001558034541308086
VB6_T5,60,70,0.001995390630158227,0.009445975409083875,0.5714285714285714,0.08158602555505483,0.0036053429338225927,0.009890406296067382,0.5857142857142857,0.003246274058098255,22737.742857142857,85,70,15,False,0.10655083974538417,True,0.0045872707037748345
VB6_T5,300,70,0.0013007220062550885,0.006699596520499968,0.5714285714285714,0.10885675373061991,0.0034922438126051376,0.010494970500231324,0.6714285714285714,0.006922522327507176,22497.742857142857,85,70,15,False,0.13731291863427958,True,0.00929188603012327
VB6_T6,1,70,-0.003123827488850369,0.019379723588415512,0.5428571428571428,0.18187007163249286,0.0002976717905685034,0.010983778089426523,0.5142857142857142,0.8212935726212172,22797.14285714286,85,70,15,False,0.2157833439183595,False,0.8387730692894784
VB6_T6,5,70,0.00039111601534319275,0.012082007575613944,0.5857142857142857,0.7873213591254794,0.0021364131812554262,0.009709159102298998,0.4857142857142857,0.06992158792540684,22793.14285714286,85,70,15,False,0.8074192032586914,False,0.08344700735139227
VB6_T6,30,70,0.0025501290823586997,0.010192127145394669,0.5714285714285714,0.0399936164879947,0.00425654085330204,0.008440923884126934,0.6285714285714286,7.329812762410397e-05,22768.14285714286,85,70,15,False,0.056307231037498656,True,0.00012687626800665292
VB6_T6,60,70,0.0026267202077320485,0.010847130205550318,0.5857142857142857,0.04662900869356728,0.003858644405616426,0.010687640321010413,0.6,0.0035353366135264658,22738.14285714286,85,70,15,False,0.06475210009496582,True,0.004959231830992261
VB6_T6,300,70,0.0018121614471123557,0.00840593175313648,0.6285714285714286,0.07564640879202982,0.0038009471071496666,0.01098917513175384,0.7,0.005089506238030156,22498.14285714286,85,70,15,False,0.0996030268202984,True,0.006953042329930483
VB6_T7,1,70,-0.0026641925424052164,0.019220124735487745,0.5142857142857142,0.2501544741993222,0.000457265775924486,0.01099099318176423,0.5142857142857142,0.7288387922664298,22797.14285714286,85,70,15,False,0.28642663704422033,False,0.7537078800600164
VB6_T7,5,70,0.0008327144470742313,0.01227982109500236,0.5428571428571428,0.572315948149385,0.002435165230201217,0.009745641409734454,0.5285714285714286,0.04025143420469129,22793.14285714286,85,70,15,False,0.6048796576494724,True,0.04945544280839559
VB6_T7,30,70,0.004455431097830487,0.012786479243694627,0.6285714285714286,0.004788145886998703,0.004952086698961594,0.009473202791021349,0.6428571428571429,4.232509017515681e-05,22768.14285714286,85,70,15,True,0.007991808714773197,True,7.538058283144935e-05
VB6_T7,60,70,0.005065080060093734,0.01494362596292379,0.6571428571428571,0.005993192768878745,0.004617660588973336,0.012257247719911116,0.6142857142857143,0.0024000555313269008,22738.14285714286,85,70,15,True,0.009902669065746562,True,0.0034522031060509753
VB6_T7,300,70,0.004278577928257146,0.015488746584908075,0.6142857142857143,0.023816650296148698,0.004662339323133869,0.013853839631986201,0.7142857142857143,0.006340068392840574,22498.14285714286,85,70,15,True,0.034956043658960816,True,0.008566654789700503
VB6_T8,1,70,-0.002382817941708418,0.01904999760284929,0.5285714285714286,0.29897610194973884,0.0006920943458068998,0.01099681685177913,0.5,0.6001882843891275,22797.14285714286,85,70,15,False,0.33581353453717416,False,0.630097393668926
VB6_T8,5,70,0.0012661383580427432,0.012398410758859675,0.5857142857142857,0.3958369866118042,0.0027131359872160908,0.009889428856967737,0.5571428571428572,0.02475778618016461,22793.14285714286,85,70,15,False,0.43224298000751693,True,0.031195532914831774
VB6_T8,30,70,0.005651978287296729,0.014867564053157221,0.6428571428571429,0.0022024893762153685,0.005273090869143979,0.010188263114941809,0.6571428571428571,4.9422065268577295e-05,22768.14285714286,85,70,15,True,0.0039083722623647135,True,8.698585608911592e-05
VB6_T8,60,70,0.006566522463869731,0.017573265601154343,0.7,0.002590640581367345,0.004972099240710508,0.013055880813209672,0.6142857142857143,0.002165285548046578,22738.14285714286,85,70,15,True,0.004545791370555702,True,0.0031301512838916015
VB6_T8,300,70,0.005933366086300315,0.020286721229609284,0.6571428571428571,0.016954724716170197,0.004847315365404884,0.016150794486425014,0.6571428571428571,0.014383237875837398,22498.14285714286,85,70,15,True,0.02587392839857245,True,0.01864693690844961
VB6_T9,1,70,-0.0021865592946959445,0.019176316901879962,0.5142857142857142,0.3434175563894752,0.0007645267491230339,0.010996259921064724,0.5,0.5626665656360548,22797.14285714286,85,70,15,False,0.38077909413531347,False,0.5934105568597586
VB6_T9,5,70,0.001397506151936136,0.01251579049604156,0.6,0.3534535031352846,0.002782123734741337,0.010052145778652393,0.5714285714285714,0.023557964600749125,22793.14285714286,85,70,15,False,0.39027863641176364,True,0.029727088274502638
VB6_T9,30,70,0.00616651321941824,0.016282821661465594,0.6428571428571429,0.0022837224402537043,0.005188208878572528,0.01072771775527991,0.6857142857142857,0.00013381860414954938,22768.14285714286,85,70,15,True,0.004044213752473884,True,0.00022542334341135695
VB6_T9,60,70,0.007126246989482899,0.019592673218070535,0.6714285714285714,0.003311252267577083,0.004796335172993032,0.013736556810825069,0.6142857142857143,0.004706973437287373,22738.14285714286,85,70,15,True,0.00569456275982022,True,0.006463669803588185
VB6_T9,300,70,0.005625958309117712,0.02332037884492065,0.6714285714285714,0.04743728013877671,0.003915940700953993,0.017624790587384063,0.6428571428571429,0.06730304213655715,22498.14285714286,85,70,15,False,0.06571603964694207,False,0.08051662416267484
