expected_development_days,available_development_days,missing_development_days,scope,day,return_horizon,lag_seconds,acf,n_returns
85,70,15,day,1,1s,1,-0.03883525997575937,23339
85,70,15,day,1,1s,2,-0.018832218842253123,23339
85,70,15,day,1,1s,3,-0.013575965236065296,23339
85,70,15,day,1,1s,4,0.009749011110692447,23339
85,70,15,day,1,1s,5,-0.011622351648929281,23339
85,70,15,day,1,1s,6,-0.02724400822801987,23339
85,70,15,day,1,1s,7,0.0032746508018493005,23339
85,70,15,day,1,1s,8,-0.00889328202281131,23339
85,70,15,day,1,1s,9,-0.006220764356260689,23339
85,70,15,day,1,1s,10,-0.012563715155287791,23339
85,70,15,day,1,1s,11,0.022828813810330695,23339
85,70,15,day,1,1s,12,-0.0018182539670929478,23339
85,70,15,day,1,1s,13,0.0008174603383019393,23339
85,70,15,day,1,1s,14,-0.014624027997417856,23339
85,70,15,day,1,1s,15,-0.005122252325328815,23339
85,70,15,day,1,1s,16,-0.0027221341841142254,23339
85,70,15,day,1,1s,17,-0.007374713589392338,23339
85,70,15,day,1,1s,18,0.011238263118477669,23339
85,70,15,day,1,1s,19,-0.007047039129129469,23339
85,70,15,day,1,1s,20,0.0013046098905975117,23339
85,70,15,day,1,1s,21,-0.0027141615891638797,23339
85,70,15,day,1,1s,22,-0.0030604651585185694,23339
85,70,15,day,1,1s,23,-0.011193601023422784,23339
85,70,15,day,1,1s,24,-0.0019998240952751323,23339
85,70,15,day,1,1s,25,-0.007241152849913614,23339
85,70,15,day,1,1s,26,0.006588579370900428,23339
85,70,15,day,1,1s,27,-0.007505286677941773,23339
85,70,15,day,1,1s,28,-0.005028529149882418,23339
85,70,15,day,1,1s,29,-0.004957742937167745,23339
85,70,15,day,1,1s,30,0.004119441732404139,23339
85,70,15,day,1,1s,31,0.006851352228575093,23339
85,70,15,day,1,1s,32,0.01224431229349034,23339
85,70,15,day,1,1s,33,-0.0037541337126159686,23339
85,70,15,day,1,1s,34,0.00494933232056864,23339
85,70,15,day,1,1s,35,-0.006068975595368709,23339
85,70,15,day,1,1s,36,-0.0001969736559978861,23339
85,70,15,day,1,1s,37,-0.00021928192122389417,23339
85,70,15,day,1,1s,38,-0.018657895154663314,23339
85,70,15,day,1,1s,39,0.004242937236672168,23339
85,70,15,day,1,1s,40,0.003521904816484749,23339
85,70,15,day,1,1s,41,0.005678739577060435,23339
85,70,15,day,1,1s,42,0.0034594960311834233,23339
85,70,15,day,1,1s,43,0.002182386148910736,23339
85,70,15,day,1,1s,44,0.005706657294071149,23339
85,70,15,day,1,1s,45,0.004887992829212017,23339
85,70,15,day,1,1s,46,-0.003778249164709994,23339
85,70,15,day,1,1s,47,-0.017802446624812167,23339
85,70,15,day,1,1s,48,0.0021891599047979687,23339
85,70,15,day,1,1s,49,-0.004664108916905371,23339
85,70,15,day,1,1s,50,0.00021870697092871125,23339
85,70,15,day,1,1s,51,-0.003092761037623022,23339
85,70,15,day,1,1s,52,0.0009343971280674149,23339
85,70,15,day,1,1s,53,-0.002600462419213502,23339
85,70,15,day,1,1s,54,-0.01522230401191264,23339
85,70,15,day,1,1s,55,0.002077031686073146,23339
85,70,15,day,1,1s,56,0.005348875131405051,23339
85,70,15,day,1,1s,57,-0.0068115658632369605,23339
85,70,15,day,1,1s,58,0.009618129070166627,23339
85,70,15,day,1,1s,59,0.00830660786064862,23339
85,70,15,day,1,1s,60,0.008648344331379574,23339
85,70,15,day,2,1s,1,0.012476854606852888,23339
85,70,15,day,2,1s,2,-0.006436443225664192,23339
85,70,15,day,2,1s,3,-0.0008154202265400752,23339
85,70,15,day,2,1s,4,0.010107483241161713,23339
85,70,15,day,2,1s,5,-0.0014795395144536125,23339
85,70,15,day,2,1s,6,-0.0026857402217230694,23339
85,70,15,day,2,1s,7,0.003909782014292646,23339
85,70,15,day,2,1s,8,0.004000208032884818,23339
85,70,15,day,2,1s,9,-0.006014977000173076,23339
85,70,15,day,2,1s,10,0.002540737190084468,23339
85,70,15,day,2,1s,11,0.010563018600562718,23339
85,70,15,day,2,1s,12,-0.0016580261154197195,23339
85,70,15,day,2,1s,13,0.0036321960144631437,23339
85,70,15,day,2,1s,14,0.0012734923139979446,23339
85,70,15,day,2,1s,15,-0.007163009113074189,23339
85,70,15,day,2,1s,16,-0.01471989152705251,23339
85,70,15,day,2,1s,17,-0.013170093612737915,23339
85,70,15,day,2,1s,18,-0.012253874013602053,23339
85,70,15,day,2,1s,19,0.006129551665343511,23339
85,70,15,day,2,1s,20,0.004708295617475321,23339
85,70,15,day,2,1s,21,-0.0032736193236358097,23339
85,70,15,day,2,1s,22,-0.00888966062862963,23339
85,70,15,day,2,1s,23,-0.000514096555421549,23339
85,70,15,day,2,1s,24,-0.015545607534017293,23339
85,70,15,day,2,1s,25,0.004275401439143712,23339
85,70,15,day,2,1s,26,-0.002398353410095012,23339
85,70,15,day,2,1s,27,-0.0031984559864110178,23339
85,70,15,day,2,1s,28,0.0030420925263320727,23339
85,70,15,day,2,1s,29,-0.0023850409839020247,23339
85,70,15,day,2,1s,30,0.0050146299809262955,23339
85,70,15,day,2,1s,31,-0.021312403991729855,23339
85,70,15,day,2,1s,32,-0.020474217197928524,23339
85,70,15,day,2,1s,33,0.002299361556708929,23339
85,70,15,day,2,1s,34,0.0011428850663726764,23339
85,70,15,day,2,1s,35,0.004395093275475912,23339
85,70,15,day,2,1s,36,0.008758434992759318,23339
85,70,15,day,2,1s,37,-0.005875138934882303,23339
85,70,15,day,2,1s,38,-0.006997621961539181,23339
85,70,15,day,2,1s,39,0.0022680007817712736,23339
85,70,15,day,2,1s,40,0.005378350449846841,23339
85,70,15,day,2,1s,41,-0.0025335265486771054,23339
85,70,15,day,2,1s,42,0.005141322266884511,23339
85,70,15,day,2,1s,43,0.0020997640427097464,23339
85,70,15,day,2,1s,44,-0.005686224021723105,23339
85,70,15,day,2,1s,45,-0.006139626895583809,23339
85,70,15,day,2,1s,46,-0.01390737579869584,23339
85,70,15,day,2,1s,47,-0.0041573301199172566,23339
85,70,15,day,2,1s,48,0.015137912393180623,23339
85,70,15,day,2,1s,49,0.003582679621931872,23339
85,70,15,day,2,1s,50,0.008088634311638667,23339
85,70,15,day,2,1s,51,0.01067032160805606,23339
85,70,15,day,2,1s,52,-0.006510545307343179,23339
85,70,15,day,2,1s,53,0.004290053861376047,23339
85,70,15,day,2,1s,54,-0.0030382098099757233,23339
85,70,15,day,2,1s,55,0.0024687953602799953,23339
85,70,15,day,2,1s,56,-0.0027510983281368727,23339
85,70,15,day,2,1s,57,-0.015004626601213957,23339
85,70,15,day,2,1s,58,0.0015185719129471179,23339
85,70,15,day,2,1s,59,0.004819840632952977,23339
85,70,15,day,2,1s,60,0.0007494261273710156,23339
85,70,15,day,3,1s,1,-0.012653099176423684,23339
85,70,15,day,3,1s,2,-0.011483103999745767,23339
85,70,15,day,3,1s,3,-0.022351141668004292,23339
85,70,15,day,3,1s,4,-0.0022015154518228238,23339
85,70,15,day,3,1s,5,0.0016823839068433864,23339
85,70,15,day,3,1s,6,-0.003870912305491558,23339
85,70,15,day,3,1s,7,-0.006473665046390564,23339
85,70,15,day,3,1s,8,0.011578795960924305,23339
85,70,15,day,3,1s,9,-0.00551359085570292,23339
85,70,15,day,3,1s,10,0.013002139090566552,23339
85,70,15,day,3,1s,11,0.008275906827413566,23339
85,70,15,day,3,1s,12,0.005380961994591457,23339
85,70,15,day,3,1s,13,-0.017229568982226398,23339
85,70,15,day,3,1s,14,-0.0023931216857692845,23339
85,70,15,day,3,1s,15,-0.007120040817865185,23339
85,70,15,day,3,1s,16,-0.0016351036816932378,23339
85,70,15,day,3,1s,17,-0.011016252693187371,23339
85,70,15,day,3,1s,18,-0.0013428596729046613,23339
85,70,15,day,3,1s,19,-0.008682154422698485,23339
85,70,15,day,3,1s,20,-0.0013727978572934908,23339
85,70,15,day,3,1s,21,-0.0027164986936880414,23339
85,70,15,day,3,1s,22,0.012322079996700517,23339
85,70,15,day,3,1s,23,0.01784553160324815,23339
85,70,15,day,3,1s,24,-5.763804737897586e-05,23339
85,70,15,day,3,1s,25,0.009971690789866962,23339
85,70,15,day,3,1s,26,-0.01171944159043708,23339
85,70,15,day,3,1s,27,-0.00851369420932089,23339
85,70,15,day,3,1s,28,-0.002498137065585103,23339
85,70,15,day,3,1s,29,-0.009227195012995399,23339
85,70,15,day,3,1s,30,0.017869287870850504,23339
85,70,15,day,3,1s,31,0.004906305979735475,23339
85,70,15,day,3,1s,32,-0.0124376015993533,23339
85,70,15,day,3,1s,33,-0.003979138246016587,23339
85,70,15,day,3,1s,34,-0.018237910066068168,23339
85,70,15,day,3,1s,35,0.002475453580041235,23339
85,70,15,day,3,1s,36,0.008568328674053485,23339
85,70,15,day,3,1s,37,-0.010764649953157946,23339
85,70,15,day,3,1s,38,-0.0074161866562551595,23339
85,70,15,day,3,1s,39,-0.002201744106432291,23339
85,70,15,day,3,1s,40,0.0028024170801860516,23339
85,70,15,day,3,1s,41,0.0030337663296903976,23339
85,70,15,day,3,1s,42,0.0012846395562361357,23339
85,70,15,day,3,1s,43,0.005071277044466294,23339
85,70,15,day,3,1s,44,-0.00816100054218691,23339
85,70,15,day,3,1s,45,-0.00422354253495151,23339
85,70,15,day,3,1s,46,0.0024478828246034335,23339
85,70,15,day,3,1s,47,0.0022029024613192754,23339
85,70,15,day,3,1s,48,-0.009716819909485024,23339
85,70,15,day,3,1s,49,-0.013665621955200906,23339
85,70,15,day,3,1s,50,0.010907725689199637,23339
85,70,15,day,3,1s,51,0.00642302192785378,23339
85,70,15,day,3,1s,52,0.00681117748171263,23339
85,70,15,day,3,1s,53,0.009696668088812008,23339
85,70,15,day,3,1s,54,0.013158329450143731,23339
85,70,15,day,3,1s,55,0.004166268874381396,23339
85,70,15,day,3,1s,56,-0.006669467582942325,23339
85,70,15,day,3,1s,57,-0.01241231542274284,23339
85,70,15,day,3,1s,58,0.010611019877118018,23339
85,70,15,day,3,1s,59,0.003404005427560693,23339
85,70,15,day,3,1s,60,0.008119880563463619,23339
85,70,15,day,4,1s,1,-0.03031002021065863,23339
85,70,15,day,4,1s,2,0.008041398735784997,23339
85,70,15,day,4,1s,3,-0.00014744621349455677,23339
85,70,15,day,4,1s,4,-0.0016112034637202287,23339
85,70,15,day,4,1s,5,-0.003559032573404055,23339
85,70,15,day,4,1s,6,-0.0008830546845464463,23339
85,70,15,day,4,1s,7,0.0026426019540484067,23339
85,70,15,day,4,1s,8,0.0028428420100736263,23339
85,70,15,day,4,1s,9,-0.0012227850032598688,23339
85,70,15,day,4,1s,10,0.007388353266609927,23339
85,70,15,day,4,1s,11,0.008664408227674678,23339
85,70,15,day,4,1s,12,-0.005379295196505179,23339
85,70,15,day,4,1s,13,-0.003952531069978281,23339
85,70,15,day,4,1s,14,0.01029520141304566,23339
85,70,15,day,4,1s,15,-0.0010918066961233043,23339
85,70,15,day,4,1s,16,-0.003950469145154978,23339
85,70,15,day,4,1s,17,-0.006913146410558737,23339
85,70,15,day,4,1s,18,-0.004114105168376053,23339
85,70,15,day,4,1s,19,-0.004057031267593283,23339
85,70,15,day,4,1s,20,0.0015837070877350982,23339
85,70,15,day,4,1s,21,-0.002305204749393665,23339
85,70,15,day,4,1s,22,0.0002507972930830926,23339
85,70,15,day,4,1s,23,-0.008670270957114489,23339
85,70,15,day,4,1s,24,-0.0023188520808559857,23339
85,70,15,day,4,1s,25,0.0026638960230194564,23339
85,70,15,day,4,1s,26,-0.002548952073175863,23339
85,70,15,day,4,1s,27,0.012745836288835759,23339
85,70,15,day,4,1s,28,0.013867344917003317,23339
85,70,15,day,4,1s,29,-0.010485065306966674,23339
85,70,15,day,4,1s,30,0.01625307135002019,23339
85,70,15,day,4,1s,31,-0.005504719911731639,23339
85,70,15,day,4,1s,32,0.007777906059831336,23339
85,70,15,day,4,1s,33,0.005095191266475563,23339
85,70,15,day,4,1s,34,-0.0008349228709447767,23339
85,70,15,day,4,1s,35,0.011396414902599775,23339
85,70,15,day,4,1s,36,0.010808096948862412,23339
85,70,15,day,4,1s,37,-0.0024600247264520733,23339
85,70,15,day,4,1s,38,0.0013177600588140475,23339
85,70,15,day,4,1s,39,0.005906810665756059,23339
85,70,15,day,4,1s,40,0.015784392055303364,23339
85,70,15,day,4,1s,41,-0.007869532135725875,23339
85,70,15,day,4,1s,42,0.006440890198008572,23339
85,70,15,day,4,1s,43,0.008011727696170574,23339
85,70,15,day,4,1s,44,-0.008219791814567553,23339
85,70,15,day,4,1s,45,0.0029460194597703,23339
85,70,15,day,4,1s,46,-0.00390432356805487,23339
85,70,15,day,4,1s,47,-0.006402229188026032,23339
85,70,15,day,4,1s,48,-0.009784072006768127,23339
85,70,15,day,4,1s,49,-0.0016366935150769564,23339
85,70,15,day,4,1s,50,-0.013461186264978215,23339
85,70,15,day,4,1s,51,-0.003980418571059241,23339
85,70,15,day,4,1s,52,-0.0066276194822874205,23339
85,70,15,day,4,1s,53,0.0025386855141002187,23339
85,70,15,day,4,1s,54,-0.0024801389403375264,23339
85,70,15,day,4,1s,55,-0.0027708204675153214,23339
85,70,15,day,4,1s,56,0.012176825472787235,23339
85,70,15,day,4,1s,57,9.470394728048267e-05,23339
85,70,15,day,4,1s,58,-0.011052698031046715,23339
85,70,15,day,4,1s,59,-0.00193916843212781,23339
85,70,15,day,4,1s,60,0.008494537860359268,23339
85,70,15,day,5,1s,1,-0.008874842400915182,23339
85,70,15,day,5,1s,2,0.002952583538933857,23339
85,70,15,day,5,1s,3,6.916268454339776e-05,23339
85,70,15,day,5,1s,4,0.002333953760842864,23339
85,70,15,day,5,1s,5,0.0024431315374298414,23339
85,70,15,day,5,1s,6,0.0041644383367865755,23339
85,70,15,day,5,1s,7,-0.004144727696986418,23339
85,70,15,day,5,1s,8,0.0010282418264943144,23339
85,70,15,day,5,1s,9,0.009505133547425791,23339
85,70,15,day,5,1s,10,-0.0009187327065176701,23339
85,70,15,day,5,1s,11,0.011722575816822345,23339
85,70,15,day,5,1s,12,0.007517160203360382,23339
85,70,15,day,5,1s,13,-0.00669250224927393,23339
85,70,15,day,5,1s,14,-0.001578147127280924,23339
85,70,15,day,5,1s,15,-0.012597628014246838,23339
85,70,15,day,5,1s,16,0.002351315680158968,23339
85,70,15,day,5,1s,17,0.005844774777339192,23339
85,70,15,day,5,1s,18,0.0009328834816848434,23339
85,70,15,day,5,1s,19,-2.868106101160669e-05,23339
85,70,15,day,5,1s,20,0.00724807193881616,23339
85,70,15,day,5,1s,21,0.00016262250056033503,23339
85,70,15,day,5,1s,22,0.0106624372713996,23339
85,70,15,day,5,1s,23,0.010286782256043257,23339
85,70,15,day,5,1s,24,0.002186150226278032,23339
85,70,15,day,5,1s,25,0.014609018547407744,23339
85,70,15,day,5,1s,26,0.012725480054029943,23339
85,70,15,day,5,1s,27,0.00606382561060188,23339
85,70,15,day,5,1s,28,0.01226466689817818,23339
85,70,15,day,5,1s,29,0.001801502963086528,23339
85,70,15,day,5,1s,30,0.004859664066736084,23339
85,70,15,day,5,1s,31,-0.0035595471001936317,23339
85,70,15,day,5,1s,32,-0.00681980615077197,23339
85,70,15,day,5,1s,33,-0.001390890104269991,23339
85,70,15,day,5,1s,34,-0.006295143219530136,23339
85,70,15,day,5,1s,35,-0.0069599180192259575,23339
85,70,15,day,5,1s,36,0.009420284836334848,23339
85,70,15,day,5,1s,37,0.004832026089014755,23339
85,70,15,day,5,1s,38,0.0006171356316251798,23339
85,70,15,day,5,1s,39,0.005854065581235336,23339
85,70,15,day,5,1s,40,0.012645353597637481,23339
85,70,15,day,5,1s,41,-0.012625731168032478,23339
85,70,15,day,5,1s,42,0.006472630594644219,23339
85,70,15,day,5,1s,43,-0.014454524127355794,23339
85,70,15,day,5,1s,44,0.005279871543403758,23339
85,70,15,day,5,1s,45,0.0028854512333098144,23339
85,70,15,day,5,1s,46,0.005090318788333932,23339
85,70,15,day,5,1s,47,0.006379767451234151,23339
85,70,15,day,5,1s,48,0.002384023700228899,23339
85,70,15,day,5,1s,49,-0.006181847170509043,23339
85,70,15,day,5,1s,50,0.0073778173098869365,23339
85,70,15,day,5,1s,51,-0.010202589826297586,23339
85,70,15,day,5,1s,52,-0.006823127939991626,23339
85,70,15,day,5,1s,53,-0.004329582972247829,23339
85,70,15,day,5,1s,54,0.013334096791824042,23339
85,70,15,day,5,1s,55,-0.0021682369049684574,23339
85,70,15,day,5,1s,56,0.007607043410731618,23339
85,70,15,day,5,1s,57,0.0023266046865743164,23339
85,70,15,day,5,1s,58,-0.010702238351310513,23339
85,70,15,day,5,1s,59,-0.020233199539733404,23339
85,70,15,day,5,1s,60,0.009314301827536672,23339
85,70,15,day,6,1s,1,-0.02301990903774799,23339
85,70,15,day,6,1s,2,-0.016174921857956753,23339
85,70,15,day,6,1s,3,0.005336813912261505,23339
85,70,15,day,6,1s,4,0.01679420596328914,23339
85,70,15,day,6,1s,5,-0.0029448923083313385,23339
85,70,15,day,6,1s,6,-0.0074266459753004445,23339
85,70,15,day,6,1s,7,-0.007779306318739914,23339
85,70,15,day,6,1s,8,-0.004579349635119327,23339
85,70,15,day,6,1s,9,-0.02163364867881485,23339
85,70,15,day,6,1s,10,0.005704225896961155,23339
85,70,15,day,6,1s,11,0.0043172587782518345,23339
85,70,15,day,6,1s,12,-0.004865585455595016,23339
85,70,15,day,6,1s,13,-0.0002153777746169768,23339
85,70,15,day,6,1s,14,0.0008229769744874376,23339
85,70,15,day,6,1s,15,-0.0012377895602685973,23339
85,70,15,day,6,1s,16,0.005711108026616946,23339
85,70,15,day,6,1s,17,-0.007030452188479396,23339
85,70,15,day,6,1s,18,-0.007148424239284462,23339
85,70,15,day,6,1s,19,-0.0004655873860331602,23339
85,70,15,day,6,1s,20,0.0041553937618534105,23339
85,70,15,day,6,1s,21,0.005268176427121086,23339
85,70,15,day,6,1s,22,-0.008082659321076975,23339
85,70,15,day,6,1s,23,-0.0030644766390257355,23339
85,70,15,day,6,1s,24,-0.00680399157253678,23339
85,70,15,day,6,1s,25,0.008533421573366702,23339
85,70,15,day,6,1s,26,-0.0009160464689315425,23339
85,70,15,day,6,1s,27,-0.003980926412372785,23339
85,70,15,day,6,1s,28,0.0010457129359425419,23339
85,70,15,day,6,1s,29,0.0071139738787877604,23339
85,70,15,day,6,1s,30,-0.0036780319688942313,23339
85,70,15,day,6,1s,31,-0.004759432333130666,23339
85,70,15,day,6,1s,32,0.004185647839659101,23339
85,70,15,day,6,1s,33,-0.015087217380844184,23339
85,70,15,day,6,1s,34,-0.003397752801358401,23339
85,70,15,day,6,1s,35,0.00462379977998645,23339
85,70,15,day,6,1s,36,0.0035104417149115735,23339
85,70,15,day,6,1s,37,-0.010947562887524973,23339
85,70,15,day,6,1s,38,-0.0009148240401609458,23339
85,70,15,day,6,1s,39,0.0013624555341961249,23339
85,70,15,day,6,1s,40,-0.009443387051600485,23339
85,70,15,day,6,1s,41,-0.008213985613125724,23339
85,70,15,day,6,1s,42,-0.007378442581467321,23339
85,70,15,day,6,1s,43,-0.01828195006318266,23339
85,70,15,day,6,1s,44,-0.014943451807305818,23339
85,70,15,day,6,1s,45,0.00532131504972167,23339
85,70,15,day,6,1s,46,0.008702166540372166,23339
85,70,15,day,6,1s,47,0.004305081039457864,23339
85,70,15,day,6,1s,48,-0.001297691848779455,23339
85,70,15,day,6,1s,49,-0.0007245860074537276,23339
85,70,15,day,6,1s,50,-0.0013579513839898283,23339
85,70,15,day,6,1s,51,-0.003121303832533108,23339
85,70,15,day,6,1s,52,-0.006194216946613407,23339
85,70,15,day,6,1s,53,-0.008663105926417282,23339
85,70,15,day,6,1s,54,-0.0007451596572716477,23339
85,70,15,day,6,1s,55,0.016908556582241264,23339
85,70,15,day,6,1s,56,0.0011533132837684037,23339
85,70,15,day,6,1s,57,0.0010493634590687034,23339
85,70,15,day,6,1s,58,0.005497398487124246,23339
85,70,15,day,6,1s,59,0.006474716145174536,23339
85,70,15,day,6,1s,60,-0.0005898945601910464,23339
85,70,15,day,7,1s,1,-0.037909212639053405,23339
85,70,15,day,7,1s,2,-0.034191353471306356,23339
85,70,15,day,7,1s,3,0.009032188575392126,23339
85,70,15,day,7,1s,4,-0.00042698517257341157,23339
85,70,15,day,7,1s,5,-0.0030721287009759994,23339
85,70,15,day,7,1s,6,0.00017706946599170063,23339
85,70,15,day,7,1s,7,0.011860384699920928,23339
85,70,15,day,7,1s,8,0.015139807447445341,23339
85,70,15,day,7,1s,9,-0.00535750384924112,23339
85,70,15,day,7,1s,10,0.004646987259302188,23339
85,70,15,day,7,1s,11,0.002792485185517348,23339
85,70,15,day,7,1s,12,-0.005399587379958807,23339
85,70,15,day,7,1s,13,-0.009651860707327025,23339
85,70,15,day,7,1s,14,0.018205232064180576,23339
85,70,15,day,7,1s,15,-0.0003842542730897737,23339
85,70,15,day,7,1s,16,-0.0005070767159977658,23339
85,70,15,day,7,1s,17,-0.0016328186971034287,23339
85,70,15,day,7,1s,18,0.009724858160001749,23339
85,70,15,day,7,1s,19,0.009712862298900359,23339
85,70,15,day,7,1s,20,0.0035373429216319116,23339
85,70,15,day,7,1s,21,0.0037102802921640345,23339
85,70,15,day,7,1s,22,-0.010201664300852675,23339
85,70,15,day,7,1s,23,-0.006638346259959891,23339
85,70,15,day,7,1s,24,-0.00912227815289787,23339
85,70,15,day,7,1s,25,0.00814324659061643,23339
85,70,15,day,7,1s,26,0.008425790503122381,23339
85,70,15,day,7,1s,27,-0.0008192602648332667,23339
85,70,15,day,7,1s,28,-0.01816381593659352,23339
85,70,15,day,7,1s,29,-0.01153543166778002,23339
85,70,15,day,7,1s,30,-0.003379801303144128,23339
85,70,15,day,7,1s,31,-0.0025647332809147377,23339
85,70,15,day,7,1s,32,0.001787820105118161,23339
85,70,15,day,7,1s,33,-0.008958440989352787,23339
85,70,15,day,7,1s,34,-0.006945538710059249,23339
85,70,15,day,7,1s,35,0.002547041430596435,23339
85,70,15,day,7,1s,36,-0.006051931746094011,23339
85,70,15,day,7,1s,37,0.004160746152359702,23339
85,70,15,day,7,1s,38,-0.01089023848409813,23339
85,70,15,day,7,1s,39,0.00544097084301333,23339
85,70,15,day,7,1s,40,0.008071962070296266,23339
85,70,15,day,7,1s,41,0.0030321292549660914,23339
85,70,15,day,7,1s,42,-0.010615323390257175,23339
85,70,15,day,7,1s,43,-0.00021966329644496473,23339
85,70,15,day,7,1s,44,-0.005492212633936672,23339
85,70,15,day,7,1s,45,-0.017092197081577543,23339
85,70,15,day,7,1s,46,0.004623324196384672,23339
85,70,15,day,7,1s,47,0.0042707994426501045,23339
85,70,15,day,7,1s,48,-0.012736338066567706,23339
85,70,15,day,7,1s,49,-0.004020097014274385,23339
85,70,15,day,7,1s,50,0.012483892433766006,23339
85,70,15,day,7,1s,51,-0.0048259904502317265,23339
85,70,15,day,7,1s,52,0.0007314424245922513,23339
85,70,15,day,7,1s,53,-2.8219479299211094e-05,23339
85,70,15,day,7,1s,54,-0.0016386677949081399,23339
85,70,15,day,7,1s,55,-0.006065208706344663,23339
85,70,15,day,7,1s,56,-0.003986114770075375,23339
85,70,15,day,7,1s,57,0.0005504459553356406,23339
85,70,15,day,7,1s,58,-0.004282070084958915,23339
85,70,15,day,7,1s,59,0.0013156632466990266,23339
85,70,15,day,7,1s,60,-0.0016873629502452668,23339
85,70,15,day,8,1s,1,-0.02548288261482795,23339
85,70,15,day,8,1s,2,-0.007212771900892005,23339
85,70,15,day,8,1s,3,0.004548656101892744,23339
85,70,15,day,8,1s,4,0.004253107926125071,23339
85,70,15,day,8,1s,5,-0.010401481836464761,23339
85,70,15,day,8,1s,6,0.012080467963022439,23339
85,70,15,day,8,1s,7,-9.92680131831847e-05,23339
85,70,15,day,8,1s,8,-0.009058344798626251,23339
85,70,15,day,8,1s,9,-0.005815682907723818,23339
85,70,15,day,8,1s,10,-0.008512881491929396,23339
85,70,15,day,8,1s,11,0.0010902446629902785,23339
85,70,15,day,8,1s,12,-0.00631950617856001,23339
85,70,15,day,8,1s,13,0.0026021528446629593,23339
85,70,15,day,8,1s,14,0.018140557688575122,23339
85,70,15,day,8,1s,15,-0.01007630246780817,23339
85,70,15,day,8,1s,16,-0.005429443876385757,23339
85,70,15,day,8,1s,17,-0.003006725771322926,23339
85,70,15,day,8,1s,18,0.0050397904761502335,23339
85,70,15,day,8,1s,19,-0.010043252774482628,23339
85,70,15,day,8,1s,20,0.0015825448150679515,23339
85,70,15,day,8,1s,21,0.00634678506778476,23339
85,70,15,day,8,1s,22,-0.00032937710496775004,23339
85,70,15,day,8,1s,23,-0.00586529769947674,23339
85,70,15,day,8,1s,24,-0.00397548533295957,23339
85,70,15,day,8,1s,25,0.008961658655356622,23339
85,70,15,day,8,1s,26,0.008674782535510833,23339
85,70,15,day,8,1s,27,0.001395703863080165,23339
85,70,15,day,8,1s,28,0.00955742951956197,23339
85,70,15,day,8,1s,29,-0.0013039107829300118,23339
85,70,15,day,8,1s,30,7.549126234445656e-05,23339
85,70,15,day,8,1s,31,-0.007787039928480214,23339
85,70,15,day,8,1s,32,-0.00777634803536261,23339
85,70,15,day,8,1s,33,-0.004114024696813523,23339
85,70,15,day,8,1s,34,-0.0011588508133915558,23339
85,70,15,day,8,1s,35,-0.007543213750161938,23339
85,70,15,day,8,1s,36,0.01242649594303161,23339
85,70,15,day,8,1s,37,0.004185459647171444,23339
85,70,15,day,8,1s,38,0.0005009176728571289,23339
85,70,15,day,8,1s,39,-0.0061951438561919855,23339
85,70,15,day,8,1s,40,0.007557729790839011,23339
85,70,15,day,8,1s,41,-0.005559312797124505,23339
85,70,15,day,8,1s,42,-0.001213786924883424,23339
85,70,15,day,8,1s,43,0.005083906252863376,23339
85,70,15,day,8,1s,44,0.0005149588920185421,23339
85,70,15,day,8,1s,45,0.010529507731376996,23339
85,70,15,day,8,1s,46,0.005212529429278812,23339
85,70,15,day,8,1s,47,-0.0014834445664140162,23339
85,70,15,day,8,1s,48,0.00812743860639321,23339
85,70,15,day,8,1s,49,-0.00037752530091696715,23339
85,70,15,day,8,1s,50,0.0018957398483647144,23339
85,70,15,day,8,1s,51,-0.0073210062681717996,23339
85,70,15,day,8,1s,52,0.007076736662858645,23339
85,70,15,day,8,1s,53,-0.0010695679220163636,23339
85,70,15,day,8,1s,54,0.003867468796449645,23339
85,70,15,day,8,1s,55,0.0017617591631341226,23339
85,70,15,day,8,1s,56,0.006147388541357339,23339
85,70,15,day,8,1s,57,-0.0047746801503289965,23339
85,70,15,day,8,1s,58,0.006002412924801227,23339
85,70,15,day,8,1s,59,0.0018009618245071394,23339
85,70,15,day,8,1s,60,0.016727431299799304,23339
85,70,15,day,9,1s,1,-0.029639101540863896,23339
85,70,15,day,9,1s,2,-0.01028650365526896,23339
85,70,15,day,9,1s,3,-0.017570076237600766,23339
85,70,15,day,9,1s,4,0.006216213256157631,23339
85,70,15,day,9,1s,5,-0.0006262740528263555,23339
85,70,15,day,9,1s,6,-0.013104866630000702,23339
85,70,15,day,9,1s,7,-0.018569290393678894,23339
85,70,15,day,9,1s,8,-0.0017737805351556576,23339
85,70,15,day,9,1s,9,-0.012656050468375708,23339
85,70,15,day,9,1s,10,-0.003935021772112111,23339
85,70,15,day,9,1s,11,-0.01050340128937381,23339
85,70,15,day,9,1s,12,0.012195965056654738,23339
85,70,15,day,9,1s,13,-0.009983444777061957,23339
85,70,15,day,9,1s,14,0.009747267094609463,23339
85,70,15,day,9,1s,15,-0.008499471613574755,23339
85,70,15,day,9,1s,16,-0.00039509174606896613,23339
85,70,15,day,9,1s,17,-0.0042457386078033,23339
85,70,15,day,9,1s,18,-0.0018147159448881635,23339
85,70,15,day,9,1s,19,-0.017783664582988568,23339
85,70,15,day,9,1s,20,-0.00424043992279285,23339
85,70,15,day,9,1s,21,-0.002861425850483882,23339
85,70,15,day,9,1s,22,0.00873107809641166,23339
85,70,15,day,9,1s,23,9.030742069165091e-05,23339
85,70,15,day,9,1s,24,-0.0022507669743558716,23339
85,70,15,day,9,1s,25,-0.0017686380549189426,23339
85,70,15,day,9,1s,26,0.011021478044665205,23339
85,70,15,day,9,1s,27,-0.008845881968263884,23339
85,70,15,day,9,1s,28,-0.0050117132010503,23339
85,70,15,day,9,1s,29,0.002969897705757866,23339
85,70,15,day,9,1s,30,0.008830566705854493,23339
85,70,15,day,9,1s,31,0.015453919492739738,23339
85,70,15,day,9,1s,32,-0.0008055619693840464,23339
85,70,15,day,9,1s,33,-0.023980888812504177,23339
85,70,15,day,9,1s,34,0.0011926560374824445,23339
85,70,15,day,9,1s,35,-0.0123354204744478,23339
85,70,15,day,9,1s,36,0.005605449650185709,23339
85,70,15,day,9,1s,37,-0.0050942001534293345,23339
85,70,15,day,9,1s,38,-0.011907542851160647,23339
85,70,15,day,9,1s,39,-0.001119079625812705,23339
85,70,15,day,9,1s,40,0.008962700285387204,23339
85,70,15,day,9,1s,41,-0.0032879757842650165,23339
85,70,15,day,9,1s,42,-0.001454950672585948,23339
85,70,15,day,9,1s,43,0.0015242268064631767,23339
85,70,15,day,9,1s,44,-0.0052416306469288115,23339
85,70,15,day,9,1s,45,-0.007432358614937701,23339
85,70,15,day,9,1s,46,0.009101045752594647,23339
85,70,15,day,9,1s,47,0.012510048951340084,23339
85,70,15,day,9,1s,48,-0.011812790146180656,23339
85,70,15,day,9,1s,49,-0.015015418162559808,23339
85,70,15,day,9,1s,50,-0.00581175230748892,23339
85,70,15,day,9,1s,51,0.004120338633851986,23339
85,70,15,day,9,1s,52,-0.006036126117894222,23339
85,70,15,day,9,1s,53,-0.006710908454979983,23339
85,70,15,day,9,1s,54,0.0003196325035130711,23339
85,70,15,day,9,1s,55,0.005362744333064068,23339
85,70,15,day,9,1s,56,0.0068292561157054996,23339
85,70,15,day,9,1s,57,0.0035472452007180863,23339
85,70,15,day,9,1s,58,0.005103053648927442,23339
85,70,15,day,9,1s,59,-0.004119130277289726,23339
85,70,15,day,9,1s,60,-0.002069910797249262,23339
85,70,15,day,10,1s,1,0.0006512132205606097,23339
85,70,15,day,10,1s,2,-0.011461639203213516,23339
85,70,15,day,10,1s,3,-0.007857715217530986,23339
85,70,15,day,10,1s,4,-0.003125508107310063,23339
85,70,15,day,10,1s,5,0.0017121888342724423,23339
85,70,15,day,10,1s,6,-0.0028826090921617933,23339
85,70,15,day,10,1s,7,0.0009739217900852032,23339
85,70,15,day,10,1s,8,0.0010106312866258475,23339
85,70,15,day,10,1s,9,-0.0011081967346574743,23339
85,70,15,day,10,1s,10,-0.008184721307458056,23339
85,70,15,day,10,1s,11,0.001459432018853964,23339
85,70,15,day,10,1s,12,-0.00887523359805604,23339
85,70,15,day,10,1s,13,-0.009212013209054203,23339
85,70,15,day,10,1s,14,-0.00872860948999407,23339
85,70,15,day,10,1s,15,0.012842504561913878,23339
85,70,15,day,10,1s,16,-0.007404318730678608,23339
85,70,15,day,10,1s,17,-0.012733094327025532,23339
85,70,15,day,10,1s,18,-0.011125323908282287,23339
85,70,15,day,10,1s,19,-0.0016887109598278964,23339
85,70,15,day,10,1s,20,-0.006204293383581621,23339
85,70,15,day,10,1s,21,0.0046640290906385835,23339
85,70,15,day,10,1s,22,0.009333813429161553,23339
85,70,15,day,10,1s,23,0.0023355637640411174,23339
85,70,15,day,10,1s,24,0.008557015309040647,23339
85,70,15,day,10,1s,25,0.004922043724462852,23339
85,70,15,day,10,1s,26,-0.006421684639550762,23339
85,70,15,day,10,1s,27,0.004450049571944935,23339
85,70,15,day,10,1s,28,-0.010107989391290621,23339
85,70,15,day,10,1s,29,0.017041084286009273,23339
85,70,15,day,10,1s,30,0.013946680076558771,23339
85,70,15,day,10,1s,31,-0.0018486206878612235,23339
85,70,15,day,10,1s,32,-0.0008747086915013971,23339
85,70,15,day,10,1s,33,0.00794952596885591,23339
85,70,15,day,10,1s,34,0.003109737755960584,23339
85,70,15,day,10,1s,35,-0.010583217984166648,23339
85,70,15,day,10,1s,36,-0.004148267913272116,23339
85,70,15,day,10,1s,37,0.007928382452706923,23339
85,70,15,day,10,1s,38,0.004262351366462479,23339
85,70,15,day,10,1s,39,0.0045704362367806756,23339
85,70,15,day,10,1s,40,-0.0027608122701044484,23339
85,70,15,day,10,1s,41,-0.009515348424430517,23339
85,70,15,day,10,1s,42,0.0057316037277157054,23339
85,70,15,day,10,1s,43,-0.006055937786177137,23339
85,70,15,day,10,1s,44,0.011789700726611901,23339
85,70,15,day,10,1s,45,0.014478245077376745,23339
85,70,15,day,10,1s,46,0.0033025991595334384,23339
85,70,15,day,10,1s,47,-0.006421020407960292,23339
85,70,15,day,10,1s,48,0.001509226336180417,23339
85,70,15,day,10,1s,49,-0.006601814954099913,23339
85,70,15,day,10,1s,50,-0.008800717820972482,23339
85,70,15,day,10,1s,51,0.003764207760846889,23339
85,70,15,day,10,1s,52,0.0003456209754260451,23339
85,70,15,day,10,1s,53,0.0012528966376949297,23339
85,70,15,day,10,1s,54,0.0009815930371199887,23339
85,70,15,day,10,1s,55,-0.00162544235246221,23339
85,70,15,day,10,1s,56,0.009838580878619432,23339
85,70,15,day,10,1s,57,-0.0018426762626323006,23339
85,70,15,day,10,1s,58,-0.017698492021334465,23339
85,70,15,day,10,1s,59,0.007368060409953612,23339
85,70,15,day,10,1s,60,0.018796205068861767,23339
85,70,15,day,11,1s,1,-0.026282937196250526,23339
85,70,15,day,11,1s,2,-0.038931123994367524,23339
85,70,15,day,11,1s,3,8.061981613256525e-05,23339
85,70,15,day,11,1s,4,-0.001677300343019495,23339
85,70,15,day,11,1s,5,0.0010631022973238338,23339
85,70,15,day,11,1s,6,0.013752366969750414,23339
85,70,15,day,11,1s,7,0.0002783803489006902,23339
85,70,15,day,11,1s,8,0.0045004926623346325,23339
85,70,15,day,11,1s,9,0.0016743913812875182,23339
85,70,15,day,11,1s,10,0.01585848732186764,23339
85,70,15,day,11,1s,11,0.0025332051794220234,23339
85,70,15,day,11,1s,12,-0.00187230307248406,23339
85,70,15,day,11,1s,13,0.0023298534526633016,23339
85,70,15,day,11,1s,14,0.006893049140166426,23339
85,70,15,day,11,1s,15,0.0024173676967669698,23339
85,70,15,day,11,1s,16,-0.002586385141625727,23339
85,70,15,day,11,1s,17,-0.020383022514566272,23339
85,70,15,day,11,1s,18,-0.005097755937295152,23339
85,70,15,day,11,1s,19,-0.008539512976678711,23339
85,70,15,day,11,1s,20,-0.014968010114544954,23339
85,70,15,day,11,1s,21,0.0006802440418295332,23339
85,70,15,day,11,1s,22,-0.0034715628228770908,23339
85,70,15,day,11,1s,23,0.0033604464559018224,23339
85,70,15,day,11,1s,24,-0.010191584838377465,23339
85,70,15,day,11,1s,25,0.0031313470335712036,23339
85,70,15,day,11,1s,26,-0.020675699301809545,23339
85,70,15,day,11,1s,27,0.0024953148672801385,23339
85,70,15,day,11,1s,28,0.004963138801870884,23339
85,70,15,day,11,1s,29,0.00016854401411549492,23339
85,70,15,day,11,1s,30,0.0025805486322195374,23339
85,70,15,day,11,1s,31,0.006715000181351476,23339
85,70,15,day,11,1s,32,0.011870363910822657,23339
85,70,15,day,11,1s,33,-0.014260393049097578,23339
85,70,15,day,11,1s,34,-0.005334724644267726,23339
85,70,15,day,11,1s,35,0.002582491865349944,23339
85,70,15,day,11,1s,36,-0.01302614651416978,23339
85,70,15,day,11,1s,37,0.002383079517066217,23339
85,70,15,day,11,1s,38,0.006449839851231235,23339
85,70,15,day,11,1s,39,0.014016483349025981,23339
85,70,15,day,11,1s,40,0.0050779792524644875,23339
85,70,15,day,11,1s,41,-0.01923116887910142,23339
85,70,15,day,11,1s,42,-0.004402782202684189,23339
85,70,15,day,11,1s,43,-0.005605596630549907,23339
85,70,15,day,11,1s,44,-0.006990873367200412,23339
85,70,15,day,11,1s,45,-0.0016469576031756434,23339
85,70,15,day,11,1s,46,0.0009199275167180334,23339
85,70,15,day,11,1s,47,-0.010668370956711732,23339
85,70,15,day,11,1s,48,0.0016496709322810458,23339
85,70,15,day,11,1s,49,0.00017883061558499058,23339
85,70,15,day,11,1s,50,0.007594193291765734,23339
85,70,15,day,11,1s,51,0.009741450860601894,23339
85,70,15,day,11,1s,52,0.005035316040022853,23339
85,70,15,day,11,1s,53,-0.0005004051282771276,23339
85,70,15,day,11,1s,54,-0.008182107581775533,23339
85,70,15,day,11,1s,55,-0.015105944708515,23339
85,70,15,day,11,1s,56,0.004809851925060179,23339
85,70,15,day,11,1s,57,-0.0038572292439706976,23339
85,70,15,day,11,1s,58,-0.009252111216850212,23339
85,70,15,day,11,1s,59,0.0004952205804935895,23339
85,70,15,day,11,1s,60,0.0010254630885987376,23339
85,70,15,day,12,1s,1,-0.026664998057727877,23339
85,70,15,day,12,1s,2,-0.0032303178167722825,23339
85,70,15,day,12,1s,3,-0.002744836984655289,23339
85,70,15,day,12,1s,4,-0.007254083939072306,23339
85,70,15,day,12,1s,5,-0.01538595848331191,23339
85,70,15,day,12,1s,6,0.011842057658783434,23339
85,70,15,day,12,1s,7,0.0092129791935053,23339
85,70,15,day,12,1s,8,0.010247571867638418,23339
85,70,15,day,12,1s,9,-0.0032614846396077503,23339
85,70,15,day,12,1s,10,0.0005721936993393062,23339
85,70,15,day,12,1s,11,-0.005891800487578889,23339
85,70,15,day,12,1s,12,-0.0026162357164312023,23339
85,70,15,day,12,1s,13,-0.0018474328548123027,23339
85,70,15,day,12,1s,14,-0.007310554720205826,23339
85,70,15,day,12,1s,15,0.014719566749134388,23339
85,70,15,day,12,1s,16,0.0016549518257290815,23339
85,70,15,day,12,1s,17,-0.0011435500825248298,23339
85,70,15,day,12,1s,18,-0.0017084273151278067,23339
85,70,15,day,12,1s,19,-0.011972391519555429,23339
85,70,15,day,12,1s,20,0.0011692719563657567,23339
85,70,15,day,12,1s,21,-0.0027005278236436224,23339
85,70,15,day,12,1s,22,-0.004285824405489556,23339
85,70,15,day,12,1s,23,0.008039862226890798,23339
85,70,15,day,12,1s,24,-0.009695579017684315,23339
85,70,15,day,12,1s,25,-0.010483246314132619,23339
85,70,15,day,12,1s,26,0.0014613498107538842,23339
85,70,15,day,12,1s,27,0.0017269827202746936,23339
85,70,15,day,12,1s,28,-0.006938250239297004,23339
85,70,15,day,12,1s,29,0.015929894983713687,23339
85,70,15,day,12,1s,30,-0.005542752337899828,23339
85,70,15,day,12,1s,31,0.009739126426674273,23339
85,70,15,day,12,1s,32,-0.009759145445848398,23339
85,70,15,day,12,1s,33,-0.019719509793429436,23339
85,70,15,day,12,1s,34,0.0015074124073273679,23339
85,70,15,day,12,1s,35,0.0012032071505448025,23339
85,70,15,day,12,1s,36,-0.005068094998670685,23339
85,70,15,day,12,1s,37,0.011107506834034839,23339
85,70,15,day,12,1s,38,-0.003454468330124314,23339
85,70,15,day,12,1s,39,0.011019804605469946,23339
85,70,15,day,12,1s,40,-0.008703184237737145,23339
85,70,15,day,12,1s,41,-0.00046325740280312344,23339
85,70,15,day,12,1s,42,-0.015415232372128208,23339
85,70,15,day,12,1s,43,0.003968714979153487,23339
85,70,15,day,12,1s,44,0.00023746301760124174,23339
85,70,15,day,12,1s,45,0.005343781739960802,23339
85,70,15,day,12,1s,46,-0.009828603058740015,23339
85,70,15,day,12,1s,47,-0.006564444586986764,23339
85,70,15,day,12,1s,48,-0.010052135963544718,23339
85,70,15,day,12,1s,49,-0.0022799114899467498,23339
85,70,15,day,12,1s,50,0.012845496803887165,23339
85,70,15,day,12,1s,51,0.002440851982637469,23339
85,70,15,day,12,1s,52,0.009335266865881623,23339
85,70,15,day,12,1s,53,0.014234371174836944,23339
85,70,15,day,12,1s,54,-0.005847766829270937,23339
85,70,15,day,12,1s,55,-0.003103871866631342,23339
85,70,15,day,12,1s,56,0.004493171971769301,23339
85,70,15,day,12,1s,57,0.01747755019546406,23339
85,70,15,day,12,1s,58,0.0067316890004286015,23339
85,70,15,day,12,1s,59,0.002094490141957811,23339
85,70,15,day,12,1s,60,-0.0029660302873350352,23339
85,70,15,day,13,1s,1,-0.006379910159395535,23339
85,70,15,day,13,1s,2,-0.01079055669801609,23339
85,70,15,day,13,1s,3,4.237340637907293e-05,23339
85,70,15,day,13,1s,4,-0.010346794227893436,23339
85,70,15,day,13,1s,5,0.0018451136263066613,23339
85,70,15,day,13,1s,6,-0.014714206635911957,23339
85,70,15,day,13,1s,7,0.0031297890755687943,23339
85,70,15,day,13,1s,8,-0.0062450621156337855,23339
85,70,15,day,13,1s,9,0.0028818210413266584,23339
85,70,15,day,13,1s,10,0.010305414436615106,23339
85,70,15,day,13,1s,11,-0.005129048283761046,23339
85,70,15,day,13,1s,12,-0.0018415640085740863,23339
85,70,15,day,13,1s,13,0.0018089003196457686,23339
85,70,15,day,13,1s,14,-0.0018546770533601588,23339
85,70,15,day,13,1s,15,0.006447669493621281,23339
85,70,15,day,13,1s,16,-0.0015205145973722972,23339
85,70,15,day,13,1s,17,-0.005297559217141519,23339
85,70,15,day,13,1s,18,-0.0037365260001211865,23339
85,70,15,day,13,1s,19,0.005616563483241997,23339
85,70,15,day,13,1s,20,0.010670162196294712,23339
85,70,15,day,13,1s,21,-0.009045987616976897,23339
85,70,15,day,13,1s,22,0.008479319582462943,23339
85,70,15,day,13,1s,23,0.005983039672174384,23339
85,70,15,day,13,1s,24,0.013799909238923715,23339
85,70,15,day,13,1s,25,-0.024278668625864076,23339
85,70,15,day,13,1s,26,0.012769632392395704,23339
85,70,15,day,13,1s,27,0.013053398895970689,23339
85,70,15,day,13,1s,28,-0.011089041386861925,23339
85,70,15,day,13,1s,29,-0.003184140712024828,23339
85,70,15,day,13,1s,30,0.007999259965955451,23339
85,70,15,day,13,1s,31,0.00816920072961538,23339
85,70,15,day,13,1s,32,-0.009521676196307118,23339
85,70,15,day,13,1s,33,0.0040337867953770005,23339
85,70,15,day,13,1s,34,-0.005359714860993576,23339
85,70,15,day,13,1s,35,-0.007011327401989514,23339
85,70,15,day,13,1s,36,-0.01837163330773138,23339
85,70,15,day,13,1s,37,0.003780062591649158,23339
85,70,15,day,13,1s,38,0.0013035324060820504,23339
85,70,15,day,13,1s,39,0.008671440816796177,23339
85,70,15,day,13,1s,40,0.0007822585250027963,23339
85,70,15,day,13,1s,41,0.012760237742113168,23339
85,70,15,day,13,1s,42,0.009838589789383425,23339
85,70,15,day,13,1s,43,-0.012808261374597795,23339
85,70,15,day,13,1s,44,0.001784123120059537,23339
85,70,15,day,13,1s,45,-0.021352408394916284,23339
85,70,15,day,13,1s,46,0.012647774001561128,23339
85,70,15,day,13,1s,47,0.005177757277779654,23339
85,70,15,day,13,1s,48,-0.0033140596241495145,23339
85,70,15,day,13,1s,49,0.006733153295879943,23339
85,70,15,day,13,1s,50,0.0022679332571881755,23339
85,70,15,day,13,1s,51,0.00929268511140216,23339
85,70,15,day,13,1s,52,0.0025728678849708535,23339
85,70,15,day,13,1s,53,0.006658011274613495,23339
85,70,15,day,13,1s,54,-0.009486569792585591,23339
85,70,15,day,13,1s,55,-0.0038375470094056214,23339
85,70,15,day,13,1s,56,-0.006957952998485718,23339
85,70,15,day,13,1s,57,0.004881981808520898,23339
85,70,15,day,13,1s,58,-0.007036652477137118,23339
85,70,15,day,13,1s,59,-0.004047871229824564,23339
85,70,15,day,13,1s,60,0.0145545450287025,23339
85,70,15,day,14,1s,1,-0.030224332730262097,23339
85,70,15,day,14,1s,2,-0.0041656642053681785,23339
85,70,15,day,14,1s,3,0.014521933218107536,23339
85,70,15,day,14,1s,4,-0.0022185812361262777,23339
85,70,15,day,14,1s,5,0.003921749610619107,23339
85,70,15,day,14,1s,6,0.0037137891151995356,23339
85,70,15,day,14,1s,7,0.007673694135967855,23339
85,70,15,day,14,1s,8,-0.0018348671298082768,23339
85,70,15,day,14,1s,9,-0.028615231791164163,23339
85,70,15,day,14,1s,10,-0.011090056073958673,23339
85,70,15,day,14,1s,11,0.010778113215035431,23339
85,70,15,day,14,1s,12,0.013987378676278691,23339
85,70,15,day,14,1s,13,0.01783447967710999,23339
85,70,15,day,14,1s,14,-0.0008523361864898462,23339
85,70,15,day,14,1s,15,0.0022956201734348125,23339
85,70,15,day,14,1s,16,-0.009730369416473853,23339
85,70,15,day,14,1s,17,0.010815335753742774,23339
85,70,15,day,14,1s,18,-0.01546932082854858,23339
85,70,15,day,14,1s,19,-0.009792104902859405,23339
85,70,15,day,14,1s,20,0.005283920342393164,23339
85,70,15,day,14,1s,21,-0.021513499570348128,23339
85,70,15,day,14,1s,22,-0.0011278362789728907,23339
85,70,15,day,14,1s,23,0.01584113118272938,23339
85,70,15,day,14,1s,24,-0.0025611612197877927,23339
85,70,15,day,14,1s,25,-0.0018442710672665072,23339
85,70,15,day,14,1s,26,0.0025687449587412817,23339
85,70,15,day,14,1s,27,-0.0002523191945790549,23339
85,70,15,day,14,1s,28,0.002682065502834744,23339
85,70,15,day,14,1s,29,0.004968542664045901,23339
85,70,15,day,14,1s,30,0.00887530753419873,23339
85,70,15,day,14,1s,31,-0.018982066208220214,23339
85,70,15,day,14,1s,32,-0.0021119045925296785,23339
85,70,15,day,14,1s,33,0.002391382967134528,23339
85,70,15,day,14,1s,34,-0.02415776309415557,23339
85,70,15,day,14,1s,35,0.008126261813667357,23339
85,70,15,day,14,1s,36,-0.0177123950484865,23339
85,70,15,day,14,1s,37,0.004210003692115409,23339
85,70,15,day,14,1s,38,0.0014386513626758113,23339
85,70,15,day,14,1s,39,-0.008881168935368073,23339
85,70,15,day,14,1s,40,0.015964056774050786,23339
85,70,15,day,14,1s,41,0.001208859964756207,23339
85,70,15,day,14,1s,42,-0.008973438292865364,23339
85,70,15,day,14,1s,43,0.02504533215754132,23339
85,70,15,day,14,1s,44,-0.0034274030704575277,23339
85,70,15,day,14,1s,45,-0.0057966559318194085,23339
85,70,15,day,14,1s,46,-0.007755559638015763,23339
85,70,15,day,14,1s,47,-0.007865737476120054,23339
85,70,15,day,14,1s,48,-0.0072501374621697845,23339
85,70,15,day,14,1s,49,-0.004746109175185374,23339
85,70,15,day,14,1s,50,-0.008156041064590551,23339
85,70,15,day,14,1s,51,-0.01658777843917653,23339
85,70,15,day,14,1s,52,-0.015799528470801443,23339
85,70,15,day,14,1s,53,0.017054077470512897,23339
85,70,15,day,14,1s,54,-0.0073174522424419965,23339
85,70,15,day,14,1s,55,-0.017515644831475895,23339
85,70,15,day,14,1s,56,-0.0056583311273843894,23339
85,70,15,day,14,1s,57,-0.020173008535372013,23339
85,70,15,day,14,1s,58,0.004452702358023325,23339
85,70,15,day,14,1s,59,0.005092118184446792,23339
85,70,15,day,14,1s,60,0.0017126041913675548,23339
85,70,15,day,15,1s,1,0.0026583255967775007,23339
85,70,15,day,15,1s,2,0.0025968212983428344,23339
85,70,15,day,15,1s,3,0.0005899390221028231,23339
85,70,15,day,15,1s,4,-0.007162320611554097,23339
85,70,15,day,15,1s,5,-0.006461139837531601,23339
85,70,15,day,15,1s,6,-0.003167626200565447,23339
85,70,15,day,15,1s,7,0.013603987718502904,23339
85,70,15,day,15,1s,8,0.002028295270323234,23339
85,70,15,day,15,1s,9,-0.01556105883818335,23339
85,70,15,day,15,1s,10,-0.010056458990627109,23339
85,70,15,day,15,1s,11,0.0035422308745996084,23339
85,70,15,day,15,1s,12,-0.0023215464663495712,23339
85,70,15,day,15,1s,13,-0.0004963609088178223,23339
85,70,15,day,15,1s,14,0.015290903526846984,23339
85,70,15,day,15,1s,15,-0.011400153411283516,23339
85,70,15,day,15,1s,16,-0.0076458103651857795,23339
85,70,15,day,15,1s,17,0.005124658335186035,23339
85,70,15,day,15,1s,18,-0.0042834115328341405,23339
85,70,15,day,15,1s,19,0.0015561318466211084,23339
85,70,15,day,15,1s,20,0.000823748095373898,23339
85,70,15,day,15,1s,21,0.0005654971614930805,23339
85,70,15,day,15,1s,22,0.003963614766957811,23339
85,70,15,day,15,1s,23,0.0023714549876179465,23339
85,70,15,day,15,1s,24,-0.009732337424828789,23339
85,70,15,day,15,1s,25,0.0011588078442117372,23339
85,70,15,day,15,1s,26,-0.0021490332395112627,23339
85,70,15,day,15,1s,27,-0.004886526130768261,23339
85,70,15,day,15,1s,28,0.0012693673551043931,23339
85,70,15,day,15,1s,29,-0.0016851236888229453,23339
85,70,15,day,15,1s,30,-0.004768174691307614,23339
85,70,15,day,15,1s,31,-0.005595760837817902,23339
85,70,15,day,15,1s,32,0.010938244583236134,23339
85,70,15,day,15,1s,33,0.0032662022038878473,23339
85,70,15,day,15,1s,34,-0.005273875107632532,23339
85,70,15,day,15,1s,35,-0.002248148195540665,23339
85,70,15,day,15,1s,36,0.0008455388333183052,23339
85,70,15,day,15,1s,37,0.0005222905110887418,23339
85,70,15,day,15,1s,38,-0.0007991157960569717,23339
85,70,15,day,15,1s,39,0.007662193338365122,23339
85,70,15,day,15,1s,40,-0.004439878652373825,23339
85,70,15,day,15,1s,41,-0.00697552622279719,23339
85,70,15,day,15,1s,42,0.008165904079642013,23339
85,70,15,day,15,1s,43,0.005801922437645986,23339
85,70,15,day,15,1s,44,-0.013399241811523027,23339
85,70,15,day,15,1s,45,0.01104279662979017,23339
85,70,15,day,15,1s,46,0.006518430691420301,23339
85,70,15,day,15,1s,47,2.1583180486452267e-05,23339
85,70,15,day,15,1s,48,-0.01106270425491689,23339
85,70,15,day,15,1s,49,0.0028853016633252604,23339
85,70,15,day,15,1s,50,-0.015705109733802732,23339
85,70,15,day,15,1s,51,-0.008795467300408272,23339
85,70,15,day,15,1s,52,-0.0012171633674725843,23339
85,70,15,day,15,1s,53,0.001634449879644789,23339
85,70,15,day,15,1s,54,0.01389826659693672,23339
85,70,15,day,15,1s,55,-0.010538748655291225,23339
85,70,15,day,15,1s,56,-0.0019582230722098395,23339
85,70,15,day,15,1s,57,0.012897382212586178,23339
85,70,15,day,15,1s,58,0.005067717929771615,23339
85,70,15,day,15,1s,59,0.0001116916722464932,23339
85,70,15,day,15,1s,60,-0.001084575906632228,23339
85,70,15,day,16,1s,1,0.005920043977284706,23339
85,70,15,day,16,1s,2,-0.018181826888937862,23339
85,70,15,day,16,1s,3,-0.012926231932355614,23339
85,70,15,day,16,1s,4,-0.014272786751407945,23339
85,70,15,day,16,1s,5,-0.007408223138751075,23339
85,70,15,day,16,1s,6,0.021600540895462275,23339
85,70,15,day,16,1s,7,0.013759601996083505,23339
85,70,15,day,16,1s,8,0.0013743916432799803,23339
85,70,15,day,16,1s,9,-0.004851093282198591,23339
85,70,15,day,16,1s,10,-0.011456782880896875,23339
85,70,15,day,16,1s,11,-0.018682753588938335,23339
85,70,15,day,16,1s,12,-0.0016306550666299864,23339
85,70,15,day,16,1s,13,-0.01946622057627861,23339
85,70,15,day,16,1s,14,-0.0015864295986722208,23339
85,70,15,day,16,1s,15,0.005790668895167721,23339
85,70,15,day,16,1s,16,0.005466072695703049,23339
85,70,15,day,16,1s,17,0.006769258558494357,23339
85,70,15,day,16,1s,18,-0.005169992783205256,23339
85,70,15,day,16,1s,19,-0.011421823225678238,23339
85,70,15,day,16,1s,20,-0.0051856145343359885,23339
85,70,15,day,16,1s,21,-0.008972143878497292,23339
85,70,15,day,16,1s,22,0.0037990631495953336,23339
85,70,15,day,16,1s,23,0.012280563084324379,23339
85,70,15,day,16,1s,24,-0.0005504545169821169,23339
85,70,15,day,16,1s,25,1.1344871071523477e-05,23339
85,70,15,day,16,1s,26,0.0009727881355409953,23339
85,70,15,day,16,1s,27,-0.007511400925275322,23339
85,70,15,day,16,1s,28,-0.0007749623118762439,23339
85,70,15,day,16,1s,29,-0.008348282392117566,23339
85,70,15,day,16,1s,30,0.005510976455414364,23339
85,70,15,day,16,1s,31,0.0025207637266289485,23339
85,70,15,day,16,1s,32,0.0033871190415478408,23339
85,70,15,day,16,1s,33,0.0007007238261263188,23339
85,70,15,day,16,1s,34,-0.005621600051348749,23339
85,70,15,day,16,1s,35,-0.019308279014862328,23339
85,70,15,day,16,1s,36,-0.027847611833749127,23339
85,70,15,day,16,1s,37,-0.0006954607181226881,23339
85,70,15,day,16,1s,38,-0.004586943702745973,23339
85,70,15,day,16,1s,39,-0.0007856187278107096,23339
85,70,15,day,16,1s,40,0.02189842260400228,23339
85,70,15,day,16,1s,41,-0.009078362592363477,23339
85,70,15,day,16,1s,42,-0.019162539257580533,23339
85,70,15,day,16,1s,43,-0.0023346889448916785,23339
85,70,15,day,16,1s,44,0.0009321067813625611,23339
85,70,15,day,16,1s,45,0.009383352295067534,23339
85,70,15,day,16,1s,46,-0.009229993717770743,23339
85,70,15,day,16,1s,47,0.0010466841576812398,23339
85,70,15,day,16,1s,48,-0.005417497100813753,23339
85,70,15,day,16,1s,49,0.0035046360533159725,23339
85,70,15,day,16,1s,50,0.008995355100122228,23339
85,70,15,day,16,1s,51,0.006892498500876075,23339
85,70,15,day,16,1s,52,0.005423465292941973,23339
85,70,15,day,16,1s,53,0.003327084670098653,23339
85,70,15,day,16,1s,54,-0.009152986684007354,23339
85,70,15,day,16,1s,55,0.002488700276425497,23339
85,70,15,day,16,1s,56,-0.003643596249308112,23339
85,70,15,day,16,1s,57,-0.011172994909746041,23339
85,70,15,day,16,1s,58,0.001571157541320416,23339
85,70,15,day,16,1s,59,-0.010293689484503417,23339
85,70,15,day,16,1s,60,0.0014757388733240403,23339
85,70,15,day,17,1s,1,-0.06425839877011989,23339
85,70,15,day,17,1s,2,-0.022718010827601262,23339
85,70,15,day,17,1s,3,-0.012237286852368159,23339
85,70,15,day,17,1s,4,-0.011748909676680684,23339
85,70,15,day,17,1s,5,-0.006573554989546398,23339
85,70,15,day,17,1s,6,-0.002400832612836533,23339
85,70,15,day,17,1s,7,0.0017640637653345776,23339
85,70,15,day,17,1s,8,0.0012909941790810815,23339
85,70,15,day,17,1s,9,-0.011329399253569053,23339
85,70,15,day,17,1s,10,0.0033084688385716624,23339
85,70,15,day,17,1s,11,-0.014719289708012704,23339
85,70,15,day,17,1s,12,0.0010161765057184681,23339
85,70,15,day,17,1s,13,0.0059065642248433674,23339
85,70,15,day,17,1s,14,0.013227533777865999,23339
85,70,15,day,17,1s,15,-0.0019395457637044367,23339
85,70,15,day,17,1s,16,-0.000574978496627127,23339
85,70,15,day,17,1s,17,-0.016747485057358947,23339
85,70,15,day,17,1s,18,0.003308102645121958,23339
85,70,15,day,17,1s,19,-0.001295211992650059,23339
85,70,15,day,17,1s,20,-0.0014744459483088854,23339
85,70,15,day,17,1s,21,-0.006891333670608335,23339
85,70,15,day,17,1s,22,0.0055694753205724834,23339
85,70,15,day,17,1s,23,-0.009565924622260124,23339
85,70,15,day,17,1s,24,-0.003960897942116813,23339
85,70,15,day,17,1s,25,-0.004269311190543096,23339
85,70,15,day,17,1s,26,0.0022548097996128876,23339
85,70,15,day,17,1s,27,-0.00436540050283432,23339
85,70,15,day,17,1s,28,-0.010574541416171698,23339
85,70,15,day,17,1s,29,-0.007851599222041155,23339
85,70,15,day,17,1s,30,-0.007737761096462126,23339
85,70,15,day,17,1s,31,-0.008907248136932467,23339
85,70,15,day,17,1s,32,0.013089057716947605,23339
85,70,15,day,17,1s,33,-0.009227314778263575,23339
85,70,15,day,17,1s,34,0.0015264795268788418,23339
85,70,15,day,17,1s,35,-0.008090256731569939,23339
85,70,15,day,17,1s,36,0.012782672749501676,23339
85,70,15,day,17,1s,37,0.0029712679569144445,23339
85,70,15,day,17,1s,38,-0.0018210725402756263,23339
85,70,15,day,17,1s,39,7.946346735108765e-05,23339
85,70,15,day,17,1s,40,-0.00048227510142114123,23339
85,70,15,day,17,1s,41,0.007626717990140319,23339
85,70,15,day,17,1s,42,0.005728885222515253,23339
85,70,15,day,17,1s,43,-0.009285122221281828,23339
85,70,15,day,17,1s,44,0.007760303552260101,23339
85,70,15,day,17,1s,45,0.0011199571725352534,23339
85,70,15,day,17,1s,46,-0.003395275192258147,23339
85,70,15,day,17,1s,47,-0.00659759982849221,23339
85,70,15,day,17,1s,48,-0.006955340936612328,23339
85,70,15,day,17,1s,49,-0.004838093346096863,23339
85,70,15,day,17,1s,50,-0.006672220083757336,23339
85,70,15,day,17,1s,51,0.0010006506588045069,23339
85,70,15,day,17,1s,52,-0.003506855440665235,23339
85,70,15,day,17,1s,53,0.0065189716757437215,23339
85,70,15,day,17,1s,54,0.003961770751059879,23339
85,70,15,day,17,1s,55,0.005216323084409597,23339
85,70,15,day,17,1s,56,0.0016816843871043153,23339
85,70,15,day,17,1s,57,-0.021939796435126106,23339
85,70,15,day,17,1s,58,-0.0039060094508753746,23339
85,70,15,day,17,1s,59,0.006201613485940246,23339
85,70,15,day,17,1s,60,0.0006266103229726427,23339
85,70,15,day,18,1s,1,-0.01311720112659849,23339
85,70,15,day,18,1s,2,0.008403240173392309,23339
85,70,15,day,18,1s,3,0.0013042064690681008,23339
85,70,15,day,18,1s,4,0.008849712772159386,23339
85,70,15,day,18,1s,5,-0.008435307330626494,23339
85,70,15,day,18,1s,6,0.014335506385224867,23339
85,70,15,day,18,1s,7,0.002390405762270992,23339
85,70,15,day,18,1s,8,-0.020046997405136442,23339
85,70,15,day,18,1s,9,-0.007378350413574593,23339
85,70,15,day,18,1s,10,-0.0046644679746294165,23339
85,70,15,day,18,1s,11,0.010372425453533342,23339
85,70,15,day,18,1s,12,-0.0031017157166437,23339
85,70,15,day,18,1s,13,-0.006305179680352342,23339
85,70,15,day,18,1s,14,0.005445458206758881,23339
85,70,15,day,18,1s,15,-0.006444281404327011,23339
85,70,15,day,18,1s,16,0.0035435937965156545,23339
85,70,15,day,18,1s,17,-0.002977559136296036,23339
85,70,15,day,18,1s,18,-0.0027610634770244484,23339
85,70,15,day,18,1s,19,-0.0016583489936706308,23339
85,70,15,day,18,1s,20,-0.007765856697488906,23339
85,70,15,day,18,1s,21,0.00028641580203916267,23339
85,70,15,day,18,1s,22,0.005201008811387197,23339
85,70,15,day,18,1s,23,0.01179670729378115,23339
85,70,15,day,18,1s,24,0.0003015950840323441,23339
85,70,15,day,18,1s,25,-0.0052645464766558365,23339
85,70,15,day,18,1s,26,-0.0013040873996105545,23339
85,70,15,day,18,1s,27,0.0015177530724272694,23339
85,70,15,day,18,1s,28,-0.0012353744936975915,23339
85,70,15,day,18,1s,29,-0.0006420978305787265,23339
85,70,15,day,18,1s,30,-0.0051386823680333316,23339
85,70,15,day,18,1s,31,-0.00409732847155611,23339
85,70,15,day,18,1s,32,-0.0067301757914086475,23339
85,70,15,day,18,1s,33,-0.008108777172439588,23339
85,70,15,day,18,1s,34,0.004496183946283416,23339
85,70,15,day,18,1s,35,0.0005033407517094567,23339
85,70,15,day,18,1s,36,0.0013052871832933187,23339
85,70,15,day,18,1s,37,-0.002401069884979405,23339
85,70,15,day,18,1s,38,0.005256607949229271,23339
85,70,15,day,18,1s,39,-0.003876981175078473,23339
85,70,15,day,18,1s,40,-0.004346486199473957,23339
85,70,15,day,18,1s,41,0.0009021507723135258,23339
85,70,15,day,18,1s,42,0.0048040668784647455,23339
85,70,15,day,18,1s,43,-0.002482707400572467,23339
85,70,15,day,18,1s,44,0.008848033659618951,23339
85,70,15,day,18,1s,45,-0.005480278728858139,23339
85,70,15,day,18,1s,46,0.014047621334316434,23339
85,70,15,day,18,1s,47,0.004262171589701194,23339
85,70,15,day,18,1s,48,-0.0026768905594151044,23339
85,70,15,day,18,1s,49,-0.0015784593525210674,23339
85,70,15,day,18,1s,50,-0.004857880026870207,23339
85,70,15,day,18,1s,51,1.9014376871002377e-05,23339
85,70,15,day,18,1s,52,-0.006605650448333514,23339
85,70,15,day,18,1s,53,0.009741441081877963,23339
85,70,15,day,18,1s,54,-0.009301064601289929,23339
85,70,15,day,18,1s,55,0.008585099188246507,23339
85,70,15,day,18,1s,56,-0.003460846418603391,23339
85,70,15,day,18,1s,57,0.0028277390831246006,23339
85,70,15,day,18,1s,58,0.009655008360893145,23339
85,70,15,day,18,1s,59,0.0021483961807839684,23339
85,70,15,day,18,1s,60,0.006979986501861489,23339
85,70,15,day,19,1s,1,-0.0029240174113797732,23339
85,70,15,day,19,1s,2,-0.0075141839216682745,23339
85,70,15,day,19,1s,3,0.002034499380540769,23339
85,70,15,day,19,1s,4,-0.0026609532797313004,23339
85,70,15,day,19,1s,5,0.0005567056645931198,23339
85,70,15,day,19,1s,6,0.015051358553839394,23339
85,70,15,day,19,1s,7,-0.008544620346654609,23339
85,70,15,day,19,1s,8,-0.005507055814045536,23339
85,70,15,day,19,1s,9,0.004129290278171129,23339
85,70,15,day,19,1s,10,0.0017923109063141033,23339
85,70,15,day,19,1s,11,-0.0012763702977710621,23339
85,70,15,day,19,1s,12,0.007773155198914248,23339
85,70,15,day,19,1s,13,-0.0036351201116627376,23339
85,70,15,day,19,1s,14,0.0037961302968017546,23339
85,70,15,day,19,1s,15,0.013824197502959365,23339
85,70,15,day,19,1s,16,-0.003954080012772466,23339
85,70,15,day,19,1s,17,-0.015798101609325318,23339
85,70,15,day,19,1s,18,0.0015353949361346668,23339
85,70,15,day,19,1s,19,-0.005329577125811631,23339
85,70,15,day,19,1s,20,-0.005541121822745989,23339
85,70,15,day,19,1s,21,0.004274024405854488,23339
85,70,15,day,19,1s,22,0.01072149532635017,23339
85,70,15,day,19,1s,23,-0.008948286787778675,23339
85,70,15,day,19,1s,24,0.0009303036639800263,23339
85,70,15,day,19,1s,25,-0.00175988957140302,23339
85,70,15,day,19,1s,26,2.0249349792176187e-05,23339
85,70,15,day,19,1s,27,0.011193639199041263,23339
85,70,15,day,19,1s,28,-0.0037655345599137396,23339
85,70,15,day,19,1s,29,0.008481422658455659,23339
85,70,15,day,19,1s,30,0.0008148381954720453,23339
85,70,15,day,19,1s,31,-0.007982483210072435,23339
85,70,15,day,19,1s,32,-0.0015479517658104093,23339
85,70,15,day,19,1s,33,0.0014444054299844603,23339
85,70,15,day,19,1s,34,0.001989837503514823,23339
85,70,15,day,19,1s,35,-0.008843990896275284,23339
85,70,15,day,19,1s,36,-0.00011330399422200607,23339
85,70,15,day,19,1s,37,-0.008055864689106058,23339
85,70,15,day,19,1s,38,0.0036339212657789423,23339
85,70,15,day,19,1s,39,0.0013176106589712468,23339
85,70,15,day,19,1s,40,0.0005385592424655289,23339
85,70,15,day,19,1s,41,-0.010197874660695773,23339
85,70,15,day,19,1s,42,0.0026456252745065416,23339
85,70,15,day,19,1s,43,-0.0067814125650824605,23339
85,70,15,day,19,1s,44,-0.012178866420234183,23339
85,70,15,day,19,1s,45,-0.002003112917187035,23339
85,70,15,day,19,1s,46,0.005101297909646963,23339
85,70,15,day,19,1s,47,-0.0060689183681558925,23339
85,70,15,day,19,1s,48,0.002734274789531102,23339
85,70,15,day,19,1s,49,-0.004060621908078526,23339
85,70,15,day,19,1s,50,0.01257661965295634,23339
85,70,15,day,19,1s,51,0.016481735616489558,23339
85,70,15,day,19,1s,52,0.004081846501258671,23339
85,70,15,day,19,1s,53,-0.008900843830442576,23339
85,70,15,day,19,1s,54,0.0021334195488694565,23339
85,70,15,day,19,1s,55,-0.004477092635930236,23339
85,70,15,day,19,1s,56,-0.0003062517468493416,23339
85,70,15,day,19,1s,57,-0.009528755318580901,23339
85,70,15,day,19,1s,58,0.003648488167798349,23339
85,70,15,day,19,1s,59,0.00696059426193051,23339
85,70,15,day,19,1s,60,0.016343922768782645,23339
85,70,15,day,20,1s,1,-0.02945646857597914,23339
85,70,15,day,20,1s,2,-0.01424927481752692,23339
85,70,15,day,20,1s,3,0.003017045052401367,23339
85,70,15,day,20,1s,4,0.0014182923262192168,23339
85,70,15,day,20,1s,5,-0.009429270533649664,23339
85,70,15,day,20,1s,6,0.01262953562658338,23339
85,70,15,day,20,1s,7,0.016797547860507547,23339
85,70,15,day,20,1s,8,0.009652966751039105,23339
85,70,15,day,20,1s,9,0.0027881095219525363,23339
85,70,15,day,20,1s,10,0.0014470282009565107,23339
85,70,15,day,20,1s,11,0.0026111885892290006,23339
85,70,15,day,20,1s,12,-0.005578546815259574,23339
85,70,15,day,20,1s,13,-0.008692849315850421,23339
85,70,15,day,20,1s,14,0.006868772225123362,23339
85,70,15,day,20,1s,15,-0.004251976681167167,23339
85,70,15,day,20,1s,16,0.006768530056690434,23339
85,70,15,day,20,1s,17,0.0005774496170617484,23339
85,70,15,day,20,1s,18,0.0035850289247279813,23339
85,70,15,day,20,1s,19,0.01493212824575304,23339
85,70,15,day,20,1s,20,0.01690279891518611,23339
85,70,15,day,20,1s,21,-0.011350206285944964,23339
85,70,15,day,20,1s,22,0.0041432410160289505,23339
85,70,15,day,20,1s,23,-0.007482018900714062,23339
85,70,15,day,20,1s,24,0.006749002077584559,23339
85,70,15,day,20,1s,25,0.012242886987709685,23339
85,70,15,day,20,1s,26,-0.00620939887088828,23339
85,70,15,day,20,1s,27,-0.009466222511304509,23339
85,70,15,day,20,1s,28,0.008469568736351777,23339
85,70,15,day,20,1s,29,-0.009590793974148394,23339
85,70,15,day,20,1s,30,0.014808584762222117,23339
85,70,15,day,20,1s,31,0.00843727373855749,23339
85,70,15,day,20,1s,32,-0.005283396117422954,23339
85,70,15,day,20,1s,33,-0.003711987096555836,23339
85,70,15,day,20,1s,34,-0.004535454937106554,23339
85,70,15,day,20,1s,35,-0.005773321668266905,23339
85,70,15,day,20,1s,36,0.0025878685905293907,23339
85,70,15,day,20,1s,37,0.005249653632089962,23339
85,70,15,day,20,1s,38,0.009424481153788,23339
85,70,15,day,20,1s,39,0.0059194309941154365,23339
85,70,15,day,20,1s,40,0.011591766399634718,23339
85,70,15,day,20,1s,41,0.003962064435314143,23339
85,70,15,day,20,1s,42,-0.008469168706636438,23339
85,70,15,day,20,1s,43,0.014727502922974145,23339
85,70,15,day,20,1s,44,0.0018447310152478582,23339
85,70,15,day,20,1s,45,0.00809536056571691,23339
85,70,15,day,20,1s,46,-0.010516265712050398,23339
85,70,15,day,20,1s,47,-0.0074841387851257,23339
85,70,15,day,20,1s,48,-0.0134402048001236,23339
85,70,15,day,20,1s,49,0.004794578744075341,23339
85,70,15,day,20,1s,50,0.013945460911469983,23339
85,70,15,day,20,1s,51,0.008023272163222926,23339
85,70,15,day,20,1s,52,0.004547000593309306,23339
85,70,15,day,20,1s,53,0.015231787898445301,23339
85,70,15,day,20,1s,54,-0.0024890787988416496,23339
85,70,15,day,20,1s,55,0.0084188457123988,23339
85,70,15,day,20,1s,56,0.00013479944928266306,23339
85,70,15,day,20,1s,57,0.008579839894662277,23339
85,70,15,day,20,1s,58,-0.006955598339173412,23339
85,70,15,day,20,1s,59,-0.009917360277307096,23339
85,70,15,day,20,1s,60,0.015075207638871461,23339
85,70,15,day,21,1s,1,-0.031143900520242622,23339
85,70,15,day,21,1s,2,0.0031985404556991903,23339
85,70,15,day,21,1s,3,0.0022790737718225832,23339
85,70,15,day,21,1s,4,-0.007190377485039525,23339
85,70,15,day,21,1s,5,0.007386046780389203,23339
85,70,15,day,21,1s,6,-0.008577315243252163,23339
85,70,15,day,21,1s,7,-0.012111245020510069,23339
85,70,15,day,21,1s,8,0.006152549744123529,23339
85,70,15,day,21,1s,9,-0.008384872984141716,23339
85,70,15,day,21,1s,10,0.019450716451657184,23339
85,70,15,day,21,1s,11,0.007066912331714578,23339
85,70,15,day,21,1s,12,0.004906554908343647,23339
85,70,15,day,21,1s,13,0.004516217244041805,23339
85,70,15,day,21,1s,14,-5.584466153045625e-05,23339
85,70,15,day,21,1s,15,0.003503253909789341,23339
85,70,15,day,21,1s,16,-4.3992234596183945e-05,23339
85,70,15,day,21,1s,17,-0.003970435562879932,23339
85,70,15,day,21,1s,18,-0.004054956330103534,23339
85,70,15,day,21,1s,19,0.013684673366838013,23339
85,70,15,day,21,1s,20,0.0020406237541499704,23339
85,70,15,day,21,1s,21,0.006885468207088054,23339
85,70,15,day,21,1s,22,-0.001706584617717874,23339
85,70,15,day,21,1s,23,-0.016962593048546987,23339
85,70,15,day,21,1s,24,-0.007472198590040826,23339
85,70,15,day,21,1s,25,-0.007545896347532239,23339
85,70,15,day,21,1s,26,-0.006082754828331107,23339
85,70,15,day,21,1s,27,0.002714578103314645,23339
85,70,15,day,21,1s,28,-0.011400057135047704,23339
85,70,15,day,21,1s,29,0.017503725045531517,23339
85,70,15,day,21,1s,30,0.003753081593666876,23339
85,70,15,day,21,1s,31,0.0031094820715086235,23339
85,70,15,day,21,1s,32,0.00085029056166388,23339
85,70,15,day,21,1s,33,0.005497536665741863,23339
85,70,15,day,21,1s,34,0.005812317332101743,23339
85,70,15,day,21,1s,35,-0.00896012179252476,23339
85,70,15,day,21,1s,36,-0.007700746322470051,23339
85,70,15,day,21,1s,37,0.003506698637794186,23339
85,70,15,day,21,1s,38,0.0015718663745130043,23339
85,70,15,day,21,1s,39,0.004387640796008963,23339
85,70,15,day,21,1s,40,0.01119763161735248,23339
85,70,15,day,21,1s,41,0.009947009163302363,23339
85,70,15,day,21,1s,42,0.002318354521914312,23339
85,70,15,day,21,1s,43,-0.0007261863825543355,23339
85,70,15,day,21,1s,44,0.01939568179389248,23339
85,70,15,day,21,1s,45,-0.0036628172273778367,23339
85,70,15,day,21,1s,46,0.014857613755262178,23339
85,70,15,day,21,1s,47,-0.008519151853441428,23339
85,70,15,day,21,1s,48,0.0029970773605500966,23339
85,70,15,day,21,1s,49,0.007391987602396246,23339
85,70,15,day,21,1s,50,-0.010375841316328899,23339
85,70,15,day,21,1s,51,0.0034770521283957667,23339
85,70,15,day,21,1s,52,-0.0007059673425010302,23339
85,70,15,day,21,1s,53,0.00569905812032396,23339
85,70,15,day,21,1s,54,-0.008590118038242008,23339
85,70,15,day,21,1s,55,0.001945774602221047,23339
85,70,15,day,21,1s,56,-0.009468544302525094,23339
85,70,15,day,21,1s,57,0.0014511989582346653,23339
85,70,15,day,21,1s,58,0.004700989007429677,23339
85,70,15,day,21,1s,59,0.016780125079885102,23339
85,70,15,day,21,1s,60,0.006805137240010066,23339
85,70,15,day,22,1s,1,0.010069209223112949,23339
85,70,15,day,22,1s,2,-0.016377694768971385,23339
85,70,15,day,22,1s,3,-0.017506209699719697,23339
85,70,15,day,22,1s,4,-0.01586236913910827,23339
85,70,15,day,22,1s,5,-0.003972567397227199,23339
85,70,15,day,22,1s,6,0.0005035878044654209,23339
85,70,15,day,22,1s,7,0.015904527607801363,23339
85,70,15,day,22,1s,8,0.008107714306638305,23339
85,70,15,day,22,1s,9,-0.009948927362879875,23339
85,70,15,day,22,1s,10,0.014001172514634777,23339
85,70,15,day,22,1s,11,-0.010604716543660735,23339
85,70,15,day,22,1s,12,0.005412320613738358,23339
85,70,15,day,22,1s,13,-0.00706006896012139,23339
85,70,15,day,22,1s,14,-0.011991534869019238,23339
85,70,15,day,22,1s,15,0.010360948665057539,23339
85,70,15,day,22,1s,16,0.016657830134401606,23339
85,70,15,day,22,1s,17,0.005353269415116337,23339
85,70,15,day,22,1s,18,-0.016036270657675367,23339
85,70,15,day,22,1s,19,-0.003826852472503255,23339
85,70,15,day,22,1s,20,0.014724164316003705,23339
85,70,15,day,22,1s,21,0.004429888796313448,23339
85,70,15,day,22,1s,22,0.010232805410125485,23339
85,70,15,day,22,1s,23,0.0007781281965210712,23339
85,70,15,day,22,1s,24,-0.003238227574592077,23339
85,70,15,day,22,1s,25,-0.0001350630115974935,23339
85,70,15,day,22,1s,26,-0.011950759032200142,23339
85,70,15,day,22,1s,27,-0.008692566699405616,23339
85,70,15,day,22,1s,28,0.006536875087048688,23339
85,70,15,day,22,1s,29,0.010870428002402097,23339
85,70,15,day,22,1s,30,0.02038405049535512,23339
85,70,15,day,22,1s,31,-0.009513480992926326,23339
85,70,15,day,22,1s,32,-0.003273840615463415,23339
85,70,15,day,22,1s,33,-0.01263198488001721,23339
85,70,15,day,22,1s,34,-0.013903129012340474,23339
85,70,15,day,22,1s,35,-0.005014773069631362,23339
85,70,15,day,22,1s,36,-0.012059153724954275,23339
85,70,15,day,22,1s,37,0.0007057819607632653,23339
85,70,15,day,22,1s,38,0.004929323078948281,23339
85,70,15,day,22,1s,39,-0.005669101242237632,23339
85,70,15,day,22,1s,40,0.01360704343310908,23339
85,70,15,day,22,1s,41,0.002530497921372308,23339
85,70,15,day,22,1s,42,0.0034786470564627287,23339
85,70,15,day,22,1s,43,-0.006858819902990281,23339
85,70,15,day,22,1s,44,-0.012501509240860919,23339
85,70,15,day,22,1s,45,0.0033167538387244887,23339
85,70,15,day,22,1s,46,0.0035081284254758977,23339
85,70,15,day,22,1s,47,-0.011597244295158076,23339
85,70,15,day,22,1s,48,-0.00019155092434327276,23339
85,70,15,day,22,1s,49,-0.02005997286743415,23339
85,70,15,day,22,1s,50,-0.005456681357264985,23339
85,70,15,day,22,1s,51,-0.00512878416170689,23339
85,70,15,day,22,1s,52,0.001502006998456872,23339
85,70,15,day,22,1s,53,0.009271907399980964,23339
85,70,15,day,22,1s,54,-0.01321865847730704,23339
85,70,15,day,22,1s,55,0.0026093671009031188,23339
85,70,15,day,22,1s,56,-0.018548679583011155,23339
85,70,15,day,22,1s,57,0.006044952132669212,23339
85,70,15,day,22,1s,58,-0.004991217642548003,23339
85,70,15,day,22,1s,59,0.006521408619277381,23339
85,70,15,day,22,1s,60,0.008413689684635869,23339
85,70,15,day,23,1s,1,-0.0927148982510074,23339
85,70,15,day,23,1s,2,0.029502348784612793,23339
85,70,15,day,23,1s,3,0.011075608116701227,23339
85,70,15,day,23,1s,4,-0.030513101389509995,23339
85,70,15,day,23,1s,5,0.00853038610486147,23339
85,70,15,day,23,1s,6,-0.022051956372493162,23339
85,70,15,day,23,1s,7,-0.004803775714126716,23339
85,70,15,day,23,1s,8,0.0045030209854124235,23339
85,70,15,day,23,1s,9,0.022214969611058417,23339
85,70,15,day,23,1s,10,-0.027568260208148537,23339
85,70,15,day,23,1s,11,0.023691572926669978,23339
85,70,15,day,23,1s,12,-0.008766745961081339,23339
85,70,15,day,23,1s,13,-0.004801044047790996,23339
85,70,15,day,23,1s,14,0.020266821477627702,23339
85,70,15,day,23,1s,15,-0.00906576105283093,23339
85,70,15,day,23,1s,16,0.01712576214228652,23339
85,70,15,day,23,1s,17,-0.021222872406403536,23339
85,70,15,day,23,1s,18,0.0002472699825679268,23339
85,70,15,day,23,1s,19,-0.014850931871082836,23339
85,70,15,day,23,1s,20,0.004020029012363625,23339
85,70,15,day,23,1s,21,-0.004155477294608705,23339
85,70,15,day,23,1s,22,0.012371119233508823,23339
85,70,15,day,23,1s,23,0.010754066981682688,23339
85,70,15,day,23,1s,24,-0.004636500707047276,23339
85,70,15,day,23,1s,25,0.0050570890811900086,23339
85,70,15,day,23,1s,26,0.0004696765945861335,23339
85,70,15,day,23,1s,27,-2.3009803038545125e-05,23339
85,70,15,day,23,1s,28,-0.005904915941090917,23339
85,70,15,day,23,1s,29,0.0046246387909752214,23339
85,70,15,day,23,1s,30,0.006552698539270679,23339
85,70,15,day,23,1s,31,-3.001831282549652e-05,23339
85,70,15,day,23,1s,32,-0.020525017040149557,23339
85,70,15,day,23,1s,33,0.001182517894462456,23339
85,70,15,day,23,1s,34,-0.0021575388075009386,23339
85,70,15,day,23,1s,35,-0.006248475044485291,23339
85,70,15,day,23,1s,36,-0.01011584744201794,23339
85,70,15,day,23,1s,37,0.006581452289516171,23339
85,70,15,day,23,1s,38,-0.012218830678397382,23339
85,70,15,day,23,1s,39,-0.004956239159051825,23339
85,70,15,day,23,1s,40,0.008478904822338904,23339
85,70,15,day,23,1s,41,0.0001015002797799386,23339
85,70,15,day,23,1s,42,0.02033364843673458,23339
85,70,15,day,23,1s,43,-0.001111734978888077,23339
85,70,15,day,23,1s,44,-0.003041053492033434,23339
85,70,15,day,23,1s,45,0.007801510650347812,23339
85,70,15,day,23,1s,46,0.0008086664037377141,23339
85,70,15,day,23,1s,47,-0.003534520189129143,23339
85,70,15,day,23,1s,48,3.1825378867959535e-05,23339
85,70,15,day,23,1s,49,-0.004700075180894715,23339
85,70,15,day,23,1s,50,0.0030405479573642974,23339
85,70,15,day,23,1s,51,-0.009328238478715296,23339
85,70,15,day,23,1s,52,-0.00688726252522844,23339
85,70,15,day,23,1s,53,-0.006130739705027239,23339
85,70,15,day,23,1s,54,-0.006874930854680964,23339
85,70,15,day,23,1s,55,0.002930369109525546,23339
85,70,15,day,23,1s,56,-0.003977264749009575,23339
85,70,15,day,23,1s,57,0.009257669258383852,23339
85,70,15,day,23,1s,58,-0.00907769983361794,23339
85,70,15,day,23,1s,59,0.014425136975682144,23339
85,70,15,day,23,1s,60,0.003824571547161878,23339
85,70,15,day,24,1s,1,-0.030573532312635213,23339
85,70,15,day,24,1s,2,-0.008986476786349881,23339
85,70,15,day,24,1s,3,-0.025213538436635503,23339
85,70,15,day,24,1s,4,-0.010873202658502622,23339
85,70,15,day,24,1s,5,-0.012192304373563374,23339
85,70,15,day,24,1s,6,0.0008580652891556562,23339
85,70,15,day,24,1s,7,-0.0020754169919274426,23339
85,70,15,day,24,1s,8,-0.014090420640135876,23339
85,70,15,day,24,1s,9,-0.005018984839614085,23339
85,70,15,day,24,1s,10,-0.009085674581141647,23339
85,70,15,day,24,1s,11,0.0030961192318261937,23339
85,70,15,day,24,1s,12,-0.0038625411715489514,23339
85,70,15,day,24,1s,13,-0.010965703090539429,23339
85,70,15,day,24,1s,14,0.005343440432188485,23339
85,70,15,day,24,1s,15,-0.0006345837537086312,23339
85,70,15,day,24,1s,16,0.016123601131203234,23339
85,70,15,day,24,1s,17,-0.0015055572028975122,23339
85,70,15,day,24,1s,18,0.002814908731820834,23339
85,70,15,day,24,1s,19,-0.010478764168014009,23339
85,70,15,day,24,1s,20,-0.01043551737705204,23339
85,70,15,day,24,1s,21,-0.016750842812446546,23339
85,70,15,day,24,1s,22,0.004599786023937144,23339
85,70,15,day,24,1s,23,-0.005004430898933244,23339
85,70,15,day,24,1s,24,-0.011751914656941139,23339
85,70,15,day,24,1s,25,0.0023400071751471345,23339
85,70,15,day,24,1s,26,0.0036511296335023195,23339
85,70,15,day,24,1s,27,-0.004953216293515207,23339
85,70,15,day,24,1s,28,-0.022151343615506892,23339
85,70,15,day,24,1s,29,0.004731789428604324,23339
85,70,15,day,24,1s,30,0.01187926246197311,23339
85,70,15,day,24,1s,31,0.005000005477263289,23339
85,70,15,day,24,1s,32,-0.0025290788425103173,23339
85,70,15,day,24,1s,33,-0.00567469368287272,23339
85,70,15,day,24,1s,34,-0.01679968667811546,23339
85,70,15,day,24,1s,35,0.004407898932388985,23339
85,70,15,day,24,1s,36,0.0005491784532694453,23339
85,70,15,day,24,1s,37,0.00908910895032814,23339
85,70,15,day,24,1s,38,-0.001778953788301717,23339
85,70,15,day,24,1s,39,0.011179613100903374,23339
85,70,15,day,24,1s,40,-0.019260496690111525,23339
85,70,15,day,24,1s,41,0.010483288720728984,23339
85,70,15,day,24,1s,42,-0.006242475321023492,23339
85,70,15,day,24,1s,43,0.014324745084553454,23339
85,70,15,day,24,1s,44,-0.007385478548449704,23339
85,70,15,day,24,1s,45,0.00888215063540185,23339
85,70,15,day,24,1s,46,-0.0156689147496409,23339
85,70,15,day,24,1s,47,-0.0089622509587967,23339
85,70,15,day,24,1s,48,0.003741874526763297,23339
85,70,15,day,24,1s,49,-0.00404506262402703,23339
85,70,15,day,24,1s,50,0.01059664377693795,23339
85,70,15,day,24,1s,51,-0.0003215110063764629,23339
85,70,15,day,24,1s,52,-0.014108828582746131,23339
85,70,15,day,24,1s,53,-0.005393911372162403,23339
85,70,15,day,24,1s,54,0.011588892895035544,23339
85,70,15,day,24,1s,55,0.01303451021347954,23339
85,70,15,day,24,1s,56,-0.00041826851297776315,23339
85,70,15,day,24,1s,57,-0.007917517151134904,23339
85,70,15,day,24,1s,58,-0.008956115152349809,23339
85,70,15,day,24,1s,59,0.009403563157003999,23339
85,70,15,day,24,1s,60,-0.0013397105199095887,23339
85,70,15,day,25,1s,1,-0.03001267380982436,23339
85,70,15,day,25,1s,2,-0.01290420164312788,23339
85,70,15,day,25,1s,3,-0.017543712671446193,23339
85,70,15,day,25,1s,4,-0.004265285198114544,23339
85,70,15,day,25,1s,5,0.0011834633154036106,23339
85,70,15,day,25,1s,6,-0.016194251776112827,23339
85,70,15,day,25,1s,7,0.000821773374175039,23339
85,70,15,day,25,1s,8,0.009181129328388177,23339
85,70,15,day,25,1s,9,0.001172150698465796,23339
85,70,15,day,25,1s,10,-0.006149604777083129,23339
85,70,15,day,25,1s,11,-0.000709832246732846,23339
85,70,15,day,25,1s,12,-0.004848345608273357,23339
85,70,15,day,25,1s,13,0.0037805525934750117,23339
85,70,15,day,25,1s,14,0.00394680355695223,23339
85,70,15,day,25,1s,15,-0.006135732378885113,23339
85,70,15,day,25,1s,16,-0.0008353540079258084,23339
85,70,15,day,25,1s,17,0.008154708500475531,23339
85,70,15,day,25,1s,18,-0.0010582756502297988,23339
85,70,15,day,25,1s,19,-0.0034744286610596665,23339
85,70,15,day,25,1s,20,-0.018207561723203047,23339
85,70,15,day,25,1s,21,0.0038836514821650146,23339
85,70,15,day,25,1s,22,-0.014023097515511306,23339
85,70,15,day,25,1s,23,-0.00570003269088749,23339
85,70,15,day,25,1s,24,0.012519056341260637,23339
85,70,15,day,25,1s,25,0.0031840033598014646,23339
85,70,15,day,25,1s,26,0.012982696475345216,23339
85,70,15,day,25,1s,27,0.010059153097024237,23339
85,70,15,day,25,1s,28,-0.01064911863644927,23339
85,70,15,day,25,1s,29,0.006736771286847837,23339
85,70,15,day,25,1s,30,0.0034378377671036623,23339
85,70,15,day,25,1s,31,0.0025648412956825444,23339
85,70,15,day,25,1s,32,-0.008523968144628292,23339
85,70,15,day,25,1s,33,0.007077011969794505,23339
85,70,15,day,25,1s,34,-0.0008392755048696944,23339
85,70,15,day,25,1s,35,-0.002116601923881892,23339
85,70,15,day,25,1s,36,0.00516178661173147,23339
85,70,15,day,25,1s,37,-0.003343004909859441,23339
85,70,15,day,25,1s,38,0.004264045445798151,23339
85,70,15,day,25,1s,39,0.00024736448166621063,23339
85,70,15,day,25,1s,40,0.005786944708810614,23339
85,70,15,day,25,1s,41,-0.012325319291331013,23339
85,70,15,day,25,1s,42,0.0073938540973586325,23339
85,70,15,day,25,1s,43,-0.001962790109890464,23339
85,70,15,day,25,1s,44,-0.013940609013951654,23339
85,70,15,day,25,1s,45,0.010182845081376868,23339
85,70,15,day,25,1s,46,0.004351036018954407,23339
85,70,15,day,25,1s,47,0.0030192229909928154,23339
85,70,15,day,25,1s,48,0.004023332046110656,23339
85,70,15,day,25,1s,49,-0.014784947262327375,23339
85,70,15,day,25,1s,50,0.01522977987880304,23339
85,70,15,day,25,1s,51,-0.004566521826398089,23339
85,70,15,day,25,1s,52,0.00412931117592584,23339
85,70,15,day,25,1s,53,-0.012325242088177158,23339
85,70,15,day,25,1s,54,2.8248437274211128e-05,23339
85,70,15,day,25,1s,55,0.0015639198618169973,23339
85,70,15,day,25,1s,56,-0.013967607059762301,23339
85,70,15,day,25,1s,57,0.009859234014789211,23339
85,70,15,day,25,1s,58,-0.020237025330911096,23339
85,70,15,day,25,1s,59,-0.0010512169748777495,23339
85,70,15,day,25,1s,60,-0.0023775424292569684,23339
85,70,15,day,26,1s,1,-0.012424875953430526,23339
85,70,15,day,26,1s,2,-0.008268607344297012,23339
85,70,15,day,26,1s,3,0.003410140435326787,23339
85,70,15,day,26,1s,4,-0.0005687083396798841,23339
85,70,15,day,26,1s,5,-0.01278813425031246,23339
85,70,15,day,26,1s,6,-0.012368633190038015,23339
85,70,15,day,26,1s,7,-0.003459218029315795,23339
85,70,15,day,26,1s,8,0.005192196517183911,23339
85,70,15,day,26,1s,9,-0.00115066666073221,23339
85,70,15,day,26,1s,10,0.004058214366935781,23339
85,70,15,day,26,1s,11,0.00028510351073508816,23339
85,70,15,day,26,1s,12,-0.00199280210293542,23339
85,70,15,day,26,1s,13,-0.007571155703579352,23339
85,70,15,day,26,1s,14,0.00765868598583012,23339
85,70,15,day,26,1s,15,-0.004385212049520529,23339
85,70,15,day,26,1s,16,0.013022111380028104,23339
85,70,15,day,26,1s,17,0.0027213194514596195,23339
85,70,15,day,26,1s,18,-0.006330846013391831,23339
85,70,15,day,26,1s,19,0.002475518305646865,23339
85,70,15,day,26,1s,20,-0.005884386474266206,23339
85,70,15,day,26,1s,21,0.009629576335852168,23339
85,70,15,day,26,1s,22,-0.00032531210195635906,23339
85,70,15,day,26,1s,23,0.0034777925080250347,23339
85,70,15,day,26,1s,24,0.005478282285167916,23339
85,70,15,day,26,1s,25,-0.007478963933845961,23339
85,70,15,day,26,1s,26,0.009360324006215181,23339
85,70,15,day,26,1s,27,-0.004769162391803555,23339
85,70,15,day,26,1s,28,-0.0028723196975690597,23339
85,70,15,day,26,1s,29,-0.010513472005399465,23339
85,70,15,day,26,1s,30,0.012700473062137422,23339
85,70,15,day,26,1s,31,0.010331249827536205,23339
85,70,15,day,26,1s,32,0.0077582951200825395,23339
85,70,15,day,26,1s,33,-0.007321958348814577,23339
85,70,15,day,26,1s,34,-0.0030209187304389806,23339
85,70,15,day,26,1s,35,0.0005662626794507001,23339
85,70,15,day,26,1s,36,0.010066280931792723,23339
85,70,15,day,26,1s,37,-0.005760358360761871,23339
85,70,15,day,26,1s,38,-0.007415715562973849,23339
85,70,15,day,26,1s,39,-0.007332385625305838,23339
85,70,15,day,26,1s,40,0.011313402907279675,23339
85,70,15,day,26,1s,41,0.007501220686107163,23339
85,70,15,day,26,1s,42,-0.002860794548462454,23339
85,70,15,day,26,1s,43,-0.0032343801593357974,23339
85,70,15,day,26,1s,44,-0.01258830858856354,23339
85,70,15,day,26,1s,45,-0.0017584212356618258,23339
85,70,15,day,26,1s,46,0.0026874909587897575,23339
85,70,15,day,26,1s,47,0.005901731193054513,23339
85,70,15,day,26,1s,48,0.00838615516349247,23339
85,70,15,day,26,1s,49,0.008826054769474168,23339
85,70,15,day,26,1s,50,0.0018514270666552591,23339
85,70,15,day,26,1s,51,-0.00584773462053027,23339
85,70,15,day,26,1s,52,0.00587580510195711,23339
85,70,15,day,26,1s,53,0.0007902691049052035,23339
85,70,15,day,26,1s,54,-0.002779250843753368,23339
85,70,15,day,26,1s,55,0.004942104488006925,23339
85,70,15,day,26,1s,56,-0.0003755031368756968,23339
85,70,15,day,26,1s,57,-0.010197603157810093,23339
85,70,15,day,26,1s,58,0.005364965152998887,23339
85,70,15,day,26,1s,59,-0.0015053047175479803,23339
85,70,15,day,26,1s,60,-0.004826581499045978,23339
85,70,15,day,27,1s,1,0.033413931191879555,23339
85,70,15,day,27,1s,2,0.016940063232737355,23339
85,70,15,day,27,1s,3,0.005035051501502729,23339
85,70,15,day,27,1s,4,0.0071546678152862335,23339
85,70,15,day,27,1s,5,-0.0058927111478691225,23339
85,70,15,day,27,1s,6,0.004159227813872745,23339
85,70,15,day,27,1s,7,-0.005699028227806005,23339
85,70,15,day,27,1s,8,0.010771195321778306,23339
85,70,15,day,27,1s,9,-0.0041414968962087345,23339
85,70,15,day,27,1s,10,0.0033583512270431133,23339
85,70,15,day,27,1s,11,-0.0007909886977444969,23339
85,70,15,day,27,1s,12,0.00647323048544979,23339
85,70,15,day,27,1s,13,0.004088547771910542,23339
85,70,15,day,27,1s,14,0.0008769360935149218,23339
85,70,15,day,27,1s,15,-0.005916786291835349,23339
85,70,15,day,27,1s,16,0.0038051001286795736,23339
85,70,15,day,27,1s,17,-0.011702618711626542,23339
85,70,15,day,27,1s,18,0.003340874170313825,23339
85,70,15,day,27,1s,19,-0.009367735703916774,23339
85,70,15,day,27,1s,20,-0.0017539542859634715,23339
85,70,15,day,27,1s,21,-0.0020271554065353745,23339
85,70,15,day,27,1s,22,-0.003935682305384161,23339
85,70,15,day,27,1s,23,0.0003241155654382915,23339
85,70,15,day,27,1s,24,0.004271374885476082,23339
85,70,15,day,27,1s,25,-0.010533560257850759,23339
85,70,15,day,27,1s,26,-0.0014121600274560634,23339
85,70,15,day,27,1s,27,-0.008954812154211985,23339
85,70,15,day,27,1s,28,-0.011559931012458852,23339
85,70,15,day,27,1s,29,0.0066780179813763245,23339
85,70,15,day,27,1s,30,0.00692252254156721,23339
85,70,15,day,27,1s,31,-1.1735681697911655e-05,23339
85,70,15,day,27,1s,32,-0.004487930878693774,23339
85,70,15,day,27,1s,33,0.0052457693583966986,23339
85,70,15,day,27,1s,34,0.010427335283914074,23339
85,70,15,day,27,1s,35,-0.0026527374921665454,23339
85,70,15,day,27,1s,36,-0.003274043255041932,23339
85,70,15,day,27,1s,37,-0.011600225706706414,23339
85,70,15,day,27,1s,38,-0.0029215033862706693,23339
85,70,15,day,27,1s,39,0.009757131204406492,23339
85,70,15,day,27,1s,40,-0.0004934783112616534,23339
85,70,15,day,27,1s,41,0.008163233551054638,23339
85,70,15,day,27,1s,42,0.010547778046217456,23339
85,70,15,day,27,1s,43,0.0002760509395060507,23339
85,70,15,day,27,1s,44,-0.000612087977298892,23339
85,70,15,day,27,1s,45,-0.004762475933509062,23339
85,70,15,day,27,1s,46,-0.009496538098679555,23339
85,70,15,day,27,1s,47,0.0007492543992335072,23339
85,70,15,day,27,1s,48,-0.005019859211075769,23339
85,70,15,day,27,1s,49,-0.004847919703988061,23339
85,70,15,day,27,1s,50,-0.00030511100741573903,23339
85,70,15,day,27,1s,51,-0.004206849184573836,23339
85,70,15,day,27,1s,52,-0.00791876720263604,23339
85,70,15,day,27,1s,53,-0.003094452670140033,23339
85,70,15,day,27,1s,54,-0.0019581017132150247,23339
85,70,15,day,27,1s,55,-0.009043811760300023,23339
85,70,15,day,27,1s,56,-0.0005219743985251166,23339
85,70,15,day,27,1s,57,-0.009035372484382114,23339
85,70,15,day,27,1s,58,-0.006835170164299337,23339
85,70,15,day,27,1s,59,-0.007841758802302558,23339
85,70,15,day,27,1s,60,0.0021511148048005474,23339
85,70,15,day,28,1s,1,-0.005768895819697383,23339
85,70,15,day,28,1s,2,0.0013526130850522646,23339
85,70,15,day,28,1s,3,0.008503655172075443,23339
85,70,15,day,28,1s,4,0.0003641196662321633,23339
85,70,15,day,28,1s,5,0.028085881780383064,23339
85,70,15,day,28,1s,6,-0.03314754979701967,23339
85,70,15,day,28,1s,7,0.016814264931594117,23339
85,70,15,day,28,1s,8,-0.011402546672657438,23339
85,70,15,day,28,1s,9,0.00893270404659331,23339
85,70,15,day,28,1s,10,0.006104770712933454,23339
85,70,15,day,28,1s,11,-0.02060751664500855,23339
85,70,15,day,28,1s,12,-0.01727105594372622,23339
85,70,15,day,28,1s,13,-0.0043936566638766725,23339
85,70,15,day,28,1s,14,-0.010226621686375203,23339
85,70,15,day,28,1s,15,0.002472170161993547,23339
85,70,15,day,28,1s,16,-0.013710612167158163,23339
85,70,15,day,28,1s,17,-0.01704302512066334,23339
85,70,15,day,28,1s,18,-0.012628378483942309,23339
85,70,15,day,28,1s,19,-0.001963900893858238,23339
85,70,15,day,28,1s,20,0.017952743623834276,23339
85,70,15,day,28,1s,21,-0.022849223011670437,23339
85,70,15,day,28,1s,22,-0.006796049297612122,23339
85,70,15,day,28,1s,23,-0.010851112315300155,23339
85,70,15,day,28,1s,24,0.007018355086912596,23339
85,70,15,day,28,1s,25,-0.033110288282430116,23339
85,70,15,day,28,1s,26,0.003431844445708336,23339
85,70,15,day,28,1s,27,0.011514576756098219,23339
85,70,15,day,28,1s,28,0.013665470978828332,23339
85,70,15,day,28,1s,29,0.005909108103057555,23339
85,70,15,day,28,1s,30,-0.003004168597988044,23339
85,70,15,day,28,1s,31,-0.0026443244283430208,23339
85,70,15,day,28,1s,32,0.00711083087403821,23339
85,70,15,day,28,1s,33,0.007285999683512965,23339
85,70,15,day,28,1s,34,0.016725200200351373,23339
85,70,15,day,28,1s,35,-0.010360246455613691,23339
85,70,15,day,28,1s,36,0.0025784918837721644,23339
85,70,15,day,28,1s,37,-0.006448090203158346,23339
85,70,15,day,28,1s,38,-0.0004578692338664436,23339
85,70,15,day,28,1s,39,-0.003086029833851013,23339
85,70,15,day,28,1s,40,0.010612933255745891,23339
85,70,15,day,28,1s,41,0.005342632173732998,23339
85,70,15,day,28,1s,42,-0.00017006819102699305,23339
85,70,15,day,28,1s,43,0.0025786496527813573,23339
85,70,15,day,28,1s,44,0.002167517451957817,23339
85,70,15,day,28,1s,45,-0.005546954242590112,23339
85,70,15,day,28,1s,46,-0.013530778049743309,23339
85,70,15,day,28,1s,47,0.0030492238397229485,23339
85,70,15,day,28,1s,48,-0.003921585511106199,23339
85,70,15,day,28,1s,49,-0.017509628953834695,23339
85,70,15,day,28,1s,50,0.009217722690757883,23339
85,70,15,day,28,1s,51,0.002398171264472432,23339
85,70,15,day,28,1s,52,0.014459753902097618,23339
85,70,15,day,28,1s,53,0.020597495866676464,23339
85,70,15,day,28,1s,54,0.01883109771424297,23339
85,70,15,day,28,1s,55,-0.0032376875741258956,23339
85,70,15,day,28,1s,56,0.01218847045228458,23339
85,70,15,day,28,1s,57,-0.0067051847492766515,23339
85,70,15,day,28,1s,58,-0.012769757786336471,23339
85,70,15,day,28,1s,59,-0.013689770687217818,23339
85,70,15,day,28,1s,60,0.015072867160794744,23339
85,70,15,day,29,1s,1,-0.014500170569506123,23339
85,70,15,day,29,1s,2,-0.006934047563444137,23339
85,70,15,day,29,1s,3,-0.0035985310518493728,23339
85,70,15,day,29,1s,4,0.005551215967850955,23339
85,70,15,day,29,1s,5,0.012929875137096519,23339
85,70,15,day,29,1s,6,0.008578197953571735,23339
85,70,15,day,29,1s,7,0.009020873435945775,23339
85,70,15,day,29,1s,8,0.004275043221587494,23339
85,70,15,day,29,1s,9,-0.005773128617739111,23339
85,70,15,day,29,1s,10,0.0036694821434043244,23339
85,70,15,day,29,1s,11,0.0024673193090020613,23339
85,70,15,day,29,1s,12,0.0014101604066886744,23339
85,70,15,day,29,1s,13,-0.006075359936355644,23339
85,70,15,day,29,1s,14,0.006273318488072227,23339
85,70,15,day,29,1s,15,-0.004732238329344726,23339
85,70,15,day,29,1s,16,-0.003274321344273947,23339
85,70,15,day,29,1s,17,-0.010633561803769162,23339
85,70,15,day,29,1s,18,-0.00048646435023789943,23339
85,70,15,day,29,1s,19,-0.012467613547755782,23339
85,70,15,day,29,1s,20,-0.010248397010930176,23339
85,70,15,day,29,1s,21,0.010608520961725041,23339
85,70,15,day,29,1s,22,-0.025973355120008076,23339
85,70,15,day,29,1s,23,-0.02197092146556382,23339
85,70,15,day,29,1s,24,-0.00781989733635687,23339
85,70,15,day,29,1s,25,0.028587605787795907,23339
85,70,15,day,29,1s,26,-0.00450847936188638,23339
85,70,15,day,29,1s,27,-0.006451901635635228,23339
85,70,15,day,29,1s,28,0.0017841756780484052,23339
85,70,15,day,29,1s,29,-0.010808196563145673,23339
85,70,15,day,29,1s,30,0.022271130562217276,23339
85,70,15,day,29,1s,31,0.004682169292763148,23339
85,70,15,day,29,1s,32,-0.005170947101877078,23339
85,70,15,day,29,1s,33,-0.0006865319173409761,23339
85,70,15,day,29,1s,34,0.013905808323716835,23339
85,70,15,day,29,1s,35,0.0026525723362853834,23339
85,70,15,day,29,1s,36,-0.005001791766347609,23339
85,70,15,day,29,1s,37,-0.0011991611884957765,23339
85,70,15,day,29,1s,38,0.005210004173955113,23339
85,70,15,day,29,1s,39,-0.0019334132925994223,23339
85,70,15,day,29,1s,40,-0.004339570328598231,23339
85,70,15,day,29,1s,41,0.020617976811110626,23339
85,70,15,day,29,1s,42,0.015062625525433167,23339
85,70,15,day,29,1s,43,-0.0028540061840404475,23339
85,70,15,day,29,1s,44,0.0048630563914921765,23339
85,70,15,day,29,1s,45,-0.006139883752979883,23339
85,70,15,day,29,1s,46,0.011007809769154879,23339
85,70,15,day,29,1s,47,0.0024850890449912215,23339
85,70,15,day,29,1s,48,-0.0007302416456510947,23339
85,70,15,day,29,1s,49,0.006040533108187047,23339
85,70,15,day,29,1s,50,0.01671705031003667,23339
85,70,15,day,29,1s,51,-0.004222915472054959,23339
85,70,15,day,29,1s,52,0.007595041858533952,23339
85,70,15,day,29,1s,53,-0.012121788899511278,23339
85,70,15,day,29,1s,54,0.009348587189811087,23339
85,70,15,day,29,1s,55,0.006833762857568601,23339
85,70,15,day,29,1s,56,0.017132190124888695,23339
85,70,15,day,29,1s,57,0.007614943844226029,23339
85,70,15,day,29,1s,58,-0.0014101930749436558,23339
85,70,15,day,29,1s,59,0.0033735126438186472,23339
85,70,15,day,29,1s,60,0.004258644871183826,23339
85,70,15,day,30,1s,1,-0.022693693031235643,23339
85,70,15,day,30,1s,2,-0.017027645301591177,23339
85,70,15,day,30,1s,3,-0.014656354904463199,23339
85,70,15,day,30,1s,4,0.0002918890083586379,23339
85,70,15,day,30,1s,5,-0.016555308354862703,23339
85,70,15,day,30,1s,6,-0.0011181757765392026,23339
85,70,15,day,30,1s,7,0.009357840059773683,23339
85,70,15,day,30,1s,8,0.0053986212975409165,23339
85,70,15,day,30,1s,9,0.0021148511835565385,23339
85,70,15,day,30,1s,10,-0.011475011887920867,23339
85,70,15,day,30,1s,11,0.007710103657892705,23339
85,70,15,day,30,1s,12,-0.004368999627030572,23339
85,70,15,day,30,1s,13,-0.005895154251344935,23339
85,70,15,day,30,1s,14,0.00015081259210443694,23339
85,70,15,day,30,1s,15,-0.010648059441630648,23339
85,70,15,day,30,1s,16,-0.0007165836233659791,23339
85,70,15,day,30,1s,17,-0.0027777274373373636,23339
85,70,15,day,30,1s,18,-0.00684438354476803,23339
85,70,15,day,30,1s,19,-0.011047033113837808,23339
85,70,15,day,30,1s,20,-0.0076750679977463316,23339
85,70,15,day,30,1s,21,-0.0019606934372316523,23339
85,70,15,day,30,1s,22,-0.004184203669351422,23339
85,70,15,day,30,1s,23,0.002027017361014899,23339
85,70,15,day,30,1s,24,0.005481208869033265,23339
85,70,15,day,30,1s,25,-0.003658152652002035,23339
85,70,15,day,30,1s,26,-0.006596888904664282,23339
85,70,15,day,30,1s,27,0.004220033883379727,23339
85,70,15,day,30,1s,28,0.00514167842615717,23339
85,70,15,day,30,1s,29,-0.005390267115610092,23339
85,70,15,day,30,1s,30,0.0011480215035804117,23339
85,70,15,day,30,1s,31,0.0014005080667174056,23339
85,70,15,day,30,1s,32,-0.009808716420787254,23339
85,70,15,day,30,1s,33,-0.00944570608334005,23339
85,70,15,day,30,1s,34,0.0047585338529099845,23339
85,70,15,day,30,1s,35,-0.01056198720644149,23339
85,70,15,day,30,1s,36,0.003460476522168729,23339
85,70,15,day,30,1s,37,-0.00026699913530667095,23339
85,70,15,day,30,1s,38,-0.0052388874862017,23339
85,70,15,day,30,1s,39,-0.002478917758253943,23339
85,70,15,day,30,1s,40,0.011088944621357023,23339
85,70,15,day,30,1s,41,-0.00941906763465973,23339
85,70,15,day,30,1s,42,-0.005007613044706589,23339
85,70,15,day,30,1s,43,-0.005136270095305795,23339
85,70,15,day,30,1s,44,0.010539254225931148,23339
85,70,15,day,30,1s,45,-0.013408317181689246,23339
85,70,15,day,30,1s,46,0.006297174855023226,23339
85,70,15,day,30,1s,47,0.005369939162857332,23339
85,70,15,day,30,1s,48,0.00010741410281825192,23339
85,70,15,day,30,1s,49,-0.013139478671585113,23339
85,70,15,day,30,1s,50,0.008446014221792251,23339
85,70,15,day,30,1s,51,0.008165616957629284,23339
85,70,15,day,30,1s,52,-0.007953167569570365,23339
85,70,15,day,30,1s,53,0.001675143115051619,23339
85,70,15,day,30,1s,54,0.004131654265514786,23339
85,70,15,day,30,1s,55,0.004938575081111409,23339
85,70,15,day,30,1s,56,4.0689762295836313e-05,23339
85,70,15,day,30,1s,57,-0.00973796209654289,23339
85,70,15,day,30,1s,58,0.00244508072992023,23339
85,70,15,day,30,1s,59,0.002864981024916692,23339
85,70,15,day,30,1s,60,0.02005135217021656,23339
85,70,15,day,31,1s,1,-0.03929214211813746,23339
85,70,15,day,31,1s,2,-0.005276427538636135,23339
85,70,15,day,31,1s,3,0.007493742278262022,23339
85,70,15,day,31,1s,4,-0.0032689319019902807,23339
85,70,15,day,31,1s,5,-0.01057521041009964,23339
85,70,15,day,31,1s,6,0.0037291416244248643,23339
85,70,15,day,31,1s,7,0.003259705755715755,23339
85,70,15,day,31,1s,8,-0.00044140963323962136,23339
85,70,15,day,31,1s,9,-0.008750313892166274,23339
85,70,15,day,31,1s,10,0.007147746518905598,23339
85,70,15,day,31,1s,11,0.002031406280190006,23339
85,70,15,day,31,1s,12,0.0010713283681374395,23339
85,70,15,day,31,1s,13,-0.0012173028777634238,23339
85,70,15,day,31,1s,14,-0.0010668992872984223,23339
85,70,15,day,31,1s,15,0.007238994672475365,23339
85,70,15,day,31,1s,16,0.0029992807499602103,23339
85,70,15,day,31,1s,17,0.005954149154491727,23339
85,70,15,day,31,1s,18,-0.001925631301456708,23339
85,70,15,day,31,1s,19,-0.008914005761175958,23339
85,70,15,day,31,1s,20,0.010684500065433295,23339
85,70,15,day,31,1s,21,0.0024604788022003525,23339
85,70,15,day,31,1s,22,-0.007938829424108994,23339
85,70,15,day,31,1s,23,-0.0048919720879289485,23339
85,70,15,day,31,1s,24,0.008859279533696982,23339
85,70,15,day,31,1s,25,0.00048799369178564406,23339
85,70,15,day,31,1s,26,-0.004724476617034377,23339
85,70,15,day,31,1s,27,0.012989994497482544,23339
85,70,15,day,31,1s,28,0.002242121329009724,23339
85,70,15,day,31,1s,29,0.0014908159161459767,23339
85,70,15,day,31,1s,30,-0.011349257174522011,23339
85,70,15,day,31,1s,31,0.009291374850430172,23339
85,70,15,day,31,1s,32,0.006158372775051896,23339
85,70,15,day,31,1s,33,-0.00033612825199666214,23339
85,70,15,day,31,1s,34,-0.02062087030582423,23339
85,70,15,day,31,1s,35,-0.011296878179946762,23339
85,70,15,day,31,1s,36,0.0048439514340299205,23339
85,70,15,day,31,1s,37,-0.0006755202025602437,23339
85,70,15,day,31,1s,38,0.0133069852086437,23339
85,70,15,day,31,1s,39,0.002555861243677608,23339
85,70,15,day,31,1s,40,0.009110786455823746,23339
85,70,15,day,31,1s,41,-0.00010971652701608247,23339
85,70,15,day,31,1s,42,0.0051269749084828205,23339
85,70,15,day,31,1s,43,-0.002038083741413943,23339
85,70,15,day,31,1s,44,-0.0016787405317303394,23339
85,70,15,day,31,1s,45,0.009867074016169474,23339
85,70,15,day,31,1s,46,-0.00014951582875373008,23339
85,70,15,day,31,1s,47,0.002758859633964662,23339
85,70,15,day,31,1s,48,0.01148773867174053,23339
85,70,15,day,31,1s,49,0.0025295594288416894,23339
85,70,15,day,31,1s,50,0.005920270668427993,23339
85,70,15,day,31,1s,51,-0.010809606005217437,23339
85,70,15,day,31,1s,52,-0.0023692048015482763,23339
85,70,15,day,31,1s,53,0.002418686532467045,23339
85,70,15,day,31,1s,54,-0.007318055607547599,23339
85,70,15,day,31,1s,55,0.00109212814161287,23339
85,70,15,day,31,1s,56,0.005237879404096809,23339
85,70,15,day,31,1s,57,0.0023232118754100734,23339
85,70,15,day,31,1s,58,0.012909953997900486,23339
85,70,15,day,31,1s,59,0.005222371860747304,23339
85,70,15,day,31,1s,60,0.004843582112686337,23339
85,70,15,day,32,1s,1,-0.019109652680656914,23339
85,70,15,day,32,1s,2,-0.0026638032542382465,23339
85,70,15,day,32,1s,3,-0.010753197639488708,23339
85,70,15,day,32,1s,4,-0.0010996294351640408,23339
85,70,15,day,32,1s,5,-0.013224779308268871,23339
85,70,15,day,32,1s,6,-0.0042872721243332555,23339
85,70,15,day,32,1s,7,0.003596074008702615,23339
85,70,15,day,32,1s,8,-0.0003065769390719113,23339
85,70,15,day,32,1s,9,-0.0050899011691524,23339
85,70,15,day,32,1s,10,0.008328374953870326,23339
85,70,15,day,32,1s,11,-0.0030566040349739865,23339
85,70,15,day,32,1s,12,-0.007398993461162669,23339
85,70,15,day,32,1s,13,0.005282479340350956,23339
85,70,15,day,32,1s,14,-0.0029130034082767947,23339
85,70,15,day,32,1s,15,0.0012277339467205784,23339
85,70,15,day,32,1s,16,0.010916156665896718,23339
85,70,15,day,32,1s,17,-0.016745695055773755,23339
85,70,15,day,32,1s,18,0.0035712012198551484,23339
85,70,15,day,32,1s,19,0.014841773973308268,23339
85,70,15,day,32,1s,20,-0.010950593501936983,23339
85,70,15,day,32,1s,21,0.008389275181258381,23339
85,70,15,day,32,1s,22,-0.00939322754725091,23339
85,70,15,day,32,1s,23,0.004861970995043466,23339
85,70,15,day,32,1s,24,-0.01308356952352924,23339
85,70,15,day,32,1s,25,-0.0018275900975962432,23339
85,70,15,day,32,1s,26,-0.013635188939851854,23339
85,70,15,day,32,1s,27,-0.0031349387414528126,23339
85,70,15,day,32,1s,28,0.015542508627863771,23339
85,70,15,day,32,1s,29,0.0007190932454226971,23339
85,70,15,day,32,1s,30,-0.0024452487167083794,23339
85,70,15,day,32,1s,31,-0.0011284283008649687,23339
85,70,15,day,32,1s,32,-0.0058947544066913484,23339
85,70,15,day,32,1s,33,-0.006017936346319397,23339
85,70,15,day,32,1s,34,-0.009421497481730181,23339
85,70,15,day,32,1s,35,0.006029987280799587,23339
85,70,15,day,32,1s,36,-0.010040732049317456,23339
85,70,15,day,32,1s,37,-0.005764351038054904,23339
85,70,15,day,32,1s,38,0.008029563362987997,23339
85,70,15,day,32,1s,39,0.002831575124632417,23339
85,70,15,day,32,1s,40,0.001274021914158993,23339
85,70,15,day,32,1s,41,-0.0005748971980059877,23339
85,70,15,day,32,1s,42,0.00908184818033616,23339
85,70,15,day,32,1s,43,-0.002876617983749468,23339
85,70,15,day,32,1s,44,0.0037833725322613597,23339
85,70,15,day,32,1s,45,-0.015927140408886906,23339
85,70,15,day,32,1s,46,-0.0013836874056196223,23339
85,70,15,day,32,1s,47,0.008472954558609812,23339
85,70,15,day,32,1s,48,-0.0019314625224572514,23339
85,70,15,day,32,1s,49,-0.012956672487028479,23339
85,70,15,day,32,1s,50,0.008736889359098606,23339
85,70,15,day,32,1s,51,-0.0001757523273028941,23339
85,70,15,day,32,1s,52,0.0031093477988703563,23339
85,70,15,day,32,1s,53,0.00396661345141842,23339
85,70,15,day,32,1s,54,0.004155967696839178,23339
85,70,15,day,32,1s,55,0.004730713709964298,23339
85,70,15,day,32,1s,56,-0.015966462294425533,23339
85,70,15,day,32,1s,57,-0.010299741180998613,23339
85,70,15,day,32,1s,58,-0.003918315553616114,23339
85,70,15,day,32,1s,59,0.0021278680328919,23339
85,70,15,day,32,1s,60,0.013890677477574019,23339
85,70,15,day,33,1s,1,-0.013761663830874547,23339
85,70,15,day,33,1s,2,-0.006116009996154782,23339
85,70,15,day,33,1s,3,0.002656192637228524,23339
85,70,15,day,33,1s,4,0.0017148571508120221,23339
85,70,15,day,33,1s,5,0.013110174879154982,23339
85,70,15,day,33,1s,6,-0.0019999827522037853,23339
85,70,15,day,33,1s,7,0.016128891914408423,23339
85,70,15,day,33,1s,8,0.01504152211233127,23339
85,70,15,day,33,1s,9,-0.0009823964325181625,23339
85,70,15,day,33,1s,10,0.0029461588276093625,23339
85,70,15,day,33,1s,11,-0.015819726101606164,23339
85,70,15,day,33,1s,12,-0.0034596017462346943,23339
85,70,15,day,33,1s,13,0.011443298796772824,23339
85,70,15,day,33,1s,14,0.003536368953879588,23339
85,70,15,day,33,1s,15,-0.014129263381911877,23339
85,70,15,day,33,1s,16,-0.003846870117348418,23339
85,70,15,day,33,1s,17,-0.0014831174534120316,23339
85,70,15,day,33,1s,18,-0.022170617598101534,23339
85,70,15,day,33,1s,19,-0.006372897929114922,23339
85,70,15,day,33,1s,20,-0.0007798338205540591,23339
85,70,15,day,33,1s,21,-0.009849235459872081,23339
85,70,15,day,33,1s,22,0.01654653703597618,23339
85,70,15,day,33,1s,23,-0.011583684497378845,23339
85,70,15,day,33,1s,24,-0.005185530875313972,23339
85,70,15,day,33,1s,25,0.003417386250503794,23339
85,70,15,day,33,1s,26,0.013061639058923543,23339
85,70,15,day,33,1s,27,0.008206091207703709,23339
85,70,15,day,33,1s,28,0.005201297032169144,23339
85,70,15,day,33,1s,29,0.004499742286852759,23339
85,70,15,day,33,1s,30,0.013679343322904066,23339
85,70,15,day,33,1s,31,0.003288359733652173,23339
85,70,15,day,33,1s,32,-0.002865443874089572,23339
85,70,15,day,33,1s,33,-0.007864577831266132,23339
85,70,15,day,33,1s,34,0.0031031207311900616,23339
85,70,15,day,33,1s,35,0.005197284652118728,23339
85,70,15,day,33,1s,36,-0.00010950351319625811,23339
85,70,15,day,33,1s,37,0.0055951754322357975,23339
85,70,15,day,33,1s,38,-0.00934679869286757,23339
85,70,15,day,33,1s,39,0.00870585879730391,23339
85,70,15,day,33,1s,40,-0.00014008825818376846,23339
85,70,15,day,33,1s,41,0.014710343296259566,23339
85,70,15,day,33,1s,42,0.006729025846208637,23339
85,70,15,day,33,1s,43,-0.00548323362740973,23339
85,70,15,day,33,1s,44,-0.006518156437952628,23339
85,70,15,day,33,1s,45,-0.010186932334397877,23339
85,70,15,day,33,1s,46,-0.0024152585356146568,23339
85,70,15,day,33,1s,47,-0.01759980406584522,23339
85,70,15,day,33,1s,48,-0.0008952680361323612,23339
85,70,15,day,33,1s,49,-0.006098728081146037,23339
85,70,15,day,33,1s,50,-0.009052225387043783,23339
85,70,15,day,33,1s,51,-0.0005643140206984191,23339
85,70,15,day,33,1s,52,-0.011202836140860718,23339
85,70,15,day,33,1s,53,-0.0007687459749590349,23339
85,70,15,day,33,1s,54,0.00784581926392496,23339
85,70,15,day,33,1s,55,0.011745559271861635,23339
85,70,15,day,33,1s,56,-0.005481422701541679,23339
85,70,15,day,33,1s,57,-0.003415832457580709,23339
85,70,15,day,33,1s,58,-0.0019311240789017948,23339
85,70,15,day,33,1s,59,0.0027294384095040616,23339
85,70,15,day,33,1s,60,-0.0049217333659915775,23339
85,70,15,day,34,1s,1,-0.01077964708776226,23339
85,70,15,day,34,1s,2,0.005257416463622309,23339
85,70,15,day,34,1s,3,-0.031475104836862396,23339
85,70,15,day,34,1s,4,-0.00239637779933951,23339
85,70,15,day,34,1s,5,-0.004470209463962932,23339
85,70,15,day,34,1s,6,-0.006917742382641685,23339
85,70,15,day,34,1s,7,-0.007882919130713054,23339
85,70,15,day,34,1s,8,-0.0037304966466889587,23339
85,70,15,day,34,1s,9,0.008305190711122188,23339
85,70,15,day,34,1s,10,0.009116358937522532,23339
85,70,15,day,34,1s,11,0.004185627775649093,23339
85,70,15,day,34,1s,12,0.0075848099600824516,23339
85,70,15,day,34,1s,13,-0.00966761726861305,23339
85,70,15,day,34,1s,14,0.006131885708566766,23339
85,70,15,day,34,1s,15,-0.003853428544644581,23339
85,70,15,day,34,1s,16,0.0054536409722516456,23339
85,70,15,day,34,1s,17,-0.023811090372972552,23339
85,70,15,day,34,1s,18,-0.003750264633209853,23339
85,70,15,day,34,1s,19,0.003609544655101686,23339
85,70,15,day,34,1s,20,-0.014930953939350412,23339
85,70,15,day,34,1s,21,-0.0003833352528348278,23339
85,70,15,day,34,1s,22,-0.010270116057565948,23339
85,70,15,day,34,1s,23,0.008072583794168737,23339
85,70,15,day,34,1s,24,-0.006480889105252704,23339
85,70,15,day,34,1s,25,0.005094236362913903,23339
85,70,15,day,34,1s,26,0.008028118618330686,23339
85,70,15,day,34,1s,27,0.0036257658787489837,23339
85,70,15,day,34,1s,28,-0.0007919275303971307,23339
85,70,15,day,34,1s,29,-0.007129670498739687,23339
85,70,15,day,34,1s,30,0.0033053120894516084,23339
85,70,15,day,34,1s,31,0.01373322429630498,23339
85,70,15,day,34,1s,32,-0.0030611807739988105,23339
85,70,15,day,34,1s,33,-0.007520460633828215,23339
85,70,15,day,34,1s,34,0.0027308885406145847,23339
85,70,15,day,34,1s,35,-0.00034634412831930825,23339
85,70,15,day,34,1s,36,-0.009844939300641956,23339
85,70,15,day,34,1s,37,0.000727238668731095,23339
85,70,15,day,34,1s,38,0.004817835155339387,23339
85,70,15,day,34,1s,39,-0.008200387197709635,23339
85,70,15,day,34,1s,40,0.002637881753193719,23339
85,70,15,day,34,1s,41,-0.005823807402982488,23339
85,70,15,day,34,1s,42,0.00753817877915781,23339
85,70,15,day,34,1s,43,-0.004783222820400679,23339
85,70,15,day,34,1s,44,-0.004592419420580116,23339
85,70,15,day,34,1s,45,-0.009908672556888527,23339
85,70,15,day,34,1s,46,0.01095077911948631,23339
85,70,15,day,34,1s,47,0.009884513924064735,23339
85,70,15,day,34,1s,48,0.007295069041284482,23339
85,70,15,day,34,1s,49,0.003631254560546003,23339
85,70,15,day,34,1s,50,-0.005192433021741645,23339
85,70,15,day,34,1s,51,-0.0026927204999877353,23339
85,70,15,day,34,1s,52,-0.0007774209981684993,23339
85,70,15,day,34,1s,53,0.01615869775516707,23339
85,70,15,day,34,1s,54,0.007361802451217673,23339
85,70,15,day,34,1s,55,-0.0003293760703784847,23339
85,70,15,day,34,1s,56,-0.011475427036805612,23339
85,70,15,day,34,1s,57,-0.005527951567979102,23339
85,70,15,day,34,1s,58,-0.00040573221713017095,23339
85,70,15,day,34,1s,59,-0.01445229324929606,23339
85,70,15,day,34,1s,60,0.003408833884181872,23339
85,70,15,day,35,1s,1,-0.00021658885462098559,23339
85,70,15,day,35,1s,2,-0.015791252101875493,23339
85,70,15,day,35,1s,3,-0.006823658828065843,23339
85,70,15,day,35,1s,4,-0.011508377490755613,23339
85,70,15,day,35,1s,5,0.012944399830854464,23339
85,70,15,day,35,1s,6,-0.016432878893498065,23339
85,70,15,day,35,1s,7,-0.006085614603585643,23339
85,70,15,day,35,1s,8,0.0075799503475392485,23339
85,70,15,day,35,1s,9,-0.002780559784942401,23339
85,70,15,day,35,1s,10,0.01677852476060959,23339
85,70,15,day,35,1s,11,0.008215751959524566,23339
85,70,15,day,35,1s,12,-0.00963905660223222,23339
85,70,15,day,35,1s,13,-0.012973827138405582,23339
85,70,15,day,35,1s,14,0.002269921620834486,23339
85,70,15,day,35,1s,15,0.002704961066113531,23339
85,70,15,day,35,1s,16,-0.010515184357037303,23339
85,70,15,day,35,1s,17,-0.005048773806532832,23339
85,70,15,day,35,1s,18,0.0035235189825797582,23339
85,70,15,day,35,1s,19,0.007186973105209402,23339
85,70,15,day,35,1s,20,0.02107677733912531,23339
85,70,15,day,35,1s,21,0.0026405342194340963,23339
85,70,15,day,35,1s,22,-0.0010809726525095452,23339
85,70,15,day,35,1s,23,0.0002619494291537478,23339
85,70,15,day,35,1s,24,0.0026336227407544703,23339
85,70,15,day,35,1s,25,-0.006010449634039517,23339
85,70,15,day,35,1s,26,-0.008095814534450956,23339
85,70,15,day,35,1s,27,0.0008160719365722298,23339
85,70,15,day,35,1s,28,-0.0014172758834619607,23339
85,70,15,day,35,1s,29,-0.012758553716473024,23339
85,70,15,day,35,1s,30,-0.0062279585069590195,23339
85,70,15,day,35,1s,31,-0.004422677659400527,23339
85,70,15,day,35,1s,32,-0.0014013760433471,23339
85,70,15,day,35,1s,33,-0.010109000744765194,23339
85,70,15,day,35,1s,34,-0.007334328728653311,23339
85,70,15,day,35,1s,35,0.019661246177913445,23339
85,70,15,day,35,1s,36,-0.005659456768793733,23339
85,70,15,day,35,1s,37,-0.0027944230483334777,23339
85,70,15,day,35,1s,38,-0.00145777395878609,23339
85,70,15,day,35,1s,39,-0.005779023576104474,23339
85,70,15,day,35,1s,40,0.005016723114619611,23339
85,70,15,day,35,1s,41,0.007164142456804381,23339
85,70,15,day,35,1s,42,0.0008433055558178926,23339
85,70,15,day,35,1s,43,0.0013144131258319386,23339
85,70,15,day,35,1s,44,0.004797258750816688,23339
85,70,15,day,35,1s,45,-0.008968367252672313,23339
85,70,15,day,35,1s,46,-0.00628590261491115,23339
85,70,15,day,35,1s,47,0.010490743631478828,23339
85,70,15,day,35,1s,48,-0.012744656960257362,23339
85,70,15,day,35,1s,49,-0.0011223417223557581,23339
85,70,15,day,35,1s,50,-0.008597090974403355,23339
85,70,15,day,35,1s,51,-0.0032196294064208157,23339
85,70,15,day,35,1s,52,-0.004605136942506825,23339
85,70,15,day,35,1s,53,-0.010831567576935031,23339
85,70,15,day,35,1s,54,0.004465807767653711,23339
85,70,15,day,35,1s,55,-0.0015342528155136744,23339
85,70,15,day,35,1s,56,-0.0052041177077823434,23339
85,70,15,day,35,1s,57,0.0079524737551828,23339
85,70,15,day,35,1s,58,-0.01819735180869818,23339
85,70,15,day,35,1s,59,0.00020260603914424303,23339
85,70,15,day,35,1s,60,-0.0077543192638022534,23339
85,70,15,day,36,1s,1,-0.030588268853763957,23339
85,70,15,day,36,1s,2,-0.016647367136397195,23339
85,70,15,day,36,1s,3,-0.010153735411875467,23339
85,70,15,day,36,1s,4,0.0018694983931120328,23339
85,70,15,day,36,1s,5,0.002737412787468981,23339
85,70,15,day,36,1s,6,-0.0034988529224965416,23339
85,70,15,day,36,1s,7,-0.007082657088388984,23339
85,70,15,day,36,1s,8,0.012288992079771585,23339
85,70,15,day,36,1s,9,-0.002341282409245432,23339
85,70,15,day,36,1s,10,0.0075030597808565394,23339
85,70,15,day,36,1s,11,-0.0007766457805611144,23339
85,70,15,day,36,1s,12,-0.0067960796207946405,23339
85,70,15,day,36,1s,13,-0.0024292481123007756,23339
85,70,15,day,36,1s,14,-0.0020461377713144966,23339
85,70,15,day,36,1s,15,-0.014459827038499377,23339
85,70,15,day,36,1s,16,-0.013256857937525172,23339
85,70,15,day,36,1s,17,0.00906832175540828,23339
85,70,15,day,36,1s,18,0.006513295818990485,23339
85,70,15,day,36,1s,19,0.004592347029076915,23339
85,70,15,day,36,1s,20,0.004835785854293594,23339
85,70,15,day,36,1s,21,0.005386011914997001,23339
85,70,15,day,36,1s,22,0.004746354531385502,23339
85,70,15,day,36,1s,23,-0.0018457951832577604,23339
85,70,15,day,36,1s,24,0.0036481820877835654,23339
85,70,15,day,36,1s,25,-0.00039437101742894026,23339
85,70,15,day,36,1s,26,-0.0010801703145322272,23339
85,70,15,day,36,1s,27,0.0018509547899378833,23339
85,70,15,day,36,1s,28,0.00765383931014505,23339
85,70,15,day,36,1s,29,-0.022463945491066967,23339
85,70,15,day,36,1s,30,0.008051735962982651,23339
85,70,15,day,36,1s,31,-0.004183609045799754,23339
85,70,15,day,36,1s,32,0.012320865857815924,23339
85,70,15,day,36,1s,33,-0.008739952430153445,23339
85,70,15,day,36,1s,34,-0.011803969054067196,23339
85,70,15,day,36,1s,35,-0.005511763716631189,23339
85,70,15,day,36,1s,36,-0.0005784098331166101,23339
85,70,15,day,36,1s,37,-0.0042731663868630235,23339
85,70,15,day,36,1s,38,0.0019310217693735091,23339
85,70,15,day,36,1s,39,0.0008843395850933342,23339
85,70,15,day,36,1s,40,0.006573185089852707,23339
85,70,15,day,36,1s,41,0.011447157233933185,23339
85,70,15,day,36,1s,42,-0.0006150564309179164,23339
85,70,15,day,36,1s,43,-0.0041256010956279175,23339
85,70,15,day,36,1s,44,0.010379672097908134,23339
85,70,15,day,36,1s,45,-0.0013946788941085469,23339
85,70,15,day,36,1s,46,0.013877546106795207,23339
85,70,15,day,36,1s,47,-0.008472067413537399,23339
85,70,15,day,36,1s,48,-0.008711325663674663,23339
85,70,15,day,36,1s,49,-0.006908869591853282,23339
85,70,15,day,36,1s,50,-0.003524463050734986,23339
85,70,15,day,36,1s,51,0.0025013813197862344,23339
85,70,15,day,36,1s,52,-0.006684701595193592,23339
85,70,15,day,36,1s,53,0.0022139810526382335,23339
85,70,15,day,36,1s,54,0.0014332385658177632,23339
85,70,15,day,36,1s,55,-0.006670235578173547,23339
85,70,15,day,36,1s,56,-0.0020602615008667793,23339
85,70,15,day,36,1s,57,-0.004495849580191476,23339
85,70,15,day,36,1s,58,-0.006863761605999728,23339
85,70,15,day,36,1s,59,-0.0031086240734826275,23339
85,70,15,day,36,1s,60,-0.008637465446194741,23339
85,70,15,day,37,1s,1,-0.015545466811546666,23339
85,70,15,day,37,1s,2,-0.020301158386714136,23339
85,70,15,day,37,1s,3,0.0016659614923700207,23339
85,70,15,day,37,1s,4,0.011938716643902243,23339
85,70,15,day,37,1s,5,0.0041512809609556,23339
85,70,15,day,37,1s,6,0.012782170817597891,23339
85,70,15,day,37,1s,7,-0.006607834083420021,23339
85,70,15,day,37,1s,8,-0.005978066300465322,23339
85,70,15,day,37,1s,9,0.001927206481061961,23339
85,70,15,day,37,1s,10,-0.011102981520454663,23339
85,70,15,day,37,1s,11,0.002124632985847583,23339
85,70,15,day,37,1s,12,-0.012984684308712214,23339
85,70,15,day,37,1s,13,-0.004087461956240618,23339
85,70,15,day,37,1s,14,0.004463796058528848,23339
85,70,15,day,37,1s,15,-0.0050453684341929435,23339
85,70,15,day,37,1s,16,0.00759482024970476,23339
85,70,15,day,37,1s,17,0.010576463781741775,23339
85,70,15,day,37,1s,18,0.016390346652228303,23339
85,70,15,day,37,1s,19,-0.006866084024063578,23339
85,70,15,day,37,1s,20,-0.016246860328038088,23339
85,70,15,day,37,1s,21,0.012814760681728266,23339
85,70,15,day,37,1s,22,0.01071857852628639,23339
85,70,15,day,37,1s,23,-0.004647756274708836,23339
85,70,15,day,37,1s,24,-0.01836389823123039,23339
85,70,15,day,37,1s,25,0.007116591295685962,23339
85,70,15,day,37,1s,26,-0.011944312075505137,23339
85,70,15,day,37,1s,27,0.004955375316003295,23339
85,70,15,day,37,1s,28,0.0027144024750024214,23339
85,70,15,day,37,1s,29,-0.00513897155635504,23339
85,70,15,day,37,1s,30,0.00949981870939595,23339
85,70,15,day,37,1s,31,0.006817608157755764,23339
85,70,15,day,37,1s,32,-0.01389918196001927,23339
85,70,15,day,37,1s,33,-0.002916956267637639,23339
85,70,15,day,37,1s,34,-0.005409162051651668,23339
85,70,15,day,37,1s,35,0.007801191482921241,23339
85,70,15,day,37,1s,36,-0.0008539906513162079,23339
85,70,15,day,37,1s,37,0.004300099831602295,23339
85,70,15,day,37,1s,38,-0.00855065741610006,23339
85,70,15,day,37,1s,39,-0.010592414549941106,23339
85,70,15,day,37,1s,40,0.003923474381270837,23339
85,70,15,day,37,1s,41,-0.0038383600452731093,23339
85,70,15,day,37,1s,42,-0.00230328475806305,23339
85,70,15,day,37,1s,43,-0.002023047422939851,23339
85,70,15,day,37,1s,44,0.01029667015141919,23339
85,70,15,day,37,1s,45,0.006851369180934595,23339
85,70,15,day,37,1s,46,-0.013037565102963198,23339
85,70,15,day,37,1s,47,0.005678933408414632,23339
85,70,15,day,37,1s,48,0.007926992928938883,23339
85,70,15,day,37,1s,49,0.013454744634920935,23339
85,70,15,day,37,1s,50,-1.6007985421632963e-05,23339
85,70,15,day,37,1s,51,-0.0001261627298168545,23339
85,70,15,day,37,1s,52,0.001076667331212866,23339
85,70,15,day,37,1s,53,0.00015476042857652652,23339
85,70,15,day,37,1s,54,0.002906698038922226,23339
85,70,15,day,37,1s,55,-0.013655322716486605,23339
85,70,15,day,37,1s,56,-0.0003809132288150952,23339
85,70,15,day,37,1s,57,0.0035186961181769205,23339
85,70,15,day,37,1s,58,0.009732389368908658,23339
85,70,15,day,37,1s,59,0.004123319415838257,23339
85,70,15,day,37,1s,60,0.00036224228529902337,23339
85,70,15,day,38,1s,1,-0.036284989497230836,23339
85,70,15,day,38,1s,2,0.0013070166318203133,23339
85,70,15,day,38,1s,3,-0.004613832666570449,23339
85,70,15,day,38,1s,4,0.008716428965488583,23339
85,70,15,day,38,1s,5,0.0015537917516239928,23339
85,70,15,day,38,1s,6,0.003497097811762413,23339
85,70,15,day,38,1s,7,0.0044422377301818914,23339
85,70,15,day,38,1s,8,-0.006416722897707422,23339
85,70,15,day,38,1s,9,0.0067674655052218985,23339
85,70,15,day,38,1s,10,-0.001481112302344987,23339
85,70,15,day,38,1s,11,-0.000871393978472619,23339
85,70,15,day,38,1s,12,0.012212510535027312,23339
85,70,15,day,38,1s,13,0.0007874581927805365,23339
85,70,15,day,38,1s,14,0.0112030361189617,23339
85,70,15,day,38,1s,15,0.011695220128636044,23339
85,70,15,day,38,1s,16,0.01177470680810353,23339
85,70,15,day,38,1s,17,-0.005362271275114478,23339
85,70,15,day,38,1s,18,-0.010261448143656713,23339
85,70,15,day,38,1s,19,-7.20315050108516e-05,23339
85,70,15,day,38,1s,20,0.007884408088380965,23339
85,70,15,day,38,1s,21,-0.00023350990204517303,23339
85,70,15,day,38,1s,22,0.0053281215872284455,23339
85,70,15,day,38,1s,23,0.0010676483379350676,23339
85,70,15,day,38,1s,24,0.00235959026769803,23339
85,70,15,day,38,1s,25,0.005650073069493144,23339
85,70,15,day,38,1s,26,0.003625753117056172,23339
85,70,15,day,38,1s,27,0.002032778166706946,23339
85,70,15,day,38,1s,28,0.0019518199640114636,23339
85,70,15,day,38,1s,29,0.004017265387819677,23339
85,70,15,day,38,1s,30,0.0007807385824613377,23339
85,70,15,day,38,1s,31,0.0021221811675630445,23339
85,70,15,day,38,1s,32,-0.0032827657836341545,23339
85,70,15,day,38,1s,33,-0.007448046028081652,23339
85,70,15,day,38,1s,34,0.007783494077642238,23339
85,70,15,day,38,1s,35,0.0013978495658468193,23339
85,70,15,day,38,1s,36,-0.004497492079065486,23339
85,70,15,day,38,1s,37,0.0001719392351578289,23339
85,70,15,day,38,1s,38,-0.0032881480822714963,23339
85,70,15,day,38,1s,39,-0.0017638144552800934,23339
85,70,15,day,38,1s,40,0.0028966425653635898,23339
85,70,15,day,38,1s,41,-0.0005583239226458046,23339
85,70,15,day,38,1s,42,-0.007905471003020739,23339
85,70,15,day,38,1s,43,-0.00010719656791318899,23339
85,70,15,day,38,1s,44,-9.016123025926324e-05,23339
85,70,15,day,38,1s,45,0.011082166129498574,23339
85,70,15,day,38,1s,46,-0.0010610513981805778,23339
85,70,15,day,38,1s,47,0.009634384431351256,23339
85,70,15,day,38,1s,48,-0.00379829591511943,23339
85,70,15,day,38,1s,49,0.009743538070666096,23339
85,70,15,day,38,1s,50,-0.01409799024151618,23339
85,70,15,day,38,1s,51,0.0010355166878040693,23339
85,70,15,day,38,1s,52,-0.007220553289481507,23339
85,70,15,day,38,1s,53,-0.003806041661546056,23339
85,70,15,day,38,1s,54,-0.0057692747615665065,23339
85,70,15,day,38,1s,55,0.007404719845322598,23339
85,70,15,day,38,1s,56,-0.019965094700665164,23339
85,70,15,day,38,1s,57,-0.0025422966274393772,23339
85,70,15,day,38,1s,58,0.008315884557075347,23339
85,70,15,day,38,1s,59,-0.0024955042976324854,23339
85,70,15,day,38,1s,60,-0.0037569598539262546,23339
85,70,15,day,39,1s,1,0.01696291883154161,23339
85,70,15,day,39,1s,2,-0.001223644159882181,23339
85,70,15,day,39,1s,3,-0.018815433822460863,23339
85,70,15,day,39,1s,4,-0.016980931286724642,23339
85,70,15,day,39,1s,5,-0.0058683538572905855,23339
85,70,15,day,39,1s,6,-0.0022832186932596615,23339
85,70,15,day,39,1s,7,-0.006126968405106975,23339
85,70,15,day,39,1s,8,0.006888376068532059,23339
85,70,15,day,39,1s,9,-0.010776383057139946,23339
85,70,15,day,39,1s,10,0.001764601886418716,23339
85,70,15,day,39,1s,11,-0.002917626324686351,23339
85,70,15,day,39,1s,12,-0.009607089444074698,23339
85,70,15,day,39,1s,13,0.0024718366875684365,23339
85,70,15,day,39,1s,14,0.005596931242208695,23339
85,70,15,day,39,1s,15,0.02286886886261504,23339
85,70,15,day,39,1s,16,-0.002268924999645003,23339
85,70,15,day,39,1s,17,0.011496317277905895,23339
85,70,15,day,39,1s,18,0.0003239152520014927,23339
85,70,15,day,39,1s,19,-0.015754603878809864,23339
85,70,15,day,39,1s,20,-0.002088240065751444,23339
85,70,15,day,39,1s,21,0.007655060140660706,23339
85,70,15,day,39,1s,22,-0.0022743621048918463,23339
85,70,15,day,39,1s,23,0.0014827914108241098,23339
85,70,15,day,39,1s,24,8.052894364718944e-05,23339
85,70,15,day,39,1s,25,-0.0012284101757366022,23339
85,70,15,day,39,1s,26,0.007225288498192858,23339
85,70,15,day,39,1s,27,-0.0038822420264029395,23339
85,70,15,day,39,1s,28,-0.006678402519550277,23339
85,70,15,day,39,1s,29,0.01839701057468025,23339
85,70,15,day,39,1s,30,0.011213507726558021,23339
85,70,15,day,39,1s,31,0.0103013176694091,23339
85,70,15,day,39,1s,32,0.0004104523472253321,23339
85,70,15,day,39,1s,33,-0.023227955111502,23339
85,70,15,day,39,1s,34,0.006639821668810226,23339
85,70,15,day,39,1s,35,-0.007723611791183627,23339
85,70,15,day,39,1s,36,-0.00012485385284925809,23339
85,70,15,day,39,1s,37,-0.006490333244942425,23339
85,70,15,day,39,1s,38,-0.006525898999004298,23339
85,70,15,day,39,1s,39,-0.001956852358933795,23339
85,70,15,day,39,1s,40,0.002311486386790434,23339
85,70,15,day,39,1s,41,0.004686439152379045,23339
85,70,15,day,39,1s,42,-0.0006829595771105464,23339
85,70,15,day,39,1s,43,-0.001656344835709757,23339
85,70,15,day,39,1s,44,-0.008137363103136265,23339
85,70,15,day,39,1s,45,-0.0028384893538678257,23339
85,70,15,day,39,1s,46,0.000756840665205773,23339
85,70,15,day,39,1s,47,0.001255643102520166,23339
85,70,15,day,39,1s,48,-0.0021028442914020414,23339
85,70,15,day,39,1s,49,-0.004422026166262633,23339
85,70,15,day,39,1s,50,-0.0075771245140896885,23339
85,70,15,day,39,1s,51,-0.0061854308216803934,23339
85,70,15,day,39,1s,52,0.004944264719660304,23339
85,70,15,day,39,1s,53,-0.0032183417436224835,23339
85,70,15,day,39,1s,54,0.004149852554738801,23339
85,70,15,day,39,1s,55,-0.01609334301343542,23339
85,70,15,day,39,1s,56,0.010489101014078944,23339
85,70,15,day,39,1s,57,1.7984245189022872e-05,23339
85,70,15,day,39,1s,58,-0.0007280497343931116,23339
85,70,15,day,39,1s,59,0.011890719698321506,23339
85,70,15,day,39,1s,60,-0.0030580489848895703,23339
85,70,15,day,40,1s,1,-0.02452955269264185,23339
85,70,15,day,40,1s,2,-0.020426157330687696,23339
85,70,15,day,40,1s,3,-0.021206377461971845,23339
85,70,15,day,40,1s,4,-0.013198245756612848,23339
85,70,15,day,40,1s,5,-0.008365848710895457,23339
85,70,15,day,40,1s,6,0.014600999988150988,23339
85,70,15,day,40,1s,7,-0.006834133280690209,23339
85,70,15,day,40,1s,8,-0.02318649014722031,23339
85,70,15,day,40,1s,9,-0.01846771703202584,23339
85,70,15,day,40,1s,10,0.0050105865345796766,23339
85,70,15,day,40,1s,11,0.009777631476626606,23339
85,70,15,day,40,1s,12,-0.009513404318516102,23339
85,70,15,day,40,1s,13,0.005874117372283265,23339
85,70,15,day,40,1s,14,-0.00742328368918267,23339
85,70,15,day,40,1s,15,-0.007023639273297897,23339
85,70,15,day,40,1s,16,-0.009784201779493892,23339
85,70,15,day,40,1s,17,0.005879503870520117,23339
85,70,15,day,40,1s,18,-0.0004373625612135929,23339
85,70,15,day,40,1s,19,0.01764991490906088,23339
85,70,15,day,40,1s,20,0.008996689461562533,23339
85,70,15,day,40,1s,21,0.017536565882590942,23339
85,70,15,day,40,1s,22,0.0078042155755434104,23339
85,70,15,day,40,1s,23,0.015595139070431885,23339
85,70,15,day,40,1s,24,0.0017284178300368614,23339
85,70,15,day,40,1s,25,-0.008817349675734385,23339
85,70,15,day,40,1s,26,-0.0022884110794274366,23339
85,70,15,day,40,1s,27,0.01596749447851014,23339
85,70,15,day,40,1s,28,0.014846387377585701,23339
85,70,15,day,40,1s,29,0.01206790860886143,23339
85,70,15,day,40,1s,30,-0.010053761983250666,23339
85,70,15,day,40,1s,31,0.0013202289082358148,23339
85,70,15,day,40,1s,32,-0.0008207236313702038,23339
85,70,15,day,40,1s,33,0.003458869652653687,23339
85,70,15,day,40,1s,34,-0.014423327662649584,23339
85,70,15,day,40,1s,35,-0.002139926473726595,23339
85,70,15,day,40,1s,36,0.004288424396575862,23339
85,70,15,day,40,1s,37,-0.01541233776841869,23339
85,70,15,day,40,1s,38,0.008049219067063905,23339
85,70,15,day,40,1s,39,0.0115456262439828,23339
85,70,15,day,40,1s,40,0.0020676544046909244,23339
85,70,15,day,40,1s,41,-0.008957448813572282,23339
85,70,15,day,40,1s,42,-0.003182108300723268,23339
85,70,15,day,40,1s,43,0.008459457656370413,23339
85,70,15,day,40,1s,44,-0.007108128260701174,23339
85,70,15,day,40,1s,45,-0.020465513599388415,23339
85,70,15,day,40,1s,46,-5.180237270560671e-05,23339
85,70,15,day,40,1s,47,0.02659752877392539,23339
85,70,15,day,40,1s,48,0.0019133159872315145,23339
85,70,15,day,40,1s,49,-0.018806103959315534,23339
85,70,15,day,40,1s,50,0.008283202088035494,23339
85,70,15,day,40,1s,51,-0.00549891094482047,23339
85,70,15,day,40,1s,52,-0.005006201589613452,23339
85,70,15,day,40,1s,53,-0.005476296086864548,23339
85,70,15,day,40,1s,54,-0.006760621536773984,23339
85,70,15,day,40,1s,55,-0.0007651562676172908,23339
85,70,15,day,40,1s,56,-0.0023932197922536184,23339
85,70,15,day,40,1s,57,0.0061955237213967215,23339
85,70,15,day,40,1s,58,-0.00488729320880803,23339
85,70,15,day,40,1s,59,-0.002165527232026557,23339
85,70,15,day,40,1s,60,-0.002295470187787917,23339
85,70,15,day,41,1s,1,-0.009665448215832012,23339
85,70,15,day,41,1s,2,0.006286070345836475,23339
85,70,15,day,41,1s,3,0.006823136298971914,23339
85,70,15,day,41,1s,4,0.0029189928215204355,23339
85,70,15,day,41,1s,5,-0.0017578179628296338,23339
85,70,15,day,41,1s,6,-0.003690952376296124,23339
85,70,15,day,41,1s,7,-0.0021416025373195793,23339
85,70,15,day,41,1s,8,0.005715864800460383,23339
85,70,15,day,41,1s,9,-0.013978785946122564,23339
85,70,15,day,41,1s,10,-0.00037358828470815007,23339
85,70,15,day,41,1s,11,7.554015855569403e-05,23339
85,70,15,day,41,1s,12,0.002293981058337167,23339
85,70,15,day,41,1s,13,0.0030365319651310682,23339
85,70,15,day,41,1s,14,-0.007919917004411447,23339
85,70,15,day,41,1s,15,-0.009519113383663671,23339
85,70,15,day,41,1s,16,0.0018429421958009895,23339
85,70,15,day,41,1s,17,-0.021902456757744136,23339
85,70,15,day,41,1s,18,0.00032242836900170954,23339
85,70,15,day,41,1s,19,-0.0011910323289994755,23339
85,70,15,day,41,1s,20,-0.002509832663341414,23339
85,70,15,day,41,1s,21,0.0007482244921009892,23339
85,70,15,day,41,1s,22,0.00295516345744597,23339
85,70,15,day,41,1s,23,-0.009237951948658528,23339
85,70,15,day,41,1s,24,-0.0070951492474346095,23339
85,70,15,day,41,1s,25,-0.012288718226306476,23339
85,70,15,day,41,1s,26,-0.0007244855292516018,23339
85,70,15,day,41,1s,27,-0.0019309665100522076,23339
85,70,15,day,41,1s,28,0.0010825784281072392,23339
85,70,15,day,41,1s,29,0.012908517188959866,23339
85,70,15,day,41,1s,30,0.004341535137337,23339
85,70,15,day,41,1s,31,-6.19287725036711e-05,23339
85,70,15,day,41,1s,32,-0.0010980919858965786,23339
85,70,15,day,41,1s,33,-0.0036366916053054946,23339
85,70,15,day,41,1s,34,0.009622107623221613,23339
85,70,15,day,41,1s,35,-0.006346918017083509,23339
85,70,15,day,41,1s,36,-2.4995708627746716e-05,23339
85,70,15,day,41,1s,37,-0.0005625181037194215,23339
85,70,15,day,41,1s,38,-0.0017423473285604748,23339
85,70,15,day,41,1s,39,0.002127305999913636,23339
85,70,15,day,41,1s,40,-0.0020897540008158583,23339
85,70,15,day,41,1s,41,0.006592123720729435,23339
85,70,15,day,41,1s,42,-0.0040299119456715694,23339
85,70,15,day,41,1s,43,-0.009842789519993456,23339
85,70,15,day,41,1s,44,-0.0008574113766726976,23339
85,70,15,day,41,1s,45,0.01026683866607485,23339
85,70,15,day,41,1s,46,-0.004211221292842468,23339
85,70,15,day,41,1s,47,-0.012368986127281285,23339
85,70,15,day,41,1s,48,0.005159611993280637,23339
85,70,15,day,41,1s,49,-0.0016682586718029357,23339
85,70,15,day,41,1s,50,0.01601013274715189,23339
85,70,15,day,41,1s,51,0.005835277245882848,23339
85,70,15,day,41,1s,52,0.004926137008521197,23339
85,70,15,day,41,1s,53,-0.009173991758727237,23339
85,70,15,day,41,1s,54,-0.0019449375008984409,23339
85,70,15,day,41,1s,55,0.007722379523801316,23339
85,70,15,day,41,1s,56,-0.0015897828689750509,23339
85,70,15,day,41,1s,57,0.0019850500404087514,23339
85,70,15,day,41,1s,58,-0.014375262849391451,23339
85,70,15,day,41,1s,59,-0.0025383199166541066,23339
85,70,15,day,41,1s,60,0.011852479581791916,23339
85,70,15,day,42,1s,1,-0.03987377769265632,23339
85,70,15,day,42,1s,2,-0.006479726944619228,23339
85,70,15,day,42,1s,3,-0.013199840016557569,23339
85,70,15,day,42,1s,4,0.0017406217005395694,23339
85,70,15,day,42,1s,5,0.013520320495510394,23339
85,70,15,day,42,1s,6,0.006394454276237074,23339
85,70,15,day,42,1s,7,0.001032388384349443,23339
85,70,15,day,42,1s,8,0.00015667525532821728,23339
85,70,15,day,42,1s,9,-0.0012033830948600366,23339
85,70,15,day,42,1s,10,0.0005533022920489451,23339
85,70,15,day,42,1s,11,0.006549128304825327,23339
85,70,15,day,42,1s,12,0.0027436571587787727,23339
85,70,15,day,42,1s,13,-0.012496732340284308,23339
85,70,15,day,42,1s,14,0.007220551609273,23339
85,70,15,day,42,1s,15,-0.008265011897436619,23339
85,70,15,day,42,1s,16,0.0064361917548499065,23339
85,70,15,day,42,1s,17,-0.010319214862417887,23339
85,70,15,day,42,1s,18,0.006889741266185021,23339
85,70,15,day,42,1s,19,-0.017999108989214387,23339
85,70,15,day,42,1s,20,0.007386666845302515,23339
85,70,15,day,42,1s,21,-0.0018249475014167939,23339
85,70,15,day,42,1s,22,-0.007470505869108025,23339
85,70,15,day,42,1s,23,-0.006414147733474799,23339
85,70,15,day,42,1s,24,-0.005064346731425945,23339
85,70,15,day,42,1s,25,0.01632184276918316,23339
85,70,15,day,42,1s,26,-0.01079618202773475,23339
85,70,15,day,42,1s,27,0.001584472730403048,23339
85,70,15,day,42,1s,28,-0.0016659800412709284,23339
85,70,15,day,42,1s,29,0.006291295665157115,23339
85,70,15,day,42,1s,30,0.007970119436949311,23339
85,70,15,day,42,1s,31,-0.010738665245134312,23339
85,70,15,day,42,1s,32,-0.009045041406866064,23339
85,70,15,day,42,1s,33,-0.009562923213211906,23339
85,70,15,day,42,1s,34,-0.006235780066573938,23339
85,70,15,day,42,1s,35,0.004397356323978972,23339
85,70,15,day,42,1s,36,-0.008501252901225897,23339
85,70,15,day,42,1s,37,0.002597278734126639,23339
85,70,15,day,42,1s,38,-0.016973407437614715,23339
85,70,15,day,42,1s,39,-0.0009049129706197201,23339
85,70,15,day,42,1s,40,-0.012985559347488452,23339
85,70,15,day,42,1s,41,-0.0005870716861556098,23339
85,70,15,day,42,1s,42,0.004520342609960766,23339
85,70,15,day,42,1s,43,-0.011951648332377798,23339
85,70,15,day,42,1s,44,-0.008348737833882333,23339
85,70,15,day,42,1s,45,0.012616442345330041,23339
85,70,15,day,42,1s,46,-0.0037945302236786515,23339
85,70,15,day,42,1s,47,-0.005205645402731158,23339
85,70,15,day,42,1s,48,-0.0071696734984125895,23339
85,70,15,day,42,1s,49,0.0073129293874128675,23339
85,70,15,day,42,1s,50,0.005942982196547846,23339
85,70,15,day,42,1s,51,0.004415438668162749,23339
85,70,15,day,42,1s,52,-0.01732195419870994,23339
85,70,15,day,42,1s,53,-0.0005169984307045036,23339
85,70,15,day,42,1s,54,-0.0015908822731288865,23339
85,70,15,day,42,1s,55,-0.005573787112261565,23339
85,70,15,day,42,1s,56,-0.001884378913601781,23339
85,70,15,day,42,1s,57,-0.0057679608641956984,23339
85,70,15,day,42,1s,58,-0.008996757893852665,23339
85,70,15,day,42,1s,59,0.00783429707903405,23339
85,70,15,day,42,1s,60,0.004184672832206048,23339
85,70,15,day,43,1s,1,-0.0049585923584380695,23339
85,70,15,day,43,1s,2,-0.013508329731669471,23339
85,70,15,day,43,1s,3,0.010188726290395585,23339
85,70,15,day,43,1s,4,0.002119372646869942,23339
85,70,15,day,43,1s,5,0.004273802097280761,23339
85,70,15,day,43,1s,6,-0.0010463480684381671,23339
85,70,15,day,43,1s,7,-0.015504197646262787,23339
85,70,15,day,43,1s,8,0.0034199407873193475,23339
85,70,15,day,43,1s,9,-0.007200826394476343,23339
85,70,15,day,43,1s,10,0.003903036466490159,23339
85,70,15,day,43,1s,11,-0.003565929713463386,23339
85,70,15,day,43,1s,12,-0.007014337694860704,23339
85,70,15,day,43,1s,13,-0.005316058318758134,23339
85,70,15,day,43,1s,14,-0.004003734857316205,23339
85,70,15,day,43,1s,15,0.00963413863084771,23339
85,70,15,day,43,1s,16,0.00042849145087721217,23339
85,70,15,day,43,1s,17,0.003463185358517568,23339
85,70,15,day,43,1s,18,-0.0025732885796507696,23339
85,70,15,day,43,1s,19,-0.014598064083311607,23339
85,70,15,day,43,1s,20,-0.000688493964292026,23339
85,70,15,day,43,1s,21,0.007051319122096586,23339
85,70,15,day,43,1s,22,0.0015308575498539125,23339
85,70,15,day,43,1s,23,0.007411926631508064,23339
85,70,15,day,43,1s,24,-0.0029757451319548543,23339
85,70,15,day,43,1s,25,0.00043205927669986646,23339
85,70,15,day,43,1s,26,0.0030460252764127893,23339
85,70,15,day,43,1s,27,0.0020597826467047,23339
85,70,15,day,43,1s,28,0.003192832846883511,23339
85,70,15,day,43,1s,29,0.012963816830229766,23339
85,70,15,day,43,1s,30,0.004451417999141119,23339
85,70,15,day,43,1s,31,-0.0067459089443876324,23339
85,70,15,day,43,1s,32,0.006467777193337817,23339
85,70,15,day,43,1s,33,-8.258442872074355e-05,23339
85,70,15,day,43,1s,34,-0.013748743958834493,23339
85,70,15,day,43,1s,35,-0.013458613211835209,23339
85,70,15,day,43,1s,36,-0.011893418872487517,23339
85,70,15,day,43,1s,37,0.00877850778104675,23339
85,70,15,day,43,1s,38,-0.007872805551489052,23339
85,70,15,day,43,1s,39,-0.0015802018377804347,23339
85,70,15,day,43,1s,40,-0.0033553310225287454,23339
85,70,15,day,43,1s,41,-0.009138019556875964,23339
85,70,15,day,43,1s,42,-0.006576535443384525,23339
85,70,15,day,43,1s,43,-0.0014736397670926918,23339
85,70,15,day,43,1s,44,0.009038862732092194,23339
85,70,15,day,43,1s,45,-0.0005634918555195985,23339
85,70,15,day,43,1s,46,0.003197021450094813,23339
85,70,15,day,43,1s,47,-0.002197345295658909,23339
85,70,15,day,43,1s,48,0.001682056640791375,23339
85,70,15,day,43,1s,49,0.00786045245304829,23339
85,70,15,day,43,1s,50,0.011330781551446265,23339
85,70,15,day,43,1s,51,-0.002915470326067265,23339
85,70,15,day,43,1s,52,-0.015141291516835373,23339
85,70,15,day,43,1s,53,-0.0022414854625343915,23339
85,70,15,day,43,1s,54,0.011001856780322452,23339
85,70,15,day,43,1s,55,0.0023458865705141265,23339
85,70,15,day,43,1s,56,-0.00783220436004121,23339
85,70,15,day,43,1s,57,0.011398863314779526,23339
85,70,15,day,43,1s,58,0.01625703703366376,23339
85,70,15,day,43,1s,59,0.02228005986410966,23339
85,70,15,day,43,1s,60,0.016566060700926075,23339
85,70,15,day,44,1s,1,-0.0038780222534512965,23339
85,70,15,day,44,1s,2,-0.007179399120033832,23339
85,70,15,day,44,1s,3,-0.0010128412779031924,23339
85,70,15,day,44,1s,4,-0.003464749884810524,23339
85,70,15,day,44,1s,5,0.004531045660620656,23339
85,70,15,day,44,1s,6,0.0049761622520818356,23339
85,70,15,day,44,1s,7,0.002501731358048096,23339
85,70,15,day,44,1s,8,0.01566224417870912,23339
85,70,15,day,44,1s,9,-0.008823241371420137,23339
85,70,15,day,44,1s,10,-0.00015716286909269223,23339
85,70,15,day,44,1s,11,0.004855049228166733,23339
85,70,15,day,44,1s,12,0.009437133386298356,23339
85,70,15,day,44,1s,13,-0.011150591641624663,23339
85,70,15,day,44,1s,14,0.014997652253190314,23339
85,70,15,day,44,1s,15,0.005486876461534651,23339
85,70,15,day,44,1s,16,-0.00058253760816518,23339
85,70,15,day,44,1s,17,-0.013926164689664315,23339
85,70,15,day,44,1s,18,0.008256013289437385,23339
85,70,15,day,44,1s,19,-0.0033491822431336105,23339
85,70,15,day,44,1s,20,0.006185868558299849,23339
85,70,15,day,44,1s,21,-0.00889863735829565,23339
85,70,15,day,44,1s,22,-0.002540612874246094,23339
85,70,15,day,44,1s,23,1.1004951269500786e-05,23339
85,70,15,day,44,1s,24,-0.00015735177413404435,23339
85,70,15,day,44,1s,25,-0.007190079723201968,23339
85,70,15,day,44,1s,26,-0.0004991495816113274,23339
85,70,15,day,44,1s,27,-0.0006727402263991332,23339
85,70,15,day,44,1s,28,0.012188780836534545,23339
85,70,15,day,44,1s,29,-0.0008363645553412763,23339
85,70,15,day,44,1s,30,-0.008193876086263374,23339
85,70,15,day,44,1s,31,0.0042842682327448485,23339
85,70,15,day,44,1s,32,0.0003245501320901593,23339
85,70,15,day,44,1s,33,-0.014943000099064272,23339
85,70,15,day,44,1s,34,-0.013494983581198237,23339
85,70,15,day,44,1s,35,-0.008965158642625001,23339
85,70,15,day,44,1s,36,0.00866845105829621,23339
85,70,15,day,44,1s,37,-0.0051195267941000775,23339
85,70,15,day,44,1s,38,-0.003699522804914899,23339
85,70,15,day,44,1s,39,-0.012588587966787497,23339
85,70,15,day,44,1s,40,0.012928000923743502,23339
85,70,15,day,44,1s,41,-0.006452489818381363,23339
85,70,15,day,44,1s,42,4.149056184138059e-05,23339
85,70,15,day,44,1s,43,-7.305598027625073e-05,23339
85,70,15,day,44,1s,44,0.009032192632261227,23339
85,70,15,day,44,1s,45,-0.0019517354573917152,23339
85,70,15,day,44,1s,46,0.016941174267131976,23339
85,70,15,day,44,1s,47,0.008758585362365344,23339
85,70,15,day,44,1s,48,-0.010884439343976213,23339
85,70,15,day,44,1s,49,-0.0010424657008106795,23339
85,70,15,day,44,1s,50,0.005206399744439694,23339
85,70,15,day,44,1s,51,0.00548934057388556,23339
85,70,15,day,44,1s,52,-0.006946234155030784,23339
85,70,15,day,44,1s,53,-0.01574466753497688,23339
85,70,15,day,44,1s,54,-0.0024473340163422594,23339
85,70,15,day,44,1s,55,-0.004165731657895522,23339
85,70,15,day,44,1s,56,-0.004163526000974542,23339
85,70,15,day,44,1s,57,0.0005087472843349962,23339
85,70,15,day,44,1s,58,-0.0017928461853396712,23339
85,70,15,day,44,1s,59,-0.013388715634624135,23339
85,70,15,day,44,1s,60,0.009252858969020058,23339
85,70,15,day,45,1s,1,-0.010892365309233851,23339
85,70,15,day,45,1s,2,-0.01514550844688537,23339
85,70,15,day,45,1s,3,-0.006927152898671942,23339
85,70,15,day,45,1s,4,-0.005826556975434002,23339
85,70,15,day,45,1s,5,0.012284660033037662,23339
85,70,15,day,45,1s,6,0.011208330070860927,23339
85,70,15,day,45,1s,7,0.007644745092639894,23339
85,70,15,day,45,1s,8,0.009172053534702584,23339
85,70,15,day,45,1s,9,0.016695030895558786,23339
85,70,15,day,45,1s,10,-0.01010889522515091,23339
85,70,15,day,45,1s,11,-0.014559652193515994,23339
85,70,15,day,45,1s,12,-0.008473002323747382,23339
85,70,15,day,45,1s,13,-0.004433498396385453,23339
85,70,15,day,45,1s,14,-0.00880661764433069,23339
85,70,15,day,45,1s,15,0.0028175388596244503,23339
85,70,15,day,45,1s,16,0.0017279674111829659,23339
85,70,15,day,45,1s,17,0.0021018968883912813,23339
85,70,15,day,45,1s,18,0.010709849020704746,23339
85,70,15,day,45,1s,19,-0.02023370268394315,23339
85,70,15,day,45,1s,20,-0.004905786851063056,23339
85,70,15,day,45,1s,21,-0.004432266383370005,23339
85,70,15,day,45,1s,22,0.0032364259608323926,23339
85,70,15,day,45,1s,23,-0.005446283881204082,23339
85,70,15,day,45,1s,24,-0.002184012360406097,23339
85,70,15,day,45,1s,25,0.001785222174632791,23339
85,70,15,day,45,1s,26,-0.0015442140584440455,23339
85,70,15,day,45,1s,27,0.00617381593296533,23339
85,70,15,day,45,1s,28,-0.0063898403421075054,23339
85,70,15,day,45,1s,29,0.008649350043555245,23339
85,70,15,day,45,1s,30,0.0011083168537313413,23339
85,70,15,day,45,1s,31,-0.0043181637914093286,23339
85,70,15,day,45,1s,32,0.00396431271276584,23339
85,70,15,day,45,1s,33,0.006821080365560521,23339
85,70,15,day,45,1s,34,-0.0022170793561619028,23339
85,70,15,day,45,1s,35,0.0015385924371987896,23339
85,70,15,day,45,1s,36,-0.0014704146485866767,23339
85,70,15,day,45,1s,37,-0.0061328176223289935,23339
85,70,15,day,45,1s,38,-0.0025694163531408422,23339
85,70,15,day,45,1s,39,0.0024129886165001713,23339
85,70,15,day,45,1s,40,0.001544994780882671,23339
85,70,15,day,45,1s,41,0.006994852934319062,23339
85,70,15,day,45,1s,42,0.002376609596837389,23339
85,70,15,day,45,1s,43,-0.008618588034134466,23339
85,70,15,day,45,1s,44,-0.006683785625707,23339
85,70,15,day,45,1s,45,-0.004288375854037686,23339
85,70,15,day,45,1s,46,-0.011667397220323197,23339
85,70,15,day,45,1s,47,-0.010601495161505688,23339
85,70,15,day,45,1s,48,0.002801063916021855,23339
85,70,15,day,45,1s,49,-0.006729181266102023,23339
85,70,15,day,45,1s,50,0.006206935104339395,23339
85,70,15,day,45,1s,51,0.0020559579313189397,23339
85,70,15,day,45,1s,52,-0.011698816258021622,23339
85,70,15,day,45,1s,53,-3.303834317477356e-05,23339
85,70,15,day,45,1s,54,0.011052516921884222,23339
85,70,15,day,45,1s,55,0.0017799246585487485,23339
85,70,15,day,45,1s,56,-0.0018155340552270247,23339
85,70,15,day,45,1s,57,-0.00893389399685781,23339
85,70,15,day,45,1s,58,0.0007482912197973574,23339
85,70,15,day,45,1s,59,-0.010319595843139358,23339
85,70,15,day,45,1s,60,0.005133340256167575,23339
85,70,15,day,46,1s,1,-0.04787037215184474,23339
85,70,15,day,46,1s,2,-0.013885634360245196,23339
85,70,15,day,46,1s,3,-0.024116294223049898,23339
85,70,15,day,46,1s,4,0.00026182020105100675,23339
85,70,15,day,46,1s,5,-0.02070635976461181,23339
85,70,15,day,46,1s,6,0.004189931325563726,23339
85,70,15,day,46,1s,7,-0.008324999535031031,23339
85,70,15,day,46,1s,8,0.008983190484525809,23339
85,70,15,day,46,1s,9,0.002721168385929595,23339
85,70,15,day,46,1s,10,0.004500554622187004,23339
85,70,15,day,46,1s,11,-0.006061637657955663,23339
85,70,15,day,46,1s,12,0.010605417646184574,23339
85,70,15,day,46,1s,13,-0.0078066779813786985,23339
85,70,15,day,46,1s,14,-0.02033057751702031,23339
85,70,15,day,46,1s,15,-0.004928993345118186,23339
85,70,15,day,46,1s,16,-0.0010516521666943666,23339
85,70,15,day,46,1s,17,-0.007140510140398022,23339
85,70,15,day,46,1s,18,-0.00515429362965302,23339
85,70,15,day,46,1s,19,0.0010038082841633245,23339
85,70,15,day,46,1s,20,-0.001972246898404353,23339
85,70,15,day,46,1s,21,-0.00023865758823524808,23339
85,70,15,day,46,1s,22,-0.0020361810332963286,23339
85,70,15,day,46,1s,23,0.005563073260754,23339
85,70,15,day,46,1s,24,-0.024159699813715404,23339
85,70,15,day,46,1s,25,0.000724341090584738,23339
85,70,15,day,46,1s,26,-0.00298274138958437,23339
85,70,15,day,46,1s,27,0.0011935748662705377,23339
85,70,15,day,46,1s,28,0.009190640859811245,23339
85,70,15,day,46,1s,29,0.017215027653654312,23339
85,70,15,day,46,1s,30,-0.0050371983568965805,23339
85,70,15,day,46,1s,31,0.0027564055958174253,23339
85,70,15,day,46,1s,32,0.0008452469044647248,23339
85,70,15,day,46,1s,33,0.003241803225228115,23339
85,70,15,day,46,1s,34,0.002720967945338588,23339
85,70,15,day,46,1s,35,-0.004044099092007659,23339
85,70,15,day,46,1s,36,0.007800381666854184,23339
85,70,15,day,46,1s,37,0.010121880209647756,23339
85,70,15,day,46,1s,38,-0.0023011947942690575,23339
85,70,15,day,46,1s,39,0.007135696333699538,23339
85,70,15,day,46,1s,40,0.01205515408320415,23339
85,70,15,day,46,1s,41,-0.003507982244698301,23339
85,70,15,day,46,1s,42,8.117648058732834e-05,23339
85,70,15,day,46,1s,43,-0.011088585476096025,23339
85,70,15,day,46,1s,44,0.008100478379357722,23339
85,70,15,day,46,1s,45,-0.01604226069695551,23339
85,70,15,day,46,1s,46,0.005600867866221605,23339
85,70,15,day,46,1s,47,0.0001699257558894087,23339
85,70,15,day,46,1s,48,0.006084728793596219,23339
85,70,15,day,46,1s,49,-0.001993255797511769,23339
85,70,15,day,46,1s,50,0.005696850128887663,23339
85,70,15,day,46,1s,51,0.0033605936739709995,23339
85,70,15,day,46,1s,52,0.006407884327482573,23339
85,70,15,day,46,1s,53,0.002293553143689997,23339
85,70,15,day,46,1s,54,-0.004582687378552112,23339
85,70,15,day,46,1s,55,0.005610882000485868,23339
85,70,15,day,46,1s,56,-0.0028310456935862543,23339
85,70,15,day,46,1s,57,-0.00937793854643711,23339
85,70,15,day,46,1s,58,0.008095678006047097,23339
85,70,15,day,46,1s,59,-0.0015659078573740603,23339
85,70,15,day,46,1s,60,-0.011097945658644158,23339
85,70,15,day,47,1s,1,-0.0011395980952215838,23339
85,70,15,day,47,1s,2,-0.0033929394092317997,23339
85,70,15,day,47,1s,3,0.003217374153710328,23339
85,70,15,day,47,1s,4,-0.01681021754533163,23339
85,70,15,day,47,1s,5,-0.007395242135291423,23339
85,70,15,day,47,1s,6,0.0032812085677433067,23339
85,70,15,day,47,1s,7,0.0009897998453344177,23339
85,70,15,day,47,1s,8,-0.0019308968358306366,23339
85,70,15,day,47,1s,9,0.005002317136543593,23339
85,70,15,day,47,1s,10,-0.009695608425448617,23339
85,70,15,day,47,1s,11,0.0020557131446803756,23339
85,70,15,day,47,1s,12,0.00041173926495940066,23339
85,70,15,day,47,1s,13,-0.011108514529351968,23339
85,70,15,day,47,1s,14,-0.00836669878827727,23339
85,70,15,day,47,1s,15,0.0017348716865804254,23339
85,70,15,day,47,1s,16,-0.00215153440773067,23339
85,70,15,day,47,1s,17,-0.01196998569271051,23339
85,70,15,day,47,1s,18,-0.002094841061375604,23339
85,70,15,day,47,1s,19,-0.007788876158602628,23339
85,70,15,day,47,1s,20,0.00020140294391786875,23339
85,70,15,day,47,1s,21,0.01682218433247129,23339
85,70,15,day,47,1s,22,-0.0043630013727712046,23339
85,70,15,day,47,1s,23,0.00335601327289863,23339
85,70,15,day,47,1s,24,-0.0012318503943656181,23339
85,70,15,day,47,1s,25,-0.0037174285707141344,23339
85,70,15,day,47,1s,26,-0.008855637881203153,23339
85,70,15,day,47,1s,27,0.0011801954143981547,23339
85,70,15,day,47,1s,28,-0.0063041605733805935,23339
85,70,15,day,47,1s,29,0.0005397204595598816,23339
85,70,15,day,47,1s,30,0.009734800272859058,23339
85,70,15,day,47,1s,31,0.0024125923839316563,23339
85,70,15,day,47,1s,32,-0.002387887820175745,23339
85,70,15,day,47,1s,33,-9.801375672506462e-05,23339
85,70,15,day,47,1s,34,0.007163382442590161,23339
85,70,15,day,47,1s,35,0.002248291558545467,23339
85,70,15,day,47,1s,36,-0.008925194838327249,23339
85,70,15,day,47,1s,37,-0.005290496368520419,23339
85,70,15,day,47,1s,38,0.006041273457112742,23339
85,70,15,day,47,1s,39,-0.010905916006080115,23339
85,70,15,day,47,1s,40,0.006895229893990313,23339
85,70,15,day,47,1s,41,0.014232357499236653,23339
85,70,15,day,47,1s,42,-0.018490354638527107,23339
85,70,15,day,47,1s,43,0.012418810256506416,23339
85,70,15,day,47,1s,44,0.01201615695031007,23339
85,70,15,day,47,1s,45,-0.008507939666438218,23339
85,70,15,day,47,1s,46,-0.007271148091676418,23339
85,70,15,day,47,1s,47,-0.007765440347290785,23339
85,70,15,day,47,1s,48,-0.004862651617314003,23339
85,70,15,day,47,1s,49,-0.003982832942206488,23339
85,70,15,day,47,1s,50,0.0029476087884823367,23339
85,70,15,day,47,1s,51,0.000965705174539719,23339
85,70,15,day,47,1s,52,0.0034879467852492654,23339
85,70,15,day,47,1s,53,0.001834425080586676,23339
85,70,15,day,47,1s,54,0.005918883252374744,23339
85,70,15,day,47,1s,55,0.00790641666124572,23339
85,70,15,day,47,1s,56,0.008272400471412648,23339
85,70,15,day,47,1s,57,-0.0037534987719707404,23339
85,70,15,day,47,1s,58,0.003047458071886113,23339
85,70,15,day,47,1s,59,-0.009394287879976553,23339
85,70,15,day,47,1s,60,0.009799872516220989,23339
85,70,15,day,48,1s,1,0.011906818814517597,23339
85,70,15,day,48,1s,2,0.011385509645447702,23339
85,70,15,day,48,1s,3,0.006154635817742735,23339
85,70,15,day,48,1s,4,-0.0024525272575231408,23339
85,70,15,day,48,1s,5,0.017813846905641702,23339
85,70,15,day,48,1s,6,-0.003098700065466436,23339
85,70,15,day,48,1s,7,-0.002575422078919324,23339
85,70,15,day,48,1s,8,-0.011196725102386217,23339
85,70,15,day,48,1s,9,-0.002874511764035391,23339
85,70,15,day,48,1s,10,-0.0066197608447994185,23339
85,70,15,day,48,1s,11,-0.00778116731773113,23339
85,70,15,day,48,1s,12,-0.012279527918025512,23339
85,70,15,day,48,1s,13,-0.01701352748407676,23339
85,70,15,day,48,1s,14,0.01162580614596763,23339
85,70,15,day,48,1s,15,0.007209786043214764,23339
85,70,15,day,48,1s,16,-0.003251002669713429,23339
85,70,15,day,48,1s,17,-0.009384665156677846,23339
85,70,15,day,48,1s,18,-0.01785050831207338,23339
85,70,15,day,48,1s,19,0.01735881455248335,23339
85,70,15,day,48,1s,20,-0.0009447279569546745,23339
85,70,15,day,48,1s,21,-0.008305093423973143,23339
85,70,15,day,48,1s,22,0.004104374711504129,23339
85,70,15,day,48,1s,23,-0.016064234621833127,23339
85,70,15,day,48,1s,24,-0.01936385580474004,23339
85,70,15,day,48,1s,25,0.007636836728822627,23339
85,70,15,day,48,1s,26,-0.0035320824237672225,23339
85,70,15,day,48,1s,27,0.0055408079766188865,23339
85,70,15,day,48,1s,28,0.0054309231640061245,23339
85,70,15,day,48,1s,29,0.00409097460145913,23339
85,70,15,day,48,1s,30,0.0041980608599061315,23339
85,70,15,day,48,1s,31,-0.0040659941126795045,23339
85,70,15,day,48,1s,32,-0.010740730032572808,23339
85,70,15,day,48,1s,33,0.0012091866738839416,23339
85,70,15,day,48,1s,34,0.0024131396833299646,23339
85,70,15,day,48,1s,35,0.009239641503603995,23339
85,70,15,day,48,1s,36,0.009910388352878538,23339
85,70,15,day,48,1s,37,0.0015643789707589248,23339
85,70,15,day,48,1s,38,-0.009243253744984217,23339
85,70,15,day,48,1s,39,0.002088545143028027,23339
85,70,15,day,48,1s,40,-0.015863530023687934,23339
85,70,15,day,48,1s,41,0.00712185185407014,23339
85,70,15,day,48,1s,42,0.0034990092885978877,23339
85,70,15,day,48,1s,43,-0.0023945467137713554,23339
85,70,15,day,48,1s,44,-0.008072610247452117,23339
85,70,15,day,48,1s,45,0.012225454399786149,23339
85,70,15,day,48,1s,46,-0.007828466548981913,23339
85,70,15,day,48,1s,47,-0.009176339922981598,23339
85,70,15,day,48,1s,48,-0.007125521540015139,23339
85,70,15,day,48,1s,49,-0.0051101766726649915,23339
85,70,15,day,48,1s,50,0.0022755079015771462,23339
85,70,15,day,48,1s,51,0.0059752666979981115,23339
85,70,15,day,48,1s,52,-0.012330616662097135,23339
85,70,15,day,48,1s,53,-0.024547801823083224,23339
85,70,15,day,48,1s,54,-0.016211986922114195,23339
85,70,15,day,48,1s,55,0.005580164035885794,23339
85,70,15,day,48,1s,56,-0.0132067522643795,23339
85,70,15,day,48,1s,57,0.006362925026559545,23339
85,70,15,day,48,1s,58,-0.01602507449168485,23339
85,70,15,day,48,1s,59,-0.005102843187512998,23339
85,70,15,day,48,1s,60,0.009038422648103612,23339
85,70,15,day,49,1s,1,0.007077400798758707,23339
85,70,15,day,49,1s,2,0.003220109735172514,23339
85,70,15,day,49,1s,3,0.009440778625894715,23339
85,70,15,day,49,1s,4,0.004204060447708572,23339
85,70,15,day,49,1s,5,-0.011313796198778552,23339
85,70,15,day,49,1s,6,-0.012042699078822421,23339
85,70,15,day,49,1s,7,-0.008525716543700594,23339
85,70,15,day,49,1s,8,0.010318787290728356,23339
85,70,15,day,49,1s,9,-0.0221014860518418,23339
85,70,15,day,49,1s,10,0.005820891223565702,23339
85,70,15,day,49,1s,11,-0.004930714128744368,23339
85,70,15,day,49,1s,12,-0.002104464437104085,23339
85,70,15,day,49,1s,13,-0.013884961246357512,23339
85,70,15,day,49,1s,14,-0.014726157873418145,23339
85,70,15,day,49,1s,15,0.007503930335409871,23339
85,70,15,day,49,1s,16,-0.02270498528454453,23339
85,70,15,day,49,1s,17,-0.008889051470201989,23339
85,70,15,day,49,1s,18,0.000866720140306876,23339
85,70,15,day,49,1s,19,-0.010601015874115405,23339
85,70,15,day,49,1s,20,0.018987071051756378,23339
85,70,15,day,49,1s,21,-0.0074701771168049266,23339
85,70,15,day,49,1s,22,0.010565641695112073,23339
85,70,15,day,49,1s,23,-0.0016642948663143737,23339
85,70,15,day,49,1s,24,0.0007632899405551151,23339
85,70,15,day,49,1s,25,0.0030702141365631735,23339
85,70,15,day,49,1s,26,-0.007987557897824986,23339
85,70,15,day,49,1s,27,-0.009631233697541493,23339
85,70,15,day,49,1s,28,0.004973761756361429,23339
85,70,15,day,49,1s,29,-0.013373935040507417,23339
85,70,15,day,49,1s,30,0.005774913413110635,23339
85,70,15,day,49,1s,31,0.01272030988037061,23339
85,70,15,day,49,1s,32,-0.00440507564424054,23339
85,70,15,day,49,1s,33,-0.002568724000355651,23339
85,70,15,day,49,1s,34,-0.003648933496813815,23339
85,70,15,day,49,1s,35,-0.00808094828153775,23339
85,70,15,day,49,1s,36,-0.00785788004688954,23339
85,70,15,day,49,1s,37,-0.0071001526575299526,23339
85,70,15,day,49,1s,38,-0.006234316285174685,23339
85,70,15,day,49,1s,39,0.0038185603694251722,23339
85,70,15,day,49,1s,40,-0.0036041010053399244,23339
85,70,15,day,49,1s,41,-0.0036987677793613805,23339
85,70,15,day,49,1s,42,0.0031130560350127604,23339
85,70,15,day,49,1s,43,-0.02433851873300516,23339
85,70,15,day,49,1s,44,-0.0030847986029530323,23339
85,70,15,day,49,1s,45,0.006742097283638026,23339
85,70,15,day,49,1s,46,-0.018640061202050407,23339
85,70,15,day,49,1s,47,-0.01539876886346463,23339
85,70,15,day,49,1s,48,0.005225145491004853,23339
85,70,15,day,49,1s,49,0.006217588427929518,23339
85,70,15,day,49,1s,50,0.006204265696086756,23339
85,70,15,day,49,1s,51,0.011675391168241414,23339
85,70,15,day,49,1s,52,0.0026207034648297466,23339
85,70,15,day,49,1s,53,0.0027620664159740097,23339
85,70,15,day,49,1s,54,0.003066348175265456,23339
85,70,15,day,49,1s,55,0.0312271739088916,23339
85,70,15,day,49,1s,56,0.005609123617875093,23339
85,70,15,day,49,1s,57,-0.0031042980615980705,23339
85,70,15,day,49,1s,58,-0.017874078274147533,23339
85,70,15,day,49,1s,59,-0.001347088928782034,23339
85,70,15,day,49,1s,60,0.018164775219117923,23339
85,70,15,day,50,1s,1,-0.025550545021772484,23339
85,70,15,day,50,1s,2,0.0115054389868556,23339
85,70,15,day,50,1s,3,-0.003604964270662525,23339
85,70,15,day,50,1s,4,-0.007113384941090029,23339
85,70,15,day,50,1s,5,-0.010542141543975805,23339
85,70,15,day,50,1s,6,-0.017572549169046138,23339
85,70,15,day,50,1s,7,0.0017701358079945221,23339
85,70,15,day,50,1s,8,-0.012788084285477674,23339
85,70,15,day,50,1s,9,0.009560098225152636,23339
85,70,15,day,50,1s,10,0.0011435009687929376,23339
85,70,15,day,50,1s,11,-0.003013553040647632,23339
85,70,15,day,50,1s,12,0.002865117568242562,23339
85,70,15,day,50,1s,13,-0.002275862930331782,23339
85,70,15,day,50,1s,14,-0.006198169765699962,23339
85,70,15,day,50,1s,15,0.007627280520853702,23339
85,70,15,day,50,1s,16,-0.012043675085330408,23339
85,70,15,day,50,1s,17,-0.01344857785896203,23339
85,70,15,day,50,1s,18,-0.016748652159766245,23339
85,70,15,day,50,1s,19,-0.0023583887638452274,23339
85,70,15,day,50,1s,20,-0.006507280036635375,23339
85,70,15,day,50,1s,21,-0.008360716028211302,23339
85,70,15,day,50,1s,22,0.005848274240581748,23339
85,70,15,day,50,1s,23,0.00478245875363023,23339
85,70,15,day,50,1s,24,-0.013374406555317526,23339
85,70,15,day,50,1s,25,-0.003107028829518241,23339
85,70,15,day,50,1s,26,-0.0032546772926865565,23339
85,70,15,day,50,1s,27,-0.007455634681294206,23339
85,70,15,day,50,1s,28,-0.0066144130764998685,23339
85,70,15,day,50,1s,29,-0.008517014964841906,23339
85,70,15,day,50,1s,30,0.004534133745801914,23339
85,70,15,day,50,1s,31,0.009187818825248559,23339
85,70,15,day,50,1s,32,-0.0014487982527750705,23339
85,70,15,day,50,1s,33,-0.0025974158302612023,23339
85,70,15,day,50,1s,34,-0.0025870741624473507,23339
85,70,15,day,50,1s,35,0.014177125451471678,23339
85,70,15,day,50,1s,36,0.0015296537027217382,23339
85,70,15,day,50,1s,37,0.0014312424129732189,23339
85,70,15,day,50,1s,38,0.006387771183616417,23339
85,70,15,day,50,1s,39,-0.00965785626180914,23339
85,70,15,day,50,1s,40,0.004359483104061858,23339
85,70,15,day,50,1s,41,0.010800299570029606,23339
85,70,15,day,50,1s,42,0.0071389564999837325,23339
85,70,15,day,50,1s,43,-0.006284212895709895,23339
85,70,15,day,50,1s,44,0.007201954145967936,23339
85,70,15,day,50,1s,45,-0.010167186068212743,23339
85,70,15,day,50,1s,46,0.002295550054425991,23339
85,70,15,day,50,1s,47,-0.015461462386446377,23339
85,70,15,day,50,1s,48,-0.006563899226818009,23339
85,70,15,day,50,1s,49,0.0024112527081089096,23339
85,70,15,day,50,1s,50,-0.0036752544590970765,23339
85,70,15,day,50,1s,51,0.005162523009275879,23339
85,70,15,day,50,1s,52,-0.008487292678929595,23339
85,70,15,day,50,1s,53,-0.0007891903808684341,23339
85,70,15,day,50,1s,54,0.0010482922035896967,23339
85,70,15,day,50,1s,55,0.0009385043719294551,23339
85,70,15,day,50,1s,56,0.0017438976627326794,23339
85,70,15,day,50,1s,57,-0.008623036581090591,23339
85,70,15,day,50,1s,58,-0.0035651366436547935,23339
85,70,15,day,50,1s,59,0.009946486198082775,23339
85,70,15,day,50,1s,60,0.022210984488797925,23339
85,70,15,day,51,1s,1,-0.0124551801528889,23339
85,70,15,day,51,1s,2,0.001280679469285375,23339
85,70,15,day,51,1s,3,-0.009825375435687402,23339
85,70,15,day,51,1s,4,-0.01340276812695422,23339
85,70,15,day,51,1s,5,-0.008197599691100713,23339
85,70,15,day,51,1s,6,-0.006706707097398351,23339
85,70,15,day,51,1s,7,0.011264529443333282,23339
85,70,15,day,51,1s,8,0.005227008815141637,23339
85,70,15,day,51,1s,9,0.01620927195608288,23339
85,70,15,day,51,1s,10,-0.015961617152174565,23339
85,70,15,day,51,1s,11,-0.013726828667819498,23339
85,70,15,day,51,1s,12,-0.007480121214763669,23339
85,70,15,day,51,1s,13,0.015318788718746309,23339
85,70,15,day,51,1s,14,0.01709697595576115,23339
85,70,15,day,51,1s,15,0.009397724536503968,23339
85,70,15,day,51,1s,16,0.002629131415923693,23339
85,70,15,day,51,1s,17,0.013476800813814038,23339
85,70,15,day,51,1s,18,-0.001277223301540651,23339
85,70,15,day,51,1s,19,-0.003665520122613559,23339
85,70,15,day,51,1s,20,0.007952667619754324,23339
85,70,15,day,51,1s,21,-0.025430773751615378,23339
85,70,15,day,51,1s,22,-0.0033244917181100685,23339
85,70,15,day,51,1s,23,0.014712389674831267,23339
85,70,15,day,51,1s,24,0.012570622124446972,23339
85,70,15,day,51,1s,25,0.02331927146181027,23339
85,70,15,day,51,1s,26,0.003117211816388999,23339
85,70,15,day,51,1s,27,0.00646256452298939,23339
85,70,15,day,51,1s,28,0.003848469723367699,23339
85,70,15,day,51,1s,29,0.0003211006639535237,23339
85,70,15,day,51,1s,30,0.00820858496698859,23339
85,70,15,day,51,1s,31,-8.965920167607088e-05,23339
85,70,15,day,51,1s,32,0.009367327746326167,23339
85,70,15,day,51,1s,33,0.0022564782851469266,23339
85,70,15,day,51,1s,34,0.0004132218149435338,23339
85,70,15,day,51,1s,35,0.0058435777937848555,23339
85,70,15,day,51,1s,36,-0.006066658768512823,23339
85,70,15,day,51,1s,37,0.0002688086018491609,23339
85,70,15,day,51,1s,38,0.008345727125796513,23339
85,70,15,day,51,1s,39,-0.0038399488755335347,23339
85,70,15,day,51,1s,40,0.016669319886078556,23339
85,70,15,day,51,1s,41,-0.005096830363678037,23339
85,70,15,day,51,1s,42,0.013003924651039785,23339
85,70,15,day,51,1s,43,0.010077953505384108,23339
85,70,15,day,51,1s,44,-0.0028179689997420046,23339
85,70,15,day,51,1s,45,-0.0054001331792850995,23339
85,70,15,day,51,1s,46,0.007758546177407824,23339
85,70,15,day,51,1s,47,-0.004443566338498912,23339
85,70,15,day,51,1s,48,-0.01778957378154078,23339
85,70,15,day,51,1s,49,0.000749144405393712,23339
85,70,15,day,51,1s,50,0.003909559577338539,23339
85,70,15,day,51,1s,51,0.006645039507501465,23339
85,70,15,day,51,1s,52,0.00865958890493019,23339
85,70,15,day,51,1s,53,0.010124911564372948,23339
85,70,15,day,51,1s,54,-0.015388383467889646,23339
85,70,15,day,51,1s,55,-0.0028416301935256143,23339
85,70,15,day,51,1s,56,-0.0031206378105512545,23339
85,70,15,day,51,1s,57,-0.003706838213134291,23339
85,70,15,day,51,1s,58,0.009330546704633444,23339
85,70,15,day,51,1s,59,-0.009706595619083996,23339
85,70,15,day,51,1s,60,0.006737511461606997,23339
85,70,15,day,52,1s,1,-0.01574008527972851,23339
85,70,15,day,52,1s,2,-0.025173571212509984,23339
85,70,15,day,52,1s,3,-0.01186388621183943,23339
85,70,15,day,52,1s,4,0.006111251831533356,23339
85,70,15,day,52,1s,5,-0.021705212348521238,23339
85,70,15,day,52,1s,6,-0.010702470436374237,23339
85,70,15,day,52,1s,7,0.010955423387051345,23339
85,70,15,day,52,1s,8,-0.011586696540559497,23339
85,70,15,day,52,1s,9,0.004535323897957689,23339
85,70,15,day,52,1s,10,-0.009496241339232494,23339
85,70,15,day,52,1s,11,0.00205485411536003,23339
85,70,15,day,52,1s,12,0.012975483562237596,23339
85,70,15,day,52,1s,13,-0.015747178403810184,23339
85,70,15,day,52,1s,14,0.0004097090264161108,23339
85,70,15,day,52,1s,15,0.017217009577876124,23339
85,70,15,day,52,1s,16,0.00473824489832959,23339
85,70,15,day,52,1s,17,0.00017743426738068337,23339
85,70,15,day,52,1s,18,0.0002663954267296696,23339
85,70,15,day,52,1s,19,0.013326347360433224,23339
85,70,15,day,52,1s,20,0.005392956635862105,23339
85,70,15,day,52,1s,21,-0.014461631618126398,23339
85,70,15,day,52,1s,22,-0.017810650017063678,23339
85,70,15,day,52,1s,23,-0.017355160003277425,23339
85,70,15,day,52,1s,24,0.010329602591499079,23339
85,70,15,day,52,1s,25,-0.01340244063492612,23339
85,70,15,day,52,1s,26,0.016617546175082827,23339
85,70,15,day,52,1s,27,-0.009973067180996052,23339
85,70,15,day,52,1s,28,0.00455802182871141,23339
85,70,15,day,52,1s,29,-9.773510671394495e-06,23339
85,70,15,day,52,1s,30,-0.003334270133146003,23339
85,70,15,day,52,1s,31,-0.0016227537831795362,23339
85,70,15,day,52,1s,32,-0.0031426052495341986,23339
85,70,15,day,52,1s,33,-0.0006829219560503286,23339
85,70,15,day,52,1s,34,-0.008867489205768669,23339
85,70,15,day,52,1s,35,-0.01053515077994901,23339
85,70,15,day,52,1s,36,-0.004749722433007615,23339
85,70,15,day,52,1s,37,-0.005851518022257703,23339
85,70,15,day,52,1s,38,-0.006946674303203028,23339
85,70,15,day,52,1s,39,0.00010544844769789424,23339
85,70,15,day,52,1s,40,0.009213070014697242,23339
85,70,15,day,52,1s,41,-0.0035261309303943936,23339
85,70,15,day,52,1s,42,-0.018100712893008207,23339
85,70,15,day,52,1s,43,0.0027370197374394947,23339
85,70,15,day,52,1s,44,0.003509134292253284,23339
85,70,15,day,52,1s,45,-0.0018003291542578658,23339
85,70,15,day,52,1s,46,-0.001426170217617198,23339
85,70,15,day,52,1s,47,-0.009549527420472603,23339
85,70,15,day,52,1s,48,-0.0013740933295817485,23339
85,70,15,day,52,1s,49,-0.002941122568218455,23339
85,70,15,day,52,1s,50,0.003488937375787365,23339
85,70,15,day,52,1s,51,-0.001289602690636508,23339
85,70,15,day,52,1s,52,0.005583486520292506,23339
85,70,15,day,52,1s,53,-0.018422888012564295,23339
85,70,15,day,52,1s,54,-0.007352526824644395,23339
85,70,15,day,52,1s,55,-0.00018361789554360419,23339
85,70,15,day,52,1s,56,0.005918851134978519,23339
85,70,15,day,52,1s,57,0.011457817341508487,23339
85,70,15,day,52,1s,58,-0.007808754111520357,23339
85,70,15,day,52,1s,59,0.014659775258801758,23339
85,70,15,day,52,1s,60,-0.012841632535507717,23339
85,70,15,day,53,1s,1,-0.017820087077694325,23339
85,70,15,day,53,1s,2,0.0070599571786583975,23339
85,70,15,day,53,1s,3,0.0069773821838687005,23339
85,70,15,day,53,1s,4,-0.011203154248769442,23339
85,70,15,day,53,1s,5,-0.02437757423591456,23339
85,70,15,day,53,1s,6,-0.001972037544235698,23339
85,70,15,day,53,1s,7,-0.006945071863102377,23339
85,70,15,day,53,1s,8,-0.004031059270220755,23339
85,70,15,day,53,1s,9,-0.0030216931362192327,23339
85,70,15,day,53,1s,10,0.0015112491323857388,23339
85,70,15,day,53,1s,11,-0.01559924314712657,23339
85,70,15,day,53,1s,12,-0.007391655784020626,23339
85,70,15,day,53,1s,13,-0.010242969056021725,23339
85,70,15,day,53,1s,14,0.005509210768395546,23339
85,70,15,day,53,1s,15,0.005015267450847976,23339
85,70,15,day,53,1s,16,0.012989336938205576,23339
85,70,15,day,53,1s,17,-0.009090980420499372,23339
85,70,15,day,53,1s,18,-0.0035021251083931664,23339
85,70,15,day,53,1s,19,-0.007255450710898534,23339
85,70,15,day,53,1s,20,-0.0191204404558767,23339
85,70,15,day,53,1s,21,-0.004621343036011063,23339
85,70,15,day,53,1s,22,0.009997337411574997,23339
85,70,15,day,53,1s,23,-0.0055368832286340494,23339
85,70,15,day,53,1s,24,0.004132493536542433,23339
85,70,15,day,53,1s,25,0.0005488046967810224,23339
85,70,15,day,53,1s,26,-0.005706281911234189,23339
85,70,15,day,53,1s,27,-0.006594001618425795,23339
85,70,15,day,53,1s,28,-0.005124153010632552,23339
85,70,15,day,53,1s,29,-0.0034149811631127634,23339
85,70,15,day,53,1s,30,0.005183792016911969,23339
85,70,15,day,53,1s,31,0.0001354499575750556,23339
85,70,15,day,53,1s,32,0.0031165272820086925,23339
85,70,15,day,53,1s,33,-0.005414015198168172,23339
85,70,15,day,53,1s,34,0.004786764711176232,23339
85,70,15,day,53,1s,35,-0.013450077105561118,23339
85,70,15,day,53,1s,36,0.007782954146183646,23339
85,70,15,day,53,1s,37,-0.0008088924713667034,23339
85,70,15,day,53,1s,38,0.010644712659780476,23339
85,70,15,day,53,1s,39,0.0064630097198686495,23339
85,70,15,day,53,1s,40,0.002047473217834154,23339
85,70,15,day,53,1s,41,0.005756481860868775,23339
85,70,15,day,53,1s,42,-0.0038461069959390974,23339
85,70,15,day,53,1s,43,-0.0015993656623501497,23339
85,70,15,day,53,1s,44,-0.0053213728411825294,23339
85,70,15,day,53,1s,45,-0.0010818788107645073,23339
85,70,15,day,53,1s,46,0.00793456255523504,23339
85,70,15,day,53,1s,47,-0.0065574096158975085,23339
85,70,15,day,53,1s,48,0.0003971653842435142,23339
85,70,15,day,53,1s,49,-0.0006288717924350335,23339
85,70,15,day,53,1s,50,-0.0015075511231668886,23339
85,70,15,day,53,1s,51,-0.0029609397591642264,23339
85,70,15,day,53,1s,52,0.013747867673611209,23339
85,70,15,day,53,1s,53,-0.012221955696878497,23339
85,70,15,day,53,1s,54,-0.008652982307646951,23339
85,70,15,day,53,1s,55,-0.009464950286258692,23339
85,70,15,day,53,1s,56,-0.011462104122943219,23339
85,70,15,day,53,1s,57,0.002716591927012619,23339
85,70,15,day,53,1s,58,0.005403790749161458,23339
85,70,15,day,53,1s,59,-0.002657718528694059,23339
85,70,15,day,53,1s,60,-0.002287975044771701,23339
85,70,15,day,54,1s,1,0.0037056997320910195,23339
85,70,15,day,54,1s,2,0.002562177118826964,23339
85,70,15,day,54,1s,3,0.006001327978771067,23339
85,70,15,day,54,1s,4,0.019221728704393416,23339
85,70,15,day,54,1s,5,0.0021996999414380498,23339
85,70,15,day,54,1s,6,0.0020316531859953853,23339
85,70,15,day,54,1s,7,2.947674008159495e-06,23339
85,70,15,day,54,1s,8,-0.002842371199535097,23339
85,70,15,day,54,1s,9,-0.0035067262504317465,23339
85,70,15,day,54,1s,10,0.003492400543629017,23339
85,70,15,day,54,1s,11,-0.015397348158421802,23339
85,70,15,day,54,1s,12,0.001994780174360548,23339
85,70,15,day,54,1s,13,-0.010188802457173803,23339
85,70,15,day,54,1s,14,-0.0048582424526028315,23339
85,70,15,day,54,1s,15,-0.008688992387978933,23339
85,70,15,day,54,1s,16,-0.0006519234332617227,23339
85,70,15,day,54,1s,17,-0.0019752905493642136,23339
85,70,15,day,54,1s,18,0.002890108110304371,23339
85,70,15,day,54,1s,19,0.00012871905573395848,23339
85,70,15,day,54,1s,20,0.006549655332457481,23339
85,70,15,day,54,1s,21,0.00045211665370782097,23339
85,70,15,day,54,1s,22,0.0020049190276138665,23339
85,70,15,day,54,1s,23,-0.006460166552387634,23339
85,70,15,day,54,1s,24,-0.0009609653196421701,23339
85,70,15,day,54,1s,25,0.02142586715774364,23339
85,70,15,day,54,1s,26,0.002319187942041415,23339
85,70,15,day,54,1s,27,-0.013885409695776764,23339
85,70,15,day,54,1s,28,-0.006890117161654501,23339
85,70,15,day,54,1s,29,0.008786033370830783,23339
85,70,15,day,54,1s,30,0.00029165797958795124,23339
85,70,15,day,54,1s,31,0.0018241173513115268,23339
85,70,15,day,54,1s,32,-0.005758900380210555,23339
85,70,15,day,54,1s,33,0.0122849349875545,23339
85,70,15,day,54,1s,34,0.005398077276567374,23339
85,70,15,day,54,1s,35,0.004483128209905306,23339
85,70,15,day,54,1s,36,0.01245326626755954,23339
85,70,15,day,54,1s,37,-0.0026401885283386223,23339
85,70,15,day,54,1s,38,0.006462887847252977,23339
85,70,15,day,54,1s,39,-0.002531854186097105,23339
85,70,15,day,54,1s,40,0.014020008597630085,23339
85,70,15,day,54,1s,41,0.0024443815931567197,23339
85,70,15,day,54,1s,42,0.009151131663838621,23339
85,70,15,day,54,1s,43,-0.0021292373389223706,23339
85,70,15,day,54,1s,44,-0.0026620766650603048,23339
85,70,15,day,54,1s,45,0.013077625557511482,23339
85,70,15,day,54,1s,46,0.010556257370518832,23339
85,70,15,day,54,1s,47,0.004096808449038938,23339
85,70,15,day,54,1s,48,-0.010470160277896092,23339
85,70,15,day,54,1s,49,-0.005893374166644361,23339
85,70,15,day,54,1s,50,0.0028377666189939124,23339
85,70,15,day,54,1s,51,-0.004354086548214134,23339
85,70,15,day,54,1s,52,-0.002697267753305211,23339
85,70,15,day,54,1s,53,0.005987861776835323,23339
85,70,15,day,54,1s,54,-0.009335715764104555,23339
85,70,15,day,54,1s,55,0.0074860935123909535,23339
85,70,15,day,54,1s,56,-0.005869964258459585,23339
85,70,15,day,54,1s,57,0.0034552289609606057,23339
85,70,15,day,54,1s,58,0.017945868308928775,23339
85,70,15,day,54,1s,59,0.004672402353762118,23339
85,70,15,day,54,1s,60,0.007669957272787075,23339
85,70,15,day,55,1s,1,-0.02521397436013167,23339
85,70,15,day,55,1s,2,-0.0006254143371901156,23339
85,70,15,day,55,1s,3,0.0009411503561713656,23339
85,70,15,day,55,1s,4,0.02564296545128647,23339
85,70,15,day,55,1s,5,0.0015295163455063888,23339
85,70,15,day,55,1s,6,0.010573935848747076,23339
85,70,15,day,55,1s,7,0.003385411344080899,23339
85,70,15,day,55,1s,8,0.007987951592353998,23339
85,70,15,day,55,1s,9,0.0023560085766173456,23339
85,70,15,day,55,1s,10,-0.014709294289122501,23339
85,70,15,day,55,1s,11,-0.0016523485723013449,23339
85,70,15,day,55,1s,12,-0.00768294727006365,23339
85,70,15,day,55,1s,13,-0.002961007787724076,23339
85,70,15,day,55,1s,14,-0.01039862573611871,23339
85,70,15,day,55,1s,15,0.005461951097311158,23339
85,70,15,day,55,1s,16,3.561086451287965e-05,23339
85,70,15,day,55,1s,17,-0.008421592996514673,23339
85,70,15,day,55,1s,18,-0.0016180385263161973,23339
85,70,15,day,55,1s,19,-0.005563409084184956,23339
85,70,15,day,55,1s,20,0.0044037799372420834,23339
85,70,15,day,55,1s,21,0.005574228907462569,23339
85,70,15,day,55,1s,22,-0.005662546657760033,23339
85,70,15,day,55,1s,23,0.007955974065149782,23339
85,70,15,day,55,1s,24,-0.004992229157525515,23339
85,70,15,day,55,1s,25,-0.00010756627268577013,23339
85,70,15,day,55,1s,26,-0.0031477041219745315,23339
85,70,15,day,55,1s,27,-0.0011580822829748557,23339
85,70,15,day,55,1s,28,0.0037691319487456946,23339
85,70,15,day,55,1s,29,0.0038161127914091903,23339
85,70,15,day,55,1s,30,0.0005958618752184741,23339
85,70,15,day,55,1s,31,0.005528566029691558,23339
85,70,15,day,55,1s,32,0.007386764832015499,23339
85,70,15,day,55,1s,33,-0.00947864675979094,23339
85,70,15,day,55,1s,34,-0.001183807346509305,23339
85,70,15,day,55,1s,35,0.004954894568191413,23339
85,70,15,day,55,1s,36,0.003651986777498304,23339
85,70,15,day,55,1s,37,0.0009314161533500033,23339
85,70,15,day,55,1s,38,-0.013912847681986073,23339
85,70,15,day,55,1s,39,0.02413813075914621,23339
85,70,15,day,55,1s,40,0.007841835959165216,23339
85,70,15,day,55,1s,41,-0.007213877845498996,23339
85,70,15,day,55,1s,42,0.0072384740829513254,23339
85,70,15,day,55,1s,43,0.0007430400782687012,23339
85,70,15,day,55,1s,44,-0.009502235718787269,23339
85,70,15,day,55,1s,45,0.013859970063135633,23339
85,70,15,day,55,1s,46,-0.0046405456525506344,23339
85,70,15,day,55,1s,47,0.0022722233754266185,23339
85,70,15,day,55,1s,48,-0.0024258527261973467,23339
85,70,15,day,55,1s,49,-0.007267993253477864,23339
85,70,15,day,55,1s,50,-0.0008910606927429427,23339
85,70,15,day,55,1s,51,0.00934702174947095,23339
85,70,15,day,55,1s,52,-0.0006000772717363743,23339
85,70,15,day,55,1s,53,-0.00549271939050216,23339
85,70,15,day,55,1s,54,-0.008909896379221778,23339
85,70,15,day,55,1s,55,0.014410785932555896,23339
85,70,15,day,55,1s,56,0.002763830744639355,23339
85,70,15,day,55,1s,57,0.013679977090617077,23339
85,70,15,day,55,1s,58,0.0014312488485442043,23339
85,70,15,day,55,1s,59,-0.002331835785746819,23339
85,70,15,day,55,1s,60,0.00989735942662073,23339
85,70,15,day,56,1s,1,-0.00230230300586202,23339
85,70,15,day,56,1s,2,-0.01226341983721784,23339
85,70,15,day,56,1s,3,0.0017172906377549303,23339
85,70,15,day,56,1s,4,0.009301390783758157,23339
85,70,15,day,56,1s,5,-0.0017359145064773857,23339
85,70,15,day,56,1s,6,0.017230088373822432,23339
85,70,15,day,56,1s,7,0.011936891752114568,23339
85,70,15,day,56,1s,8,-0.001113012097306265,23339
85,70,15,day,56,1s,9,-0.001476907912143068,23339
85,70,15,day,56,1s,10,-0.015854387506648335,23339
85,70,15,day,56,1s,11,0.011925818586070756,23339
85,70,15,day,56,1s,12,0.005336008425865796,23339
85,70,15,day,56,1s,13,-0.0044404718741770715,23339
85,70,15,day,56,1s,14,0.006791926922006903,23339
85,70,15,day,56,1s,15,0.015746875052397396,23339
85,70,15,day,56,1s,16,-0.013131895004995155,23339
85,70,15,day,56,1s,17,-0.011979710769932258,23339
85,70,15,day,56,1s,18,-0.0160085834458845,23339
85,70,15,day,56,1s,19,-0.0042835281221495535,23339
85,70,15,day,56,1s,20,0.004718869011885261,23339
85,70,15,day,56,1s,21,0.0018700549273029854,23339
85,70,15,day,56,1s,22,-0.003503417712186496,23339
85,70,15,day,56,1s,23,-0.00026879723573928913,23339
85,70,15,day,56,1s,24,-0.012905636081911125,23339
85,70,15,day,56,1s,25,-0.00902108877716321,23339
85,70,15,day,56,1s,26,0.007810077722745052,23339
85,70,15,day,56,1s,27,-0.005365464632948391,23339
85,70,15,day,56,1s,28,0.005264480385638345,23339
85,70,15,day,56,1s,29,0.003991561803284557,23339
85,70,15,day,56,1s,30,-0.0034374810486109924,23339
85,70,15,day,56,1s,31,-0.031436458243245105,23339
85,70,15,day,56,1s,32,-0.0013550058655234967,23339
85,70,15,day,56,1s,33,0.02282511674941873,23339
85,70,15,day,56,1s,34,-0.002907188740938907,23339
85,70,15,day,56,1s,35,-0.00787028121707947,23339
85,70,15,day,56,1s,36,0.012755439952047637,23339
85,70,15,day,56,1s,37,-0.0022712622307552548,23339
85,70,15,day,56,1s,38,0.01207082056137828,23339
85,70,15,day,56,1s,39,0.0061248297569228265,23339
85,70,15,day,56,1s,40,0.007840660874811521,23339
85,70,15,day,56,1s,41,0.012899352706711659,23339
85,70,15,day,56,1s,42,0.0001313721920837303,23339
85,70,15,day,56,1s,43,0.00035528037964980245,23339
85,70,15,day,56,1s,44,-0.0018685016755215008,23339
85,70,15,day,56,1s,45,0.0021404180051063934,23339
85,70,15,day,56,1s,46,-0.0028456655039824615,23339
85,70,15,day,56,1s,47,-0.0004440938587632278,23339
85,70,15,day,56,1s,48,0.007088148184119293,23339
85,70,15,day,56,1s,49,0.004151804691725698,23339
85,70,15,day,56,1s,50,-0.017147832296193682,23339
85,70,15,day,56,1s,51,0.009690883944853202,23339
85,70,15,day,56,1s,52,0.006971794605516584,23339
85,70,15,day,56,1s,53,-0.01165230941160575,23339
85,70,15,day,56,1s,54,0.0031918976957483075,23339
85,70,15,day,56,1s,55,0.019895194834604866,23339
85,70,15,day,56,1s,56,-0.010812590366821407,23339
85,70,15,day,56,1s,57,-0.006131711818778457,23339
85,70,15,day,56,1s,58,0.005021146345569893,23339
85,70,15,day,56,1s,59,0.004090169032904256,23339
85,70,15,day,56,1s,60,-0.002695348610325872,23339
85,70,15,day,57,1s,1,-0.02927506990076626,23339
85,70,15,day,57,1s,2,0.004489878160007855,23339
85,70,15,day,57,1s,3,-0.0158093341736196,23339
85,70,15,day,57,1s,4,-0.0012090929091700805,23339
85,70,15,day,57,1s,5,-0.030345488163545015,23339
85,70,15,day,57,1s,6,-0.003447764588360165,23339
85,70,15,day,57,1s,7,0.004611327547823112,23339
85,70,15,day,57,1s,8,-0.004053108285693072,23339
85,70,15,day,57,1s,9,0.0018798397106599008,23339
85,70,15,day,57,1s,10,-0.010606195828187191,23339
85,70,15,day,57,1s,11,0.002086882740007291,23339
85,70,15,day,57,1s,12,-0.007845983093417169,23339
85,70,15,day,57,1s,13,-0.005047886151683638,23339
85,70,15,day,57,1s,14,0.005338962877770608,23339
85,70,15,day,57,1s,15,-0.004043578692471852,23339
85,70,15,day,57,1s,16,-0.0036243855909663635,23339
85,70,15,day,57,1s,17,-0.02260443049189175,23339
85,70,15,day,57,1s,18,-0.0052120472024644385,23339
85,70,15,day,57,1s,19,-0.00018326564123133065,23339
85,70,15,day,57,1s,20,0.001186941224505405,23339
85,70,15,day,57,1s,21,0.0025339806381913014,23339
85,70,15,day,57,1s,22,-0.0037308003048420984,23339
85,70,15,day,57,1s,23,0.024723746826009464,23339
85,70,15,day,57,1s,24,0.004718200362802061,23339
85,70,15,day,57,1s,25,0.0035632146382417696,23339
85,70,15,day,57,1s,26,0.003593945228759947,23339
85,70,15,day,57,1s,27,0.01643274974406025,23339
85,70,15,day,57,1s,28,-0.0002571516724174025,23339
85,70,15,day,57,1s,29,-0.007209927961336199,23339
85,70,15,day,57,1s,30,0.006614731037628079,23339
85,70,15,day,57,1s,31,0.005597023615619881,23339
85,70,15,day,57,1s,32,0.016847989118071945,23339
85,70,15,day,57,1s,33,0.008368566124502883,23339
85,70,15,day,57,1s,34,-0.004826930836680806,23339
85,70,15,day,57,1s,35,-0.018013292169232826,23339
85,70,15,day,57,1s,36,0.000646612202585793,23339
85,70,15,day,57,1s,37,0.0023619514806499024,23339
85,70,15,day,57,1s,38,0.0019588387352375467,23339
85,70,15,day,57,1s,39,-0.00037003070855216804,23339
85,70,15,day,57,1s,40,-0.009878125754467901,23339
85,70,15,day,57,1s,41,0.0002660612957977844,23339
85,70,15,day,57,1s,42,-0.005468440519764266,23339
85,70,15,day,57,1s,43,0.0007674339698626603,23339
85,70,15,day,57,1s,44,0.008700195002754796,23339
85,70,15,day,57,1s,45,-0.008949531151253024,23339
85,70,15,day,57,1s,46,0.006265947156818819,23339
85,70,15,day,57,1s,47,0.0003185589795223079,23339
85,70,15,day,57,1s,48,-0.0023549597762596757,23339
85,70,15,day,57,1s,49,0.0033589709578797644,23339
85,70,15,day,57,1s,50,-0.016737501738453894,23339
85,70,15,day,57,1s,51,0.016820956617488027,23339
85,70,15,day,57,1s,52,0.0037322286823696644,23339
85,70,15,day,57,1s,53,0.007765673208670793,23339
85,70,15,day,57,1s,54,-0.011348942476039132,23339
85,70,15,day,57,1s,55,0.008009125203844657,23339
85,70,15,day,57,1s,56,0.003916665087483725,23339
85,70,15,day,57,1s,57,0.015246621900717256,23339
85,70,15,day,57,1s,58,0.017760137491056684,23339
85,70,15,day,57,1s,59,-0.0025985440541933767,23339
85,70,15,day,57,1s,60,0.011485163308973539,23339
85,70,15,day,58,1s,1,-0.04578942878928782,23339
85,70,15,day,58,1s,2,-0.009312919505666248,23339
85,70,15,day,58,1s,3,0.003849221272122768,23339
85,70,15,day,58,1s,4,0.013563271660412057,23339
85,70,15,day,58,1s,5,0.014433145674747901,23339
85,70,15,day,58,1s,6,-0.0019683444263094907,23339
85,70,15,day,58,1s,7,-0.0023993241711436847,23339
85,70,15,day,58,1s,8,0.0019342821326380558,23339
85,70,15,day,58,1s,9,0.0064546172354862695,23339
85,70,15,day,58,1s,10,0.008086228677080082,23339
85,70,15,day,58,1s,11,0.0005644836600041563,23339
85,70,15,day,58,1s,12,-0.0017425395366939304,23339
85,70,15,day,58,1s,13,-0.007196011058608357,23339
85,70,15,day,58,1s,14,0.004100651834214911,23339
85,70,15,day,58,1s,15,-0.002487698497051584,23339
85,70,15,day,58,1s,16,-0.003964676319979441,23339
85,70,15,day,58,1s,17,0.008533288751389383,23339
85,70,15,day,58,1s,18,0.002125294566605797,23339
85,70,15,day,58,1s,19,0.005518610307802712,23339
85,70,15,day,58,1s,20,0.011575147956432424,23339
85,70,15,day,58,1s,21,-0.00916498305425111,23339
85,70,15,day,58,1s,22,0.021517966696081085,23339
85,70,15,day,58,1s,23,0.002396423392694787,23339
85,70,15,day,58,1s,24,0.011787043902574687,23339
85,70,15,day,58,1s,25,0.0008267395840559414,23339
85,70,15,day,58,1s,26,-0.003006915889931705,23339
85,70,15,day,58,1s,27,0.02093805684733913,23339
85,70,15,day,58,1s,28,0.004002670728982392,23339
85,70,15,day,58,1s,29,5.5969651366173895e-05,23339
85,70,15,day,58,1s,30,0.016507084108791554,23339
85,70,15,day,58,1s,31,0.002149145050833792,23339
85,70,15,day,58,1s,32,0.009596066565708206,23339
85,70,15,day,58,1s,33,0.003490143663718903,23339
85,70,15,day,58,1s,34,0.004751974668098104,23339
85,70,15,day,58,1s,35,0.0023969632451178516,23339
85,70,15,day,58,1s,36,0.0015929705700887572,23339
85,70,15,day,58,1s,37,0.0092543831017543,23339
85,70,15,day,58,1s,38,-0.006335835730266854,23339
85,70,15,day,58,1s,39,-0.006752440088558596,23339
85,70,15,day,58,1s,40,0.005999196049303,23339
85,70,15,day,58,1s,41,0.0012725984387917345,23339
85,70,15,day,58,1s,42,0.009427371731345432,23339
85,70,15,day,58,1s,43,-0.006650657132092384,23339
85,70,15,day,58,1s,44,0.004868181406506552,23339
85,70,15,day,58,1s,45,0.005885520774562529,23339
85,70,15,day,58,1s,46,0.006374254766167203,23339
85,70,15,day,58,1s,47,-0.0027593614855388046,23339
85,70,15,day,58,1s,48,0.002993706606709516,23339
85,70,15,day,58,1s,49,0.0034527986637275443,23339
85,70,15,day,58,1s,50,-0.0007113012541036372,23339
85,70,15,day,58,1s,51,-0.0001399808899928709,23339
85,70,15,day,58,1s,52,0.008331508227347238,23339
85,70,15,day,58,1s,53,0.0027931137921677882,23339
85,70,15,day,58,1s,54,0.004445839631081067,23339
85,70,15,day,58,1s,55,-0.005791602026413002,23339
85,70,15,day,58,1s,56,0.002314864666469831,23339
85,70,15,day,58,1s,57,0.004672971288121876,23339
85,70,15,day,58,1s,58,-0.0015109113248968785,23339
85,70,15,day,58,1s,59,0.0055130762944222795,23339
85,70,15,day,58,1s,60,-0.003546059799345693,23339
85,70,15,day,59,1s,1,-0.01599565648501803,23339
85,70,15,day,59,1s,2,0.01054271375679073,23339
85,70,15,day,59,1s,3,0.005266447164490346,23339
85,70,15,day,59,1s,4,0.0004959139458315542,23339
85,70,15,day,59,1s,5,-0.012464783434965156,23339
85,70,15,day,59,1s,6,-0.002761514246331238,23339
85,70,15,day,59,1s,7,0.0020530433416910627,23339
85,70,15,day,59,1s,8,-0.0013065615716774982,23339
85,70,15,day,59,1s,9,-0.006353605128534942,23339
85,70,15,day,59,1s,10,0.011814262925590253,23339
85,70,15,day,59,1s,11,0.0019488628751698708,23339
85,70,15,day,59,1s,12,-0.012496081273037654,23339
85,70,15,day,59,1s,13,0.0026066638847621524,23339
85,70,15,day,59,1s,14,0.0021932048420185805,23339
85,70,15,day,59,1s,15,0.00933949821206408,23339
85,70,15,day,59,1s,16,-0.009697288933562531,23339
85,70,15,day,59,1s,17,-0.003590867274065292,23339
85,70,15,day,59,1s,18,-0.0019421368049863162,23339
85,70,15,day,59,1s,19,0.0003824174437358533,23339
85,70,15,day,59,1s,20,0.008380517148812019,23339
85,70,15,day,59,1s,21,0.0039663046476045676,23339
85,70,15,day,59,1s,22,-0.007671008838121239,23339
85,70,15,day,59,1s,23,-0.002454738079920714,23339
85,70,15,day,59,1s,24,-0.0009607144843988597,23339
85,70,15,day,59,1s,25,0.0010373638785925866,23339
85,70,15,day,59,1s,26,0.0006611800088377294,23339
85,70,15,day,59,1s,27,0.004293577726581877,23339
85,70,15,day,59,1s,28,0.008308773736239936,23339
85,70,15,day,59,1s,29,0.017660751225899822,23339
85,70,15,day,59,1s,30,0.009064495634125237,23339
85,70,15,day,59,1s,31,-0.0012623095702400226,23339
85,70,15,day,59,1s,32,0.0058017674488790895,23339
85,70,15,day,59,1s,33,-0.013353908698673906,23339
85,70,15,day,59,1s,34,-0.0029883382395825557,23339
85,70,15,day,59,1s,35,0.0060720643447998305,23339
85,70,15,day,59,1s,36,0.0062366527858368475,23339
85,70,15,day,59,1s,37,0.011618253025958373,23339
85,70,15,day,59,1s,38,-0.006048337008723548,23339
85,70,15,day,59,1s,39,0.00932605464183631,23339
85,70,15,day,59,1s,40,0.012414542764070065,23339
85,70,15,day,59,1s,41,-0.0029793728241283997,23339
85,70,15,day,59,1s,42,0.0020447194542870225,23339
85,70,15,day,59,1s,43,0.0028952542713781126,23339
85,70,15,day,59,1s,44,0.0034946273515698103,23339
85,70,15,day,59,1s,45,-0.0027783154733059335,23339
85,70,15,day,59,1s,46,0.005784054152608535,23339
85,70,15,day,59,1s,47,-0.005924167785726998,23339
85,70,15,day,59,1s,48,0.005622457531732157,23339
85,70,15,day,59,1s,49,-0.004692096284173849,23339
85,70,15,day,59,1s,50,0.003993782322880757,23339
85,70,15,day,59,1s,51,0.009306150772573307,23339
85,70,15,day,59,1s,52,-0.017442495633067167,23339
85,70,15,day,59,1s,53,0.004166629023565449,23339
85,70,15,day,59,1s,54,-0.018051054976055823,23339
85,70,15,day,59,1s,55,0.005480368818798461,23339
85,70,15,day,59,1s,56,-0.014169500210765617,23339
85,70,15,day,59,1s,57,0.016140392694303583,23339
85,70,15,day,59,1s,58,0.011791680030616168,23339
85,70,15,day,59,1s,59,-0.0013345934843796133,23339
85,70,15,day,59,1s,60,-0.0007346669882965599,23339
85,70,15,day,60,1s,1,0.007678219920547051,17279
85,70,15,day,60,1s,2,-0.021335151792347923,17279
85,70,15,day,60,1s,3,0.012340472857772261,17279
85,70,15,day,60,1s,4,0.012143561855343965,17279
85,70,15,day,60,1s,5,0.005215457336094811,17279
85,70,15,day,60,1s,6,-0.03252856724581343,17279
85,70,15,day,60,1s,7,0.001840072659256461,17279
85,70,15,day,60,1s,8,-0.02707569655933947,17279
85,70,15,day,60,1s,9,-0.008200303902142039,17279
85,70,15,day,60,1s,10,0.052631052515916155,17279
85,70,15,day,60,1s,11,-0.009192611627418154,17279
85,70,15,day,60,1s,12,0.01025583579160891,17279
85,70,15,day,60,1s,13,-0.006011881589941642,17279
85,70,15,day,60,1s,14,0.02276498542638142,17279
85,70,15,day,60,1s,15,-0.03458871415436526,17279
85,70,15,day,60,1s,16,-0.025641726345288732,17279
85,70,15,day,60,1s,17,-0.004617574131944831,17279
85,70,15,day,60,1s,18,0.007237248806628376,17279
85,70,15,day,60,1s,19,0.003802867148122238,17279
85,70,15,day,60,1s,20,-0.0001363629133888974,17279
85,70,15,day,60,1s,21,-0.02183624608250488,17279
85,70,15,day,60,1s,22,-0.003586991696427348,17279
85,70,15,day,60,1s,23,-0.005831168976621232,17279
85,70,15,day,60,1s,24,0.06773333525913895,17279
85,70,15,day,60,1s,25,-0.007835105170200043,17279
85,70,15,day,60,1s,26,0.014110649270491781,17279
85,70,15,day,60,1s,27,0.005915589986971091,17279
85,70,15,day,60,1s,28,0.024062611389385508,17279
85,70,15,day,60,1s,29,-0.007735851720213464,17279
85,70,15,day,60,1s,30,0.02054373829105505,17279
85,70,15,day,60,1s,31,0.0025588972467450962,17279
85,70,15,day,60,1s,32,-0.02648134730194512,17279
85,70,15,day,60,1s,33,-0.03539562266492057,17279
85,70,15,day,60,1s,34,-0.00864702270304902,17279
85,70,15,day,60,1s,35,-0.005651803317022671,17279
85,70,15,day,60,1s,36,0.02241101802455274,17279
85,70,15,day,60,1s,37,-0.0018523777241402626,17279
85,70,15,day,60,1s,38,0.021863977118131657,17279
85,70,15,day,60,1s,39,-0.02947633557505202,17279
85,70,15,day,60,1s,40,0.028436381623819958,17279
85,70,15,day,60,1s,41,0.018522332086571006,17279
85,70,15,day,60,1s,42,-0.008734925775534358,17279
85,70,15,day,60,1s,43,0.004233921606327677,17279
85,70,15,day,60,1s,44,0.0066243770651889305,17279
85,70,15,day,60,1s,45,0.025069415298515627,17279
85,70,15,day,60,1s,46,0.0061772404840003715,17279
85,70,15,day,60,1s,47,-0.003040176593733653,17279
85,70,15,day,60,1s,48,0.012756227734196582,17279
85,70,15,day,60,1s,49,0.006117529168338982,17279
85,70,15,day,60,1s,50,0.015095159823133076,17279
85,70,15,day,60,1s,51,-0.017284537511887896,17279
85,70,15,day,60,1s,52,0.03325355413694467,17279
85,70,15,day,60,1s,53,-0.012550268380736848,17279
85,70,15,day,60,1s,54,0.0072761941467475895,17279
85,70,15,day,60,1s,55,0.017880744774497914,17279
85,70,15,day,60,1s,56,-0.008250800010697737,17279
85,70,15,day,60,1s,57,-0.002338054206467667,17279
85,70,15,day,60,1s,58,-0.014224084155315769,17279
85,70,15,day,60,1s,59,0.002243435273947818,17279
85,70,15,day,60,1s,60,0.028697300373668744,17279
85,70,15,day,61,1s,1,0.011644000983106537,17135
85,70,15,day,61,1s,2,0.016444803950659916,17135
85,70,15,day,61,1s,3,-0.0004542970294990631,17135
85,70,15,day,61,1s,4,-0.0005911174616397093,17135
85,70,15,day,61,1s,5,-0.01137747349764586,17135
85,70,15,day,61,1s,6,0.006999564776593632,17135
85,70,15,day,61,1s,7,-0.0016598466244319972,17135
85,70,15,day,61,1s,8,-0.010691344275127255,17135
85,70,15,day,61,1s,9,-0.01166850962071318,17135
85,70,15,day,61,1s,10,-0.013086385988261204,17135
85,70,15,day,61,1s,11,-0.02010255064989407,17135
85,70,15,day,61,1s,12,0.007911445185070875,17135
85,70,15,day,61,1s,13,-0.0070747207237196776,17135
85,70,15,day,61,1s,14,0.007187959988631636,17135
85,70,15,day,61,1s,15,0.006949287764470655,17135
85,70,15,day,61,1s,16,-0.0042517782150182535,17135
85,70,15,day,61,1s,17,-0.007798295883172302,17135
85,70,15,day,61,1s,18,-0.005734571102616037,17135
85,70,15,day,61,1s,19,-0.00482742941215693,17135
85,70,15,day,61,1s,20,-0.00956189097023552,17135
85,70,15,day,61,1s,21,-0.0021858766832510844,17135
85,70,15,day,61,1s,22,-0.012934867668711682,17135
85,70,15,day,61,1s,23,0.007239429831214382,17135
85,70,15,day,61,1s,24,-0.015133504188806218,17135
85,70,15,day,61,1s,25,-0.003577417852234376,17135
85,70,15,day,61,1s,26,0.0009965443936922188,17135
85,70,15,day,61,1s,27,0.004449544148290856,17135
85,70,15,day,61,1s,28,0.00869111983046927,17135
85,70,15,day,61,1s,29,0.016747704308237254,17135
85,70,15,day,61,1s,30,0.02445337144216456,17135
85,70,15,day,61,1s,31,0.002115557829173839,17135
85,70,15,day,61,1s,32,0.001228617634275551,17135
85,70,15,day,61,1s,33,0.010169726495536343,17135
85,70,15,day,61,1s,34,-0.0014085657917499205,17135
85,70,15,day,61,1s,35,-0.009543234224940878,17135
85,70,15,day,61,1s,36,0.0020537419339634946,17135
85,70,15,day,61,1s,37,-0.002311234119372954,17135
85,70,15,day,61,1s,38,0.007496532898245872,17135
85,70,15,day,61,1s,39,-0.0039146588527873664,17135
85,70,15,day,61,1s,40,0.0012905568598170416,17135
85,70,15,day,61,1s,41,-0.0024609578630433583,17135
85,70,15,day,61,1s,42,0.008868838478962337,17135
85,70,15,day,61,1s,43,-0.009849739875338102,17135
85,70,15,day,61,1s,44,0.013089557782241464,17135
85,70,15,day,61,1s,45,0.004176612518316168,17135
85,70,15,day,61,1s,46,-0.0013230641165061798,17135
85,70,15,day,61,1s,47,-0.006925144956232717,17135
85,70,15,day,61,1s,48,0.002880537321156854,17135
85,70,15,day,61,1s,49,0.0013860299741906429,17135
85,70,15,day,61,1s,50,-0.012306389046209142,17135
85,70,15,day,61,1s,51,0.018308684868779696,17135
85,70,15,day,61,1s,52,0.0010921672300094377,17135
85,70,15,day,61,1s,53,-0.004604803154335743,17135
85,70,15,day,61,1s,54,0.0006115554414378689,17135
85,70,15,day,61,1s,55,-0.0076721809045584574,17135
85,70,15,day,61,1s,56,-0.014627606727978476,17135
85,70,15,day,61,1s,57,0.0038824194486534423,17135
85,70,15,day,61,1s,58,0.02539268290494498,17135
85,70,15,day,61,1s,59,0.00864274716109288,17135
85,70,15,day,61,1s,60,2.8309170314778397e-05,17135
85,70,15,day,62,1s,1,-0.04442521169543,14831
85,70,15,day,62,1s,2,-0.01513261332374195,14831
85,70,15,day,62,1s,3,-0.003339098722615009,14831
85,70,15,day,62,1s,4,-0.04408561681324904,14831
85,70,15,day,62,1s,5,-0.006329769521980756,14831
85,70,15,day,62,1s,6,-0.01816590867498907,14831
85,70,15,day,62,1s,7,0.0023113984189243758,14831
85,70,15,day,62,1s,8,-0.011543984437249563,14831
85,70,15,day,62,1s,9,-0.0005295319664738594,14831
85,70,15,day,62,1s,10,0.009628816727877474,14831
85,70,15,day,62,1s,11,0.009570445056343744,14831
85,70,15,day,62,1s,12,0.012014568002371587,14831
85,70,15,day,62,1s,13,0.0036032923796371057,14831
85,70,15,day,62,1s,14,0.008742970810609742,14831
85,70,15,day,62,1s,15,0.025237247463000465,14831
85,70,15,day,62,1s,16,0.001567485439747939,14831
85,70,15,day,62,1s,17,-0.012553441326095852,14831
85,70,15,day,62,1s,18,0.005697575490924983,14831
85,70,15,day,62,1s,19,0.0061185732192897795,14831
85,70,15,day,62,1s,20,-0.018411966078183045,14831
85,70,15,day,62,1s,21,0.00896337670649635,14831
85,70,15,day,62,1s,22,0.009253440269952508,14831
85,70,15,day,62,1s,23,-0.012266285140337374,14831
85,70,15,day,62,1s,24,0.017897300289524302,14831
85,70,15,day,62,1s,25,-0.008917433905224792,14831
85,70,15,day,62,1s,26,0.00262121199326721,14831
85,70,15,day,62,1s,27,0.008414704074314053,14831
85,70,15,day,62,1s,28,-0.004204536765194107,14831
85,70,15,day,62,1s,29,0.009105946943180246,14831
85,70,15,day,62,1s,30,0.008141924691913075,14831
85,70,15,day,62,1s,31,0.0032520928946747755,14831
85,70,15,day,62,1s,32,-0.004532128610420429,14831
85,70,15,day,62,1s,33,-0.003789077620801679,14831
85,70,15,day,62,1s,34,-0.0036832971748111784,14831
85,70,15,day,62,1s,35,-0.0005962678567365544,14831
85,70,15,day,62,1s,36,-0.017924812088453743,14831
85,70,15,day,62,1s,37,0.011383336518977064,14831
85,70,15,day,62,1s,38,0.012473667798925366,14831
85,70,15,day,62,1s,39,-0.0029901179267467176,14831
85,70,15,day,62,1s,40,-0.003240791380407923,14831
85,70,15,day,62,1s,41,0.00019677304018658994,14831
85,70,15,day,62,1s,42,0.008954472266625933,14831
85,70,15,day,62,1s,43,0.005781745848417234,14831
85,70,15,day,62,1s,44,0.0034902491103162053,14831
85,70,15,day,62,1s,45,-0.011509072760856706,14831
85,70,15,day,62,1s,46,-0.001577015125277591,14831
85,70,15,day,62,1s,47,-0.013383448390143268,14831
85,70,15,day,62,1s,48,0.0053430820043992855,14831
85,70,15,day,62,1s,49,0.02078273012492297,14831
85,70,15,day,62,1s,50,0.016299504811154133,14831
85,70,15,day,62,1s,51,0.006997667096657203,14831
85,70,15,day,62,1s,52,-0.02324867846046791,14831
85,70,15,day,62,1s,53,-0.01574381943107751,14831
85,70,15,day,62,1s,54,-0.0005208756085449015,14831
85,70,15,day,62,1s,55,-0.011560200260229452,14831
85,70,15,day,62,1s,56,0.005063703191851208,14831
85,70,15,day,62,1s,57,0.016770247329788348,14831
85,70,15,day,62,1s,58,-0.009987817867898915,14831
85,70,15,day,62,1s,59,-0.004218019751752218,14831
85,70,15,day,62,1s,60,0.009197422697523218,14831
85,70,15,day,63,1s,1,0.0008929613955627079,14975
85,70,15,day,63,1s,2,0.014596996795597264,14975
85,70,15,day,63,1s,3,0.005565169956367556,14975
85,70,15,day,63,1s,4,0.0026520294418631222,14975
85,70,15,day,63,1s,5,-0.006261492972354561,14975
85,70,15,day,63,1s,6,0.0012485051274565525,14975
85,70,15,day,63,1s,7,-0.006875146731144339,14975
85,70,15,day,63,1s,8,-0.015941579227094015,14975
85,70,15,day,63,1s,9,-0.019238564305237797,14975
85,70,15,day,63,1s,10,0.012400260511052282,14975
85,70,15,day,63,1s,11,-0.0013281917247442256,14975
85,70,15,day,63,1s,12,-0.008108902747221966,14975
85,70,15,day,63,1s,13,-0.011628962379993486,14975
85,70,15,day,63,1s,14,0.006648645547113904,14975
85,70,15,day,63,1s,15,0.001105991684227665,14975
85,70,15,day,63,1s,16,0.009199399345236794,14975
85,70,15,day,63,1s,17,0.00969327880078378,14975
85,70,15,day,63,1s,18,-0.0027390997247784435,14975
85,70,15,day,63,1s,19,-0.024758078997959402,14975
85,70,15,day,63,1s,20,0.02151609532026315,14975
85,70,15,day,63,1s,21,-0.00022613324456187257,14975
85,70,15,day,63,1s,22,0.010221416456121797,14975
85,70,15,day,63,1s,23,0.005098379490323533,14975
85,70,15,day,63,1s,24,-0.028631510714911882,14975
85,70,15,day,63,1s,25,-0.004992333019160789,14975
85,70,15,day,63,1s,26,0.006179445069614248,14975
85,70,15,day,63,1s,27,-0.012971186581108579,14975
85,70,15,day,63,1s,28,-0.0026539265566517672,14975
85,70,15,day,63,1s,29,-0.003512290292004384,14975
85,70,15,day,63,1s,30,0.012612169011105012,14975
85,70,15,day,63,1s,31,0.0073708351888423715,14975
85,70,15,day,63,1s,32,0.021232932330122314,14975
85,70,15,day,63,1s,33,0.0038119467140165595,14975
85,70,15,day,63,1s,34,0.009124620874395,14975
85,70,15,day,63,1s,35,-0.0007072183308733757,14975
85,70,15,day,63,1s,36,0.01387334226777395,14975
85,70,15,day,63,1s,37,-0.0022490268795264017,14975
85,70,15,day,63,1s,38,-0.010153511312832002,14975
85,70,15,day,63,1s,39,-0.00383616406003155,14975
85,70,15,day,63,1s,40,0.0011754115567092834,14975
85,70,15,day,63,1s,41,0.013694995609350544,14975
85,70,15,day,63,1s,42,-0.007184841111191934,14975
85,70,15,day,63,1s,43,-0.00372074769205056,14975
85,70,15,day,63,1s,44,0.002764676418420009,14975
85,70,15,day,63,1s,45,-0.0007154264414712349,14975
85,70,15,day,63,1s,46,0.021752688233010332,14975
85,70,15,day,63,1s,47,0.0023539780726945297,14975
85,70,15,day,63,1s,48,0.01135893110027214,14975
85,70,15,day,63,1s,49,-0.00460156398809478,14975
85,70,15,day,63,1s,50,0.01378307341470533,14975
85,70,15,day,63,1s,51,-0.001691476184442079,14975
85,70,15,day,63,1s,52,0.019328332849757216,14975
85,70,15,day,63,1s,53,-0.0108332937226909,14975
85,70,15,day,63,1s,54,0.009152524407188016,14975
85,70,15,day,63,1s,55,-0.001308614654330742,14975
85,70,15,day,63,1s,56,0.0038172102189300157,14975
85,70,15,day,63,1s,57,-0.006709326370732962,14975
85,70,15,day,63,1s,58,0.010264215949617081,14975
85,70,15,day,63,1s,59,0.004883782181713219,14975
85,70,15,day,63,1s,60,0.00680943841678029,14975
85,70,15,day,64,1s,1,-0.011567050028155106,14687
85,70,15,day,64,1s,2,-0.032339902058237245,14687
85,70,15,day,64,1s,3,0.0259230247657989,14687
85,70,15,day,64,1s,4,0.021038169641554954,14687
85,70,15,day,64,1s,5,-0.004022656038145076,14687
85,70,15,day,64,1s,6,0.00240777694743558,14687
85,70,15,day,64,1s,7,-0.007859026862654814,14687
85,70,15,day,64,1s,8,0.027271096361401015,14687
85,70,15,day,64,1s,9,-0.008064140982085227,14687
85,70,15,day,64,1s,10,-0.009506679107143683,14687
85,70,15,day,64,1s,11,0.007528921585735867,14687
85,70,15,day,64,1s,12,-0.012566208520660767,14687
85,70,15,day,64,1s,13,-0.015956594250035972,14687
85,70,15,day,64,1s,14,-0.017408344518335745,14687
85,70,15,day,64,1s,15,-0.009059072191417732,14687
85,70,15,day,64,1s,16,-0.006339406419940105,14687
85,70,15,day,64,1s,17,-0.01936404506325995,14687
85,70,15,day,64,1s,18,-0.00845693985000305,14687
85,70,15,day,64,1s,19,-0.018255453786181514,14687
85,70,15,day,64,1s,20,-0.006661620041607916,14687
85,70,15,day,64,1s,21,-0.007933754743479592,14687
85,70,15,day,64,1s,22,0.0010477342888876666,14687
85,70,15,day,64,1s,23,0.00857533054879326,14687
85,70,15,day,64,1s,24,0.0012380016304285493,14687
85,70,15,day,64,1s,25,-0.011151305999819096,14687
85,70,15,day,64,1s,26,0.01771024422618916,14687
85,70,15,day,64,1s,27,-0.0014464626514011367,14687
85,70,15,day,64,1s,28,0.017100552109838872,14687
85,70,15,day,64,1s,29,0.010475552488028695,14687
85,70,15,day,64,1s,30,3.678757168655473e-05,14687
85,70,15,day,64,1s,31,0.014209075043784448,14687
85,70,15,day,64,1s,32,-0.009577712832445837,14687
85,70,15,day,64,1s,33,-0.011449824115766807,14687
85,70,15,day,64,1s,34,-0.009200055662667428,14687
85,70,15,day,64,1s,35,-0.008890794616136902,14687
85,70,15,day,64,1s,36,-0.0067063154379017,14687
85,70,15,day,64,1s,37,-0.023345595805740565,14687
85,70,15,day,64,1s,38,0.00900963878921436,14687
85,70,15,day,64,1s,39,0.004303415709873036,14687
85,70,15,day,64,1s,40,-0.007652064929996764,14687
85,70,15,day,64,1s,41,-0.0038916777207723134,14687
85,70,15,day,64,1s,42,0.004336972874213947,14687
85,70,15,day,64,1s,43,-0.008139167608416192,14687
85,70,15,day,64,1s,44,-0.029713204421912817,14687
85,70,15,day,64,1s,45,-0.008102888473642829,14687
85,70,15,day,64,1s,46,-0.007584694924483517,14687
85,70,15,day,64,1s,47,-0.007632290599625381,14687
85,70,15,day,64,1s,48,0.004617931047518697,14687
85,70,15,day,64,1s,49,-0.005563236633297931,14687
85,70,15,day,64,1s,50,0.011378899069199932,14687
85,70,15,day,64,1s,51,-0.018201565280512654,14687
85,70,15,day,64,1s,52,-0.007864068765568827,14687
85,70,15,day,64,1s,53,0.005762355523978335,14687
85,70,15,day,64,1s,54,0.0009281714001862778,14687
85,70,15,day,64,1s,55,0.0046945376164644545,14687
85,70,15,day,64,1s,56,-0.012551568522361538,14687
85,70,15,day,64,1s,57,0.006362941064414028,14687
85,70,15,day,64,1s,58,-0.0035429589106594156,14687
85,70,15,day,64,1s,59,-0.004322077571268254,14687
85,70,15,day,64,1s,60,-0.00785740433852397,14687
85,70,15,day,80,1s,1,-0.03790474997365519,23339
85,70,15,day,80,1s,2,-0.010379900228614378,23339
85,70,15,day,80,1s,3,-0.004210339876498112,23339
85,70,15,day,80,1s,4,0.0005893040753934216,23339
85,70,15,day,80,1s,5,0.0030922911582290605,23339
85,70,15,day,80,1s,6,-0.0007752713523615376,23339
85,70,15,day,80,1s,7,0.0033350247925438203,23339
85,70,15,day,80,1s,8,-0.012834753868482882,23339
85,70,15,day,80,1s,9,-0.0067139235025508795,23339
85,70,15,day,80,1s,10,-0.0030846256350219848,23339
85,70,15,day,80,1s,11,-0.005630696968207185,23339
85,70,15,day,80,1s,12,-0.0032220965840365004,23339
85,70,15,day,80,1s,13,-0.007087137303021435,23339
85,70,15,day,80,1s,14,-0.0008774373748329324,23339
85,70,15,day,80,1s,15,0.01597466027207098,23339
85,70,15,day,80,1s,16,-0.013243018840087576,23339
85,70,15,day,80,1s,17,-0.00839004167482923,23339
85,70,15,day,80,1s,18,-0.00038308688756612556,23339
85,70,15,day,80,1s,19,0.01597859645058025,23339
85,70,15,day,80,1s,20,-0.005141705048984327,23339
85,70,15,day,80,1s,21,0.0006816055382343287,23339
85,70,15,day,80,1s,22,-0.0005816054921169174,23339
85,70,15,day,80,1s,23,-0.006323091631212039,23339
85,70,15,day,80,1s,24,0.006063709742442567,23339
85,70,15,day,80,1s,25,-0.004122286557295653,23339
85,70,15,day,80,1s,26,-0.002075856809852614,23339
85,70,15,day,80,1s,27,-0.010408702116060422,23339
85,70,15,day,80,1s,28,-0.0035634069120204985,23339
85,70,15,day,80,1s,29,0.004087664470496573,23339
85,70,15,day,80,1s,30,0.0020340737861484133,23339
85,70,15,day,80,1s,31,0.010982414000983438,23339
85,70,15,day,80,1s,32,-0.0023294847391131454,23339
85,70,15,day,80,1s,33,0.01097811096348941,23339
85,70,15,day,80,1s,34,0.0036176986489363985,23339
85,70,15,day,80,1s,35,0.0011285260198813658,23339
85,70,15,day,80,1s,36,0.000396326453067267,23339
85,70,15,day,80,1s,37,-0.005534047376895215,23339
85,70,15,day,80,1s,38,0.00862694077572381,23339
85,70,15,day,80,1s,39,-0.01432011087964999,23339
85,70,15,day,80,1s,40,-0.0032431114911746464,23339
85,70,15,day,80,1s,41,-0.007768372072995736,23339
85,70,15,day,80,1s,42,0.02028303358834228,23339
85,70,15,day,80,1s,43,-0.004621593515187117,23339
85,70,15,day,80,1s,44,0.0020683872898445118,23339
85,70,15,day,80,1s,45,-0.00373585061015556,23339
85,70,15,day,80,1s,46,-0.00274799190743535,23339
85,70,15,day,80,1s,47,-0.003739122296642546,23339
85,70,15,day,80,1s,48,-0.0044158724944887776,23339
85,70,15,day,80,1s,49,-0.0024708872489731955,23339
85,70,15,day,80,1s,50,-0.006341479147985498,23339
85,70,15,day,80,1s,51,-0.01016500184227922,23339
85,70,15,day,80,1s,52,0.007656969878560065,23339
85,70,15,day,80,1s,53,0.007280288847043676,23339
85,70,15,day,80,1s,54,-0.0031442881142667847,23339
85,70,15,day,80,1s,55,0.009395782589431264,23339
85,70,15,day,80,1s,56,0.005084600588750836,23339
85,70,15,day,80,1s,57,-0.002897520859996428,23339
85,70,15,day,80,1s,58,0.005949450552459385,23339
85,70,15,day,80,1s,59,-0.011133921508283729,23339
85,70,15,day,80,1s,60,0.010936752666786266,23339
85,70,15,day,81,1s,1,-0.012651839202887845,23339
85,70,15,day,81,1s,2,-0.003322179945163014,23339
85,70,15,day,81,1s,3,-0.015558860805824616,23339
85,70,15,day,81,1s,4,0.010372513844340967,23339
85,70,15,day,81,1s,5,0.008383013160332794,23339
85,70,15,day,81,1s,6,-0.0025808951335468196,23339
85,70,15,day,81,1s,7,0.0026260445061073567,23339
85,70,15,day,81,1s,8,0.009389893449473875,23339
85,70,15,day,81,1s,9,0.002185181985175634,23339
85,70,15,day,81,1s,10,-0.00474277929851353,23339
85,70,15,day,81,1s,11,-0.0027749258702013412,23339
85,70,15,day,81,1s,12,0.0021844065263798623,23339
85,70,15,day,81,1s,13,-0.019888981739124387,23339
85,70,15,day,81,1s,14,-0.0002532386634762386,23339
85,70,15,day,81,1s,15,-0.015996159890379575,23339
85,70,15,day,81,1s,16,-0.014827030969356154,23339
85,70,15,day,81,1s,17,-0.0028365782676065053,23339
85,70,15,day,81,1s,18,-0.0017542785906109954,23339
85,70,15,day,81,1s,19,-0.005963024132254427,23339
85,70,15,day,81,1s,20,0.006087966572432551,23339
85,70,15,day,81,1s,21,0.01156788282581288,23339
85,70,15,day,81,1s,22,-0.002521019449671019,23339
85,70,15,day,81,1s,23,-0.0021709969566760146,23339
85,70,15,day,81,1s,24,-0.010247711743517749,23339
85,70,15,day,81,1s,25,0.013378013698686174,23339
85,70,15,day,81,1s,26,-0.01083126063218656,23339
85,70,15,day,81,1s,27,0.0062080299521323915,23339
85,70,15,day,81,1s,28,-0.011967096888407485,23339
85,70,15,day,81,1s,29,-0.019144303269325952,23339
85,70,15,day,81,1s,30,0.010717707544129833,23339
85,70,15,day,81,1s,31,-0.004353713684087435,23339
85,70,15,day,81,1s,32,0.008115686588937101,23339
85,70,15,day,81,1s,33,-0.007060716947481356,23339
85,70,15,day,81,1s,34,0.008350242281708223,23339
85,70,15,day,81,1s,35,0.006637637873688856,23339
85,70,15,day,81,1s,36,0.004626226940676031,23339
85,70,15,day,81,1s,37,0.02483929755986023,23339
85,70,15,day,81,1s,38,-0.010489502264310972,23339
85,70,15,day,81,1s,39,0.000743325372627559,23339
85,70,15,day,81,1s,40,-0.001743465754131777,23339
85,70,15,day,81,1s,41,0.00518954301036253,23339
85,70,15,day,81,1s,42,-0.0024683088685576236,23339
85,70,15,day,81,1s,43,-0.01587857212787176,23339
85,70,15,day,81,1s,44,0.006789689358842429,23339
85,70,15,day,81,1s,45,0.01686683414935835,23339
85,70,15,day,81,1s,46,-0.0127179592065348,23339
85,70,15,day,81,1s,47,0.009818503718184844,23339
85,70,15,day,81,1s,48,0.004398457336335413,23339
85,70,15,day,81,1s,49,0.009799513783217318,23339
85,70,15,day,81,1s,50,-0.0010220837724280924,23339
85,70,15,day,81,1s,51,-0.003392826178739981,23339
85,70,15,day,81,1s,52,-0.0005068839997700856,23339
85,70,15,day,81,1s,53,0.02853618001551538,23339
85,70,15,day,81,1s,54,-0.008170404769730466,23339
85,70,15,day,81,1s,55,0.006314360632419931,23339
85,70,15,day,81,1s,56,-0.008752972274390718,23339
85,70,15,day,81,1s,57,0.006111802605116505,23339
85,70,15,day,81,1s,58,-0.008749138322036804,23339
85,70,15,day,81,1s,59,0.0009377753339276179,23339
85,70,15,day,81,1s,60,0.0006583094510274575,23339
85,70,15,day,82,1s,1,-0.05323825658524522,23339
85,70,15,day,82,1s,2,-0.01853331232938601,23339
85,70,15,day,82,1s,3,-0.01880538936282866,23339
85,70,15,day,82,1s,4,0.004961104855605934,23339
85,70,15,day,82,1s,5,-0.0004536996821329729,23339
85,70,15,day,82,1s,6,0.00010885049301845372,23339
85,70,15,day,82,1s,7,-0.012572787376940798,23339
85,70,15,day,82,1s,8,-0.019734695640682195,23339
85,70,15,day,82,1s,9,-0.013246764301717479,23339
85,70,15,day,82,1s,10,0.0026324376522538087,23339
85,70,15,day,82,1s,11,-0.005116088606532407,23339
85,70,15,day,82,1s,12,-0.0013155266864436981,23339
85,70,15,day,82,1s,13,0.0044990370300102165,23339
85,70,15,day,82,1s,14,0.011026886333756678,23339
85,70,15,day,82,1s,15,-0.006490852660739974,23339
85,70,15,day,82,1s,16,-0.012184419297867597,23339
85,70,15,day,82,1s,17,-0.008434216055734347,23339
85,70,15,day,82,1s,18,0.01146239462106582,23339
85,70,15,day,82,1s,19,-0.008536237462441832,23339
85,70,15,day,82,1s,20,-0.007208487785665332,23339
85,70,15,day,82,1s,21,-0.013224686378272291,23339
85,70,15,day,82,1s,22,0.0014181148289909603,23339
85,70,15,day,82,1s,23,0.0016581022736153967,23339
85,70,15,day,82,1s,24,0.003177967226506629,23339
85,70,15,day,82,1s,25,-0.0019404953542747204,23339
85,70,15,day,82,1s,26,0.017758071379332274,23339
85,70,15,day,82,1s,27,0.004833229630861003,23339
85,70,15,day,82,1s,28,0.0055236103205713455,23339
85,70,15,day,82,1s,29,-0.0015937001383606966,23339
85,70,15,day,82,1s,30,0.005419731275786211,23339
85,70,15,day,82,1s,31,-0.002845237948665436,23339
85,70,15,day,82,1s,32,-0.002364122390062922,23339
85,70,15,day,82,1s,33,-0.012492468493816829,23339
85,70,15,day,82,1s,34,0.005567432090585868,23339
85,70,15,day,82,1s,35,-0.000965394692416491,23339
85,70,15,day,82,1s,36,0.011845494413870073,23339
85,70,15,day,82,1s,37,-0.0017544160399651481,23339
85,70,15,day,82,1s,38,-0.004585717157757252,23339
85,70,15,day,82,1s,39,0.006860735834128731,23339
85,70,15,day,82,1s,40,-0.010336498210461268,23339
85,70,15,day,82,1s,41,-0.0022560873377705515,23339
85,70,15,day,82,1s,42,-0.0010003159585930867,23339
85,70,15,day,82,1s,43,-0.003533404631110074,23339
85,70,15,day,82,1s,44,0.006971508506897741,23339
85,70,15,day,82,1s,45,-0.014821236224487304,23339
85,70,15,day,82,1s,46,-0.004701978124743839,23339
85,70,15,day,82,1s,47,-0.004938588952438175,23339
85,70,15,day,82,1s,48,0.005261917515029107,23339
85,70,15,day,82,1s,49,-0.02052624344566981,23339
85,70,15,day,82,1s,50,-0.00013061453353562568,23339
85,70,15,day,82,1s,51,-0.000422400893739596,23339
85,70,15,day,82,1s,52,-0.0009760080722901073,23339
85,70,15,day,82,1s,53,-0.003587331198480523,23339
85,70,15,day,82,1s,54,-0.008664706755443667,23339
85,70,15,day,82,1s,55,0.011379422758616085,23339
85,70,15,day,82,1s,56,0.0022494017089165234,23339
85,70,15,day,82,1s,57,-0.00465352797406836,23339
85,70,15,day,82,1s,58,0.007840043758341882,23339
85,70,15,day,82,1s,59,-0.0024865828744032245,23339
85,70,15,day,82,1s,60,0.0025301053736072553,23339
85,70,15,day,83,1s,1,-0.0020867981954231347,23339
85,70,15,day,83,1s,2,-0.019643079572764968,23339
85,70,15,day,83,1s,3,-0.015194716644785005,23339
85,70,15,day,83,1s,4,0.007277239162948211,23339
85,70,15,day,83,1s,5,-0.0012309639863830172,23339
85,70,15,day,83,1s,6,-0.009469077312863927,23339
85,70,15,day,83,1s,7,-0.015438286523095122,23339
85,70,15,day,83,1s,8,-0.0037110866252673086,23339
85,70,15,day,83,1s,9,-0.002552985421140951,23339
85,70,15,day,83,1s,10,0.006513922497870869,23339
85,70,15,day,83,1s,11,0.010334916409812269,23339
85,70,15,day,83,1s,12,-0.016057593484628662,23339
85,70,15,day,83,1s,13,0.01083744550628225,23339
85,70,15,day,83,1s,14,-0.00814811307591977,23339
85,70,15,day,83,1s,15,-0.009994009360570495,23339
85,70,15,day,83,1s,16,0.001994495262841614,23339
85,70,15,day,83,1s,17,-0.0032476095404802875,23339
85,70,15,day,83,1s,18,0.0014702244173718318,23339
85,70,15,day,83,1s,19,-0.0026553910900810385,23339
85,70,15,day,83,1s,20,0.004957768274176543,23339
85,70,15,day,83,1s,21,4.133605406613502e-05,23339
85,70,15,day,83,1s,22,0.002325672375676071,23339
85,70,15,day,83,1s,23,-0.004331375893897054,23339
85,70,15,day,83,1s,24,-0.0035816362106082847,23339
85,70,15,day,83,1s,25,-0.0064202886166066404,23339
85,70,15,day,83,1s,26,-0.011124255727842184,23339
85,70,15,day,83,1s,27,0.010509442571276,23339
85,70,15,day,83,1s,28,0.0010610952305647732,23339
85,70,15,day,83,1s,29,-0.01051294667677995,23339
85,70,15,day,83,1s,30,-0.0007770883859761217,23339
85,70,15,day,83,1s,31,0.017663350072912094,23339
85,70,15,day,83,1s,32,0.003098236384114839,23339
85,70,15,day,83,1s,33,-0.013484409153624711,23339
85,70,15,day,83,1s,34,-0.010054631412018478,23339
85,70,15,day,83,1s,35,-0.0045573938019808635,23339
85,70,15,day,83,1s,36,0.004122986081763064,23339
85,70,15,day,83,1s,37,-0.0007805562430081054,23339
85,70,15,day,83,1s,38,-0.00047315510403110324,23339
85,70,15,day,83,1s,39,-0.002324944838476703,23339
85,70,15,day,83,1s,40,-0.0019978079167135396,23339
85,70,15,day,83,1s,41,-0.004424159272427441,23339
85,70,15,day,83,1s,42,0.008066353229152062,23339
85,70,15,day,83,1s,43,0.00349060811982994,23339
85,70,15,day,83,1s,44,0.006952515821429755,23339
85,70,15,day,83,1s,45,0.005957876450709632,23339
85,70,15,day,83,1s,46,0.0027347229091795803,23339
85,70,15,day,83,1s,47,-0.021873992516201077,23339
85,70,15,day,83,1s,48,0.00545888917403649,23339
85,70,15,day,83,1s,49,0.008534720976821028,23339
85,70,15,day,83,1s,50,0.006832472120542217,23339
85,70,15,day,83,1s,51,-0.004100240498059043,23339
85,70,15,day,83,1s,52,-0.007739044893178538,23339
85,70,15,day,83,1s,53,0.001836349637967021,23339
85,70,15,day,83,1s,54,-0.011316788340967478,23339
85,70,15,day,83,1s,55,0.013337566718140742,23339
85,70,15,day,83,1s,56,0.004982216214487237,23339
85,70,15,day,83,1s,57,-0.01225160576146698,23339
85,70,15,day,83,1s,58,0.003986211328757974,23339
85,70,15,day,83,1s,59,-0.001960213882448501,23339
85,70,15,day,83,1s,60,-0.010923142936405958,23339
85,70,15,day,84,1s,1,-0.005955884009322309,23339
85,70,15,day,84,1s,2,-0.035829849467799095,23339
85,70,15,day,84,1s,3,-0.0026209917083747612,23339
85,70,15,day,84,1s,4,-0.0059304568187892506,23339
85,70,15,day,84,1s,5,-0.030035104835962764,23339
85,70,15,day,84,1s,6,0.004010628965001652,23339
85,70,15,day,84,1s,7,-0.008851368763268141,23339
85,70,15,day,84,1s,8,0.0021189938888671856,23339
85,70,15,day,84,1s,9,0.0008048820535858094,23339
85,70,15,day,84,1s,10,0.00930450408758067,23339
85,70,15,day,84,1s,11,-0.010351945471073695,23339
85,70,15,day,84,1s,12,0.003805052485379542,23339
85,70,15,day,84,1s,13,-0.011459019790272952,23339
85,70,15,day,84,1s,14,0.008508249569010687,23339
85,70,15,day,84,1s,15,0.00986302505689519,23339
85,70,15,day,84,1s,16,0.005166586194661994,23339
85,70,15,day,84,1s,17,-0.003996845424213689,23339
85,70,15,day,84,1s,18,0.0008116156925056251,23339
85,70,15,day,84,1s,19,-0.01766671202358588,23339
85,70,15,day,84,1s,20,-0.020418933656592874,23339
85,70,15,day,84,1s,21,0.007287899722597321,23339
85,70,15,day,84,1s,22,0.0036005520121127946,23339
85,70,15,day,84,1s,23,-0.00390191228138618,23339
85,70,15,day,84,1s,24,0.007791078605230546,23339
85,70,15,day,84,1s,25,-0.0033069516639783582,23339
85,70,15,day,84,1s,26,-0.009222372230532754,23339
85,70,15,day,84,1s,27,0.00241548069613461,23339
85,70,15,day,84,1s,28,-0.010779570355724128,23339
85,70,15,day,84,1s,29,-0.010221368948111776,23339
85,70,15,day,84,1s,30,0.01352386303163894,23339
85,70,15,day,84,1s,31,0.016668580219875998,23339
85,70,15,day,84,1s,32,-0.013135972814723179,23339
85,70,15,day,84,1s,33,0.011052819370133355,23339
85,70,15,day,84,1s,34,-0.005906006874681063,23339
85,70,15,day,84,1s,35,-0.010026961833482607,23339
85,70,15,day,84,1s,36,0.008841134781444665,23339
85,70,15,day,84,1s,37,-0.001904446873850404,23339
85,70,15,day,84,1s,38,-0.0007632595290236642,23339
85,70,15,day,84,1s,39,0.006440612173568259,23339
85,70,15,day,84,1s,40,-0.001387763646331758,23339
85,70,15,day,84,1s,41,-0.005461372872424661,23339
85,70,15,day,84,1s,42,-0.005030251783295112,23339
85,70,15,day,84,1s,43,-0.0030014829048699903,23339
85,70,15,day,84,1s,44,-0.01192759132602465,23339
85,70,15,day,84,1s,45,-0.0066390502165338035,23339
85,70,15,day,84,1s,46,-0.0036164230032719857,23339
85,70,15,day,84,1s,47,0.0013865657483710472,23339
85,70,15,day,84,1s,48,0.012687149546721043,23339
85,70,15,day,84,1s,49,0.01546598873308782,23339
85,70,15,day,84,1s,50,0.0010519592987946376,23339
85,70,15,day,84,1s,51,0.0019966084791654647,23339
85,70,15,day,84,1s,52,0.0008979375846869078,23339
85,70,15,day,84,1s,53,-0.003177377862543491,23339
85,70,15,day,84,1s,54,-0.0023368254824118508,23339
85,70,15,day,84,1s,55,-0.00886534016574903,23339
85,70,15,day,84,1s,56,0.0076029361527913215,23339
85,70,15,day,84,1s,57,0.009120825295589434,23339
85,70,15,day,84,1s,58,0.0058313459472591036,23339
85,70,15,day,84,1s,59,0.006083200568420454,23339
85,70,15,day,84,1s,60,0.0159982189748498,23339
85,70,15,day,85,1s,1,-0.007905622666290489,23339
85,70,15,day,85,1s,2,-0.012881925883545349,23339
85,70,15,day,85,1s,3,-0.019871649974280866,23339
85,70,15,day,85,1s,4,-0.02537563110177595,23339
85,70,15,day,85,1s,5,-0.03336723366430901,23339
85,70,15,day,85,1s,6,0.005058458144623417,23339
85,70,15,day,85,1s,7,0.007281616257522977,23339
85,70,15,day,85,1s,8,0.028639950336641615,23339
85,70,15,day,85,1s,9,-0.004427541264591987,23339
85,70,15,day,85,1s,10,-0.00029974443713176645,23339
85,70,15,day,85,1s,11,0.004797313593681656,23339
85,70,15,day,85,1s,12,-0.009674269665636758,23339
85,70,15,day,85,1s,13,-0.019471409910856073,23339
85,70,15,day,85,1s,14,0.016957588107045358,23339
85,70,15,day,85,1s,15,-0.005469824045382741,23339
85,70,15,day,85,1s,16,-0.025834696449125696,23339
85,70,15,day,85,1s,17,-0.0009521676765065249,23339
85,70,15,day,85,1s,18,-0.00046371355987462776,23339
85,70,15,day,85,1s,19,0.0055468460167765335,23339
85,70,15,day,85,1s,20,-0.011155623500178385,23339
85,70,15,day,85,1s,21,0.018540212202010204,23339
85,70,15,day,85,1s,22,0.007183941558865218,23339
85,70,15,day,85,1s,23,-0.01550180165834418,23339
85,70,15,day,85,1s,24,0.009943303050966768,23339
85,70,15,day,85,1s,25,-0.00538360055269998,23339
85,70,15,day,85,1s,26,-0.000981245244399512,23339
85,70,15,day,85,1s,27,0.0124632502689773,23339
85,70,15,day,85,1s,28,0.014927577373763103,23339
85,70,15,day,85,1s,29,0.002753720909942682,23339
85,70,15,day,85,1s,30,-0.012882206143239093,23339
85,70,15,day,85,1s,31,0.0014943048803830168,23339
85,70,15,day,85,1s,32,0.004278987662962784,23339
85,70,15,day,85,1s,33,0.015977683608818457,23339
85,70,15,day,85,1s,34,-0.009864928845705024,23339
85,70,15,day,85,1s,35,0.008750292267803364,23339
85,70,15,day,85,1s,36,-0.005205128310326549,23339
85,70,15,day,85,1s,37,0.007530102687126359,23339
85,70,15,day,85,1s,38,-0.012184511248564924,23339
85,70,15,day,85,1s,39,-0.0033860097981159997,23339
85,70,15,day,85,1s,40,0.006429949951696901,23339
85,70,15,day,85,1s,41,0.016623723271045346,23339
85,70,15,day,85,1s,42,0.003965616810022845,23339
85,70,15,day,85,1s,43,0.008808837855282458,23339
85,70,15,day,85,1s,44,-0.003250434423737701,23339
85,70,15,day,85,1s,45,0.015384297099652455,23339
85,70,15,day,85,1s,46,0.008224474918617138,23339
85,70,15,day,85,1s,47,0.0015408798616281978,23339
85,70,15,day,85,1s,48,-0.011489573806307296,23339
85,70,15,day,85,1s,49,0.02815736325857616,23339
85,70,15,day,85,1s,50,0.009191099539641466,23339
85,70,15,day,85,1s,51,0.015644775653796784,23339
85,70,15,day,85,1s,52,-0.02196293793269803,23339
85,70,15,day,85,1s,53,0.004850489960117244,23339
85,70,15,day,85,1s,54,0.010354843379602758,23339
85,70,15,day,85,1s,55,-0.0005753698805742632,23339
85,70,15,day,85,1s,56,0.02552337559285215,23339
85,70,15,day,85,1s,57,0.0020531790015322505,23339
85,70,15,day,85,1s,58,0.0013105275628554653,23339
85,70,15,day,85,1s,59,-0.0018466259354968494,23339
85,70,15,day,85,1s,60,-0.00873617017284008,23339
85,70,15,mean_across_available_days,pooled,1s,1,-0.017072450350463172,1595942
85,70,15,mean_across_available_days,pooled,1s,2,-0.007174897265752263,1595942
85,70,15,mean_across_available_days,pooled,1s,3,-0.0035985405604111098,1595942
85,70,15,mean_across_available_days,pooled,1s,4,-0.0011137009598049348,1595942
85,70,15,mean_across_available_days,pooled,1s,5,-0.0033115859827722812,1595942
85,70,15,mean_across_available_days,pooled,1s,6,-0.0014001852985467474,1595942
85,70,15,mean_across_available_days,pooled,1s,7,0.0004586860842817433,1595942
85,70,15,mean_across_available_days,pooled,1s,8,0.00028857654316871825,1595942
85,70,15,mean_across_available_days,pooled,1s,9,-0.003207326535167971,1595942
85,70,15,mean_across_available_days,pooled,1s,10,0.0006741776672477531,1595942
85,70,15,mean_across_available_days,pooled,1s,11,-0.00023702470543360176,1595942
85,70,15,mean_across_available_days,pooled,1s,12,-0.0015352339107883503,1595942
85,70,15,mean_across_available_days,pooled,1s,13,-0.004304709245907368,1595942
85,70,15,mean_across_available_days,pooled,1s,14,0.002255716665219233,1595942
85,70,15,mean_across_available_days,pooled,1s,15,1.20324939055663e-05,1595942
85,70,15,mean_across_available_days,pooled,1s,16,-0.001664024823301427,1595942
85,70,15,mean_across_available_days,pooled,1s,17,-0.005026142268141067,1595942
85,70,15,mean_across_available_days,pooled,1s,18,-0.001777555230951513,1595942
85,70,15,mean_across_available_days,pooled,1s,19,-0.00308344664055077,1595942
85,70,15,mean_across_available_days,pooled,1s,20,7.670882656784843e-05,1595942
85,70,15,mean_across_available_days,pooled,1s,21,-0.0009541630208050883,1595942
85,70,15,mean_across_available_days,pooled,1s,22,0.000674974734080342,1595942
85,70,15,mean_across_available_days,pooled,1s,23,-0.0004887294575317558,1595942
85,70,15,mean_across_available_days,pooled,1s,24,-0.00092959411901728,1595942
85,70,15,mean_across_available_days,pooled,1s,25,-0.0001500263930854717,1595942
85,70,15,mean_across_available_days,pooled,1s,26,0.00018466803637671268,1595942
85,70,15,mean_across_available_days,pooled,1s,27,0.0010423437933411136,1595942
85,70,15,mean_across_available_days,pooled,1s,28,0.0008084580213902661,1595942
85,70,15,mean_across_available_days,pooled,1s,29,0.0009385719883268862,1595942
85,70,15,mean_across_available_days,pooled,1s,30,0.0048030433799459565,1595942
85,70,15,mean_across_available_days,pooled,1s,31,0.0011041406543073281,1595942
85,70,15,mean_across_available_days,pooled,1s,32,-0.0009418279253540455,1595942
85,70,15,mean_across_available_days,pooled,1s,33,-0.002898709806667962,1595942
85,70,15,mean_across_available_days,pooled,1s,34,-0.002123244828776569,1595942
85,70,15,mean_across_available_days,pooled,1s,35,-0.0020281093563037445,1595942
85,70,15,mean_across_available_days,pooled,1s,36,0.00010062007291307293,1595942
85,70,15,mean_across_available_days,pooled,1s,37,-0.00016230696576195866,1595942
85,70,15,mean_across_available_days,pooled,1s,38,-0.0007354101591055102,1595942
85,70,15,mean_across_available_days,pooled,1s,39,0.0003761052465255631,1595942
85,70,15,mean_across_available_days,pooled,1s,40,0.0035407031847494675,1595942
85,70,15,mean_across_available_days,pooled,1s,41,0.0008269446107273125,1595942
85,70,15,mean_across_available_days,pooled,1s,42,0.001106065930848354,1595942
85,70,15,mean_across_available_days,pooled,1s,43,-0.0015099567383240508,1595942
85,70,15,mean_across_available_days,pooled,1s,44,-0.00043446092137183805,1595942
85,70,15,mean_across_available_days,pooled,1s,45,-7.004932633722263e-05,1595942
85,70,15,mean_across_available_days,pooled,1s,46,0.0005203482030717527,1595942
85,70,15,mean_across_available_days,pooled,1s,47,-0.00204780352902789,1595942
85,70,15,mean_across_available_days,pooled,1s,48,-0.000700433365542819,1595942
85,70,15,mean_across_available_days,pooled,1s,49,-0.0010835518012776556,1595942
85,70,15,mean_across_available_days,pooled,1s,50,0.0021061700831983784,1595942
85,70,15,mean_across_available_days,pooled,1s,51,0.0006914363508232405,1595942
85,70,15,mean_across_available_days,pooled,1s,52,-0.0010491300819328365,1595942
85,70,15,mean_across_available_days,pooled,1s,53,-8.835934088395993e-05,1595942
85,70,15,mean_across_available_days,pooled,1s,54,-0.0010312938597624366,1595942
85,70,15,mean_across_available_days,pooled,1s,55,0.001801145352788657,1595942
85,70,15,mean_across_available_days,pooled,1s,56,-0.0011195059011740826,1595942
85,70,15,mean_across_available_days,pooled,1s,57,-0.0002178117977381404,1595942
85,70,15,mean_across_available_days,pooled,1s,58,-0.00014562178982778607,1595942
85,70,15,mean_across_available_days,pooled,1s,59,0.0006133190013366057,1595942
85,70,15,mean_across_available_days,pooled,1s,60,0.0045784326057368005,1595942
