expected_development_days,available_development_days,missing_development_days,scope,day,variable,horizon,count,mean,median,std,skew,excess_kurtosis,min,max,q01,q05,q25,q50,q75,q95,q99
85,70,15,day,1,price,level,23340,100.11310951102489,100.104015321622,0.09471007543407466,0.5430776114917351,-0.1732195114677868,99.88442742042004,100.36157707040024,99.9339420155858,99.9801875577863,100.05118214238544,100.104015321622,100.16840575881656,100.30048870690796,100.3302073702285
85,70,15,day,1,simple_return,1s,23339,1.3653690862435604e-07,0.0,2.1109097467689126e-05,-0.9645530255421745,19.53874527781198,-0.00037924151696600017,0.0002146099876187968,-6.583165818659698e-05,-3.2986970146753336e-05,0.0,0.0,1.651037122574195e-07,3.298805832296914e-05,6.583071014176767e-05
85,70,15,day,1,log_return,1s,23339,1.3631410888698662e-07,0.0,2.1109309561451712e-05,-0.9652055656805768,19.545743471264895,-0.00037931344721719995,0.00021458696218967788,-6.583382518510206e-05,-3.298751422864399e-05,0.0,0.0,1.651036987126986e-07,3.298751422864399e-05,6.582854339587385e-05
85,70,15,day,1,simple_return,1m,23280,7.90308033263534e-06,8.256990591704039e-06,0.00013957564627930402,-0.4941290365840126,2.954888785878426,-0.0009565117007768187,0.0007180706185312413,-0.00043092880493421414,-0.00021421450333816705,-6.580358150409804e-05,8.256990591704039e-06,8.246198502459556e-05,0.00023103473029902898,0.0003468437221287868
85,70,15,day,1,log_return,1m,23280,7.893308546948793e-06,8.256956502528112e-06,0.00013957936287241893,-0.49511532885730897,2.957094139274293,-0.0009569694500113357,0.0007178129291762758,-0.0004310216815069978,-0.00021423745054227616,-6.580574665515648e-05,8.256956502528112e-06,8.245858522126781e-05,0.00023100804588560564,0.00034678358574957713
85,70,15,day,1,simple_return,5m,23040,3.6760362708693016e-05,3.29963580275594e-05,0.00031689001188049383,-0.26221548309547815,1.687572747243368,-0.001500291031045542,0.001123129768471287,-0.000924131155184762,-0.00047022137542588325,-0.000123676659740668,3.29963580275594e-05,0.0002043099229031009,0.0005650736841402713,0.0008585151369977972
85,70,15,day,1,log_return,5m,23040,3.6709480501082794e-05,3.299581365956428e-05,0.00031689159106687483,-0.2639357718350643,1.689738374365593,-0.0015014175945582409,0.0011224995300818108,-0.000924558427643536,-0.00047033196416563784,-0.00012368430832943034,3.299581365956428e-05,0.00020428905446001622,0.0005649140901214709,0.000858146823664514
85,70,15,day,2,price,level,23340,99.96294143768934,99.96920297293968,0.12699592425716225,-0.03184296875015878,-0.8690194256610977,99.66225926990516,100.25253562189464,99.70332197265223,99.7556769186548,99.86449308093458,99.96920297293968,100.063647189258,100.15632776249333,100.21557918942226
85,70,15,day,2,simple_return,1s,23339,8.319880481883414e-08,0.0,3.4251505177097245e-05,-0.2675084074994658,4.828360990430988,-0.0004927625500463773,0.000266896608360101,-9.232803292023694e-05,-6.147605236006548e-05,-2.0517450091350753e-05,0.0,2.0521662718486766e-05,5.897725343395606e-05,8.228187384662355e-05
85,70,15,day,2,log_return,1s,23339,8.261224020040463e-08,0.0,3.425165936855562e-05,-0.26785555802638095,4.830352649868614,-0.0004928839974098764,0.0002668609977956038,-9.233229541585786e-05,-6.147794208999358e-05,-2.0517660576757635e-05,0.0,2.0521452152255648e-05,5.897551434399513e-05,8.227848887873535e-05
85,70,15,day,2,simple_return,1m,23280,3.1397807687053617e-06,0.0,0.00025551703686323114,-0.06546376932106612,0.026193724605783952,-0.0010842171019092017,0.000996947490672584,-0.0005957379826759368,-0.0004255637422561298,-0.00016436892605475872,0.0,0.00018453233239251743,0.0004111926643226571,0.0005971519844561078
85,70,15,day,2,log_return,1m,23280,3.1071326015715116e-06,0.0,0.0002555183924739902,-0.06623867133904782,0.02637359503856196,-0.0010848052904588457,0.0009964508685671447,-0.0005959155050569187,-0.00042565432021972603,-0.00016438243610750192,0.0,0.0001845153083963602,0.0004111081477873313,0.0005969737601525791
85,70,15,day,2,simple_return,5m,23040,5.645386112896853e-06,2.0533037666137233e-05,0.0005698007555227177,-0.276668721233628,0.4364268703227405,-0.002499487339802431,0.0016132512664535081,-0.0015161706787448137,-0.0010026213080608303,-0.00032878176093589784,2.0533037666137233e-05,0.00036974841704379147,0.0009253783302785145,0.0012554855461627623
85,70,15,day,2,log_return,5m,23040,5.48302545672638e-06,2.053282686631519e-05,0.0005698427143640976,-0.2786862658150659,0.4387728120338448,-0.0025026162731904833,0.0016119513744765612,-0.0015173212286097204,-0.0010031242690295094,-0.0003288358215092213,2.053282686631519e-05,0.00036968007694326843,0.0009249504317089929,0.0012546980832139987
85,70,15,day,3,price,level,23340,100.39238901392093,100.40835935623348,0.14423629037833832,-0.47699278527571554,-0.45832270401303576,99.98718872607894,100.63095524061173,100.02722395708224,100.13613579950356,100.2978621186644,100.40835935623348,100.49323404596043,100.59732564656896,100.61173832973014
85,70,15,day,3,simple_return,1s,23339,2.417744639792511e-07,0.0,2.213423606542806e-05,-1.0585109311807135,27.222339435912804,-0.0005250676428456558,0.00024693521535135154,-6.388512943022561e-05,-3.195398625988055e-05,-7.976071784931982e-06,0.0,7.982056337230148e-06,3.1965272928391465e-05,6.38187898004272e-05
85,70,15,day,3,log_return,1s,23339,2.415294793356661e-07,0.0,2.2134490134102157e-05,-1.0594441245334183,27.240797762970715,-0.0005252055391329336,0.0002469047318696127,-6.388717017166812e-05,-3.1954496799713183e-05,-7.976103594486972e-06,0.0,7.982024481378858e-06,3.196476204969656e-05,6.38167534680356e-05
85,70,15,day,3,simple_return,1m,23280,1.3187029228128557e-05,1.5787456918103793e-05,0.0001584576811716528,-0.1862748299365455,2.924920825690662,-0.0009408358907485592,0.0007201382665473766,-0.0004793910776402832,-0.0002313171517678292,-6.38234642985347e-05,1.5787456918103793e-05,9.551098376303635e-05,0.00027099838995137127,0.00045899830548170044
85,70,15,day,3,log_return,1m,23280,1.3174388484095703e-05,1.5787332297456658e-05,0.0001584579402114266,-0.1874371429941367,2.926298879717245,-0.0009412787546319024,0.0007198790914060282,-0.0004795060222807823,-0.00023134390970636076,-6.382550110295426e-05,1.5787332297456658e-05,9.550642287958766e-05,0.0002709616765201872,0.0004588929968167988
85,70,15,day,3,simple_return,5m,23040,6.964748998866429e-05,6.37968707630776e-05,0.00033400786975204484,0.07621657601925419,1.9163430194001432,-0.0014053242626040907,0.0016172161465421997,-0.000878973359116797,-0.00046837983442603033,-9.588427554221846e-05,6.37968707630776e-05,0.00023920392932330614,0.0006165227014411689,0.0010429179909635375
85,70,15,day,3,log_return,5m,23040,6.958929520722131e-05,6.379483582907852e-05,0.0003339804373546355,0.07425794025443574,1.915454989018735,-0.0014063126568633066,0.0016159098606847166,-0.0008793598827123716,-0.00046848955854610346,-9.588887273315194e-05,6.379483582907852e-05,0.00023917532462469637,0.000616332729398028,0.0010423745295009123
85,70,15,day,4,price,level,23340,99.45643388052555,99.49463191970004,0.25038864974146763,0.18159030976997229,-0.5206056404725379,98.98460606907472,100.09781317683225,99.01953934651485,99.0731037052563,99.21982347050468,99.49463191970004,99.61338177414471,99.8975290528424,100.04890658841612
85,70,15,day,4,simple_return,1s,23339,-3.559172113412507e-07,0.0,3.9965831567878034e-05,1.0678279642538826,17.92857256725157,-0.0003995581357087996,0.0006313426553803403,-0.00010522431768750896,-6.815568561046035e-05,-2.3338856862897828e-05,0.0,2.3272591868295223e-05,5.8758342251352674e-05,0.00010568456205544583
85,70,15,day,4,log_return,1s,23339,-3.567158521690146e-07,0.0,3.9964993656241095e-05,1.0667022637433408,17.914065431962275,-0.0003996379803306027,0.0006311434424501883,-0.00010522985415468256,-6.815800831629913e-05,-2.333912921859138e-05,0.0,2.327232106580368e-05,5.8756616048327705e-05,0.0001056789778355238
85,70,15,day,4,simple_return,1m,23280,-1.941909660427025e-05,-3.472689231193149e-05,0.0003073322927428003,0.31857280154405626,1.582776291821271,-0.0013290003960210184,0.001756070149149025,-0.0007807743048565197,-0.00048971767787242,-0.0002102570392521208,-3.472689231193149e-05,0.00014088889151259165,0.000526307156805661,0.0008116980430573836
85,70,15,day,4,log_return,1m,23280,-1.9466508459856748e-05,-3.472749532207331e-05,0.0003073232735355435,0.3169684343520141,1.5808154851557825,-0.0013298843002740313,0.001754530060702919,-0.0007810792680598589,-0.0004898376287373552,-0.00021027914636184697,-3.472749532207331e-05,0.00014087896760428542,0.0005261687057707575,0.0008113687929004206
85,70,15,day,4,simple_return,5m,23040,-0.00010291131661872527,-0.00011746326338069046,0.0006535003051130678,-0.27529281459647087,0.5135068881656095,-0.0024747852073216947,0.0020371844705662223,-0.0019137344746859297,-0.0011876693715603568,-0.000492818611399326,-0.00011746326338069046,0.00033020100594294277,0.0009415379084149355,0.0012862916276320795
85,70,15,day,4,log_return,5m,23040,-0.0001031302041375704,-0.00011747016273000455,0.0006536267674255602,-0.2776835022195725,0.5164034167663472,-0.0024778525499540294,0.002035112224170632,-0.0019155680054713463,-0.001188375209854442,-0.0004929400864033262,-0.00011747016273000455,0.00033014650155949177,0.0009410949396247758,0.0012854650632306622
85,70,15,day,5,price,level,23340,101.63286169410183,101.84834938101788,0.6455301305461356,-1.270188567643455,0.4882233305429047,99.8882393397524,102.42950481430536,100.02776599037139,100.1602303988996,101.46384972489682,101.84834938101788,102.07530949105912,102.29195323246216,102.34697386519944
85,70,15,day,5,simple_return,1s,23339,6.79252460336003e-07,0.0,5.852395888801869e-05,-0.036860000354358886,4.275848894473069,-0.0005915559611939791,0.0005497715012199311,-0.0001678702981466418,-9.460606525997227e-05,-2.6490455283967318e-05,0.0,3.363888655294467e-05,9.295643723339353e-05,0.00016001434060359323
85,70,15,day,5,log_return,1s,23339,6.775397759814716e-07,0.0,5.8523982896966056e-05,-0.037410729628016934,4.275819739313888,-0.0005917309994547537,0.0005496204322339437,-0.00016788438994378652,-9.461054069657137e-05,-2.6490806162460245e-05,0.0,3.3638320777740205e-05,9.29521170514036e-05,0.00016000153965370202
85,70,15,day,5,simple_return,1m,23280,3.910689877990335e-05,2.5237230675934086e-05,0.0004790674231176042,0.1669707885872212,1.2807929138026166,-0.0020716505641511507,0.002368041732445647,-0.00116477923323718,-0.0007243532905259031,-0.00024641796974667063,2.5237230675934086e-05,0.0003040720313508549,0.0008411750014150176,0.0013308604198671227
85,70,15,day,5,log_return,1m,23280,3.899140129226885e-05,2.5236912222226238e-05,0.0004790297332898663,0.16463384464921754,1.2796864358357007,-0.002073799400452714,0.002365242340136575,-0.001165458115785638,-0.0007246157611368708,-0.00024644833585130144,2.5236912222226238e-05,0.00030402581081978575,0.0008408214119967727,0.0013299756089806148
85,70,15,day,5,simple_return,5m,23040,0.00018269257130696512,0.00010126924118458724,0.001165674699053796,0.2238882899608509,1.0964757592659726,-0.0038696393800620177,0.004298140883506996,-0.002904482011935543,-0.0016572362049494193,-0.00048363356363401167,0.00010126924118458724,0.000833785242438434,0.0022457067603221296,0.0035276077725372446
85,70,15,day,5,log_return,5m,23040,0.0001819968801889261,0.00010126411380095846,0.0011653125002000248,0.21856317570505382,1.0949282306978398,-0.003877145805558868,0.004288930258922186,-0.00290870820506802,-0.0016586109399202797,-0.00048375055338922834,0.00010126411380095846,0.0008334378366174899,0.0022431889297047196,0.0035214003566924855
85,70,15,day,6,price,level,23340,100.15579389306859,100.0942507068803,0.28387156874576197,0.1569191270921675,-1.402018467764391,99.6229971724788,100.69842190483097,99.7124145097755,99.76799825998695,99.90333260832789,100.0942507068803,100.41808646898184,100.58725440440804,100.62592136107688
85,70,15,day,6,simple_return,1s,23339,1.8610098269436613e-07,0.0,4.799052114302795e-05,0.5053701420739496,17.737482946394437,-0.000531914893617258,0.0010667959752699296,-0.00012113647338693134,-7.2632190586841e-05,-2.4143800479103916e-05,0.0,2.4161592731886117e-05,7.254086468688747e-05,0.00012095145292274621
85,70,15,day,6,log_return,1s,23339,1.8494948867540178e-07,0.0,4.798993133787041e-05,0.5039689604331579,17.71214910327282,-0.0005320564105302239,0.0010662273528101451,-0.00012114381100147397,-7.26348284318945e-05,-2.4144091945288437e-05,0.0,2.416130084537116e-05,7.253823372543877e-05,0.00012094413888528165
85,70,15,day,6,simple_return,1m,23280,1.070779052299602e-05,1.2092263995899799e-05,0.0003397606265091024,-0.010083489282013622,0.8441375652241425,-0.001500847252481008,0.001611971898758613,-0.0008429106041133649,-0.0005405217107521121,-0.000204431356557927,1.2092263995899799e-05,0.00022752381374152586,0.0005555837374010886,0.0008707816219876037
85,70,15,day,6,log_return,1m,23280,1.0650018124071374e-05,1.2092190885493181e-05,0.0003397576345918198,-0.011532699852314926,0.8439937669814697,-0.0015019746518962762,0.0016106740665824404,-0.0008432660530112734,-0.0005406678452746672,-0.00020445225549670099,1.2092190885493181e-05,0.00022749793412324415,0.0005554294578974161,0.0008704027116012365
85,70,15,day,6,simple_return,5m,23040,5.240274458829842e-05,8.473088864857647e-05,0.0007940079394527655,-0.14888437597414667,0.026210280473858205,-0.0024030914140803494,0.002824585968808524,-0.0018030370098516546,-0.0013891128586438872,-0.0004113359344732337,8.473088864857647e-05,0.0005956422294450814,0.0012854634118593547,0.001985770549043784
85,70,15,day,6,log_return,5m,23040,5.2086168886921066e-05,8.472729918951316e-05,0.0007940138866082636,-0.15127032907546262,0.02592759205945372,-0.00240598347243548,0.0028206043217684496,-0.0018046644376429023,-0.0013900785703357954,-0.0004114205563052753,8.472729918951316e-05,0.0005954649050234906,0.001284637911091168,0.0019838015129777366
85,70,15,day,7,price,level,23340,99.94823352130507,99.9617194494304,0.10135340439785183,-0.30894317285332956,-0.8721247527449294,99.71245485056032,100.1468597158948,99.7494621759053,99.77087899729655,99.8668119093086,99.9617194494304,100.02910733107824,100.09945004785068,100.12921890918072
85,70,15,day,7,simple_return,1s,23339,-1.2287203723339444e-07,0.0,3.191131266938629e-05,0.0935763402012659,5.217878291411019,-0.0002535972214564586,0.00042013090394488195,-8.836775479307058e-05,-4.59811029639101e-05,-1.577956935927549e-05,0.0,1.3997352333094959e-05,4.42196122901306e-05,8.832166751315818e-05
85,70,15,day,7,log_return,1s,23339,-1.233811880171562e-07,0.0,3.1911269066847856e-05,0.09323134091259849,5.216808331474894,-0.0002536293826693736,0.0004200426736673535,-8.837165945315916e-05,-4.5982160128144036e-05,-1.5779693861794897e-05,0.0,1.399725436579402e-05,4.4218634631754127e-05,8.831776738382757e-05
85,70,15,day,7,simple_return,1m,23280,-6.935539550016316e-06,0.0,0.00023153309303716884,-0.2391830214143657,0.6146714347435154,-0.0010143777013320587,0.0009508646234130946,-0.0006175999668759047,-0.00040830762558866085,-0.00015189213349178776,0.0,0.0001434055508977572,0.00035251337031495523,0.0005301363757598776
85,70,15,day,7,log_return,1m,23280,-6.9623676000508286e-06,0.0,0.00023154112832606658,-0.24007116248645324,0.6150921842367252,-0.0010148925305761836,0.0009504128380157795,-0.00061779076029568,-0.00040839100584468826,-0.00015190367027040352,0.0,0.0001433952693048468,0.0003524512520749035,0.0005299959031153012
85,70,15,day,7,simple_return,5m,23040,-3.679205036945307e-05,0.0,0.0005301102456260336,-0.3809836346922009,0.25237206264500456,-0.0021609702315328327,0.0015657895871565852,-0.0014321860466451274,-0.0009481619990775625,-0.00037270234289651927,0.0,0.0003421926296751643,0.0007624903376495906,0.0010804241280025395
85,70,15,day,7,log_return,5m,23040,-3.69332588728823e-05,0.0,0.0005301834817232164,-0.3826597248470811,0.2545809893313975,-0.002163308496926142,0.0015645650167543934,-0.0014332126057310113,-0.0009486117890038059,-0.00037277181368211565,0.0,0.00034213409512973136,0.0007621997895766785,0.0010798408899118518
85,70,15,day,8,price,level,23340,100.32610454273916,100.35333256854422,0.11604177426593829,-0.49406870990068696,-0.3181618999806979,99.94493518412295,100.55753126075484,100.04359297923595,100.11701273373866,100.23631983480554,100.35333256854422,100.40562693587245,100.50705517953423,100.53229322014454
85,70,15,day,8,simple_return,1s,23339,2.2523750380143035e-07,0.0,3.756978419285299e-05,-0.7400078345000942,10.738050892411412,-0.0005723836344071476,0.00022955787153966511,-0.00010307344395471318,-5.740337653331595e-05,-2.2621332602001942e-05,0.0,2.2826880935022942e-05,5.7669958850170405e-05,9.174652820800766e-05
85,70,15,day,8,log_return,1s,23339,2.2453175156468257e-07,0.0,3.75702982657402e-05,-0.7406949302926402,10.745423704158187,-0.0005725475084554787,0.0002295315271636511,-0.00010307875638742914,-5.740502417026505e-05,-2.2621588468219045e-05,0.0,2.2826620406313225e-05,5.7668296001445025e-05,9.17423197528855e-05
85,70,15,day,8,simple_return,1m,23280,1.3649180549304715e-05,2.2907408255834483e-05,0.00028092149130565453,-0.7626166145890123,4.331916680293989,-0.0021288227086623257,0.0012493986223378606,-0.0008019477732602798,-0.00045600885697423267,-0.00012569704726206332,2.2907408255834483e-05,0.00017826473115406527,0.0004238829401655763,0.0006864929152046303
85,70,15,day,8,log_return,1m,23280,1.3609626083922004e-05,2.2907145885042723e-05,0.00028094781542257834,-0.7650412395690451,4.342439814533867,-0.002131091872729307,0.0012486187733724563,-0.0008022695053964934,-0.0004561128606348941,-0.00012570494779762242,2.2907145885042723e-05,0.00017824884388484286,0.0004237931271708905,0.000686257386719333
85,70,15,day,8,simple_return,5m,23040,5.586993122131838e-05,9.14494741657279e-05,0.0006053776751711987,-0.4884316884114385,1.5559093781720232,-0.0027770537531154327,0.0021119324181628762,-0.0016710981758132626,-0.0009842305663347929,-0.00028583433698325944,9.14494741657279e-05,0.00043388901575713845,0.0009717841639260815,0.0014676707823796
85,70,15,day,8,log_return,5m,23040,5.568512165250238e-05,9.144529291749137e-05,0.000605433766737527,-0.4914453813615258,1.5615639607177139,-0.0027809169206962636,0.002109705423849917,-0.0016724960179138825,-0.0009847152392844726,-0.00028587519540335116,9.144529291749137e-05,0.00043379491313721985,0.0009713122873790337,0.0014665948062631442
85,70,15,day,9,price,level,23340,99.92845656419102,99.92783859492344,0.06382971455884943,0.34443673039572875,0.06998781846416291,99.76456031208647,100.1065321624362,99.79377545584218,99.82642767533385,99.88485796284522,99.92783859492344,99.96208046194297,100.05499321177544,100.08764543126708
85,70,15,day,9,simple_return,1s,23339,-8.205838566509022e-08,0.0,3.133319149359573e-05,-0.5970962520764068,10.279528404662884,-0.0004388871199538791,0.00027541570558065054,-9.455011435832272e-05,-5.1572089185492054e-05,-8.597639088225861e-06,0.0,8.598748022281555e-06,5.1580069461154565e-05,8.60361001133647e-05
85,70,15,day,9,log_return,1s,23339,-8.254925865050748e-08,0.0,3.133348732693743e-05,-0.59765663083105,10.283270429107693,-0.00043898345909454406,0.0002753777856376871,-9.455458450217335e-05,-5.157341907136015e-05,-8.597676047550351e-06,0.0,8.598711053409147e-06,5.157873925565326e-05,8.603239921990635e-05
85,70,15,day,9,simple_return,1m,23280,-5.297652439984754e-06,0.0,0.0002090477171031021,0.02206977654563752,1.1942674325951863,-0.0010834608836224335,0.0011687664357782346,-0.0005498491633624814,-0.00033304333585970625,-0.0001375563121152057,0.0,0.00012037005193121786,0.0003440750703423534,0.0005154340721718831
85,70,15,day,9,log_return,1m,23280,-5.31951617432192e-06,0.0,0.000209048358788897,0.02106843477937202,1.1941052900226143,-0.0010840482516636385,0.0011680839600058945,-0.0005500003858491987,-0.0003330988071131191,-0.0001375657738522662,0.0,0.0001203628080377328,0.0003440158900897661,0.0005153012816583668
85,70,15,day,9,simple_return,5m,23040,-3.465153598051753e-05,-4.298302170624435e-05,0.0004301454233032058,0.04494422342116477,0.23322277834635008,-0.0014084703046935987,0.0013603567923132776,-0.0010579215510673446,-0.0007726781023023044,-0.0003005559349356923,-4.298302170624435e-05,0.0002409441569025117,0.0006576260079090947,0.0010759074203181562
85,70,15,day,9,log_return,5m,23040,-3.474465013297541e-05,-4.298394550250606e-05,0.00043015627914636483,0.04350482609152141,0.23279437187778562,-0.001409463131347266,0.00135943234530167,-0.001058481545059573,-0.000772976771886924,-0.00030060111092455877,-4.298394550250606e-05,0.00024091513452084712,0.0006574098666404895,0.0010753290467437893
85,70,15,day,10,price,level,23340,99.72781630287943,99.71421574851712,0.2847200436828326,0.6147968157735683,-0.5103962021188067,99.24540622902649,100.4498539788496,99.30279254113081,99.37238114241144,99.48756552812496,99.71421574851712,99.8820947232854,100.30292586478988,100.39725008616156
85,70,15,day,10,simple_return,1s,23339,-1.3250834975908248e-07,0.0,5.2546176035431676e-05,-0.30947949030785465,8.761122064951131,-0.0006541203931652584,0.0006522211754473872,-0.00016187313032959506,-8.195183852268694e-05,-1.8233202662143455e-05,0.0,1.8244845831238976e-05,7.311529332074684e-05,0.00014497218346209984
85,70,15,day,10,log_return,1s,23339,-1.3388886504713498e-07,0.0,5.254661097580743e-05,-0.31031999917280256,8.761611520862129,-0.0006543344232490256,0.0006520085716541502,-0.0001618862332066584,-8.195519675808782e-05,-1.823336888850946e-05,0.0,1.8244679395706953e-05,7.311262052782651e-05,0.00014496167601052434
85,70,15,day,10,simple_return,1m,23280,-1.129258915434409e-05,0.0,0.0003888498625781229,-0.4664130439003966,2.560455354687811,-0.002637994396536114,0.001786397856322619,-0.0011297386401660026,-0.0006528131259064152,-0.0002187097039989816,0.0,0.00021813819054350425,0.0005969771478158137,0.0009013843649226859
85,70,15,day,10,log_return,1m,23280,-1.1368262655814387e-05,0.0,0.00038888965429892625,-0.4689476624910971,2.567512640662704,-0.0026414800351668433,0.0017848041453909502,-0.0011303772759037845,-0.0006530263011758297,-0.00021873362445412603,0.0,0.00021811440186780828,0.0005967990278437085,0.0009009783619932409
85,70,15,day,10,simple_return,5m,23040,-5.532894536562935e-05,-5.44998728339019e-05,0.0009542489808085557,-0.25358553771025016,0.7143495825933557,-0.003630246628863021,0.0027907651045631088,-0.0026313567845871032,-0.0019120911550222109,-0.000550557131771684,-5.44998728339019e-05,0.0005274213706143449,0.0015481849807843506,0.0021944801085402865
85,70,15,day,10,log_return,5m,23040,-5.578587647228547e-05,-5.450135800533218e-05,0.0009544186048732535,-0.2573798609501613,0.7173262889374499,-0.0036368519650009645,0.0027868781496680484,-0.0026348248890802938,-0.001913921534923091,-0.0005507087440179692,-5.450135800533218e-05,0.0005272823328468235,0.001546987777918396,0.0021920757539639624
85,70,15,day,11,price,level,23340,99.44055462443552,99.5291674715086,0.3674594891629837,-0.07784610612973934,-1.5378560554178984,98.80963878694224,100.09054471701758,98.85792930268497,98.91452216534674,99.08248020088854,99.5291674715086,99.77786362758354,99.95653853583156,100.04104693838129
85,70,15,day,11,simple_return,1s,23339,-3.542704920330282e-07,0.0,6.412888450778633e-05,0.5643751431040661,13.682813418104647,-0.0007791575359142877,0.0012695312500001776,-0.0001690782905556465,-9.739943508335625e-05,-3.628710356340381e-05,0.0,3.0097050925714797e-05,9.734752336258979e-05,0.00016937923480671912
85,70,15,day,11,log_return,1s,23339,-3.563266755161584e-07,0.0,6.412774879671336e-05,0.5628983752950472,13.664950633152472,-0.0007794612369114162,0.0012687260765922304,-0.00016909258590139587,-9.74041787165092e-05,-3.628776195618855e-05,0.0,3.0096598015116882e-05,9.734278540030061e-05,0.0001693648917638235
85,70,15,day,11,simple_return,1m,23280,-2.2766019691135568e-05,-4.851425106111584e-05,0.0004567391156907051,0.29003081511032214,0.6235621663536932,-0.001573164238346414,0.00203646237393329,-0.001048752103144588,-0.0007610083481617014,-0.0003144977410940164,-4.851425106111584e-05,0.00026070156141477785,0.0007641998637380567,0.0011977523014811498
85,70,15,day,11,log_return,1m,23280,-2.2870575248040797e-05,-4.851542791595165e-05,0.0004567194087891424,0.2882917198791021,0.6214590028712945,-0.001574402960519805,0.002034391595331364,-0.0010493024284394536,-0.0007612980620071763,-0.00031454720587986706,-4.851542791595165e-05,0.00026066758466769535,0.0007639080116633048,0.0011970355679254729
85,70,15,day,11,simple_return,5m,23040,-0.00011852885943374219,-0.00013348917516553538,0.000959244832715602,0.044003767881537086,0.029283717227406747,-0.0031435894955748056,0.0031756691233515433,-0.002386182022132687,-0.0017002300170228524,-0.0007499273502077075,-0.00013348917516553538,0.0005119329510754889,0.0014151441171694533,0.0022567458514001215
85,70,15,day,11,log_return,5m,23040,-0.00011899603666092498,-0.00013349808567264532,0.0009593394112820305,0.04108722552019042,0.028356423221801652,-0.0031485409526545993,0.0031706373362077045,-0.002389033492102062,-0.0017016770485013487,-0.0007502086863862001,-0.00013349808567264532,0.000511801958106739,0.0014141437444020076,0.0022542032251356317
85,70,15,day,12,price,level,23340,99.9989699565341,100.00153209744138,0.1350879994337068,-0.14928822207590595,-0.6342378520284102,99.68438792707217,100.28343802665847,99.7150298759001,99.75715949134363,99.90117971502984,100.00153209744138,100.09499004136664,100.2282832848169,100.2658189060824
85,70,15,day,12,simple_return,1s,23339,-3.082019801120316e-08,0.0,2.7302668962636012e-05,-0.7443970123374192,32.737984812698826,-0.0007346076735893492,0.000522237996566588,-7.653479824655029e-05,-4.587997797778076e-05,-1.530046283904074e-05,0.0,1.5301516380183955e-05,4.5879486831190695e-05,7.467252083886754e-05
85,70,15,day,12,log_return,1s,23339,-3.119290546025991e-08,0.0,2.7302947559866228e-05,-0.7457973399312642,32.764459398398586,-0.0007348776300224458,0.0005221016777623433,-7.653772718363427e-05,-4.5881030495742436e-05,-1.530057989285183e-05,0.0,1.5301399313827346e-05,4.587843439960437e-05,7.466973298354761e-05
85,70,15,day,12,simple_return,1m,23280,-2.1360995056271872e-06,-7.673478157665947e-06,0.00019854626006279638,-0.14832226497019052,2.1364231379489187,-0.0014989064101189609,0.000749808722264822,-0.00048256954932737853,-0.00030568886986825916,-0.00012267894462614226,-7.673478157665947e-06,0.00011487496817136345,0.0003332735921772623,0.0004897826008213934
85,70,15,day,12,log_return,1m,23280,-2.155811722236754e-06,-7.673507599115226e-06,0.00019854962484742373,-0.14954817726507713,2.1407988280797126,-0.0015000308941370832,0.0007495277561435643,-0.00048268602354128553,-0.0003057356022351243,-0.00012268647030300173,-7.673507599115226e-06,0.00011486837054719423,0.00033321806881367766,0.0004896626964727524
85,70,15,day,12,simple_return,5m,23040,-1.2814608022958097e-05,-6.132241794254423e-05,0.00043508192695495163,0.38673497531819456,-0.1230315398972528,-0.001224065120264406,0.0017656595281607679,-0.0008565032794815053,-0.0006733609973152809,-0.0003214412814932788,-6.132241794254423e-05,0.00029052315139938,0.0007521463032346465,0.001052208956695229
85,70,15,day,12,log_return,5m,23040,-1.290932599968534e-05,-6.132429823857422e-05,0.0004350509976417269,0.38560804704667606,-0.1245437842685484,-0.001224814899888571,0.001764102583795335,-0.0008568702879946155,-0.000673587806653364,-0.0003214929548152057,-6.132429823857422e-05,0.0002904809577202183,0.0007518635829600661,0.0010516557728394817
85,70,15,day,13,price,level,23340,100.49446362947405,100.58313184016288,0.2193687179355071,-1.1097619040704354,-0.1270550859481756,99.92046322219394,100.76196233138204,99.95705013998474,100.02859744846018,100.3428035123441,100.58313184016288,100.65220157800968,100.70230974802747,100.74286730083992
85,70,15,day,13,simple_return,1s,23339,2.7433302938273123e-07,0.0,3.2669570359003864e-05,0.050689084287469655,19.55277756840625,-0.0004423520490379751,0.0007308547823325906,-9.497737575392406e-05,-4.761753595128315e-05,-1.5801532748715985e-05,0.0,1.5805403867474865e-05,4.765728691851212e-05,9.484516526758746e-05
85,70,15,day,13,log_return,1s,23339,2.737993650813225e-07,0.0,3.266953470462415e-05,0.04963355548815571,19.54037671508833,-0.0004424499155684103,0.0007305878380332587,-9.498188639089023e-05,-4.7618669701599003e-05,-1.5801657593961238e-05,0.0,1.580527896383188e-05,4.765615134569856e-05,9.484066774945177e-05
85,70,15,day,13,simple_return,1m,23280,1.4628762365902076e-05,1.5815527684814867e-05,0.00024577979340284793,-0.15766622072063616,2.2806998389778173,-0.001272059524944913,0.0011127714367469288,-0.0006991129239651905,-0.00038182408400651014,-0.00011060417531272293,1.5815527684814867e-05,0.00014223317944661584,0.0004269294453690175,0.0006835121143974687
85,70,15,day,13,log_return,1m,23280,1.4598452909256445e-05,1.5815402621299768e-05,0.00024578099360933665,-0.1592351853590326,2.2819621220757194,-0.0012728692794388152,0.0011121527655291175,-0.0006993574173650163,-0.0003818969973826469,-0.00011061029240511111,1.5815402621299768e-05,0.0001422230652670109,0.0004268383369230299,0.0006832786263806145
85,70,15,day,13,simple_return,5m,23040,6.965735190282909e-05,4.741583688949724e-05,0.0005623261467912142,0.06195879651974728,1.5477340676414286,-0.002208014994361185,0.002242081160157783,-0.001453958284674951,-0.0008485817345340651,-0.00022144277880101204,4.741583688949724e-05,0.00036388374705320636,0.0009991792459179694,0.0016862151107602276
85,70,15,day,13,log_return,5m,23040,6.949685303732375e-05,4.7414712794235925e-05,0.0005622775337490643,0.05896991888786671,1.5479262359048214,-0.002210456253688875,0.0022395714468137484,-0.0014550163077073019,-0.0008489419838303647,-0.00022146730087357902,4.7414712794235925e-05,0.0003638175574192104,0.0009986803985990722,0.0016847950461799412
85,70,15,day,14,price,level,23340,99.55077446117461,99.8957848467269,0.646262885624683,-1.2249810678785502,-0.1354095457948712,97.97829481538211,100.10069927718172,98.03752968431256,98.1617318288441,99.22294839076056,99.8957848467269,99.97890474345188,100.04196121682942,100.05915843684149
85,70,15,day,14,simple_return,1s,23339,-8.515263333734297e-07,0.0,4.5358904526759376e-05,-0.033230955527735084,11.475201808139078,-0.0004411539051711877,0.0004467060285893165,-0.00014558137572505015,-7.640761937786067e-05,-1.8152819137917664e-05,0.0,1.4133599377297301e-05,5.988992709129434e-05,0.00013592653208288838
85,70,15,day,14,log_return,1s,23339,-8.525553697552932e-07,0.0,4.535897794073565e-05,-0.034147562483850175,11.475150030699757,-0.00044125124218297174,0.0004466062851538055,-0.0001455919737222011,-7.641053858913338e-05,-1.815298390228648e-05,0.0,1.4133499498747426e-05,5.9888133760654794e-05,0.00013591729490848077
85,70,15,day,14,simple_return,1m,23280,-5.120889008112918e-05,-1.9106759015952157e-05,0.00033388694514316104,-0.71216588475109,5.326205960550601,-0.0022061811777913665,0.0016759830657895325,-0.0012142959851659586,-0.0006520982926072394,-0.00014345692944772725,-1.9106759015952157e-05,9.549183069995637e-05,0.00036304610972839326,0.0009133986340085912
85,70,15,day,14,log_return,1m,23280,-5.126595372396719e-05,-1.9106941552493595e-05,0.0003339438760248674,-0.7155807619641587,5.329859237260731,-0.0022086183807532578,0.0016745801734350252,-0.001215033841738551,-0.0006523110011754874,-0.00014346722037750226,-1.9106941552493595e-05,9.548727164587767e-05,0.0003629802244347502,0.0009129817389532383
85,70,15,day,14,simple_return,5m,23040,-0.00025192745422534466,-9.94024384240455e-05,0.0007712402922473503,-1.5063847440846687,5.506567078858865,-0.004887811261209407,0.002962682669555461,-0.002914320355971086,-0.0017438772488193642,-0.0004282092714957275,-9.94024384240455e-05,0.0001337715947039575,0.0006497974160997178,0.0014261239202420662
85,70,15,day,14,log_return,5m,23040,-0.0002522569673090516,-9.940737917402132e-05,0.0007718844375786788,-1.5124512236279366,5.530212257605868,-0.004899795678332097,0.0029583025743438185,-0.0029185752575842726,-0.0017453995728453186,-0.0004283009792696024,-9.940737917402132e-05,0.00013376264808218075,0.0006495863891702314,0.0014251079713216708
85,70,15,day,15,price,level,23340,100.26328324731948,100.27701693227093,0.10330556809519387,-0.3191371927265952,-0.6198120227346227,99.96887450199203,100.47466384462152,100.03034736055776,100.0918202191235,100.1953125,100.27701693227093,100.33304282868528,100.42175049800797,100.45443227091634
85,70,15,day,15,simple_return,1s,23339,1.5882508152448928e-07,0.0,2.8871214269086942e-05,-0.19503783421226953,7.732614595920312,-0.0004580318603857325,0.00025055782818883543,-7.773948503924765e-05,-4.654778362819245e-05,-1.5506280043431353e-05,0.0,1.550790321536155e-05,4.657734167579086e-05,7.779323074325716e-05
85,70,15,day,15,log_return,1s,23339,1.584083118287866e-07,0.0,2.887129107846528e-05,-0.19545766968841718,7.735067729367458,-0.0004581367890192922,0.0002505264438177335,-7.774250690957274e-05,-4.654886700974359e-05,-1.5506400266929177e-05,0.0,1.55077829693262e-05,4.657625698545331e-05,7.779020500656485e-05
85,70,15,day,15,simple_return,1m,23280,1.0818794169685056e-05,1.5508684863441147e-05,0.00021531509885164144,-0.08636810971888764,1.8731210664276663,-0.0010716781859129165,0.0010583822316301283,-0.0005742506921112079,-0.00034137636744535627,-0.00010857594887614397,1.5508684863441147e-05,0.00013199808214664488,0.00034959357804762445,0.0005752238048364555
85,70,15,day,15,log_return,1m,23280,1.0795556558359101e-05,1.5508564604971298e-05,0.00021531479228439153,-0.08761645407197433,1.8733516072044907,-0.0010722528435822554,0.0010578225400328378,-0.0005744156371889719,-0.0003414346496217746,-0.00010858184367101842,1.5508564604971298e-05,0.0001319893711662079,0.0003495324844511316,0.0005750584270400338
85,70,15,day,15,simple_return,5m,23040,5.5955568125375014e-05,7.364792343300675e-05,0.0004668557597300932,-0.09236462490472222,0.36260788128205634,-0.0017387524451206726,0.0014944192780086407,-0.0011087541583045645,-0.0007136218130574578,-0.0002483448207008798,7.364792343300675e-05,0.0003416732671728262,0.0008633791830020295,0.0011581578934251892
85,70,15,day,15,log_return,5m,23040,5.584503927309867e-05,7.364521154995529e-05,0.00046683984561915703,-0.09401320854237241,0.3636103061482441,-0.001740265829675458,0.00149330374476353,-0.0011093692810134215,-0.0007138765623071475,-0.00024837566338242745,7.364521154995529e-05,0.0003416149101544974,0.0008630066849540226,0.0011574877459420653
85,70,15,day,16,price,level,23340,99.78324488878759,99.77997799779978,0.07135131727710353,0.5575847492787138,1.2073486772125683,99.5553076434404,100.04958242303104,99.62300484978074,99.68391205317717,99.73270425634112,99.77997799779978,99.82646151939136,99.89308790033934,100.0
85,70,15,day,16,simple_return,1s,23339,-1.2923919294773428e-07,0.0,2.881445570974475e-05,-2.465941990017485,89.91039053106893,-0.0010631889458159183,0.00034289049390823223,-7.766703149873822e-05,-4.64835936166752e-05,-1.5511932555056784e-05,0.0,1.551632511376244e-05,4.649360712893902e-05,7.763010806116633e-05
85,70,15,day,16,log_return,1s,23339,-1.2965433972705922e-07,0.0,2.881548404675294e-05,-2.4696546952576646,90.06868549719691,-0.001063754532101946,0.00034283172039728527,-7.767004773873154e-05,-4.648467401286993e-05,-1.5512052866650805e-05,0.0,1.551620473705384e-05,4.649252633459611e-05,7.76270950000324e-05
85,70,15,day,16,simple_return,1m,23280,-8.031877224161959e-06,0.0,0.00020405180871741266,-0.3410106319240153,1.5787485313212244,-0.0011956893071212171,0.0011183260062446188,-0.0005900862102549265,-0.00036449903519085723,-0.0001224033881999098,0.0,0.0001162317661471679,0.0003106361829023907,0.0004658560678449297
85,70,15,day,16,log_return,1m,23280,-8.052728457967308e-06,0.0,0.00020406056315157777,-0.34207034957375726,1.5796007742604363,-0.0011964047139070288,0.001117701145537886,-0.0005902603796421779,-0.00036456548111099,-0.00012241088010611634,0.0,0.00011622501175856392,0.0003105879454725624,0.00046574759059576644
85,70,15,day,16,simple_return,5m,23040,-4.142878367557801e-05,0.0,0.0004506495463316368,-0.34931673071846825,0.95373471228271,-0.002138739073832996,0.0018811896581207854,-0.0011933255607606374,-0.0008693222391255029,-0.0002948799528192936,0.0,0.00024838935030668807,0.0005900259223297621,0.001116634543435704
85,70,15,day,16,log_return,5m,23040,-4.153119908186301e-05,0.0,0.00045070384037253274,-0.3512309923475673,0.955301036430495,-0.002141029442495501,0.0018794224368274826,-0.0011940381406579715,-0.0008697003188347097,-0.0002949234384619359,0.0,0.0002483585067798444,0.0005898519254732282,0.0011160115637161062
85,70,15,day,17,price,level,23340,99.78492743261171,99.73327901924272,0.3879762952771638,0.42102781539160494,-1.0170956073162596,99.14940254500311,100.52372361887028,99.18334885164496,99.24147559745501,99.44522036002483,99.73327901924272,100.08542345592801,100.4471213531968,100.49076660459342
85,70,15,day,17,simple_return,1s,23339,-3.1204704562075277e-07,0.0,5.666504400405955e-05,0.44868296028430293,241.03078863309034,-0.0022423622459798453,0.002384478615111041,-0.00014611728624408738,-8.588624187644271e-05,-2.0154055177912245e-05,0.0,2.0112170776687144e-05,8.036918834997128e-05,0.0001364930571973355
85,70,15,day,17,log_return,1s,23339,-3.1365246354720064e-07,0.0,5.666436171509195e-05,0.428053596985283,240.8766782688932,-0.0022448801048726708,0.0023816402570853157,-0.00014612796241474156,-8.588993033615815e-05,-2.015425827339712e-05,0.0,2.0111968529690216e-05,8.036595891995899e-05,0.00013648374286772124
85,70,15,day,17,simple_return,1m,23280,-1.8961532717733607e-05,0.0,0.0003622288754618557,-0.13565554450751868,0.9279175307608378,-0.001674585248072069,0.002051642642290963,-0.0009696088797190372,-0.0006241971996016227,-0.00023400023400010905,0.0,0.00020505910097684543,0.0005526096516886958,0.000870056737060707
85,70,15,day,17,log_return,1m,23280,-1.902731920469416e-05,0.0,0.00036224472275547543,-0.13723624420774436,0.928173554789602,-0.0016759889332274014,0.0020495408977199148,-0.00097007925452961,-0.0006243920917782031,-0.00023402761632596025,0.0,0.0002050380792331108,0.0005524570192031229,0.0008696784570986881
85,70,15,day,17,simple_return,5m,23040,-0.00010098118889046677,-5.86424282501552e-05,0.0007771868777385902,-0.19311156659852133,-0.1576008654937926,-0.0027740058195921957,0.002198144221603915,-0.0020178196767151133,-0.0014332796279866889,-0.0006238363990821727,-5.86424282501552e-05,0.0004296480303526695,0.0011511190340170224,0.0015486600628081071
85,70,15,day,17,log_return,5m,23040,-0.00010128837593105438,-5.864414778455895e-05,0.0007773242461857981,-0.1952164561112067,-0.1563028949293095,-0.0027778605039978643,0.0021957318371272905,-0.0020198582175731516,-0.0014343077557466889,-0.0006240310659730852,-5.864414778455895e-05,0.0004295557580658027,0.0011504570044831735,0.0015474621254505383
85,70,15,day,18,price,level,23340,100.02977671228503,99.9979492858388,0.12809225505724967,0.3120322111466624,-1.1636088049927087,99.77749751350908,100.30453105293918,99.8144103684108,99.8472217949901,99.92925036143838,99.9979492858388,100.1548289191711,100.23277656443857,100.26351676971504
85,70,15,day,18,simple_return,1s,23339,-1.4052154314850966e-08,0.0,2.9942375348147002e-05,-0.3365390310894203,5.714369672458581,-0.0004201250128084144,0.00024008224355820396,-8.20109074507469e-05,-5.1147228640902045e-05,-2.0133747717199224e-05,0.0,2.031602708818525e-05,4.321411308578762e-05,8.193866890615631e-05
85,70,15,day,18,log_return,1s,23339,-1.4500411153575919e-08,0.0,2.9942526720785256e-05,-0.33688042616129954,5.716570013381402,-0.00042021329004793273,0.00024005342842858823,-8.201427052867416e-05,-5.11485367049147e-05,-2.0133950403788958e-05,0.0,2.0315820720817612e-05,4.321317938247295e-05,8.193531211730942e-05
85,70,15,day,18,simple_return,1m,23280,-2.101732935792027e-06,0.0,0.0002262641309427127,-0.08922083487459631,0.5342982332139536,-0.0010349208951551114,0.0009338697097822646,-0.0005543057445280474,-0.000389065219617013,-0.00014341871714748655,0.0,0.0001432345952498415,0.0003583105593646052,0.0005546155624101878
85,70,15,day,18,log_return,1m,23280,-2.127332227723331e-06,0.0,0.00022626690745744012,-0.09007819299925479,0.534489495877069,-0.0010354567955594973,0.0009334339247546453,-0.000554459428752061,-0.00038914092512598586,-0.00014342900259567415,0.0,0.00014322433815516789,0.0003582463814661541,0.0005544618200417872
85,70,15,day,18,simple_return,5m,23040,-1.5609761123884322e-05,2.0293536785231936e-05,0.0004721966302827085,-0.3159265698840133,-0.05263395776005497,-0.0017826042413690013,0.0012939520876473765,-0.0011859251559974016,-0.0008706808495266671,-0.0003066195804481975,2.0293536785231936e-05,0.0003077412138252078,0.0007272727272729096,0.000974815877064053
85,70,15,day,18,log_return,5m,23040,-1.5721377551195383e-05,2.0293330873943916e-05,0.0004722393481149107,-0.31723528564967807,-0.05158009572564648,-0.001784194971018671,0.0012931156531044152,-0.001186628921771584,-0.0008710601122598582,-0.00030666659784372996,2.0293330873943916e-05,0.0003076938712103239,0.0007270083926176341,0.0009743410525272461
85,70,15,day,19,price,level,23340,100.3861253477229,100.37529085040909,0.154146011567507,-0.1572874128762727,-0.3253337514916117,99.92775651129628,100.74307588380996,99.98728796066953,100.15574570291976,100.27396232079865,100.37529085040909,100.50288973954817,100.62298281167908,100.65112962545976
85,70,15,day,19,simple_return,1s,23339,8.426896237740147e-08,0.0,3.832830978546834e-05,-0.1917217796737823,7.54919936950202,-0.00044937088076690834,0.0005335829627894917,-0.00011223554499717459,-5.630958257872854e-05,-1.865010537349665e-05,0.0,1.8657760695539594e-05,5.621662138088901e-05,0.00010961950492815949
85,70,15,day,19,log_return,1s,23339,8.353445715410634e-08,0.0,3.832844763371286e-05,-0.19226857426205796,7.548900847366543,-0.0004494718781185014,0.0005334406580184137,-0.00011224184387703673,-5.631116802309322e-05,-1.8650279288934257e-05,0.0,1.865758664187922e-05,5.621504128594523e-05,0.0001096134971092327
85,70,15,day,19,simple_return,1m,23280,5.960092618197071e-06,0.0,0.0002935764467487853,-0.1955018077033141,2.0585125450194086,-0.0016788579958948446,0.0012269938650304457,-0.0007555314164904281,-0.00044823582035926626,-0.0001675934299102677,0.0,0.00017743121629359981,0.00048615307219118664,0.0007833621536851245
85,70,15,day,19,log_return,1m,23280,5.9169819985799e-06,0.0,0.00029358317644796126,-0.19727260137747257,2.0615016283000553,-0.001680268857292333,0.001226241723244037,-0.0007558169743322818,-0.00044833630806380144,-0.00016760747525856878,0.0,0.00017741547723715279,0.0004860349380725104,0.0007830554856196139
85,70,15,day,19,simple_return,5m,23040,3.2300440456513546e-05,6.994562561812856e-05,0.0006703919523709655,-0.18230304600526503,0.6686982832592214,-0.0027228646027600556,0.0023007425974070905,-0.0018683468434252271,-0.0010286141761736145,-0.00039260676643101955,6.994562561812856e-05,0.0004466255015803111,0.0011189645847708984,0.0016243013737972088
85,70,15,day,19,log_return,5m,23040,3.207521190221769e-05,6.994317950770323e-05,0.0006704117264465776,-0.18495345651038314,0.6704071960090712,-0.0027265783414529565,0.0022980999417621106,-0.0018700943803983793,-0.001029143562790047,-0.0003926838566457036,6.994317950770323e-05,0.00044652579409576454,0.001118339010520053,0.001622983622804802
85,70,15,day,20,price,level,23340,100.35780037436393,100.40894220283532,0.25982362321766844,-1.1750508494418637,1.1754572084379689,99.48395388689828,100.74485901230722,99.54041497896868,99.77011606169185,100.23913382146752,100.40894220283532,100.537466895155,100.66599158747468,100.70007010437764
85,70,15,day,20,simple_return,1s,23339,2.743648611416585e-07,0.0,3.82530451492694e-05,-0.7057865544193611,11.117129596372255,-0.0006904935570143378,0.00023231951677549212,-0.000106551008205793,-5.828411563568725e-05,-1.9372711598797387e-05,0.0,1.938548027524689e-05,5.834305717611343e-05,9.776073209908364e-05
85,70,15,day,20,log_return,1s,23339,2.73633194347e-07,0.0,3.825355134830368e-05,-0.706510780347231,11.125940476428307,-0.000690732057485377,0.00023229253477552447,-0.00010655668516795558,-5.8285814220404575e-05,-1.9372899252800835e-05,0.0,1.9385292379325847e-05,5.8341355286373187e-05,9.775595382993884e-05
85,70,15,day,20,simple_return,1m,23280,1.7065060999602057e-05,2.0237017127389123e-05,0.0003042946563546546,-0.3099790617999283,1.5909765709069337,-0.0015603971210673695,0.0012892387631120439,-0.00085109170499591,-0.0005043187142341199,-0.0001456020889149534,2.0237017127389123e-05,0.00019395114855813578,0.0004948772934355694,0.0007553614306139516
85,70,15,day,20,log_return,1m,23280,1.701861842226261e-05,2.0236812361407175e-05,0.0003043038686340206,-0.3115742999710126,1.5926263586658136,-0.001561615808578054,0.0012884084084250347,-0.0008514540894153733,-0.0005044459256887457,-0.00014561268992818732,2.0236812361407175e-05,0.00019393234246556368,0.0004947548820515734,0.0007550762887082557
85,70,15,day,20,simple_return,5m,23040,9.8419773142803e-05,7.780516480759836e-05,0.0007865022534161515,-0.26399046481543864,2.343724123684474,-0.003816125075446597,0.0030472320975116762,-0.002505575276845725,-0.0010886904825212484,-0.0003481254420798774,7.780516480759836e-05,0.0005243380233938555,0.0013894052953955516,0.00212981852721438
85,70,15,day,20,log_return,5m,23040,9.81056683257223e-05,7.780213814267967e-05,0.0007865076079663615,-0.2690368778019656,2.3533279620036875,-0.0038234250584263663,0.00304259869609691,-0.0025087195125544155,-0.0010892835365489794,-0.00034818605180908513,7.780213814267967e-05,0.000524200606245584,0.0013884409649858043,0.002127553678940464
85,70,15,day,21,price,level,23340,99.91619037965327,100.12093239989792,0.4361296780868027,-0.7197085229640365,-0.9303720124485402,99.03365027237528,100.49371484361998,99.0580586466666,99.1201890539536,99.53291247378874,100.12093239989792,100.23447571921494,100.43380448892191,100.47664873020979
85,70,15,day,21,simple_return,1s,23339,-3.6811579949195525e-07,0.0,4.316886940466834e-05,-0.776898519989096,10.38170629037912,-0.0005973319174352731,0.0002917703979365971,-0.00012175897021258209,-6.688828986997075e-05,-2.2142999490659676e-05,0.0,2.214299949043763e-05,6.676755986845251e-05,0.00011183585718360422
85,70,15,day,21,log_return,1s,23339,-3.690476244939405e-07,0.0,4.316960960673369e-05,-0.7776612960140656,10.3885263783229,-0.0005975103912208013,0.00029172784123154827,-0.00012176638343778024,-6.689052699124787e-05,-2.214324465033002e-05,0.0,2.2142754337650672e-05,6.676533101401816e-05,0.00011182960402065233
85,70,15,day,21,simple_return,1m,23280,-2.4227187291962494e-05,-1.6674214942669074e-06,0.0003315792739816338,-0.3824628691929818,1.1316678962479525,-0.001726236582936913,0.0012062192220438916,-0.0009764880845018365,-0.0006091725921984592,-0.00019902477865790802,-1.6674214942669074e-06,0.00015655489884175422,0.0005149261512978451,0.0007374845595522882
85,70,15,day,21,log_return,1m,23280,-2.4282458144592504e-05,-1.6674228899837829e-06,0.00033160839535168076,-0.38394790647305493,1.133643027153445,-0.0017277282461973797,0.001205492324110935,-0.0009769651595890317,-0.0006093582132108199,-0.0001990445867170454,-1.6674228899837829e-06,0.0001565426454026575,0.0005147936223186542,0.000737212751442966
85,70,15,day,21,simple_return,5m,23040,-0.00013573671617293627,-6.71531539934711e-05,0.0008088183821650071,-0.41594967541269545,0.6256831383584438,-0.0033308167162587887,0.002181996303965539,-0.0023083621021853873,-0.0016645538529600878,-0.0005762666784874249,-6.71531539934711e-05,0.00033532479078846045,0.0011634023788208436,0.001689340374116055
85,70,15,day,21,log_return,5m,23040,-0.00013607317120793169,-6.715540886759186e-05,0.000809065065451028,-0.418926471748145,0.6289721857864428,-0.003336376234848615,0.002179619207280048,-0.0023110304785097036,-0.0016659407620160938,-0.000576432783947034,-6.715540886759186e-05,0.0003352685819959511,0.0011627261507062947,0.0016879150436865942
85,70,15,day,22,price,level,23340,99.87389689524592,99.94126903931688,0.2449502250188524,-0.5466194419761422,-1.05435980673592,99.270314816502,100.22609473483688,99.37964335704882,99.45269470005051,99.63888451758784,99.94126903931688,100.0720574471786,100.18083437554358,100.20126390418844
85,70,15,day,22,simple_return,1s,23339,-1.6142703077785713e-07,0.0,4.602843172418569e-05,-0.3179121044254153,8.27208205898721,-0.0004233946286993362,0.0005829447035310409,-0.00013312530289467662,-6.659795977318473e-05,-1.6640873312656623e-05,0.0,1.66444740348215e-05,6.659563132682678e-05,0.00012468450822762818
85,70,15,day,22,log_return,1s,23339,-1.6248631736855497e-07,0.0,4.6028776382862765e-05,-0.3186142064649825,8.271838308336378,-0.00042348428551264305,0.0005827748572713176,-0.00013313416485429385,-6.660017751540792e-05,-1.6641011773010916e-05,0.0,1.6644335516957653e-05,6.659341393611129e-05,0.0001246767357603673
85,70,15,day,22,simple_return,1m,23280,-8.07102426288856e-06,1.6533298062171298e-05,0.0003438807500168183,-0.19453020654190128,3.022090312436222,-0.0019530925350310646,0.0021166666666665446,-0.0010260114564243539,-0.0005966428898407539,-0.000188575896869575,1.6533298062171298e-05,0.00018313798630031908,0.0005076461158383447,0.0007819771313801936
85,70,15,day,22,log_return,1m,23280,-8.13018489112239e-06,1.6533161388387896e-05,0.00034389513362162054,-0.1970999145313304,3.0196925794219514,-0.0019550023073033884,0.00211442968385267,-0.001026538166525839,-0.0005968209520397227,-0.00018859367954182638,1.6533161388387896e-05,0.00018312121858632402,0.0005075173071371173,0.0007816715465565947
85,70,15,day,22,simple_return,5m,23040,-4.124744481428491e-05,0.0,0.0007372640869035079,-0.5581163140887824,1.390254456797127,-0.0034688796680497624,0.0024315906933367604,-0.002372639035458438,-0.0012644915525222844,-0.0004394032521283231,0.0,0.00043047961225922693,0.0010557853715254639,0.0016435819642959307
85,70,15,day,22,log_return,5m,23040,-4.152016018368937e-05,0.0,0.0007374469235204735,-0.5615232056866323,1.396687499407034,-0.003474910181247459,0.002428639160331869,-0.0023754582036916183,-0.0012652916965562254,-0.0004394998180263787,0.0,0.0004303869824930917,0.0010552284221283514,0.0016422327615745937
85,70,15,day,23,price,level,23340,100.2383042418795,100.23867156422972,0.2121151920598537,-0.041303166115074424,-1.3409517436224196,99.75337271696262,100.62799397396618,99.85442727288115,99.93398446095772,100.0371548995379,100.23867156422972,100.42402288538688,100.5501294920189,100.581220102578
85,70,15,day,23,simple_return,1s,23339,2.5511586340638597e-07,0.0,3.401698243132033e-05,-1.9275406451324169,84.16331750510471,-0.0012344426406925013,0.0005248632815806342,-9.266101684377582e-05,-5.0741674136878245e-05,-1.685345917235015e-05,0.0,1.6858289221044487e-05,5.077774580675154e-05,9.304424910699271e-05
85,70,15,day,23,log_return,1s,23339,2.5453725308653944e-07,0.0,3.401809043904181e-05,-1.9317515856887078,84.33381529713621,-0.0012352051926249885,0.0005247255890266089,-9.266531014150203e-05,-5.074296153928515e-05,-1.6853601192856615e-05,0.0,1.6858147121823208e-05,5.0776456660628355e-05,9.303992075919253e-05
85,70,15,day,23,simple_return,1m,23280,1.588412498629557e-05,1.63541658440014e-05,0.00023833561326703294,-0.19462284492086337,2.409523847755141,-0.0015983221845428108,0.0010943889237657878,-0.0006770185054142475,-0.00034621742458846856,-0.00011802593198362299,1.63541658440014e-05,0.00015221279349342254,0.0003973866751015631,0.0006437341460516887
85,70,15,day,23,log_return,1m,23280,1.5855598142374552e-05,1.6354032104981542e-05,0.00023833738639993137,-0.1961859680376057,2.412253148507655,-0.0015996008641216974,0.0010937905167613948,-0.0006772477859332949,-0.0003462773716806477,-0.00011803289759182434,1.6354032104981542e-05,0.00015220121030168343,0.0003973077379281431,0.0006435270381034464
85,70,15,day,23,simple_return,5m,23040,7.876755594843675e-05,6.77139761646739e-05,0.0004458872384551154,-0.17846061643386552,0.9025871644659902,-0.0018593330065417302,0.0015475647067006992,-0.001235409096603719,-0.0005731144131945198,-0.00020877291442922274,6.77139761646739e-05,0.0003708214120594078,0.0008111948266075975,0.0011393078072121643
85,70,15,day,23,log_return,5m,23040,7.866506089483565e-05,6.771168367691871e-05,0.00044587000293720605,-0.1803812889074156,0.905654272686581,-0.0018610637117939532,0.0015463684624581475,-0.0012361728440546571,-0.0005732787060347633,-0.00020879471052825949,6.771168367691871e-05,0.00037075267479180773,0.0008108659859084266,0.0011386592886006852
85,70,15,day,24,price,level,23340,100.2440416622766,100.2576042801942,0.080398644447059,-1.057581160281441,1.0072722650665327,99.98183559562732,100.36989332540703,100.00181198190164,100.05944714158328,100.20063410284354,100.2576042801942,100.30796921959114,100.34264671884804,100.35793784471086
85,70,15,day,24,simple_return,1s,23339,5.401990323940527e-08,0.0,2.3713821886521736e-05,-1.1321042464483388,47.185582449468775,-0.0007253544345533491,0.00042888012800412767,-6.595244566539372e-05,-3.297717979167114e-05,-8.232587049405993e-06,0.0,8.23309539699224e-06,3.301310620318354e-05,6.593546434989328e-05
85,70,15,day,24,log_return,1s,23339,5.3738736148538647e-08,0.0,2.371413919796404e-05,-1.133808882487123,47.234065049471624,-0.0007256176313630291,0.00042878818520897255,-6.595462062344737e-05,-3.2977723551042004e-05,-8.232620937409507e-06,0.0,8.233061505436012e-06,3.301256128285246e-05,6.593329070293307e-05
85,70,15,day,24,simple_return,1m,23280,3.3240446689991085e-06,0.0,0.00015416444448360876,-0.028786068863068844,2.4725474163375356,-0.0010055055550062253,0.0009070967954742937,-0.0004281189163053456,-0.0002470032332754446,-8.236418146467805e-05,0.0,9.062635167600419e-05,0.00024711289764556277,0.000395696307101574
85,70,15,day,24,log_return,1m,23280,3.312156359929574e-06,0.0,0.000154164282808703,-0.029819981483068317,2.4724721799694125,-0.001006011414841801,0.0009066856318016292,-0.00042821058537305666,-0.00024703374359864584,-8.23675735803775e-05,0.0,9.062224535671959e-05,0.00024708237028203683,0.0003956180399635123
85,70,15,day,24,simple_return,5m,23040,1.779723912758592e-05,3.300031722242025e-05,0.00030682075607666435,-0.2305266363088907,0.569150589536938,-0.001136958993030901,0.001213251679569094,-0.0007896880334076195,-0.0005230848013238809,-0.00017288503968104774,3.300031722242025e-05,0.00021425334672697804,0.0004861703088321456,0.0007416638222965744
85,70,15,day,24,log_return,5m,23040,1.775001276167372e-05,3.2999772723751875e-05,0.0003068261884976008,-0.23168447608327106,0.5696761050774537,-0.0011376058212313467,0.001212516284502918,-0.0007900000013184805,-0.0005232216579062587,-0.00017289998602265655,3.2999772723751875e-05,0.00021423039775658737,0.0004860521663379469,0.0007413889255957518
85,70,15,day,25,price,level,23340,100.26257784682171,100.3248093315388,0.217657938312269,-0.006171125080531829,-1.2956678075468921,99.9174517720951,100.78779721848365,99.93629430237776,99.95872588604756,100.03081202332883,100.3248093315388,100.44145356662182,100.54822790489008,100.73272122027818
85,70,15,day,25,simple_return,1s,23339,3.0741911555470346e-07,0.0,1.97889471179808e-05,-0.4223102626577997,19.62529649155719,-0.0004098798873720666,0.00034122950378057126,-5.384123082937897e-05,-3.534887733483982e-05,-8.964987692205995e-07,0.0,7.157805583357657e-06,3.5704672942471484e-05,5.380164195830872e-05
85,70,15,day,25,log_return,1s,23339,3.072232745060016e-07,0.0,1.9789023795420746e-05,-0.4229468526790044,19.63006227850338,-0.0004099639110934916,0.0003411712982348547,-5.384268032036843e-05,-3.534950212085164e-05,-8.964991708992898e-07,0.0,7.157779966515676e-06,3.5704035545514044e-05,5.380019470131003e-05
85,70,15,day,25,simple_return,1m,23280,1.9914350149545093e-05,1.787150388721237e-05,0.00013914765069514233,0.24906628770104416,1.3263612946196899,-0.0006619296262402319,0.0006414711070723556,-0.00032076644050546224,-0.00020281992908059986,-6.28091387304408e-05,1.787150388721237e-05,9.869896814707069e-05,0.00025022810973592826,0.00042787459160815273
85,70,15,day,25,log_return,1m,23280,1.9904471851796494e-05,1.787134419384273e-05,0.0001391424737822221,0.24838509470675652,1.325738714601992,-0.0006621487983782259,0.0006412654524252659,-0.00032081789711357444,-0.00020284049982803863,-6.281111130657102e-05,1.787134419384273e-05,9.869409772367277e-05,0.00025019680790436814,0.0004277830793775727
85,70,15,day,25,simple_return,5m,23040,0.00010213563177448026,8.501220495760187e-05,0.00029957807666944016,0.6189879978379333,1.0162308858194056,-0.0008612800775148477,0.001355883822165005,-0.000520522450985651,-0.0003314158664329714,-0.00010715290273399791,8.501220495760187e-05,0.0002688244313469035,0.0006358138731103024,0.000999611222938237
85,70,15,day,25,log_return,5m,23040,0.00010208555942307547,8.50085916206389e-05,0.00029951975891900147,0.6178053981884659,1.0138167866721517,-0.0008616511923049686,0.0013549654417470691,-0.0005206579698261393,-0.0003314707968088193,-0.00010715864401666941,8.50085916206389e-05,0.0002687883045335848,0.000635611829106475,0.0009991119443342811
85,70,15,day,26,price,level,23340,99.95907305586371,99.95548289050193,0.10356522185145982,0.07509603869115324,-0.2917553078995039,99.69741269051308,100.23246340686926,99.73322282292759,99.77752457729325,99.8920777120564,99.95548289050193,100.02444992670584,100.13123759566672,100.20020463187063
85,70,15,day,26,simple_return,1s,23339,6.914856726794901e-08,0.0,3.407200036806656e-05,-1.3736108749564606,22.548564606237598,-0.0006677350427346518,0.0002445667278085928,-8.901200242017015e-05,-4.9156968865482487e-05,-2.093123048507728e-05,0.0,2.2045803834580546e-05,4.911068591291199e-05,8.900926907389638e-05
85,70,15,day,26,log_return,1s,23339,6.856812110670839e-08,0.0,3.407279570582677e-05,-1.3747694182063612,22.569098946740148,-0.0006679580770692084,0.00024453682624159256,-8.901596422337122e-05,-4.915817710875458e-05,-2.0931449546068848e-05,0.0,2.2045560829297983e-05,4.9109480022835303e-05,8.900530798413797e-05
85,70,15,day,26,simple_return,1m,23280,4.253477425568052e-06,1.1136105481091008e-05,0.00025856823860743994,-0.09136464877027867,0.9011686308703917,-0.0010010455364491966,0.0011153353029711432,-0.0006689176104527439,-0.00042623216667189153,-0.00015566365533040138,1.1136105481091008e-05,0.0001667037119359449,0.00040104271104901557,0.000678907255502481
85,70,15,day,26,log_return,1m,23280,4.220040802092696e-06,1.1136043474913038e-05,0.000258570221443534,-0.09248646510827535,0.9011394654266871,-0.0010015469171635871,0.0011147137786480243,-0.0006691414356741277,-0.00042632302943186313,-0.00015567577217479034,1.1136043474913038e-05,0.00016668981841672093,0.00040096231491482115,0.0006786769022238735
85,70,15,day,26,simple_return,5m,23040,1.732133409726663e-05,4.455037533701578e-05,0.0005200310656907506,-0.287664621616559,0.8994449807392786,-0.0023539862314013726,0.00162453266868412,-0.0013110997484004783,-0.0008567364239314701,-0.0003112805860968626,4.455037533701578e-05,0.0003342858885336253,0.0008698580606643191,0.0012572636198427789
85,70,15,day,26,log_return,5m,23040,1.7185964928809966e-05,4.454938299858213e-05,0.000520061182774402,-0.289862568127659,0.902734676859211,-0.0023567612126909054,0.001623214542854079,-0.0013119599916675462,-0.0008571036323299364,-0.00031132904395470007,4.454938299858213e-05,0.0003342300274546961,0.000869479953391794,0.0012564739257703561
85,70,15,day,27,price,level,23340,100.19032832363492,100.19322489235635,0.08386680417377032,-0.006561349655216967,0.7241553477367142,99.92455746513082,100.50785706399736,99.976079196261,100.04232142199976,100.13984469878189,100.19322489235635,100.23920803739004,100.31572424833473,100.44842545909543
85,70,15,day,27,simple_return,1s,23339,1.624771163497287e-07,0.0,2.729195221869645e-05,-0.22298686098089665,5.393330663653719,-0.0002382523275420434,0.0002665588175818634,-8.244498017985658e-05,-4.588519890872389e-05,-9.182188391188006e-06,0.0,9.197178305608844e-06,4.063191626781903e-05,7.350136237107562e-05
85,70,15,day,27,log_return,1s,23339,1.6210469238815105e-07,0.0,2.7292030898702575e-05,-0.22328744958156121,5.393478993972373,-0.00023828071413678487,0.0002665232970917586,-8.24483789539876e-05,-4.588625166634941e-05,-9.182230547466474e-06,0.0,9.197136011884766e-06,4.063109081222626e-05,7.349866127855265e-05
85,70,15,day,27,simple_return,1m,23280,1.2297955070161604e-05,1.8344921208557352e-05,0.00021561743072511834,0.12659081505775913,1.2504561119013298,-0.0008186919326648168,0.0011914144839344498,-0.0005326813113074091,-0.000339977129658775,-0.0001262492452200059,1.8344921208557352e-05,0.00014683277124816208,0.00035284094490571865,0.0005517161222241418
85,70,15,day,27,log_return,1m,23280,1.2274636003564033e-05,1.8344752942489606e-05,0.00021561185501893192,0.12554506261150922,1.2491570325433852,-0.0008190272439287938,0.001190705312920315,-0.0005328232363996754,-0.00034003493498513393,-0.0001262572153291064,1.8344752942489606e-05,0.00014682199237192606,0.0003527787111700316,0.0005515639828404772
85,70,15,day,27,simple_return,5m,23040,5.9152282075498585e-05,5.510046651746592e-05,0.0004752531024139736,0.2282368551002645,1.7329655752531412,-0.001920323113640765,0.0024041108460270966,-0.0011930022526674,-0.0006713685610601094,-0.0002384074383721957,5.510046651746592e-05,0.0003120394794917658,0.0008558586747808294,0.0013754764668084053
85,70,15,day,27,log_return,5m,23040,5.90376262565976e-05,5.509894854238695e-05,0.0004751994402328182,0.22561398475594588,1.7305310843007566,-0.0019221692979636273,0.0024012255949310557,-0.001193714446343641,-0.0006715940298587242,-0.0002384358619431648,5.509894854238695e-05,0.0003119908052986453,0.000855492636581534,0.001374531365595777
85,70,15,day,28,price,level,23340,100.80915452085117,100.91314440000366,0.3047886694306986,-1.104158168964946,0.23148516383028417,99.8991587694745,101.36620180938904,100.02151051857273,100.1526551771068,100.74234894805284,100.91314440000366,101.02461090548736,101.11989678920732,101.29969244233722
85,70,15,day,28,simple_return,1s,23339,5.051903450364225e-07,0.0,6.518856548436668e-05,-3.36673327299394,148.05825066824085,-0.002739775087744478,0.0009982642792261132,-0.00016958690641266872,-9.76572711002488e-05,-2.6700606103657876e-05,0.0,2.7673186226651048e-05,9.789342968542502e-05,0.00017775742076595578
85,70,15,day,28,log_return,1s,23339,5.03065224550046e-07,0.0,6.519570426887767e-05,-3.3803302559357036,148.73142620669785,-0.0027435351408806596,0.000997766344792872,-0.00016960128790023178,-9.766203988199606e-05,-2.670096257162413e-05,0.0,2.7672803331046936e-05,9.788863843622764e-05,0.00017774162378110224
85,70,15,day,28,simple_return,1m,23280,3.2796457354697865e-05,3.575962700563817e-05,0.00047385765878489144,-0.8902341846678866,8.652143890108688,-0.005102862974700528,0.002177364522270686,-0.0010761283865182393,-0.0006846299526837629,-0.00023142894020272697,3.575962700563817e-05,0.0003030519110094332,0.0007472784386265974,0.0012374971593580716
85,70,15,day,28,log_return,1m,23280,3.268362949458984e-05,3.575898764562879e-05,0.000473942595906219,-0.897259627391707,8.706300478832196,-0.005115927041682511,0.002174997499431619,-0.0010767078284187903,-0.0006848644187909869,-0.00023145572401217507,3.575898764562879e-05,0.0003030060000543955,0.0007469993651155083,0.001236732090850898
85,70,15,day,28,simple_return,5m,23040,0.00016602178352098285,0.0001512516072906811,0.0009937995401767756,-0.28891433410106215,2.977678895940434,-0.006614702517162563,0.004076233668070195,-0.002474405936711095,-0.001205892504554984,-0.0004624249173824646,0.0001512516072906811,0.0007481563297584981,0.0017471635581850719,0.002810816246505205
85,70,15,day,28,log_return,5m,23040,0.00016551427409727072,0.00015124016991929778,0.0009937797461835646,-0.29622484822314815,3.0002623697407422,-0.006636676616883719,0.004067948335281457,-0.002477472338479929,-0.0012066201779950437,-0.000462531868756777,0.00015124016991929778,0.0007478766003232717,0.0017456390433949309,0.002806873288516282
85,70,15,day,29,price,level,23340,99.69841078590845,99.72158168929884,0.12601440152808763,-0.21744446196987705,-1.1803533737242065,99.43974720300622,100.03245366811852,99.46109830045262,99.49440601246904,99.59176701682463,99.72158168929884,99.81040225467588,99.85566658126228,99.89855666581262
85,70,15,day,29,simple_return,1s,23339,-2.3207113414708092e-07,0.0,3.34310173401139e-05,-0.362000194494636,13.396481969326743,-0.0003851486673858151,0.0005647783672773077,-0.00010267752174142775,-5.140348653240867e-05,-8.565017044270817e-06,0.0,8.571808180368734e-06,5.1392831386531944e-05,0.00010246483150855738
85,70,15,day,29,log_return,1s,23339,-2.3262995836472507e-07,0.0,3.343122764834528e-05,-0.36276551999654727,13.394821120430542,-0.0003852228561838089,0.0005646189399994839,-0.00010268279343938147,-5.14048077367768e-05,-8.56505372404115e-06,0.0,8.571771442422715e-06,5.1391510819698284e-05,0.00010245958234516897
85,70,15,day,29,simple_return,1m,23280,-1.351606718377616e-05,0.0,0.00025761805217182186,-0.8953469735765541,4.184300582774927,-0.002055140246082887,0.0010357611987392712,-0.000871642390188987,-0.0004286697776722803,-0.00013714422859276154,0.0,0.00013689543376738111,0.00037665428272992685,0.0005584290129423117
85,70,15,day,29,log_return,1m,23280,-1.3549346638781581e-05,0.0,0.0002576512957028415,-0.8974280695035858,4.193099592171836,-0.0020572549446304933,0.0010352251682101965,-0.0008720224915438113,-0.00042876168282695025,-0.00013715363372224232,0.0,0.0001368860644423986,0.0003765833663127438,0.0005582731487985778
85,70,15,day,29,simple_return,5m,23040,-6.0801548278479065e-05,-5.644950087368983e-06,0.000587629660536437,-1.3020788220565482,4.935831800665695,-0.004115156068574599,0.002126090907532463,-0.001874847225347579,-0.0010958913492372213,-0.00031724528204812863,-5.644950087368983e-06,0.0002915314403957314,0.0007532900219148984,0.0011154095384479624
85,70,15,day,29,log_return,5m,23040,-6.0976152890563335e-05,-5.644966019957565e-06,0.0005878908797643485,-1.3067047937567582,4.958711714392557,-0.004123646624623056,0.0021238339746556534,-0.001876606951582378,-0.0010964922772367825,-0.0003172956149777306,-5.644966019957565e-06,0.0002914889533627285,0.0007530064413874269,0.0011147879314163766
85,70,15,day,30,price,level,23340,99.4454265456424,99.40384760937992,0.28734334063301,0.18198111963945868,-0.5462241749547005,98.8464295413767,100.02003499445698,98.89451352807346,98.97080500607727,99.32726940834436,99.40384760937992,99.60152622135551,99.93278927192829,99.96303962031458
85,70,15,day,30,simple_return,1s,23339,-2.429197594787956e-07,0.0,4.463623555227364e-05,-0.8389654000682502,9.767050295505223,-0.0006095811818701558,0.00040274222707514795,-0.00012542105640367396,-7.163208329576953e-05,-1.7913442246997313e-05,0.0,1.792211050788417e-05,7.153366964256503e-05,0.0001135917800092638
85,70,15,day,30,log_return,1s,23339,-2.439159684264756e-07,0.0,4.4637082600140845e-05,-0.8397061674222731,9.771988571247928,-0.0006097670520173182,0.00040266114819242915,-0.00012542892228228908,-7.163464899546667e-05,-1.7913602694541453e-05,0.0,1.7921949909016632e-05,7.153111123159306e-05,0.00011358532857503252
85,70,15,day,30,simple_return,1m,23280,-1.4752906802319119e-05,-8.95503688191912e-06,0.00030632519125432225,-0.20291029291285553,1.20997938286743,-0.0014561012439777699,0.0012737939324352077,-0.0008823277742148783,-0.0005193409742120236,-0.00019503772746767845,-8.95503688191912e-06,0.00016152456240026147,0.0004839869455867896,0.0007184994571478276
85,70,15,day,30,log_return,1m,23280,-1.4799934511129467e-05,-8.955076978178766e-06,0.00030633928175296475,-0.20436640275893353,1.2112736268168574,-0.0014571623896095787,0.0012729833452187478,-0.0008827172547589601,-0.0005194758784456965,-0.00019505674979969356,-8.955076978178766e-06,0.00016151151871213187,0.0004838698616810522,0.00071824145998578
85,70,15,day,30,simple_return,5m,23040,-6.181698092321727e-05,-3.580219288706887e-05,0.0007334911020741391,-0.08671630915413513,1.3742807080302608,-0.0029312723087446813,0.00275317146527998,-0.002150891863919706,-0.0013007212634493226,-0.0004659080727534848,-3.580219288706887e-05,0.0003582832856584006,0.0009903762457811548,0.001991569703774796
85,70,15,day,30,log_return,5m,23040,-6.208792957813497e-05,-3.5802833800779865e-05,0.0007335605165172044,-0.09041986573195163,1.3740440030081817,-0.002935576901432313,0.002749388430692612,-0.002153208365093011,-0.0013015679356219057,-0.00046601664164214185,-3.5802833800779865e-05,0.00035821911752864644,0.0009898861467876328,0.00198958915798924
85,70,15,day,31,price,level,23340,100.14819071707919,100.12849097804848,0.1381240552814909,0.5247127659889904,-0.03689390841355156,99.85518905872888,100.54706355591313,99.90345937248593,99.94023675439604,100.05472359498908,100.12849097804848,100.2413515687852,100.3954717848523,100.51488334674175
85,70,15,day,31,simple_return,1s,23339,1.3155663906787532e-07,0.0,3.921343291068834e-05,-1.0146134623428245,16.24948135677669,-0.0007348719715236651,0.0002950075642964567,-0.00010464514347730659,-6.529748558014025e-05,-2.2916595055266775e-05,0.0,2.2931440725848518e-05,6.66104552286661e-05,9.253171218064299e-05
85,70,15,day,31,log_return,1s,23339,1.3078779649816866e-07,0.0,3.921420828379945e-05,-1.0156266671876086,16.265187149618058,-0.0007351421222896448,0.0002949640581215718,-0.0001046506194173702,-6.529961755346035e-05,-2.2916857644439403e-05,0.0,2.2931177804164093e-05,6.660823685065149e-05,9.25274313569519e-05
85,70,15,day,31,simple_return,1m,23280,5.885543315512697e-06,2.2964221742416413e-05,0.00029014516748053986,-0.5762316163965397,2.3518659249093696,-0.001889266522757671,0.0015611666564914195,-0.000827884630647574,-0.0005042113116346447,-0.00013777030247680289,2.2964221742416413e-05,0.00017240487576347663,0.00043650064326405946,0.0007016579260427868
85,70,15,day,31,log_return,1m,23280,5.843431489782766e-06,2.2963958069333046e-05,0.0002901677681256081,-0.5779815410171356,2.3559682952665515,-0.0018910534377480914,0.0015599493026572375,-0.0008282275163899477,-0.0005043384689029206,-0.00013777979367701754,2.2963958069333046e-05,0.00017239001575064528,0.00043640540457179355,0.0007014118792070079
85,70,15,day,31,simple_return,5m,23040,2.2535715169574708e-05,4.5924752299364435e-05,0.0006504962736022506,-0.28838677771047666,0.49738523530439105,-0.0023604904319926012,0.0021509086726478888,-0.0017223166306894466,-0.0011372297431573475,-0.0003658585385451496,4.5924752299364435e-05,0.0004360761185031592,0.0010578859070316526,0.0014461287767982456
85,70,15,day,31,log_return,5m,23040,2.2323880649898318e-05,4.592369779032879e-05,0.0006505430253077367,-0.2907429250850048,0.49974344917569224,-0.0023632807814593093,0.0021485987802405404,-0.001723801523191959,-0.0011378768795766714,-0.00036592548110836454,4.592369779032879e-05,0.0004359810649454676,0.001057326740057496,0.0014450841395771176
85,70,15,day,32,price,level,23340,100.04318005691363,100.0731429349028,0.16745917879212804,-0.5387596464264759,-0.2510822678766145,99.54243140723608,100.45586759427786,99.62185953154503,99.7295114732348,99.93197281804419,100.0731429349028,100.1649968531528,100.27045875929171,100.33339570327784
85,70,15,day,32,simple_return,1s,23339,1.1307559704622962e-07,0.0,5.849297753294157e-05,0.2586143532350959,7.653891384215051,-0.0004075533215596172,0.0008339715768872491,-0.00016991544656477008,-9.361869446241621e-05,-1.9863050247037606e-05,0.0,2.381235886206312e-05,9.293694237284517e-05,0.0001699638528280811
85,70,15,day,32,log_return,1s,23339,1.1136496734663863e-07,0.0,5.8492529491689455e-05,0.25777357606809115,7.648652985856227,-0.0004076363939864436,0.0008336240158151043,-0.00016992988382975583,-9.362307696587635e-05,-1.986324752012436e-05,0.0,2.3812075352402928e-05,9.293262400094066e-05,0.0001699494106089183
85,70,15,day,32,simple_return,1m,23280,6.324485500854297e-06,0.0,0.0004220379822372745,-0.13434750719910393,1.3368948360125872,-0.0022935000509665127,0.001891921834652921,-0.0011056505296986696,-0.0006471086644829482,-0.00025459976916286653,0.0,0.00026429878458666956,0.0006972688320844189,0.0010314977555974298
85,70,15,day,32,log_return,1m,23280,6.235409023825678e-06,0.0,0.0004220474164933413,-0.1364489064932817,1.339056254424304,-0.002296134150516771,0.0018901344046353685,-0.001106262212225877,-0.0006473181296652974,-0.00025463218518595454,0.0,0.0002642638638143957,0.0006970258531127982,0.001030966126547896
85,70,15,day,32,simple_return,5m,23040,3.3095421241813526e-05,5.0934650842826557e-05,0.0009414229981593948,-0.08937085522676426,0.40676595923064074,-0.0035680304471930047,0.003123723273866341,-0.002351442809357731,-0.0015450702157765173,-0.0005439586591418077,5.0934650842826557e-05,0.0006385103744855902,0.0015121395925716818,0.0023484165205995833
85,70,15,day,32,log_return,5m,23040,3.2651758013075895e-05,5.093335371686436e-05,0.000941432637598628,-0.09275811273582397,0.4075907983871536,-0.003574411049807047,0.003118854586640296,-0.0023542117953023745,-0.0015462650676809186,-0.000544106658326271,5.093335371686436e-05,0.0006383066134671989,0.0015109974607288024,0.002345663300152623
85,70,15,day,33,price,level,23340,99.80047811531274,99.6185593883048,0.4765962189855049,0.656894880392377,-0.9048201232086708,99.07376835520029,100.82073160135546,99.1335235033452,99.20670779390042,99.44391345903205,99.6185593883048,100.24328786167348,100.67425493092362,100.76288122339038
85,70,15,day,33,simple_return,1s,23339,-1.9397797850200905e-07,0.0,8.707570677940886e-05,0.23205867872081232,5.337824762579922,-0.0006787684703344343,0.001211051711908162,-0.00023792700518023623,-0.0001397356854602183,-4.740836304995e-05,0.0,4.83753469496806e-05,0.00013919603848444595,0.0002270661457618894
85,70,15,day,33,log_return,1s,23339,-1.9776887476176087e-07,0.0,8.707484642477014e-05,0.23110785273692075,5.332016522687004,-0.0006789989379480943,0.0012103189803074343,-0.0002379553144297475,-0.0001397454494012962,-4.7409486862104444e-05,0.0,4.83741768988466e-05,0.00013918635161509483,0.0002270403701464829
85,70,15,day,33,simple_return,1m,23280,-1.2431222595380987e-05,-3.463503384509847e-05,0.0006740306307051845,0.33995290801059663,1.6474176427748661,-0.0024858874100159856,0.004494012313074336,-0.0016229160277015909,-0.0010995436037308682,-0.00043535238638528484,-3.463503384509847e-05,0.00040039865781682504,0.0010796475169962847,0.0017051316131095403
85,70,15,day,33,log_return,1m,23280,-1.2658419941269067e-05,-3.463563365135869e-05,0.0006739624000457579,0.3363875710761293,1.6370215771273013,-0.002488982358316072,0.004483944392044137,-0.0016242343824988837,-0.0011001485452800885,-0.00043544717975074754,-3.463563365135869e-05,0.00040031851966459975,0.0010790651167672746,0.001703679525943895
85,70,15,day,33,simple_return,5m,23040,-4.6341577892657083e-05,-9.605817352653645e-07,0.001532421168833168,-0.006505811825784303,-0.07608428265550193,-0.005552117561949177,0.004902174196975029,-0.0035123077240422273,-0.002543314745704811,-0.0011188224393826607,-9.605817352653645e-07,0.0009717866760480254,0.002438967472363528,0.003532622525060119
85,70,15,day,33,log_return,5m,23040,-4.751687871755504e-05,-9.605825050940098e-07,0.0015325041993422067,-0.010929120596886444,-0.07513421809986642,-0.005567587855156653,0.004890197665793572,-0.003518490360249249,-0.002546554464909212,-0.0011194487884340631,-9.605825050940098e-07,0.000971314797055367,0.002435998018439455,0.003526397470153518
85,70,15,day,34,price,level,23340,99.56446474219625,99.53216880831916,0.17228896382575937,0.9854292061672085,0.8897920049440464,99.23412079118782,100.09397094888294,99.27656214720956,99.30851297984827,99.46116695801096,99.53216880831916,99.63161133729146,99.95107972513765,100.0611325931154
85,70,15,day,34,simple_return,1s,23339,-2.0018746716259265e-07,0.0,3.829580920656552e-05,-0.6969686990854703,11.523193195575006,-0.0007108204645210892,0.00041085624691650224,-0.00010712992506289431,-6.216718362902495e-05,-1.7783784750813325e-05,0.0,1.7815467388881956e-05,5.362792942564809e-05,0.00010659511058498605
85,70,15,day,34,log_return,1s,23339,-2.0092075363102513e-07,0.0,3.829632826909092e-05,-0.6977177292853894,11.530885840185846,-0.0007110732171682344,0.00041077186859883597,-0.00010713566388309559,-6.216911608882824e-05,-1.778394288454166e-05,0.0,1.7815308695823262e-05,5.3626491499869644e-05,0.00010658942973035933
85,70,15,day,34,simple_return,1m,23280,-1.3084277939096186e-05,-1.787357857274685e-07,0.00027646169405479116,-0.12023591018237442,1.7414949164059639,-0.0014081745423435432,0.001446506062824815,-0.000762842375618703,-0.000479514092386224,-0.00016571326421166432,-1.787357857274685e-07,0.00014270997320575685,0.00042710706150361766,0.0007133812487738478
85,70,15,day,34,log_return,1m,23280,-1.3122579285329026e-05,-1.7873580171468006e-07,0.00027646994924554995,-0.12178133858739362,1.7418787273947594,-0.001409166951880536,0.0014454608807170644,-0.0007631334879265417,-0.00047962909603427306,-0.00016572699617167785,-1.7873580171468006e-07,0.00014269979110625997,0.0004270158772454735,0.0007131269133227036
85,70,15,day,34,simple_return,5m,23040,-7.926555417150009e-05,-2.376051400698742e-05,0.0005195810278432359,-0.42076805582571547,0.27006791199666047,-0.002040998217468837,0.0013920119927188779,-0.0014188673891066816,-0.0010500032903365986,-0.000374603656154604,-2.376051400698742e-05,0.00024975036097585335,0.0007317528068625512,0.0010163290800391245
85,70,15,day,34,log_return,5m,23040,-7.940371335092069e-05,-2.3760796302063625e-05,0.0005196792059602586,-0.42239965228724424,0.2718979232403811,-0.0020430838927207873,0.0013910440421867065,-0.0014198749346023831,-0.001050554929981473,-0.0003746738376317893,-2.3760796302063625e-05,0.0002497191785459929,0.0007314852063144528,0.0010158129673039085
85,70,15,day,35,price,level,23340,100.75343232727217,100.80138207378982,0.21717306426610994,-1.0256259379313617,1.393541015454785,99.9201996706114,101.1155067320916,100.03387473046165,100.34297162843608,100.6231217209705,100.80138207378982,100.90327181350492,101.05363176392684,101.08918960218686
85,70,15,day,35,simple_return,1s,23339,4.3283836720775496e-07,0.0,3.783204440235287e-05,1.1658760011159197,25.104541504869875,-0.00032050200735489476,0.0009198312236284867,-0.00010123376972308585,-5.880919775846927e-05,-1.684607739071975e-05,0.0,1.685005139240303e-05,5.8938283588272355e-05,0.00010135837127369206
85,70,15,day,35,log_return,1s,23339,4.321226940497451e-07,0.0,3.78311944424619e-05,1.164416245136258,25.072186932434278,-0.0003205533791001969,0.0009194084381300982,-0.00010123889420716736,-5.881092708737157e-05,-1.684621928710328e-05,0.0,1.6849909431293497e-05,5.8936546795695933e-05,0.00010135323486112568
85,70,15,day,35,simple_return,1m,23280,2.6241699700900977e-05,1.681209129877903e-05,0.0002785965452456558,0.7085326966538378,2.4601174707335574,-0.000932946584567218,0.0017928421622352975,-0.0005900074029070634,-0.00038896062112478424,-0.00015119697606047477,1.681209129877903e-05,0.00018207940952763568,0.0004884460830741011,0.0008830890865908067
85,70,15,day,35,log_return,1m,23280,2.6202556177355704e-05,1.6811949977491025e-05,0.00027856179165609623,0.7068798549762954,2.454534917496069,-0.0009333820500971868,0.0017912369390478133,-0.0005901815257675746,-0.00038903628592765747,-0.00015120840747595565,1.6811949977491025e-05,0.00018206283507815613,0.0004883268321157263,0.000882699392817425
85,70,15,day,35,simple_return,5m,23040,0.00012696853386606345,0.00011682853488903522,0.0005744401637727877,0.13959737261011074,0.2718489777623798,-0.0021669365990144573,0.0023769503726720487,-0.001197474411529117,-0.0007392777530281558,-0.00028605562940642315,0.00011682853488903522,0.000488520998043751,0.001131688041976897,0.0015030952439257898
85,70,15,day,35,log_return,5m,23040,0.0001267955410685771,0.00011682171096394356,0.0005743444727270856,0.13765682298329476,0.27189217313480984,-0.002169287803347686,0.0023741298946751144,-0.0011981919569275324,-0.0007395511535820187,-0.00028609655112266097,0.00011682171096394356,0.0004884017105091232,0.0011310481657794912,0.0015019667269287587
85,70,15,day,36,price,level,23340,100.966038820065,101.14262823569808,0.8613406873478955,-0.25778798922212437,-1.379364463411717,99.23506857676972,102.31768498559792,99.41984129103636,99.57079907674112,100.18312572725712,101.14262823569808,101.7988096827728,102.0468115140301,102.14218949697651
85,70,15,day,36,simple_return,1s,23339,8.03058123208175e-07,0.0,0.00016422327064050755,0.11310489314792296,19.717881134428765,-0.003125292411340852,0.0031915892236928922,-0.0004387865999722984,-0.0002565695924094613,-7.57536302711248e-05,0.0,7.597485235111279e-05,0.0002581449518018752,0.00043942345310524954
85,70,15,day,36,log_return,1s,23339,7.895739217060159e-07,0.0,0.0001642216592565212,0.10775914808081896,19.716443971002548,-0.0031301863369614935,0.003186506913699816,-0.0004388828949824308,-0.0002566025120188442,-7.575649972224596e-05,0.0,7.597196640807269e-05,0.00025811163812754494,0.0004393269348811476
85,70,15,day,36,simple_return,1m,23280,5.249335972766854e-05,3.6448841071123894e-05,0.0011916123188061467,0.2787166800078805,1.9554598683389157,-0.005518994063762328,0.007845498155686581,-0.0028639700649354827,-0.0018304396524752796,-0.0006918257117355386,3.6448841071123894e-05,0.0007797790000666494,0.0019035123310308319,0.0033298830900461143
85,70,15,day,36,log_return,1m,23280,5.178227172545919e-05,3.6448176827352796e-05,0.00119135553569324,0.2717989290689901,1.9410594795199199,-0.005534279979362289,0.007814882262065836,-0.00286807907523392,-0.0018321169542525606,-0.000692065133575559,3.6448176827352796e-05,0.0007794751303791259,0.0019017029471890099,0.0033243512837592207
85,70,15,day,36,simple_return,5m,23040,0.00030303889635851177,0.0002997742327677244,0.0023739544084191346,0.05041470267572351,2.1445160562993184,-0.009736458898437883,0.010214240585093126,-0.006681306364786993,-0.0032002438379640286,-0.0009725912202592224,0.0002997742327677244,0.0014650342003845185,0.004307308056585268,0.007268280522741169
85,70,15,day,36,log_return,5m,23040,0.00030017717265533436,0.00029972930945021403,0.002373123108077438,0.03566287056984896,2.1479509709350832,-0.009784168146377503,0.010162427750212366,-0.0067037262119799745,-0.0032053755697428075,-0.0009730644939933697,0.00029972930945021403,0.0014639620847767265,0.00429805815713915,0.007241993867102324
85,70,15,day,37,price,level,23340,100.0222170348024,100.01787459238683,0.0982638465133524,-0.26071250962508397,-0.7468696430912929,99.7793124650029,100.22068753499708,99.79468373609724,99.84624227319141,99.94839644704048,100.01787459238683,100.10869684559556,100.16576927722087,100.18994499280844
85,70,15,day,37,simple_return,1s,23339,-2.443951655601016e-08,0.0,3.1648157710357366e-05,-0.6440741454526013,11.224100817311413,-0.0004800561674490611,0.00026308289303500487,-8.784956992047066e-05,-4.400440044005638e-05,-1.4277085665703737e-05,0.0,1.8909798936483924e-05,4.395903896914355e-05,8.774743131343409e-05
85,70,15,day,37,log_return,1s,23339,-2.494030517373425e-08,0.0,3.1648481211469244e-05,-0.6446822726888557,11.229729530131939,-0.0004801714313007466,0.0002630482927994393,-8.785342891936665e-05,-4.400536866189242e-05,-1.4277187584177398e-05,0.0,1.8909620148388484e-05,4.3958072799021865e-05,8.774358173326391e-05
85,70,15,day,37,simple_return,1m,23280,-1.9003297861162393e-06,2.191912937288265e-05,0.00023667919376506283,-1.5656766516374527,12.15069421329822,-0.0027200140387820815,0.0012735828312591124,-0.0006587706422288242,-0.00037361857280766576,-0.0001207533913892278,2.191912937288265e-05,0.00013223722934541104,0.00032941693203025757,0.0004838590131994014
85,70,15,day,37,log_return,1m,23280,-1.9283459457873188e-06,2.1918889152594545e-05,0.0002367235786775929,-1.569836205154813,12.192789332312593,-0.0027237199986682725,0.0012727725125767364,-0.0006589877269531908,-0.00037368838561655513,-0.000120760682666754,2.1918889152594545e-05,0.0001322284867735224,0.0003293626861857746,0.000483741991173563
85,70,15,day,37,simple_return,5m,23040,-9.379767441767233e-06,2.1979350400935793e-05,0.0004983040084920823,-0.7601451833706551,1.725895316019466,-0.0026754385964912197,0.0018256202709836522,-0.0014912432841409306,-0.0009126562915298728,-0.0002792293985794114,2.1979350400935793e-05,0.0003260036222669238,0.0007249624348284466,0.000987786784799185
85,70,15,day,37,log_return,5m,23040,-9.503993236104417e-06,2.197910885914922e-05,0.0004984032945522321,-0.7625001482151467,1.7335320483359808,-0.0026790239787404246,0.0018239558517203491,-0.0014923562940625601,-0.0009130730163239062,-0.0002792683903667381,2.197910885914922e-05,0.0003259504946309111,0.0007246997764990492,0.0009872992444635554
85,70,15,day,38,price,level,23340,99.78347791160677,99.78382044380392,0.1788538722219956,0.15036613127070242,-0.6792760526357804,99.36629718330757,100.24161244516034,99.44259585020028,99.51677510967934,99.63122311001844,99.78382044380392,99.91098488862517,100.0921942224954,100.19286607464554
85,70,15,day,38,simple_return,1s,23339,7.709837813957597e-08,0.0,4.209720583208532e-05,-0.1822510336578395,28.14844673303438,-0.0009974744795092638,0.0009241162474502573,-0.0001088531583487562,-6.37619780287424e-05,-2.1227816931146393e-05,0.0,2.1231873288396486e-05,6.376195536672569e-05,0.00010640561821673167
85,70,15,day,38,log_return,1s,23339,7.621232134423588e-08,0.0,4.209736511824395e-05,-0.18415266847301504,28.157092648359537,-0.0009979722882391684,0.0009236895149102864,-0.00010885908328457816,-6.376401090966156e-05,-2.1228042244914036e-05,0.0,2.1231647895803007e-05,6.375992265983399e-05,0.00010639995753969345
85,70,15,day,38,simple_return,1m,23280,5.098656557279511e-06,0.0,0.0003309689892763474,0.044726801876110354,1.7490009287775337,-0.0016729844772451763,0.0018545361527968485,-0.0008565246351752931,-0.0005307455604378452,-0.00019135805764888825,0.0,0.00021210819640909984,0.0005118573214608734,0.000809726838830662
85,70,15,day,38,log_return,1m,23280,5.043876760595123e-06,0.0,0.0003309649266670559,0.042867364982049044,1.7470535089165597,-0.001674385478563245,0.001852818623778063,-0.0008568916621820933,-0.000530886455717905,-0.0001913763689378456,0.0,0.0002120857046459257,0.0005117263671870376,0.0008093991869102178
85,70,15,day,38,simple_return,5m,23040,2.5127982132963422e-05,4.260349988227663e-05,0.0007117321278261721,-0.15858423108510306,0.8628464268004512,-0.0027735433604335613,0.002687082809067931,-0.00189356767999753,-0.0012120284808832702,-0.00039291870390892325,4.260349988227663e-05,0.00044696304577213075,0.0011716424202319773,0.0017607127704712955
85,70,15,day,38,log_return,5m,23040,2.4874389538222743e-05,4.260259237920394e-05,0.000711754996942401,-0.1616139309241526,0.8645014411610683,-0.0027773967585140724,0.0026834790563343702,-0.0018953627456876098,-0.0012127635816053138,-0.0003929959166901753,4.260259237920394e-05,0.00044686318754427745,0.0011709565829028266,0.001759164532809443
85,70,15,day,39,price,level,23340,100.11229312808518,100.1032735775526,0.13947617140066246,0.3570448884185165,0.08536709747069748,99.78565861262663,100.57482462977396,99.8207326578332,99.88893219017926,100.01656274356974,100.1032735775526,100.19972720187062,100.34781761496492,100.48908807482462
85,70,15,day,39,simple_return,1s,23339,8.187651317352181e-08,0.0,6.0028123540458085e-05,0.1443871123745947,9.19913868320474,-0.0009331259720065654,0.0008769878391019503,-0.00015589290831024893,-9.716199528069236e-05,-2.9160328346156117e-05,0.0,2.914007634702287e-05,9.721237495305956e-05,0.00017487526950012543
85,70,15,day,39,log_return,1s,23339,8.007490987398204e-08,0.0,6.0027859688967115e-05,0.14338070728132798,9.199784404342353,-0.0009335616050680784,0.0008766035099521119,-0.0001559050608730672,-9.716671581312397e-05,-2.916075351677705e-05,0.0,2.913965178308331e-05,9.720765013652154e-05,0.0001748599806029638
85,70,15,day,39,simple_return,1m,23280,8.274677690879578e-06,0.0,0.0004512653274505064,0.19828656381632465,2.4571376440898858,-0.001964445481775323,0.0029708563858801273,-0.0011778229777083028,-0.0007003925119516363,-0.0002524664025481682,0.0,0.00025301489139067934,0.000729817268749544,0.001191280032566295
85,70,15,day,39,log_return,1m,23280,8.172835333165058e-06,0.0,0.00045124162364629553,0.1952983628569457,2.4517729323972954,-0.001966377535491226,0.002966452112866058,-0.0011785171616715928,-0.000700637901373069,-0.00025249827755580156,0.0,0.0002529828885209362,0.000729551081631019,0.0011905710215317719
85,70,15,day,39,simple_return,5m,23040,3.723744994168418e-05,3.874649045609857e-05,0.001003340970669177,-0.0595332398896873,1.6713806507859381,-0.0038465722555702797,0.004241461012685521,-0.0029068830769248687,-0.0016338280201505517,-0.0005072675842296981,3.874649045609857e-05,0.000641769456205421,0.0015206175267040267,0.002938848414548042
85,70,15,day,39,log_return,5m,23040,3.673344820071603e-05,3.874573983031482e-05,0.0010033356064346245,-0.06505150205818563,1.6707708527284604,-0.003853989340974806,0.004232491370903979,-0.002911116267134748,-0.0016351641727112565,-0.0005073962879573735,3.874573983031482e-05,0.0006415636102536926,0.0015194625585676746,0.0029345384377107864
85,70,15,day,40,price,level,23340,100.36168827523346,100.44169462380094,0.22033330179394672,-0.8587183283043508,-0.5210675110367742,99.7808385454423,100.65917022101593,99.86007384055164,99.92919399160444,100.23433417064248,100.44169462380094,100.5310450629668,100.607751572062,100.63646543149518
85,70,15,day,40,simple_return,1s,23339,2.1242001399419263e-07,0.0,3.400378173568246e-05,0.49350273464782235,28.10764931772526,-0.00047231874768083326,0.0008438960995120759,-9.970934549360599e-05,-5.042025280820317e-05,-1.6769941556749046e-05,0.0,1.6772684007126948e-05,5.051389470898115e-05,8.840878168518479e-05
85,70,15,day,40,log_return,1s,23339,2.1184189432026544e-07,0.0,3.4003489783241247e-05,0.49198047821295077,28.08209315970112,-0.00047243032531607554,0.0008435402194022501,-9.971431682414434e-05,-5.0421523951538207e-05,-1.6770082173600542e-05,0.0,1.6772543347087776e-05,5.051261892541347e-05,8.840487108137512e-05
85,70,15,day,40,simple_return,1m,23280,1.4015801071656614e-05,1.6807146428265973e-05,0.00024335634177100846,-0.5793555793672044,4.157121677689343,-0.0017869369445338013,0.0013178346962223753,-0.000704962677959774,-0.0003541930556271389,-0.00011736498834724607,1.6807146428265973e-05,0.0001514619232662051,0.0003714660075638587,0.0006414111588353011
85,70,15,day,40,log_return,1m,23280,1.398609100959761e-05,1.6807005189800606e-05,0.00024337012929897433,-0.5814812220463379,4.163340676870642,-0.0017885354208901916,0.0013169671142154726,-0.000705211281003848,-0.0003542557968030824,-0.00011737187615601385,1.6807005189800606e-05,0.00015145045406739222,0.00037139703114772436,0.00064120554261617
85,70,15,day,40,simple_return,5m,23040,8.199556922842307e-05,0.00010103648847525903,0.0004551961250092184,-0.24221448770891232,1.2847601756876186,-0.0023850257464791413,0.0018669009444323148,-0.0011243010563414635,-0.0006535786152452094,-0.00020155872094451688,0.00010103648847525903,0.0003537020820903458,0.0008437116902272335,0.0011427477655904861
85,70,15,day,40,log_return,5m,23040,8.188861984471836e-05,0.00010103138463257721,0.0004551840643132005,-0.24441794756857751,1.2884177648964243,-0.0023878744507745964,0.0018651604507473607,-0.0011249335569515483,-0.0006537922908558702,-0.0002015790366334258,0.00010103138463257721,0.0003536395442549356,0.000843355965591508,0.001142095326364645
85,70,15,day,41,price,level,23340,100.21708593954517,100.23417636825909,0.1686486042666636,-0.31969465937147606,-0.5341370488633195,99.7814130871136,100.53303001918016,99.84966680048174,99.91078995494892,100.10036130068244,100.23417636825909,100.3261407734511,100.4850796199652,100.51491279718097
85,70,15,day,41,simple_return,1s,23339,4.463035010572866e-08,0.0,3.730368209556278e-05,0.18736505493811995,7.696942684258534,-0.00030072173215722753,0.0005696407620534583,-0.00011115488189923806,-6.654515092127111e-05,-2.218795416220054e-05,0.0,2.219805101111305e-05,5.7637342182714676e-05,0.00010018688361492332
85,70,15,day,41,log_return,1s,23339,4.393459987194869e-08,0.0,3.730355032426609e-05,0.18682462632815533,7.693082726865583,-0.00030076695800485,0.0005694785783427747,-0.0001111610600610824,-6.654736514830618e-05,-2.218820031840707e-05,0.0,2.2197804637968943e-05,5.76356812151956e-05,0.00010018186524408887
85,70,15,day,41,simple_return,1m,23280,6.3822520038300545e-06,0.0,0.0002703825445271006,-0.020138090450277556,1.5713792438574021,-0.00169187424342776,0.0014124401007953313,-0.000668906466327297,-0.0004316385704372871,-0.00015582305180902867,0.0,0.00016737802328148366,0.0004447706095580539,0.0006695563230213986
85,70,15,day,41,log_return,1m,23280,6.3456801751007044e-06,0.0,0.00027038159386955535,-0.021586335264866183,1.5720144778631244,-0.0016933070790017268,0.001411443545548785,-0.0006691302840732494,-0.00043173175320547757,-0.00015583519348205677,0.0,0.00016736401714267934,0.00044467172842921343,0.0006693322701917914
85,70,15,day,41,simple_return,5m,23040,4.175771104335598e-05,3.3379322626481134e-05,0.0005801964384792653,0.044915789862685095,-0.0021848797056298608,-0.0018239970969403663,0.002289351722597477,-0.001248595608792552,-0.0009588379775880174,-0.00033276370286391965,3.3379322626481134e-05,0.00042288944779556026,0.0010249882852484402,0.0014015811559774795
85,70,15,day,41,log_return,5m,23040,4.1588549459948876e-05,3.3378765549318956e-05,0.00058016489694257,0.04317940882758647,-0.002939994613709196,-0.0018256626052082225,0.0022867351496858035,-0.0012493757537480742,-0.0009592979567747406,-0.0003328190809903653,3.3378765549318956e-05,0.0004228000552544131,0.0010244633434302929,0.0014005998573098045
85,70,15,day,42,price,level,23340,100.19204384468327,100.1936702881436,0.07667645079639403,0.25184084869749235,0.04140202485614486,99.96787907416156,100.42512990080304,100.03401039206425,100.06424185167693,100.13417099669344,100.1936702881436,100.2361832782239,100.3306376948512,100.38923004251298
85,70,15,day,42,simple_return,1s,23339,1.674290311909253e-07,0.0,1.8651967553269216e-05,0.26367879649928055,10.547328450299364,-0.0001889537630143101,0.0003015046382501829,-5.651167022943548e-05,-2.8304343396678977e-05,-7.542470710775184e-07,0.0,1.6976356328468611e-06,2.8326766244890498e-05,5.655928384026509e-05
85,70,15,day,42,log_return,1s,23339,1.672550773095522e-07,0.0,1.865191860735869e-05,0.26332977555255,10.545534648790111,-0.00018897161702557952,0.000301459194860243,-5.6513267073974304e-05,-2.830474397255145e-05,-7.542473556831908e-07,0.0,1.6976341914443083e-06,2.8326365049746727e-05,5.655768442448306e-05
85,70,15,day,42,simple_return,1m,23280,9.92494181367052e-06,7.262662678475529e-06,0.00013187517064755568,0.28870641811886727,1.7012703932174444,-0.0007263808310928876,0.0007437324069630158,-0.0002930828572480859,-0.00019774765421933793,-7.541335947658379e-05,7.262662678475529e-06,8.510497908587045e-05,0.00022640655069605664,0.0003581857157140344
85,70,15,day,42,log_return,1m,23280,9.916197797880061e-06,7.2626363016858875e-06,0.000131871356246893,0.2879909281592622,1.7002557943930015,-0.0007266447734712855,0.0007434559750683079,-0.0002931258144882953,-0.00019776720886413023,-7.541620320683506e-05,7.2626363016858875e-06,8.5101357861328e-05,0.00022638092460081083,0.00035812158252396026
85,70,15,day,42,simple_return,5m,23040,4.716533360231674e-05,2.8280809585057298e-05,0.0002831614790962725,0.42080675634526266,-0.015194429505033025,-0.0006792452830191031,0.0012823572918319037,-0.0004905254074653587,-0.00037697440343775757,-0.00016059570125692701,2.8280809585057298e-05,0.00022934424456078073,0.0005378779300191372,0.0007910498361396456
85,70,15,day,42,log_return,5m,23040,4.71241398416591e-05,2.828040969049539e-05,0.00028313128484746755,0.4200392373393594,-0.01644975059367093,-0.0006794760746116069,0.0012815357739643929,-0.0004906457544105081,-0.00037704547615025064,-0.00016060859814381878,2.828040969049539e-05,0.00022931794918967796,0.0005377333255367489,0.0007907371211226533
85,70,15,day,43,price,level,23340,100.52543025584089,100.55828023095003,0.13930945194190605,-1.4342568547735255,1.9674624352879881,100.0,100.73556688244383,100.09500536998196,100.1748564026728,100.4716939372409,100.55828023095003,100.60882940642736,100.69562400717828,100.71471881934347
85,70,15,day,43,simple_return,1s,23339,2.582164035067932e-07,0.0,2.6893150847239293e-05,-0.24009992949400208,10.175342767769157,-0.0003282112693006045,0.0002631542499413886,-8.620145723840177e-05,-3.593010021006871e-05,-8.621061252545026e-06,0.0,8.629914736602018e-06,3.882339332477166e-05,7.754846432082903e-05
85,70,15,day,43,log_return,1s,23339,2.578547635101121e-07,0.0,2.689323083548157e-05,-0.24058869638152755,10.176343154795168,-0.0003282651424072469,0.00026311963093483826,-8.620517279746665e-05,-3.5930745711620915e-05,-8.621098413819084e-06,0.0,8.629877498833594e-06,3.8822639716240526e-05,7.754545759411254e-05
85,70,15,day,43,simple_return,1m,23280,1.4328899255189067e-05,5.871863643869268e-06,0.00019939988538946878,0.4194119265880658,2.767611155097498,-0.0009355833535467095,0.0012291574358656021,-0.00048363214027911103,-0.0002931795233114931,-0.00010169277629271112,5.871863643869268e-06,0.00011215404789854944,0.00034647097529515446,0.0005779562356365934
85,70,15,day,43,log_return,1m,23280,1.4308918969914397e-05,5.871846344707166e-06,0.0001993887110128302,0.4180390353045846,2.765196486491649,-0.0009360212848212868,0.0012284026403088788,-0.00048374912803407,-0.00029322250882906075,-0.00010169794735404025,5.871846344707166e-06,0.00011214775910328711,0.0003464109680865857,0.0005777892831872836
85,70,15,day,43,simple_return,5m,23040,6.701763709472252e-05,3.449584341508327e-05,0.0004335566710458834,0.9696678272555604,3.0592528691640553,-0.0014664826158224953,0.0024732147724826348,-0.000848099145000768,-0.0005522287607643284,-0.00020739358116872442,3.449584341508327e-05,0.00029363481623623233,0.0007952430634605379,0.0016112454895213916
85,70,15,day,43,log_return,5m,23040,6.692144877379516e-05,3.4495248446564375e-05,0.00043343670853443375,0.9669919205523219,3.049654990541991,-0.0014675589538697409,0.002470161410204952,-0.0008484589853602031,-0.0005523812952246132,-0.00020741509019117643,3.4495248446564375e-05,0.00029359171397125294,0.0007949270252360474,0.0016099488261249652
85,70,15,day,44,price,level,23340,99.59138235169684,99.6150355231448,0.22536818540734532,-0.36214912424609125,-0.38844742175563196,99.05167287408848,100.01095427373168,99.08604331632814,99.15417357829176,99.47262996463334,99.6150355231448,99.72927294920346,99.9475759757128,99.98224233983288
85,70,15,day,44,simple_return,1s,23339,-6.284903582374727e-08,0.0,4.2345162611098586e-05,-0.11597769526639469,6.294429382952087,-0.0006758455928583817,0.0003369509853856645,-0.00011034124541557944,-6.311149118394254e-05,-1.6665210760602456e-05,0.0,1.5888374885975054e-05,6.311278572643796e-05,0.00011775603774817343
85,70,15,day,44,log_return,1s,23339,-6.37455588375644e-08,0.0,4.234526955792577e-05,-0.11650373212704052,6.297948031900859,-0.0006760740794451436,0.00033689423015204056,-0.0001103473334586802,-6.311348279783858e-05,-1.666534962652122e-05,0.0,1.588824866738392e-05,6.311079419809573e-05,0.00011774910504977141
85,70,15,day,44,simple_return,1m,23280,-4.000569646444175e-06,1.570462736943945e-05,0.00032609609814282064,-0.4021236290139198,1.223593696650572,-0.001664572864321645,0.0012896217875555394,-0.0009106674225506794,-0.0005634331862145459,-0.00018854584020733256,1.570462736943945e-05,0.0001918351387658057,0.0005033377588897769,0.0007655587788527443
85,70,15,day,44,log_return,1m,23280,-4.053749782344922e-06,1.5704504053193347e-05,0.00032611884380214293,-0.4036216169226204,1.2260557892064696,-0.0016659598050550173,0.0012887909396210873,-0.0009110823322925832,-0.0005635919743394169,-0.00018856361720853698,1.5704504053193347e-05,0.00019181674075818833,0.0005032111269299033,0.0007652658877965626
85,70,15,day,44,simple_return,5m,23040,-1.0664188468363635e-05,5.2482773079232103e-05,0.0007711920034195249,-0.7077914532909257,1.0366234075550302,-0.0035593326643250656,0.002177652238405825,-0.0022638775886686846,-0.0014467234155111695,-0.00046410652668144037,5.2482773079232103e-05,0.0005266581382478153,0.001100891171519458,0.0014665055009391548
85,70,15,day,44,log_return,5m,23040,-1.0961715877662431e-05,5.248139589886236e-05,0.0007714114521829222,-0.7107273873456884,1.0441157142377957,-0.00356568215995523,0.0021752845904225993,-0.0022664440337016156,-0.0014477709302933572,-0.00046421425746023814,5.248139589886236e-05,0.0005265195025241365,0.0011002856352126055,0.0014654312318992436
85,70,15,day,45,price,level,23340,99.8988411482426,99.90786377159095,0.13040719177255466,-0.04172034309684039,-0.589353167575128,99.5914701833844,100.20647395763956,99.63145508636384,99.67918831312996,99.8123973180587,99.90786377159095,99.98223879934282,100.12432840460016,100.15994560632299
85,70,15,day,45,simple_return,1s,23339,-1.0804793308857838e-07,0.0,3.2661701353794267e-05,-0.8550232436539924,17.986918237655285,-0.0007760015963459432,0.00026648900732850755,-8.911426877880935e-05,-4.973803634461536e-05,-1.4452517422436362e-05,0.0,1.889305700208954e-05,4.456834444415136e-05,8.876434274611267e-05
85,70,15,day,45,log_return,1s,23339,-1.0858131948989484e-07,0.0,3.2662161235261206e-05,-0.8559670368442591,18.00753595668892,-0.0007763028414391471,0.00026645350544018953,-8.911823969096843e-05,-4.9739273324611566e-05,-1.4452621860616688e-05,0.0,1.8892878530518686e-05,4.456735130444756e-05,8.876040342522984e-05
85,70,15,day,45,simple_return,1m,23280,-9.85779954228541e-06,0.0,0.00023610705808547338,-0.38650434494237124,2.026791025055183,-0.0017072792177557083,0.0012659914712151998,-0.0006652505700075994,-0.0003997363964500511,-0.00014436744847201588,0.0,0.00013333333333331865,0.00036038196289974703,0.0005519634787285823
85,70,15,day,45,log_return,1m,23280,-9.885722453846925e-06,0.0,0.00023612018647102935,-0.38787787624545905,2.029842778670587,-0.00170873827983975,0.0012651907797200934,-0.0006654719473541615,-0.0003998163123414944,-0.0001443778704555143,0.0,0.00013332444523506126,0.0003603170409125497,0.000551811202841054
85,70,15,day,45,simple_return,5m,23040,-4.9668902216035354e-05,-4.414815300468611e-05,0.0004712572493883681,-0.17058109861391269,0.1943103477605006,-0.0021349618858482744,0.0014792899408282434,-0.0011317768603059453,-0.0008666685926783102,-0.00033528400186033647,-4.414815300468611e-05,0.0002663825253064189,0.000710922799955882,0.0010251269046795807
85,70,15,day,45,log_return,5m,23040,-4.9781189656242036e-05,-4.414912756312006e-05,0.0004712997390335517,-0.1721119834363159,0.19564487920724716,-0.002137244165941077,0.0014781968693107217,-0.0011324178033958444,-0.0008670443670333317,-0.00033534022210846004,-4.414912756312006e-05,0.0002663470517809685,0.0007106702140477594,0.0010246018209150165
85,70,15,day,46,price,level,23340,100.26649517352739,100.28645016427544,0.12426783647379701,-0.5061015932498785,-0.2028306881433415,99.97275834172596,100.66370585613102,100.00330201918472,100.03467120143966,100.21298023741517,100.28645016427544,100.35331605276626,100.41110138849903,100.56299427099673
85,70,15,day,46,simple_return,1s,23339,2.8371329479155136e-07,0.0,2.351668393484725e-05,-0.31464145211056294,16.5897566354763,-0.0003619552162680284,0.0003707945715676342,-6.589052028179277e-05,-3.2973971996097526e-05,-4.9421623699585915e-06,0.0,8.218277468885482e-06,3.301038176517501e-05,6.593763816427512e-05
85,70,15,day,46,log_return,1s,23339,2.8343674797280025e-07,0.0,2.3516764374082184e-05,-0.31529362771419067,16.591017076864258,-0.0003620207378682849,0.0003707258442489092,-6.589269115732321e-05,-3.2974515649097924e-05,-4.9421745824673735e-06,0.0,8.218243698898675e-06,3.300983693410586e-05,6.593546437359876e-05
85,70,15,day,46,simple_return,1m,23280,1.5871223174734668e-05,1.645440484421279e-05,0.00015958270902595616,-0.11246602765776038,3.1162007699368495,-0.0010132773765688663,0.0009231631526021022,-0.0004124201822785756,-0.00023301972458897313,-6.597564988497506e-05,1.645440484421279e-05,9.897458210150756e-05,0.0002633311389070858,0.00046226742170363266
85,70,15,day,46,log_return,1m,23280,1.585836470549938e-05,1.6454269472276906e-05,0.00015958161906731168,-0.113687625218472,3.1173152070471684,-0.0010137910891421242,0.0009227372995663785,-0.00041250525087214383,-0.00023304687790490772,-6.597782637385308e-05,1.6454269472276906e-05,9.896968444089715e-05,0.00026329647334844,0.0004621606090351449
85,70,15,day,46,simple_return,5m,23040,7.577936051099961e-05,4.945109286902394e-05,0.00033283786021824044,0.6294269046037868,1.4476833788608978,-0.0012103895530651831,0.0016597646749489936,-0.000577502673986906,-0.0004442402437842996,-0.0001319968651015413,4.945109286902394e-05,0.0002635708078994048,0.0006435229301633427,0.001216089588646505
85,70,15,day,46,log_return,5m,23040,7.572111739711456e-05,4.9449870204831825e-05,0.00033277785257767456,0.6279044498206546,1.4438453286766562,-0.001211122666128439,0.0016583887877832382,-0.0005776694928845849,-0.0004443389477152948,-0.00013200557745451924,4.9449870204831825e-05,0.00026353607921647537,0.0006433159580723213,0.0012153507506374695
85,70,15,day,47,price,level,23340,99.90940762021309,99.89915288422752,0.11238319669222782,0.8200638030171127,0.3160281171791435,99.71452508765944,100.25444503056444,99.73314301672512,99.7494337046576,99.8324386384088,99.89915288422752,99.95035218915818,100.13808297390388,100.22651813696592
85,70,15,day,47,simple_return,1s,23339,2.2913767907297546e-08,0.0,2.5208916894237903e-05,0.0826342045426527,15.463160477825252,-0.0003492351749667666,0.0005130836326323607,-7.519253717306107e-05,-3.881806748129435e-05,-1.5348838413753452e-05,0.0,1.5374579499627394e-05,3.882985456693522e-05,6.227507974261745e-05
85,70,15,day,47,log_return,1s,23339,2.259603696661158e-08,0.0,2.5208890195767374e-05,0.08197437014548058,15.45665663479739,-0.00034929617177237304,0.0005129520502320517,-7.519536440177888e-05,-3.88188209221596e-05,-1.534895620869392e-05,0.0,1.5374461312056553e-05,3.882910070771572e-05,6.227314073065313e-05
85,70,15,day,47,simple_return,1m,23280,5.528402075640886e-07,0.0,0.00018465109508632738,-0.28655221145153636,2.333039600575292,-0.0012420431609997395,0.0008686480114166173,-0.00047920917489541307,-0.0003102655500288154,-0.00010112397869108114,0.0,0.00010873111642684119,0.00029509726976978396,0.0004500464711958152
85,70,15,day,47,log_return,1m,23280,5.357921896048839e-07,0.0,0.0001846558922634181,-0.28772983386535,2.3358270977918467,-0.0012428151358907513,0.0008682709550695833,-0.00047932403236272236,-0.0003103136923423122,-0.00010112909206561049,0.0,0.00010872520562732468,0.000295053737134765,0.0004499452306572138
85,70,15,day,47,simple_return,5m,23040,-3.1793736667608147e-06,1.550483769185984e-05,0.0004256201858431038,-0.1182716279137353,0.20121723325036678,-0.001428105741916319,0.0013807687523321732,-0.00102970122299354,-0.0007472471626898623,-0.00025700618411589327,1.550483769185984e-05,0.0002717132881658868,0.0006835269993163973,0.0010422662290185958
85,70,15,day,47,log_return,5m,23040,-3.269954702506051e-06,1.5504717493453057e-05,0.00042563235413902215,-0.11966784641354397,0.20132886741366107,-0.0014291264568289108,0.0013798163677396502,-0.0010302317295429564,-0.000747526491318151,-0.0002570392158660617,1.5504717493453057e-05,0.00027167638079528267,0.000683293501132276,0.001041723446689069
85,70,15,day,48,price,level,23340,100.05168208612339,100.04869264832884,0.08334545160027697,0.18178877700667065,-0.22655368542459176,99.78226117634088,100.26091909670544,99.86035315950976,99.93017657975489,99.99265016629,100.04869264832884,100.09554783823016,100.2067140730941,100.2296823034379
85,70,15,day,48,simple_return,1s,23339,-7.344479063044659e-09,0.0,3.2532088906579106e-05,-0.7321330082112176,15.119605916428448,-0.0006508860508133152,0.00031284504968720483,-9.189760842734262e-05,-5.5081244835775145e-05,-9.191303189104438e-06,0.0,1.4699343311885826e-05,5.506607929506302e-05,9.186151108521833e-05
85,70,15,day,48,log_return,1s,23339,-7.87363323563803e-09,0.0,3.2532476813313814e-05,-0.7329424128622561,15.130613358704345,-0.0006510979690999008,0.000312796123878023,-9.190183127127938e-05,-5.508276186372285e-05,-9.191345429648834e-06,0.0,1.4699235276971478e-05,5.506456321402453e-05,9.185729207473514e-05
85,70,15,day,48,simple_return,1m,23280,7.852216799168835e-07,0.0,0.00024179511817872313,-0.09660303744765884,1.0169618540849132,-0.0016270475980365573,0.0010128074100674844,-0.0006062813790957222,-0.0003856466008006487,-0.00014703483619302182,0.0,0.00015612981735357856,0.0003859939343811014,0.0006073769217678859
85,70,15,day,48,log_return,1m,23280,7.559897750548638e-07,0.0,0.00024179777625500242,-0.09769401218319178,1.018322710289576,-0.0016283726774855012,0.0010122948666850817,-0.0006064652419697225,-0.00038572098157541035,-0.0001470456468743997,0.0,0.00015611763036238457,0.0003859194578863523,0.0006071925430596181
85,70,15,day,48,simple_return,5m,23040,1.0700118990455282e-06,0.0,0.0004915308663168408,0.07165156062554458,0.3793404353439205,-0.002232388931760587,0.0018191172687516133,-0.0011199772920912287,-0.0007900686539119405,-0.00031243682343629064,0.0,0.00029384217002426105,0.0008456527475284247,0.0012233538981314851
85,70,15,day,48,log_return,5m,23040,9.492183185768471e-07,0.0,0.0004915218545293055,0.06990112086278509,0.3794527885506418,-0.002234884426566275,0.0018174646787993964,-0.0011206049353335067,-0.0007903809226376346,-0.00031248564198893547,0.0,0.000293799006869655,0.0008452953846988631,0.0012226062104772506
85,70,15,day,49,price,level,23340,100.48961921792008,100.53427343020373,0.2826261107098173,-0.532402867401502,-0.5289848537961035,99.60371214862056,101.05256072627532,99.8022767620506,99.95877260144884,100.28522628793552,100.53427343020373,100.73283804363372,100.8354858522713,100.98356793686318
85,70,15,day,49,simple_return,1s,23339,4.22006955535472e-07,0.0,4.921879589014188e-05,0.371500892071896,10.666866504729889,-0.0004807611207637841,0.0007419898819562842,-0.00013470734828580078,-6.746158905746036e-05,-1.6835725410502267e-05,0.0,1.684125433665251e-05,7.509161177403634e-05,0.00015017840935498394
85,70,15,day,49,log_return,1s,23339,4.2079568921941297e-07,0.0,4.9218325909469424e-05,0.37057621440116073,10.662712043456539,-0.00048087672344454546,0.0007417147435555549,-0.00013471642213502832,-6.746386469291821e-05,-1.683586713285834e-05,0.0,1.6841112524090818e-05,7.508879254052303e-05,0.00015016713370478372
85,70,15,day,49,simple_return,1m,23280,2.6405849707757323e-05,8.619979118051901e-06,0.0003516105390043011,0.36283821632096985,3.0400048758982887,-0.001955396726395997,0.002125398512220933,-0.0008916380508020417,-0.0004922748344951322,-0.000167653025299086,8.619979118051901e-06,0.00020081278389111334,0.0006181042476987363,0.0011022359676665914
85,70,15,day,49,log_return,1m,23280,2.634369724676101e-05,8.619941965104516e-06,0.0003515789430779997,0.36025009759508114,3.0380334629379018,-0.0019573110104387226,0.0021231430480783686,-0.0008920357964565273,-0.0004923960415321282,-0.00016766708063808977,8.619941965104516e-06,0.00020079262370265027,0.0006179132999470037,0.0011016289516037944
85,70,15,day,49,simple_return,5m,23040,0.00013477330167968683,3.355690624984309e-05,0.0008273920086720026,0.7237526934142119,1.9017520196610853,-0.003182729063873513,0.004084526059951132,-0.0016588833460880656,-0.0010229726715965393,-0.0003849243539965075,3.355690624984309e-05,0.0005512483516356137,0.001607282334535642,0.0027141994927064334
85,70,15,day,49,log_return,5m,23040,0.00013442217490426203,3.3556343229435015e-05,0.0008270340318312713,0.7195637634696237,1.8943279423318211,-0.003187804718503884,0.004076207028557377,-0.0016602608400243478,-0.0010234962652591938,-0.00038499845639261565,3.3556343229435015e-05,0.0005510964700758958,0.0016059920386748412,0.002710522704620005
85,70,15,day,50,price,level,23340,100.01416664020262,100.0268552502014,0.1461726424625015,-0.2221381551447274,-0.3865612676072012,99.67549906006624,100.36478381523588,99.70794915405962,99.75606481067048,99.92167218691256,100.0268552502014,100.12084862590636,100.23722137677916,100.33904753379286
85,70,15,day,50,simple_return,1s,23339,-8.299143594648558e-08,0.0,3.202310209623395e-05,0.008808217949248954,3.8623008118134257,-0.0002686306552349693,0.00028581508657077315,-8.945115909131163e-05,-4.6370139405349486e-05,-2.011018157643818e-05,0.0,1.8364819450056302e-05,4.49272456900518e-05,8.94759305694759e-05
85,70,15,day,50,log_return,1s,23339,-8.350415694492077e-08,0.0,3.202310033709728e-05,0.00852666813078935,3.8622960498818646,-0.0002686667429125933,0.0002857742492201609,-8.945516008420639e-05,-4.63712145356787e-05,-2.011038378890717e-05,0.0,1.836465081872518e-05,4.492623649152705e-05,8.947192783750779e-05
85,70,15,day,50,simple_return,1m,23280,-5.588427524883921e-06,0.0,0.00022173070897239152,-0.04797387630723652,1.7565516540880273,-0.0010526787314101282,0.001230838088843944,-0.0005998292057781229,-0.00037979088044103325,-0.00013412453936495483,0.0,0.0001265716747237411,0.00033533828367964257,0.0005109200983196128
85,70,15,day,50,log_return,1m,23280,-5.613024789836848e-06,0.0,0.00022173314971700553,-0.049222145516789544,1.7554577216129115,-0.0010532331868082778,0.0012300812286278884,-0.0006000091753922376,-0.0003798630192630714,-0.00013413353486546598,0.0,0.00012656366520347184,0.00033528207036366277,0.0005107896229662935
85,70,15,day,50,simple_return,5m,23040,-3.705328050425314e-05,-2.2589767063263544e-05,0.0004903298600031826,-0.009690352452822322,0.7308018333501756,-0.0018885635741904272,0.001896246201029017,-0.0012778737888431556,-0.0008950748506342254,-0.0003359401671277906,-2.2589767063263544e-05,0.00027934365417620066,0.0007389828308205671,0.001187557762583891
85,70,15,day,50,log_return,5m,23040,-3.7174182805561704e-05,-2.2590022216384398e-05,0.0004903493806914168,-0.011698132475528636,0.7296796825157088,-0.0018903491588577737,0.0018944505957829705,-0.0012786909664195,-0.0008954756693206889,-0.0003359966076661447,-2.2590022216384398e-05,0.00027930464500180996,0.0007387099174522404,0.001186853173605478
85,70,15,day,51,price,level,23340,100.0541294531309,100.05627813906952,0.22307771409060723,-0.5069760971663702,0.023882845645368356,99.34610162223969,100.73250911169872,99.4479382548417,99.64269634817408,99.91424283570358,100.05627813906952,100.25351068391339,100.3519616951333,100.396626884871
85,70,15,day,51,simple_return,1s,23339,1.1894697372429967e-07,0.0,8.380643868245849e-05,-0.18082766523301383,34.980971104845466,-0.001567872859764452,0.0019683085334805117,-0.0002327760306689064,-0.00012496028049636677,-3.559163287203404e-05,0.0,3.560492772236579e-05,0.00012495135823564762,0.0002330088296915277
85,70,15,day,51,log_return,1s,23339,1.1543532242784271e-07,0.0,8.380707384929497e-05,-0.18547065372885074,34.96872052877821,-0.001569103258657556,0.001966373952391187,-0.00023280312721650986,-0.00012496808868229793,-3.559226626936862e-05,0.0,3.560429388205222e-05,0.00012494355246452926,0.00023298168734932277
85,70,15,day,51,simple_return,1m,23280,6.380074633321928e-06,0.0,0.0006694959426208131,1.091162496459589,12.20489735683027,-0.0032034647529396443,0.00676655389076819,-0.001961827825939445,-0.0009904912839166446,-0.00026831111582714673,0.0,0.0002852049910873067,0.0009659755740359709,0.0018242993541899917
85,70,15,day,51,log_return,1m,23280,6.156062728284119e-06,0.0,0.0006692491544114069,1.0781372507491076,12.11310941204054,-0.00320860683073132,0.0067437635154288245,-0.001963754730732843,-0.0009909821445638566,-0.00026834711769430086,0.0,0.00028516432787561996,0.0009655093198662978,0.001822637339578868
85,70,15,day,51,simple_return,5m,23040,2.6410107565608845e-05,0.00010715114054249408,0.001556650228478071,0.443317523408285,5.5716418313209175,-0.0066987013450992006,0.00910994576987112,-0.00468233975936078,-0.002527542191671683,-0.0005720772663230234,0.00010715114054249408,0.0006422120656529584,0.0019864029822307615,0.005923309591615734
85,70,15,day,51,log_return,5m,23040,2.5198840168009588e-05,0.0001071454002694594,0.0015560862963697724,0.42613352046058167,5.536304366345465,-0.006721238347102698,0.009068700519322626,-0.004693336255801634,-0.002530741819071869,-0.0005722409649575599,0.0001071454002694594,0.0006420059357319374,0.0019844326925881005,0.005905835757537495
85,70,15,day,52,price,level,23340,99.97729072436717,99.98842378218188,0.15172413863624964,-0.2105518394434003,-1.0928028922574418,99.61026733345682,100.24618756559858,99.66969191825646,99.72217077236526,99.84873742050996,99.98842378218188,100.09801583626597,100.18855652281285,100.21763289498054
85,70,15,day,52,simple_return,1s,23339,6.71300968563265e-08,0.0,2.782185297608558e-05,-0.18048796824039579,23.478890428680714,-0.0005928138641455583,0.0005729638490783451,-7.987646630206903e-05,-4.622058157494058e-05,-7.735926415564087e-06,0.0,8.964422217649926e-06,4.622724079239582e-05,7.739607411711535e-05
85,70,15,day,52,log_return,1s,23339,6.674308218682765e-08,0.0,2.782192121478138e-05,-0.18154976610712248,23.480296878310238,-0.0005929896477594454,0.0005727997679638719,-7.987965674665532e-05,-4.6221649779010224e-05,-7.735956338628114e-06,0.0,8.964382037568441e-06,4.6226172346397476e-05,7.739307919553795e-05
85,70,15,day,52,simple_return,1m,23280,4.204542425093426e-06,7.884577213346233e-06,0.00019228241433136983,-0.39650032835506643,3.5097303781307403,-0.0013296942893811226,0.0009833907623213456,-0.0005728431197778517,-0.0003241043338189531,-7.728124577718876e-05,7.884577213346233e-06,0.00010017260510419845,0.0002941085415313349,0.0005419151933317011
85,70,15,day,52,log_return,1m,23280,4.1860473304399775e-06,7.884546130654257e-06,0.0001922889551757725,-0.3980441117293804,3.511896398731336,-0.0013305791172868453,0.0009829075503908768,-0.0005730072570843969,-0.0003241568669790862,-7.728423212682856e-05,7.884546130654257e-06,0.00010016758816355775,0.00029406530009268295,0.0005417684103201824
85,70,15,day,52,simple_return,5m,23040,2.80770811595437e-05,6.931967659773441e-05,0.0004008231329000455,-0.7261441306553101,2.0158953855256065,-0.0018704012860937258,0.001410216718266133,-0.0012210258168170018,-0.0007574522097128888,-0.00013120709328254265,6.931967659773441e-05,0.00023920445231323528,0.000619157187764352,0.0010032584038790798
85,70,15,day,52,log_return,5m,23040,2.799634979478893e-05,6.931727410020017e-05,0.00040087033757561156,-0.728241645608841,2.0191804091449566,-0.0018721526707814462,0.0014092232965197127,-0.0012217718762445706,-0.0007577392215788237,-0.00013121570168617147,6.931727410020017e-05,0.00023917584748978094,0.0006189655890345147,0.001002755476433848
85,70,15,day,53,price,level,23340,100.42272427561721,100.45407543946408,0.15523392103037956,-1.610969436490148,2.1302642545891572,99.89322483477947,100.72607112349952,99.9348109517601,100.0348424223351,100.40911747516073,100.45407543946408,100.519264487704,100.58894933237424,100.63278334757004
85,70,15,day,53,simple_return,1s,23339,3.106374160478519e-07,0.0,3.642989106061632e-05,-0.013646649870372533,3.9056662354553016,-0.000292299044407085,0.00031622929090624474,-0.00010074096115139541,-5.8229462290382266e-05,-2.2140468977971395e-05,0.0,2.2192328582804066e-05,6.516710430415343e-05,0.00010071969827336602
85,70,15,day,53,log_return,1s,23339,3.099738279393042e-07,0.0,3.642988894579041e-05,-0.013969304710232987,3.9055751262923675,-0.0002923417720994692,0.0003161793009631708,-0.00010074603586279095,-5.823115769238994e-05,-2.2140714081686497e-05,0.0,2.219208233711356e-05,6.516498102104854e-05,0.00010071462638491013
85,70,15,day,53,simple_return,1m,23280,1.849203688307597e-05,1.1190313664366514e-05,0.00025417230917142684,-0.028884224832186427,1.333785000069648,-0.001347739167546269,0.0012142471667564436,-0.0006266453641768965,-0.0003804928053647794,-0.00013420116755002987,1.1190313664366514e-05,0.00016785141792857727,0.0004479319289290684,0.0006522338561941043
85,70,15,day,53,log_return,1m,23280,1.8459566545606948e-05,1.119025105289495e-05,0.000254168572550639,-0.03015499823624607,1.3348918854300686,-0.001348648184815282,0.001213510564882725,-0.0006268417884462352,-0.00038056521111897725,-0.00013421017333303809,1.119025105289495e-05,0.00016783733245540056,0.0004478316373709212,0.0006520212441357387
85,70,15,day,53,simple_return,5m,23040,8.615417356500672e-05,8.957663842401598e-05,0.0004985695099604947,0.21588294152351112,0.358415737716526,-0.0017970057391872851,0.0019285105619588627,-0.0009903398665325736,-0.000692752910679606,-0.00025744131318061747,8.957663842401598e-05,0.0003914769867459089,0.0010063838448507777,0.001381493324741152
85,70,15,day,53,log_return,5m,23040,8.602621239817586e-05,8.957262667586008e-05,0.0004984999100264629,0.2141545934930789,0.35736489255657844,-0.0017986222909263105,0.0019266533728208302,-0.0009908305777945347,-0.0006929929748533681,-0.0002574744568841769,8.957262667586008e-05,0.0003914003796223753,0.0010058777801297046,0.0013805399407988083
85,70,15,day,54,price,level,23340,99.99561827132969,100.15184491572606,0.32968156889885963,-0.7956761936407163,-0.49024705055372975,99.11761232305848,100.40491977526952,99.19302019537378,99.3588770224899,99.79754011236524,100.15184491572606,100.26825935111604,100.36274063201228,100.38129945504546
85,70,15,day,54,simple_return,1s,23339,6.632081541456036e-08,0.0,5.1178282559951386e-05,-0.3315377706102559,6.934333825687119,-0.0005598344247276232,0.0004071868478647822,-0.00015253607859464947,-8.415964074180993e-05,-1.6890180049466963e-05,0.0,1.6926631516755997e-05,8.408038757912184e-05,0.00014350717301478476
85,70,15,day,54,log_return,1s,23339,6.501124637019852e-08,0.0,5.1178713904782604e-05,-0.3322151446652092,6.935772919869002,-0.0005599911905305177,0.00040710396979726227,-0.00015254771340538652,-8.416318236292852e-05,-1.6890322689810944e-05,0.0,1.6926488263013795e-05,8.407685302183054e-05,0.0001434968768208473
85,70,15,day,54,simple_return,1m,23280,2.274533256640734e-06,1.6073006057770733e-05,0.0004079962292358585,-0.31696494989962226,3.316756755422352,-0.0022016584139625817,0.0019706441967923816,-0.0013030040773053854,-0.0006593183662428892,-0.0001849508830184532,1.6073006057770733e-05,0.00020193861066242214,0.000625602353617527,0.0011847796178445513
85,70,15,day,54,log_return,1m,23280,2.1912969437628905e-06,1.607287688676351e-05,0.0004080218672905206,-0.3201573759095618,3.3197293645509935,-0.0022040856270990616,0.0019687050247121363,-0.0013038537253380956,-0.0006595358121792572,-0.00018496798854195085,1.607287688676351e-05,0.0002019182238059969,0.0006254067460425006,0.001184078320339852
85,70,15,day,54,simple_return,5m,23040,3.1013930647272004e-05,0.00010094212654276902,0.0010861457733669694,-1.080508972626904,5.471718768260471,-0.006613578080712612,0.003582099687627238,-0.004294335846936322,-0.0017217543665127288,-0.00039748413932177984,0.00010094212654276902,0.0005307794090362861,0.0016695059373927216,0.002728431450536744
85,70,15,day,54,log_return,5m,23040,3.0423191238627967e-05,0.00010093703222979755,0.0010867539791357132,-1.0908003252315897,5.5112519819407595,-0.0066355446937347295,0.0035756992486604133,-0.004303582990265511,-0.0017232382891064547,-0.0003975631571071503,0.00010093703222979755,0.0005306385954242376,0.001668113861371621,0.0027247160379900498
85,70,15,day,55,price,level,23340,100.72446368059188,100.77002352849672,0.2746617047647325,-0.6935235848060192,-0.43073880685065236,99.96499893052288,101.19781437766152,100.06416862737473,100.19833939370368,100.58918466953156,100.77002352849672,100.94308437202248,101.06945767787349,101.10390495265132
85,70,15,day,55,simple_return,1s,23339,3.438056479141775e-07,0.0,4.6612226129069524e-05,0.3163807239817997,14.837575169423367,-0.000417066759779372,0.0010428938372701868,-0.00013460292579279277,-7.71534988379008e-05,-1.9314154379834747e-05,0.0,1.9372242482829094e-05,7.702424532989304e-05,0.00012476849841451692
85,70,15,day,55,log_return,1s,23339,3.427192969519931e-07,0.0,4.6611867246469745e-05,0.3152115110090218,14.816109095152768,-0.00041715375631046214,0.001042350401290193,-0.00013461198558061937,-7.715647532231529e-05,-1.931434090041151e-05,0.0,1.9372054843369568e-05,7.702127911501933e-05,0.000124760715317701
85,70,15,day,55,simple_return,1m,23280,2.070312832814943e-05,1.9320498084174353e-05,0.0003602109633808948,-0.24171213546907436,1.7400998185527232,-0.0022472345454195297,0.0016681861385372532,-0.0009256055466599144,-0.0005777360117408092,-0.00018338971764092493,1.9320498084174353e-05,0.0002333359035675553,0.0005979153970692153,0.0009119456349815014
85,70,15,day,55,log_return,1m,23280,2.063803974016367e-05,1.932031144580293e-05,0.0003602192807272734,-0.2437020206362514,1.7436745202080361,-0.002249763366250157,0.0016667962615413145,-0.0009260341839960517,-0.0005779029654967349,-0.0001834065355916792,1.932031144580293e-05,0.00023330868497883905,0.0005977367168782166,0.0009115300651931246
85,70,15,day,55,simple_return,5m,23040,0.00010313294050502281,7.727900619913797e-05,0.0007937028742070375,0.2677796396088456,0.009172894977412138,-0.0022484487633533945,0.002812817166884418,-0.0015530267801956699,-0.0011430191109170207,-0.0004456155306703513,7.727900619913797e-05,0.0005985162589290383,0.0014754680340725134,0.002202406576655642
85,70,15,day,55,log_return,5m,23040,0.00010281276348346807,7.727602033069658e-05,0.0007935373266909837,0.2654742396565551,0.007112910129673633,-0.002250980319701945,0.0028088685993434837,-0.001554233976643795,-0.0011436728554703901,-0.0004457148467764682,7.727602033069658e-05,0.0005983372195081937,0.0014743806006302762,0.0021999848344102803
85,70,15,day,56,price,level,23340,100.13635826161514,100.19477925018316,0.1681954788648498,-0.4751155147695888,-1.0753117859889456,99.66870879669708,100.3812346007858,99.74861823266964,99.85849370713194,99.99334088033562,100.19477925018316,100.28967170540056,100.33295598321902,100.35293334221215
85,70,15,day,56,simple_return,1s,23339,1.6009150218977476e-07,0.0,3.4888605687627144e-05,-1.4072569058938647,40.70061911072208,-0.001031871515353222,0.0002999200213280595,-0.00010836858569098772,-4.9983380526419374e-05,-1.1316672891226176e-05,0.0,1.64372644454458e-05,4.9993334221953845e-05,0.00010001000100001711
85,70,15,day,56,log_return,1s,23339,1.5948288830920002e-07,0.0,3.48894573307112e-05,-1.409389403302482,40.76566815583389,-0.001032404261280817,0.00029987505430906225,-0.00010837445799033674,-4.9984629737487296e-05,-1.1316736925337523e-05,0.0,1.6437129354507363e-05,4.9992084597327846e-05,0.00010000500033324755
85,70,15,day,56,simple_return,1m,23280,8.745603223519192e-06,1.6602746094385168e-05,0.0002703983073229097,-1.4457620891671086,10.866953688888023,-0.002316176470588238,0.0015198076023781315,-0.0007580614923897555,-0.00039831777203001574,-0.00010003412666456657,1.6602746094385168e-05,0.00014934970655555713,0.0004089822678092879,0.0006507948456144395
85,70,15,day,56,log_return,1m,23280,8.709000023641517e-06,1.6602608269522534e-05,0.0002704489088311552,-1.450136797029396,10.894980435745616,-0.0023188629563613006,0.0015186538636298152,-0.0007583489663128962,-0.00039839712162543784,-0.00010003913041201073,1.6602608269522534e-05,0.00014933855499887905,0.0004088986573567153,0.0006505831704774588
85,70,15,day,56,simple_return,5m,23040,4.3656497547837664e-05,6.646947389410407e-05,0.0005826285012824763,-0.6768978072367564,3.9077084563436877,-0.0029810654632050904,0.00231736187522924,-0.0020149378432989286,-0.0008329030001167359,-0.0002157072189351572,6.646947389410407e-05,0.0003159991198567469,0.0009003939226382317,0.0016499423988218
85,70,15,day,56,log_return,5m,23040,4.348579401762084e-05,6.646726489734078e-05,0.0005827185258215361,-0.681662124790272,3.9175700496647003,-0.0029855176893063273,0.002314680933208635,-0.0020169705619301225,-0.000833250056542667,-0.00021573048708356524,6.646726489734078e-05,0.0003159492026498789,0.0008999888111850484,0.001648582739220066
85,70,15,day,57,price,level,23340,100.07579001414254,100.06919836357277,0.061192018473916865,0.34821138394499423,-0.38653067588109336,99.90570772436236,100.23279546180402,99.96197892111384,99.98479156844552,100.0334585494198,100.06919836357277,100.11862576612472,100.19314708074155,100.21519930649552
85,70,15,day,57,simple_return,1s,23339,-6.977559608543703e-09,0.0,1.95445297302981e-05,-0.9000477304212041,31.029363823028042,-0.000531922977553001,0.00021281770643333253,-5.3231267230164916e-05,-3.040391602437964e-05,-7.599130659285969e-06,0.0,7.599477155784129e-06,3.0402575706767186e-05,5.321933650733967e-05
85,70,15,day,57,log_return,1s,23339,-7.168548013729005e-09,0.0,1.9544701870711335e-05,-0.9009925321945372,31.053667355611523,-0.0005320644987678591,0.00021279506395721626,-5.3232684064354886e-05,-3.040437823287334e-05,-7.599159532745148e-06,0.0,7.599448279549392e-06,3.0402113557670416e-05,5.321792040831497e-05
85,70,15,day,57,simple_return,1m,23280,1.8082122363812498e-09,0.0,0.0001387688109492716,-0.19543132933573387,1.8087469624399768,-0.0006846712666037646,0.000753476265497488,-0.00039775873563682176,-0.00022064135549128557,-7.619221162105672e-05,0.0,8.358218027915143e-05,0.00021293933472963378,0.0003496886782646613
85,70,15,day,57,log_return,1m,23280,-7.819940089437923e-09,0.0,0.00013877069776810152,-0.19621609181401167,1.8090441033503444,-0.0006849057610152087,0.0007531925447654686,-0.00039783786572099804,-0.00022066570040588646,-7.619511439482807e-05,0.0,8.357868748376518e-05,0.00021291666636757967,0.0003496275514292169
85,70,15,day,57,simple_return,5m,23040,3.8029967410371904e-06,2.346868530311852e-05,0.00030520000299969337,-0.15973766046385493,1.643239496251657,-0.0013671162960263716,0.0015679469029248327,-0.000836299028229971,-0.0005318106328933536,-0.00016693382401941625,2.346868530311852e-05,0.00018225760213735898,0.0004834881711769704,0.0007454127830181867
85,70,15,day,57,log_return,5m,23040,3.756416840833238e-06,2.3468409784843658e-05,0.00030520633801428006,-0.16139333587929336,1.6424852001673482,-0.0013680516521006325,0.0015667189575809815,-0.0008366489213528804,-0.0005319520943244616,-0.00016694775902137415,2.3468409784843658e-05,0.00018224099523878046,0.00048337132840443534,0.0007451351008931617
85,70,15,day,58,price,level,23340,99.61517499612198,99.59764674060048,0.19249274612432402,0.2877021781431115,0.26526048490088927,99.05666756829864,100.24851230727616,99.15641060319176,99.33899107384366,99.4794258858534,99.59764674060048,99.74303489315662,99.93913984311604,100.14049178387883
85,70,15,day,58,simple_return,1s,23339,-3.9087112327226434e-07,0.0,6.440694366254281e-05,0.25819303401875987,75.07628818732337,-0.001963339708545675,0.0018992386088076962,-0.00016945160406111492,-0.00010171232702782529,-3.3872121339206807e-05,0.0,3.373493309033471e-05,0.00010160416037514608,0.0001699426511643809
85,70,15,day,58,log_return,1s,23339,-3.929452169543527e-07,0.0,6.440644288157409e-05,0.2507530723257312,75.09656043414844,-0.0019652695863694447,0.0018974373354989638,-0.00016946596260661195,-0.00010171750007774705,-3.3872695012426846e-05,0.0,3.373436408038444e-05,0.00010159899902166812,0.000169928212548065
85,70,15,day,58,simple_return,1m,23280,-2.516244002520303e-05,-3.386329396987131e-05,0.0005239313670103298,0.2482227909788315,1.3428562296976176,-0.0022595331990590273,0.002398489461955755,-0.0013041389135517477,-0.0008683696363074756,-0.0003388696156977067,-3.386329396987131e-05,0.0002548300920498514,0.0008632315280544088,0.0014383870494415105
85,70,15,day,58,log_return,1m,23280,-2.529999783732637e-05,-3.386386734405278e-05,0.0005239107499256876,0.24564505861004315,1.340336869397193,-0.002262089796068345,0.002395617677153794,-0.0013049900427790728,-0.0008687468876323213,-0.00033892704498028614,-3.386386734405278e-05,0.00025479762837687936,0.0008628591579966203,0.0014373535615191623
85,70,15,day,58,simple_return,5m,23040,-0.00012395809487369638,-0.00015247702230436477,0.0010799990586659964,0.17421712606636403,0.577739126581807,-0.00351622218447456,0.0036727111595880046,-0.0027747300162028043,-0.0018796721921738092,-0.0007973568469208658,-0.00015247702230436477,0.0004742992653793965,0.0018141512279267634,0.0026700814746188403
85,70,15,day,58,log_return,5m,23040,-0.00012454902463406855,-0.00015248864810724072,0.0010800332333779693,0.17009106872853097,0.5759009166714466,-0.0035224186233344668,0.003665983224101055,-0.002778586715928855,-0.0018814409928069598,-0.0007976749049734,-0.00015248864810724072,0.00047418682103606,0.001812507643094774,0.00266652313071504
85,70,15,day,59,price,level,23340,100.05525710337152,100.09404809888488,0.13251173845776684,-0.9563888852018968,-0.07932367364876969,99.66624121098124,100.25303417080926,99.71045501365938,99.78279367638498,99.96417215280576,100.09404809888488,100.15898607192442,100.2037708809172,100.22168480451433
85,70,15,day,59,simple_return,1s,23339,-6.0947789850497105e-09,0.0,3.5266510924776686e-05,-0.06507526774742388,3.7756142486078828,-0.0002577059686943439,0.000325462381037811,-9.498928459882094e-05,-5.6003709688057235e-05,-2.2344371452875933e-05,0.0,2.2349365278007127e-05,5.593360457956109e-05,9.149234803053226e-05
85,70,15,day,59,log_return,1s,23339,-6.716616716377599e-09,0.0,3.526655173485574e-05,-0.06538052525186372,3.77551807184365,-0.00025773918058291656,0.00032540942964587316,-9.499379636670468e-05,-5.600527795399657e-05,-2.2344621092074135e-05,0.0,2.2349115535114095e-05,5.593204035410082e-05,9.148816280354949e-05
85,70,15,day,59,simple_return,1m,23280,-1.8082805769677042e-06,0.0,0.00027558149729104927,-0.2631258784110963,1.2686810611342567,-0.0012755624299544133,0.001142114928114335,-0.0007940246417808427,-0.0004485919260290239,-0.00015652339187660624,0.0,0.0001568732912016202,0.0004476476118000505,0.0006502164911164242
85,70,15,day,59,log_return,1m,23280,-1.846255140522419e-06,0.0,0.00027559202451955085,-0.264448565085507,1.2703447450070016,-0.0012763766521786124,0.0011414632110362533,-0.0007943400463173056,-0.0004486925734887848,-0.00015653564294093592,0.0,0.00015686098787348612,0.00044754744749919695,0.0006500051919616644
85,70,15,day,59,simple_return,5m,23040,-9.981289637924826e-06,4.470272686640797e-05,0.0006143190288930832,-0.5209238518132866,1.1077395472569727,-0.002607634886349408,0.0018524963792116989,-0.0019223531446077235,-0.001096594291860875,-0.0003577881141453576,4.470272686640797e-05,0.00036894180781477104,0.0009589706301148627,0.001359000853587533
85,70,15,day,59,log_return,5m,23040,-1.0170069361531612e-05,4.4701727729190566e-05,0.00061442384913734,-0.5235386638978152,1.1123708166961848,-0.002611040688212718,0.0018507826239515524,-0.0019242032456279288,-0.0010971959913017137,-0.0003578521355838138,4.4701727729190566e-05,0.0003688737655211938,0.0009585111114910994,0.0013580782477147224
85,70,15,day,60,price,level,17280,100.00730828252298,100.04333490343852,0.10143882593736289,-2.046129773267567,3.3996802229628473,99.54592557701366,100.11869995289685,99.6608572774376,99.74375883184172,100.01332077249175,100.04333490343852,100.06217616580312,100.08666980687708,100.10737635421572
85,70,15,day,60,simple_return,1s,17279,-1.9792849276602148e-07,0.0,2.532946217289769e-05,-2.45092735721517,71.10624711115966,-0.0006963709449131494,0.0002455656510325088,-7.553242333260268e-05,-3.7658400647511137e-05,-5.651207505286138e-07,0.0,3.7661379020947905e-06,3.764564157582306e-05,7.378388758568202e-05
85,70,15,day,60,log_return,1s,17279,-1.982492980236109e-07,0.0,2.5330253868437187e-05,-2.4534774414758718,71.17437814814399,-0.0006966135237833626,0.00024553550472283803,-7.55352760496919e-05,-3.7659109742627095e-05,-5.651209100676624e-07,0.0,3.766130810323176e-06,3.7644932996627745e-05,7.378116563639826e-05
85,70,15,day,60,simple_return,1m,17220,-1.211408976305939e-05,0.0,0.00020088969887302647,-1.6314206460208969,18.769771377347535,-0.0018514320259954697,0.0016841388184534178,-0.0006676292980793796,-0.000291656617955649,-7.574790232567352e-05,0.0,7.532814824573464e-05,0.00022600615114951595,0.00047176932367132274
85,70,15,day,60,log_return,1m,17220,-1.2134345208893034e-05,0.0,0.0002009251260332745,-1.6368776016898907,18.791294899404107,-0.0018531480446570825,0.0016827222469188996,-0.0006678522672782527,-0.0002916991580191208,-7.575077134314157e-05,0.0,7.532531122311781e-05,0.00022598061560734627,0.0004716580755115274
85,70,15,day,60,simple_return,5m,16980,-5.668292420654397e-05,-1.826329784798686e-05,0.0003770669967731791,-2.0322876142706314,12.375970266148043,-0.0027739512765834196,0.0018739475487739021,-0.0015489308107483736,-0.0006028073870378625,-0.00017042967292241196,-1.826329784798686e-05,0.00013236823277806842,0.00035793677706186244,0.0005934841656158895
85,70,15,day,60,log_return,5m,16980,-5.6755660772269774e-05,-1.8263464624190817e-05,0.0003772331892786633,-2.038085091945409,12.403865996408411,-0.0027778058092664537,0.0018721938995556187,-0.0015501316719312543,-0.0006029891484593986,-0.00017044419771217179,-1.8263464624190817e-05,0.0001323594728679378,0.000357872732975828,0.0005933081235374349
85,70,15,day,61,price,level,17136,100.26072116088022,100.17312582279853,0.27799288688171486,0.642555996300327,-0.5214878453854341,99.6862094461777,100.87464608392996,99.78204180267261,99.85572848100124,100.08656291139926,100.17312582279853,100.48509494869344,100.80251483291556,100.8491911777966
85,70,15,day,61,simple_return,1s,17135,4.390335037048635e-07,0.0,5.052548046884885e-05,-0.3219402386943414,6.33878214831217,-0.00043160033808675724,0.000557543929066151,-0.00014452083575980046,-8.123665241598355e-05,-1.8003420649836954e-05,0.0,1.8029062849533872e-05,7.569341031012918e-05,0.0001420834317787499
85,70,15,day,61,log_return,1s,17135,4.3775705699937895e-07,0.0,5.052586970069251e-05,-0.32256422177214883,6.33875101853689,-0.00043169350432048503,0.0005573885591969585,-0.00014453127990220692,-8.123995229158965e-05,-1.800358271353275e-05,0.0,1.8028900328204145e-05,7.569054570817354e-05,0.00014207333876738545
85,70,15,day,61,simple_return,1m,17076,2.4337474839074233e-05,4.137125859327018e-05,0.00038306434588532664,-1.026989817567292,6.364307366251452,-0.0032542836081196347,0.0015077861383281377,-0.0011341645534012068,-0.000576779184909143,-0.00016171477734439055,4.137125859327018e-05,0.00023442853536281838,0.0005940086160478586,0.0009538170541341651
85,70,15,day,61,log_return,1m,17076,2.4263798120407594e-05,4.137040273954895e-05,0.00038313058724735304,-1.031195451646388,6.390158257795255,-0.0032595903051459985,0.0015066505701284427,-0.0011348082047921704,-0.0005769455860114014,-0.0001617278545891221,4.137040273954895e-05,0.00023440106128713722,0.0005938322627621062,0.0009533624593751622
85,70,15,day,61,simple_return,5m,16836,0.0001224709119090679,0.00014340515541522159,0.0008232089442764648,-0.4204249737676465,2.7256741416737755,-0.0037125813253554574,0.003196676900848905,-0.002540327161643713,-0.0012239736846402227,-0.00025219772301499077,0.00014340515541522159,0.0005581173448585552,0.0013978247560901824,0.0024149550069115355
85,70,15,day,61,log_return,5m,16836,0.00012212460078199258,0.00014339487387893257,0.0008232519229866454,-0.42604207921867876,2.731568085001264,-0.0037194900601988934,0.003191578391879446,-0.0025435592702267584,-0.0012247233522091339,-0.0002522295302087585,0.00014339487387893257,0.0005579616552990885,0.0013968487085118664,0.0024120436812476455
85,70,15,day,62,price,level,14832,100.39844700495036,100.40543712523738,0.1608783807179698,-0.4702266978271966,-0.6060085256005006,99.99359836118047,100.65723491880588,100.04694535134328,100.08962294347351,100.32008194097688,100.40543712523738,100.53346990162817,100.61455732667562,100.63162836352772
85,70,15,day,62,simple_return,1s,14831,3.9998237795296893e-07,0.0,3.044245284252469e-05,-0.5201124151040915,27.212504154481437,-0.00046896316507505365,0.00044652349564122673,-7.467415714261794e-05,-4.256587068485196e-05,-1.0659105807886426e-05,0.0,1.383652895015075e-05,4.25740255869389e-05,8.44630442245587e-05
85,70,15,day,62,log_return,1s,14831,3.995189532104159e-07,0.0,3.0442682024744817e-05,-0.5214338939048435,27.22203147423145,-0.0004690731626917355,0.0004464238336918669,-7.467694539631253e-05,-4.256677663772024e-05,-1.0659162616555307e-05,0.0,1.3836433226721567e-05,4.2573119339195387e-05,8.445947742163902e-05
85,70,15,day,62,simple_return,1m,14772,2.2362445213480496e-05,1.665525149741054e-05,0.00021733516760559957,0.2738339738454602,1.7766749623420042,-0.0010445311334226215,0.001279508395814144,-0.000510828073197288,-0.00031895705297343426,-0.00010625693991539453,1.665525149741054e-05,0.00014848833572345121,0.00039247716737556004,0.0006186374663254579
85,70,15,day,62,log_return,1m,14772,2.233858147927166e-05,1.665511279469456e-05,0.0002173238626020731,0.2726276284207761,1.7754317686311785,-0.0010450770362417927,0.0012786905225228296,-0.0005109585903073999,-0.00031900793059307374,-0.0001062625855834387,1.665511279469456e-05,0.00014847731242184636,0.0003924001683586198,0.0006184461890513226
85,70,15,day,62,simple_return,5m,14532,0.00010988809797741058,8.504945061027502e-05,0.00042818179522318876,0.29956263054371635,0.5555820088457222,-0.0012573255194461286,0.0018068535825546128,-0.0008385583123568874,-0.0005936486014239184,-0.00015904867685068158,8.504945061027502e-05,0.00036263076259984706,0.0008087197053862514,0.001298611504861768
85,70,15,day,62,log_return,5m,14532,0.0001097904251528215,8.504583411106381e-05,0.00042810741439681325,0.29797980335362745,0.5536351760543599,-0.0012581166163574409,0.0018052231862490942,-0.0008389100990545018,-0.0005938248805256397,-0.0001590613264332852,8.504583411106381e-05,0.00036256502795595225,0.0008083928678049633,0.0012977690372336797
85,70,15,day,63,price,level,14976,99.82093511180587,99.81598273583484,0.23170405024197854,-0.06528166040892802,-1.2633567044573886,99.35593957542198,100.19740033792264,99.41696220954549,99.46969570236044,99.61021797681384,99.81598273583484,100.01838499757432,100.15474179032071,100.18673570102214
85,70,15,day,63,simple_return,1s,14975,-1.0688175208132112e-07,0.0,5.597892786366806e-05,0.2296351626349676,14.612879814083605,-0.0005543609729874444,0.0007624122388110166,-0.00015122436292357432,-8.377341236252001e-05,-2.5120999487981965e-05,0.0,2.5068520624671464e-05,8.382833968383352e-05,0.00015129281626610424
85,70,15,day,63,log_return,1s,14975,-1.0844846030034311e-07,0.0,5.597857549002611e-05,0.22824523162865445,14.607351774612205,-0.0005545146878427332,0.0007621217502391531,-0.00015123579848092206,-8.377692155070449e-05,-2.5121315025522506e-05,0.0,2.5068206414236016e-05,8.382482628492838e-05,0.00015128137266261278
85,70,15,day,63,simple_return,1m,14916,-1.3571425388511337e-06,0.0,0.000430362691602216,0.26710562609974803,6.309694399681266,-0.002315863666112694,0.0031396383539565864,-0.0013109025371923933,-0.0007056392348858687,-0.000184024190825971,0.0,0.00020084060160402428,0.0006044248964987564,0.0011094431065962196
85,70,15,day,63,log_return,1m,14916,-1.4497365100614143e-06,0.0,0.0004303388723511661,0.2617942604485371,6.292824120063933,-0.002318549425742944,0.0031347199813778204,-0.0013117625215763428,-0.0007058883154320572,-0.00018404112535486128,0.0,0.00020082043582991815,0.0006042423053416179,0.0011088281294011626
85,70,15,day,63,simple_return,5m,14676,8.247371669085371e-06,8.378647854390131e-05,0.0009012074245707695,-0.3911945506941846,1.6196038099826398,-0.003600676592252716,0.0038306451612901693,-0.002801637366477705,-0.0015602194425843319,-0.0004362951414377536,8.378647854390131e-05,0.0005188675307533641,0.0014229290867542876,0.0020408597842103693
85,70,15,day,63,log_return,5m,14676,7.841188433083796e-06,8.378296865307888e-05,0.0009013602715540911,-0.39588020866468815,1.6228565330485694,-0.0036071746311279185,0.0038233269232090805,-0.00280556929806286,-0.0015614378524326789,-0.00043639034585618575,8.378296865307888e-05,0.0005187329655413908,0.0014219176824155078,0.0020387800584007465
85,70,15,day,64,price,level,14688,99.98588201913097,99.9842425940192,0.06453669032524206,-0.10295048927716266,-0.896033487836025,99.8214160655508,100.1383150080538,99.84767840885216,99.88103158484488,99.93819595209749,99.9842425940192,100.0402689263954,100.0851994187268,100.1050493732054
85,70,15,day,64,simple_return,1s,14687,-8.645930772251725e-08,0.0,3.5184374812762655e-05,-0.3306632994409869,5.849245342965347,-0.00033242354258500306,0.00024492292630906576,-0.00010504569487734816,-5.260389268824106e-05,-1.5761269327008165e-05,0.0,1.734483815984955e-05,5.255413075433424e-05,0.00010486400722758747
85,70,15,day,64,log_return,1s,14687,-8.707824434213015e-08,0.0,3.518458266821609e-05,-0.3310717078499044,5.850099391278947,-0.0003324788075387275,0.0002448929375855613,-0.00010505121256265681,-5.260527632167111e-05,-1.5761393537427892e-05,0.0,1.734468773983977e-05,5.25527498345113e-05,0.00010485850938183105
85,70,15,day,64,simple_return,1m,14628,-4.736422680255558e-06,0.0,0.0002456001587490802,0.09033897623023776,1.1118657834342347,-0.0010859209075342324,0.0011114709048423155,-0.0006300817362431976,-0.0004081924325064045,-0.00015747480403149883,0.0,0.00013996444028635535,0.00040294451590487944,0.000647913936994906
85,70,15,day,64,log_return,1m,14628,-4.7665913977462126e-06,0.0,0.0002455986238132441,0.08919584716747826,1.111395620332459,-0.0010865109468394252,0.00111085367836683,-0.0006302803211620223,-0.00040827576708366557,-0.00015748720449071385,0.0,0.0001399546461779977,0.00040286335556505293,0.0006477041313788057
85,70,15,day,64,simple_return,5m,14388,-2.5180073254626455e-05,-3.4989503148841195e-05,0.0004471650864640085,0.2960625612561007,0.306817062248129,-0.001348549044253633,0.0018567499868626935,-0.0010061341813878055,-0.0007526120451709306,-0.0003323959185470571,-3.4989503148841195e-05,0.0002450476311475769,0.0008054180233400321,0.001137806797765834
85,70,15,day,64,log_return,5m,14388,-2.528035788150466e-05,-3.499011529584095e-05,0.0004471468724859859,0.29457466548702516,0.3051535277182369,-0.001349459154827315,0.0018550283573670612,-0.0010066406741450695,-0.0007528953997957722,-0.0003324511743156844,-3.499011529584095e-05,0.0002450176118806713,0.0008050938482966341,0.0011371599861514342
85,70,15,day,80,price,level,23340,100.0375463092623,100.02139283833596,0.08259863792084768,0.4754760557642079,-0.844984158473248,99.89139020537124,100.22544760400211,99.90949183780938,99.92265666140077,99.97449315429174,100.02139283833596,100.08886255924172,100.185953133228,100.20405476566614
85,70,15,day,80,simple_return,1s,23339,1.434265503487829e-08,0.0,2.2056389781775497e-05,0.04234378356104856,13.625671243036074,-0.0003026150076672618,0.00038606549970832127,-6.570855384343988e-05,-3.291801767713043e-05,0.0,0.0,0.0,3.29169882937963e-05,6.572461386777917e-05
85,70,15,day,80,log_return,1s,23339,1.4099423346430424e-08,0.0,2.2056379246914475e-05,0.04182699415489978,13.623713507023982,-0.0003026608048282142,0.0003859909955981067,-6.571071274514396e-05,-3.291855948628353e-05,0.0,0.0,0.0,3.2916446541797484e-05,6.572245409941502e-05
85,70,15,day,80,simple_return,1m,23280,1.0843789217381333e-06,0.0,0.0001567327134379424,-0.13006264322545769,0.9175977977461955,-0.0008222467069021189,0.000773996351864481,-0.00039513327516105257,-0.00026273483980262526,-9.054466734922939e-05,0.0,9.865526207641917e-05,0.00026292502449498656,0.0003696950599041159
85,70,15,day,80,log_return,1m,23280,1.0720961488184366e-06,0.0,0.0001567341472666155,-0.1307445487381229,0.9179864078490789,-0.0008225849371443772,0.0007736969711578112,-0.0003952113608836072,-0.00026276936064792975,-9.054876676461987e-05,0.0,9.865039596568259e-05,0.00026289046576857264,0.0003696267395226815
85,70,15,day,80,simple_return,5m,23040,-4.83066514447334e-07,1.644520457833032e-05,0.00032788344598628323,0.09007320824115006,0.6279737014195113,-0.0012327213556647676,0.0013567628460773307,-0.000801124675446454,-0.0005263071331061964,-0.0002142374890907739,1.644520457833032e-05,0.00021392486300575442,0.0005257811936097534,0.0008395794688093841
85,70,15,day,80,log_return,5m,23040,-5.368170793230061e-07,1.6445069357828856e-05,0.0003278788171711126,0.08878509365376278,0.6269005747952194,-0.0012334817816279653,0.0013558432750331306,-0.0008014457489290372,-0.000526445681320098,-0.000214260441219416,1.6445069357828856e-05,0.00021390198434456664,0.0005256430191090455,0.0008392272190936548
85,70,15,day,81,price,level,23340,100.18143626648965,100.2054706562219,0.12406119099520131,-0.6494415896727943,-0.6832209493343231,99.81700269680236,100.35284769487606,99.88071641838962,99.95746115320404,100.09791960960575,100.2054706562219,100.28894311031203,100.33102285861051,100.34191601386928
85,70,15,day,81,simple_return,1s,23339,1.2253841285667752e-07,0.0,2.3911576154920192e-05,-0.1920687836923216,7.163033228352571,-0.0002408864621810114,0.00019265348060604204,-6.486023366678362e-05,-3.3469185668888434e-05,-8.013077342439168e-06,0.0,8.018185244207388e-06,3.44904298355647e-05,6.978467994122268e-05
85,70,15,day,81,log_return,1s,23339,1.2225253505574788e-07,0.0,2.3911628190969344e-05,-0.19239607478112064,7.163625284655652,-0.0002409154799849489,0.00019263492530807724,-6.486233718886681e-05,-3.346974577791426e-05,-8.013109447979616e-06,0.0,8.018153098809933e-06,3.448983504705737e-05,6.978224510342907e-05
85,70,15,day,81,simple_return,1m,23280,7.498792579004859e-06,8.005764150054162e-06,0.00017720029046358902,-0.29162376296350356,4.789204169956514,-0.0012206518033318625,0.0010883351718711243,-0.0005304057289308495,-0.00028019861908691325,-7.207668959774427e-05,8.005764150054162e-06,8.818338528693292e-05,0.00028080298627596305,0.0004977604797955593
85,70,15,day,81,log_return,1m,23280,7.4830648588671845e-06,8.005732103910645e-06,0.0001772035588158536,-0.293405658684495,4.791258829292502,-0.0012213974055539367,0.0010877433644989054,-0.0005305464438106089,-0.000280237882054557,-7.207928724728419e-05,8.005732103910645e-06,8.817949736039665e-05,0.00028076356849604517,0.0004976366381416852
85,70,15,day,81,simple_return,5m,23040,3.666741682839084e-05,3.211097560584797e-05,0.0004066757331901931,0.12238726494740725,5.18358094157494,-0.0018777383684541737,0.0022192560667708694,-0.0013311521683345706,-0.0005685840496465145,-0.00016796371983673897,3.211097560584797e-05,0.00024082844986739183,0.0005843604343762298,0.0014788018446128808
85,70,15,day,81,log_return,5m,23040,3.6584064359112794e-05,3.2110460059353585e-05,0.0004066509466866273,0.11801631398991691,5.17951737293787,-0.0018795035291629958,0.0022167971553237464,-0.0013320389384201548,-0.0005687457548558151,-0.00016797782732247413,3.2110460059353585e-05,0.0002407994553514925,0.0005841897623031221,0.001477709493897255
85,70,15,day,82,price,level,23340,100.25108613275955,100.24138393455814,0.11927055194285856,-0.09413186296099889,-0.36596507178607984,99.95138795762372,100.51126458361271,99.98323722676682,100.03184843100446,100.18606678288856,100.24138393455814,100.34363685128068,100.4425372133566,100.4928255330562
85,70,15,day,82,simple_return,1s,23339,1.2081290565303708e-07,0.0,2.5291590022013563e-05,0.016865675020899144,6.893311290031981,-0.00030100334448135424,0.0002507983748265552,-6.701921005588529e-05,-3.684445859549744e-05,-8.376717750835372e-06,0.0,8.3712831502325e-06,4.163879601295494e-05,6.702412868642149e-05
85,70,15,day,82,log_return,1s,23339,1.2049307996332762e-07,0.0,2.5291581644059135e-05,0.01652833895277063,6.893721172799017,-0.00030104865508029377,0.0002507669301712312,-6.702145594374543e-05,-3.6845137370189446e-05,-8.37675283582584e-06,0.0,8.371248110705665e-06,4.1637929142357415e-05,6.702188267038167e-05
85,70,15,day,82,simple_return,1m,23280,6.709153554728648e-06,1.1781042538738795e-05,0.00016548585106427414,-0.30265152202414225,1.400959276148951,-0.000954015099519423,0.0006704434983744179,-0.00043407850142751503,-0.0002678095438987005,-8.36694054453524e-05,1.1781042538738795e-05,0.00010885994331466531,0.0002678443876080183,0.0004022930705016581
85,70,15,day,82,log_return,1m,23280,6.69543857895503e-06,1.1780973140140816e-05,0.00016548889305476036,-0.30347304856817814,1.4023774844462151,-0.0009544704615622734,0.000670218851535509,-0.00043417274077306445,-0.0002678454112784223,-8.367290592481424e-05,1.1780973140140816e-05,0.00010885401850058152,0.0002678085237036498,0.0004022121723403771
85,70,15,day,82,simple_return,5m,23040,2.9670060469823836e-05,3.347672534426138e-05,0.000348856853724442,-0.042672828849452546,0.6129682005344215,-0.0014728033472803936,0.0012241096778120575,-0.000834297991439521,-0.0005516180797006109,-0.00018403419693852063,3.347672534426138e-05,0.00023389932393164115,0.0006199641049142943,0.0009037540213785358
85,70,15,day,82,log_return,5m,23040,2.9608775404581657e-05,3.347616501114814e-05,0.00034884916469149827,-0.04403917499659322,0.6135715535116129,-0.0014738889882179862,0.001223361066419848,-0.0008346462117666053,-0.0005517702769264332,-0.0001840511333091044,3.347616501114814e-05,0.00023387197374935553,0.0006197720065589162,0.0009033458815867947
85,70,15,day,83,price,level,23340,100.65790699908075,100.63180510542225,0.28805253209338366,-0.17165255764708023,-0.9850158020313233,99.9508393722006,101.13069443938676,100.02913222388112,100.16204799533884,100.43516259422454,100.63180510542225,100.96500491606278,101.05058082371364,101.08153381158732
85,70,15,day,83,simple_return,1s,23339,3.83996543703444e-07,0.0,6.1281139952269e-05,0.23976983665271673,19.517583837495412,-0.0009801608189786704,0.001089008276462966,-0.000168989051347237,-9.068353623337133e-05,-1.8752240358022032e-05,0.0,2.1715626288387746e-05,9.079417321589121e-05,0.00016378174381243224
85,70,15,day,83,log_return,1s,23339,3.821188811263902e-07,0.0,6.128066858983403e-05,0.237798066052874,19.506577299676696,-0.000980641490710532,0.0010884157370973924,-0.00016900333383306434,-9.068764823449982e-05,-1.875241618343182e-05,0.0,2.1715390507992538e-05,9.079005167480502e-05,0.00016376833304713396
85,70,15,day,83,simple_return,1m,23280,2.3969598855958218e-05,2.325972014993738e-05,0.0004379678056631669,-0.04714503374320817,0.7522327168282081,-0.0017061749010782723,0.0018278965129359115,-0.0011064153954981615,-0.0007115968533706885,-0.000234193678658845,2.325972014993738e-05,0.0002893300778868957,0.0007428686884905166,0.0011122834161336386
85,70,15,day,83,log_return,1m,23280,2.3873411053011856e-05,2.3259449631218843e-05,0.0004379619628999666,-0.04895135532740327,0.7521972714517413,-0.0017076320751732155,0.001826227943110048,-0.0011070279248617254,-0.0007118501585864579,-0.00023422110628090742,2.3259449631218843e-05,0.0002892882300116195,0.0007425928981216411,0.0011116652863281179
85,70,15,day,83,simple_return,5m,23040,0.00011947722456271994,7.243297088865841e-05,0.0009941897254333466,0.15425905213230373,0.4626911281003503,-0.003328208374785202,0.0038362241373042227,-0.002248188771325759,-0.001466959896667963,-0.000522673203085966,7.243297088865841e-05,0.0007393482036542887,0.0018331178565042735,0.002673360108067069
85,70,15,day,83,log_return,5m,23040,0.00011897607029801552,7.243034774750967e-05,0.0009939961782710156,0.15062308492720075,0.46154490440561347,-0.003333759179857232,0.0038288845942542338,-0.0022507197418206726,-0.0014680369357872535,-0.0005228098443392781,7.243034774750967e-05,0.0007390750204134822,0.0018314397464305183,0.0026697930368966283
85,70,15,day,84,price,level,23340,99.25729352475531,99.26171568199668,0.2210517597094549,0.013753670611393048,-0.6875306353657011,98.7922157256305,100.0,98.82886813858104,98.88646478750329,99.08892573522996,99.26171568199668,99.44846845274456,99.57064316257964,99.65407976263198
85,70,15,day,84,simple_return,1s,23339,-3.1782837963565527e-07,0.0,6.22268000231953e-05,-0.2726265401311493,8.652783325983258,-0.000877978542204505,0.0007380462860455683,-0.0001756623965608073,-0.00010510126508040951,-3.492055448961473e-05,0.0,3.505512418278123e-05,9.149391509095646e-05,0.00017125679227226944
85,70,15,day,84,log_return,1s,23339,-3.19764457677228e-07,0.0,6.222734883896451e-05,-0.2736139428099657,8.656123771525595,-0.0008783641911085383,0.0007377740638183639,-0.00017567782700703916,-0.00010510678860589095,-3.4921164226986434e-05,0.0,3.505450976604152e-05,9.148972977790476e-05,0.0001712421294964981
85,70,15,day,84,simple_return,1m,23280,-1.8710236447818195e-05,-1.7680202518743915e-05,0.00043382224377295776,0.11918240105508843,1.5160276568574993,-0.0025051201139173473,0.0020276822710043607,-0.0011182063637904715,-0.0007034711023278572,-0.0002803660530732166,-1.7680202518743915e-05,0.0002245111913742326,0.0007141503177902185,0.0011960650071141056
85,70,15,day,84,log_return,1m,23280,-1.8804508631811035e-05,-1.7680358815219677e-05,0.00043381930484461483,0.11690357817694887,1.516455330022204,-0.0025082631775745767,0.002025629298024967,-0.001118832023045515,-0.0007037186542277141,-0.00028040536298279406,-1.7680358815219677e-05,0.000224485992499579,0.0007138954337942314,0.0011953502910870995
85,70,15,day,84,simple_return,5m,23040,-6.84448134030091e-05,-8.81619691957547e-05,0.0009941176810187885,-0.1345955280711625,0.7775568183456292,-0.003857297448249364,0.0032444368798729695,-0.002920255789703099,-0.0016386062704195237,-0.0006677698075227556,-8.81619691957547e-05,0.0005188637767548077,0.0016758993109862396,0.0022197742533090745
85,70,15,day,84,log_return,5m,23040,-6.894138204150324e-05,-8.816585569082491e-05,0.0009942538166155474,-0.13871320018558392,0.7818519559341413,-0.0038647560061466635,0.0032391850509583264,-0.002924528056191633,-0.0016399502540502375,-0.0006679928650870082,-8.816585569082491e-05,0.0005187292134900545,0.0016744965587648596,0.0022173141926065585
85,70,15,day,85,price,level,23340,100.31726055065383,100.0861252260787,0.43737572980813005,1.0656365557640113,-0.54180169791641,99.93109981913702,101.35862544139178,99.9397123417449,99.9537076909827,100.0129187839118,100.0861252260787,100.63517354233056,101.1584068986306,101.27895960726896
85,70,15,day,85,simple_return,1s,23339,5.506753258475544e-07,0.0,3.721430501080571e-05,1.9132156837397698,127.5918975273155,-0.0007737941707507412,0.0014643444716957443,-0.00010652113963593556,-4.306261303943515e-05,-1.0764726145584547e-05,0.0,1.0767276094503231e-05,4.650323769823591e-05,0.00010643841746814874
85,70,15,day,85,log_return,1s,23339,5.499827852105991e-07,0.0,3.7212962873312545e-05,1.906195374188512,127.32240391124287,-0.0007740937039875107,0.0014632733648491936,-0.0001065268134157904,-4.306354026084591e-05,-1.0764784085459667e-05,0.0,1.0767218127760714e-05,4.650215644561514e-05,0.0001064327533019771
85,70,15,day,85,simple_return,1m,23280,3.286389682262838e-05,1.93733798146134e-05,0.0002740782023751145,1.3587788609893445,10.948933005369675,-0.001340824926574058,0.0029502336498912207,-0.0007401591720617628,-0.00032265037928255746,-8.610112577223106e-05,1.93733798146134e-05,0.00011840051665679141,0.0004950922838877513,0.0009182441214022118
85,70,15,day,85,log_return,1m,23280,3.2825810771221344e-05,1.937319215317146e-05,0.00027401829228524907,1.3542200909082027,10.920115569007105,-0.0013417246366413949,0.002945890251194072,-0.0007404332266934066,-0.0003227024421158742,-8.61048326870062e-05,1.937319215317146e-05,0.00011839350786946312,0.000494969765624772,0.0009178227931684811
85,70,15,day,85,simple_return,5m,23040,0.00015333467302463722,4.308835806554612e-05,0.0007278943136995528,1.801755202476446,8.735224560033819,-0.0025055064260989246,0.004909349295896037,-0.0018060317793476288,-0.0006087608201025662,-0.0001614122495790793,4.308835806554612e-05,0.00027990698475566234,0.0014826215992094324,0.0033566644313170134
85,70,15,day,85,log_return,5m,23040,0.0001530583267806683,4.308742978942348e-05,0.0007273074592696328,1.7935895633148145,8.701276362976431,-0.0025086504600206894,0.004897337737224561,-0.0018076646210282287,-0.0006089461902109683,-0.00016142527793805428,4.308742978942348e-05,0.0002798678181035186,0.0014815236009465323,0.0033510434069252536
85,70,15,pooled_available_days,pooled,log_return,1m,1591812,3.862433634218421e-06,3.5139476306511597e-06,0.0003429745247569119,0.2858875138305417,16.23092473032943,-0.005534279979362289,0.007814882262065836,-0.000977469263671864,-0.000504940342273219,-0.00014385088852808536,3.5139476306511597e-06,0.00015476881439280277,0.0004985357048170157,0.0009506916579250023
85,70,15,pooled_available_days,pooled,log_return,1s,1595942,6.50757965325541e-08,0.0,4.62002090391469e-05,-0.0898611337695735,89.22360749722563,-0.0031301863369614935,0.003186506913699816,-0.0001335395949864715,-6.677276118960407e-05,-1.6761789824570883e-05,0.0,1.6892890626785118e-05,6.647911184884944e-05,0.00012850938503564062
85,70,15,pooled_available_days,pooled,log_return,5m,1575012,1.9565767192315024e-05,3.084610876591398e-05,0.0007560995855756815,0.08349942420835214,11.404852801490025,-0.009784168146377503,0.010162427750212366,-0.0021431869600665185,-0.0011211312695022179,-0.0003156608264160976,3.084610876591398e-05,0.0003620641061417018,0.001123463797986268,0.0020825630768216805
85,70,15,pooled_available_days,pooled,price,level,1596012,100.10483426764985,100.08129064532264,0.46210184678758126,0.7426739939012087,3.8063234333141125,97.97829481538211,102.42950481430536,99.01561393901346,99.39448985770512,99.87964647299856,100.08129064532264,100.31592380478088,100.83580102797288,101.85866574965613
85,70,15,pooled_available_days,pooled,simple_return,1m,1591812,3.92125897939641e-06,3.5139538044903773e-06,0.0003429928852079119,0.2952369325718675,16.29431181765176,-0.005518994063762328,0.007845498155686581,-0.0009769916962066583,-0.0005048128813530117,-0.00014384054248450795,3.5139538044903773e-06,0.00015478079170394565,0.0004986599943945345,0.000951143708480897
85,70,15,pooled_available_days,pooled,simple_return,1s,1595942,6.614302624884587e-08,0.0,4.620011878323747e-05,-0.08354063838646122,89.1968275642352,-0.003125292411340852,0.0031915892236928922,-0.00013353067897157734,-6.677053193870908e-05,-1.6761649346386243e-05,0.0,1.6893033312870287e-05,6.648132163414862e-05,0.00012851764272076298
85,70,15,pooled_available_days,pooled,simple_return,5m,1575012,1.9851813517915704e-05,3.084658451180111e-05,0.0007561400098328208,0.09870344291926539,11.426711229603335,-0.009736458898437883,0.010214240585093126,-0.002140891974713247,-0.0011205030366396528,-0.00031561101077959286,3.084658451180111e-05,0.000362129659261079,0.0011240951198391634,0.0020847331174606207
