day,feature,best_candidate
1,BB1_T1,ema
1,BB1_T10,rolling_mean
1,BB1_T11,rolling_mean
1,BB1_T12,rolling_mean
1,BB1_T2,rolling_mean
1,BB1_T3,rolling_mean
1,BB1_T4,rolling_mean
1,BB1_T5,rolling_mean
1,BB1_T6,rolling_mean
1,BB1_T7,rolling_mean
1,BB1_T8,rolling_mean
1,BB1_T9,rolling_mean
1,BB10_T1,z_score
1,BB10_T10,z_score
1,BB10_T11,z_score
1,BB10_T12,z_score
1,BB10_T2,z_score
1,BB10_T3,z_score
1,BB10_T4,z_score
1,BB10_T5,z_score
1,BB10_T6,z_score
1,BB10_T7,z_score
1,BB10_T8,z_score
1,BB10_T9,z_score
1,BB11_T1,rolling_max
1,BB11_T10,rolling_max
1,BB11_T11,rolling_max
1,BB11_T12,rolling_max
1,BB11_T2,rolling_max
1,BB11_T3,rolling_max
1,BB11_T4,rolling_max
1,BB11_T5,rolling_max
1,BB11_T6,rolling_max
1,BB11_T7,rolling_max
1,BB11_T8,rolling_max
1,BB11_T9,rolling_max
1,BB12_T1,rolling_min
1,BB12_T10,rolling_min
1,BB12_T11,rolling_min
1,BB12_T12,rolling_min
1,BB12_T2,rolling_min
1,BB12_T3,rolling_min
1,BB12_T4,rolling_min
1,BB12_T5,rolling_min
1,BB12_T6,rolling_min
1,BB12_T7,rolling_min
1,BB12_T8,rolling_min
1,BB12_T9,rolling_min
1,BB13_T1,ema
1,BB13_T10,ema
1,BB13_T11,ema
1,BB13_T12,ema
1,BB13_T2,ema
1,BB13_T3,ema
1,BB13_T4,ema
1,BB13_T5,ema
1,BB13_T6,ema
1,BB13_T7,ema
1,BB13_T8,ema
1,BB13_T9,ema
1,BB14_T1,rolling_max
1,BB14_T10,ema
1,BB14_T11,ema
1,BB14_T12,ema
1,BB14_T2,ema
1,BB14_T3,ema
1,BB14_T4,ema
1,BB14_T5,ema
1,BB14_T6,ema
1,BB14_T7,ema
1,BB14_T8,ema
1,BB14_T9,ema
1,BB15_T1,rolling_min
1,BB15_T10,ema
1,BB15_T11,ema
1,BB15_T12,ema
1,BB15_T2,ema
1,BB15_T3,ema
1,BB15_T4,ema
1,BB15_T5,ema
1,BB15_T6,ema
1,BB15_T7,ema
1,BB15_T8,ema
1,BB15_T9,ema
1,BB2_T1,momentum
1,BB2_T10,rolling_return_mean
1,BB2_T11,rolling_return_mean
1,BB2_T12,momentum
1,BB2_T2,momentum
1,BB2_T3,rolling_return_mean
1,BB2_T4,rolling_return_mean
1,BB2_T5,rolling_return_mean
1,BB2_T6,rolling_return_mean
1,BB2_T7,rolling_return_mean
1,BB2_T8,rolling_return_mean
1,BB2_T9,rolling_return_mean
1,BB3_T1,normalized_deviation
1,BB3_T10,normalized_deviation
1,BB3_T11,normalized_deviation
1,BB3_T12,normalized_deviation
1,BB3_T2,normalized_deviation
1,BB3_T3,normalized_deviation
1,BB3_T4,price_minus_mean
1,BB3_T5,price_minus_mean
1,BB3_T6,price_minus_mean
1,BB3_T7,price_minus_mean
1,BB3_T8,normalized_deviation
1,BB3_T9,normalized_deviation
1,BB4_T1,rolling_mean
1,BB4_T10,rolling_mean
1,BB4_T11,rolling_mean
1,BB4_T12,rolling_mean
1,BB4_T2,rolling_mean
1,BB4_T3,rolling_mean
1,BB4_T4,rolling_mean
1,BB4_T5,rolling_mean
1,BB4_T6,rolling_mean
1,BB4_T7,rolling_mean
1,BB4_T8,rolling_mean
1,BB4_T9,rolling_mean
1,BB5_T1,ema
1,BB5_T10,ema
1,BB5_T11,ema
1,BB5_T12,ema
1,BB5_T2,ema
1,BB5_T3,ema
1,BB5_T4,ema
1,BB5_T5,ema
1,BB5_T6,ema
1,BB5_T7,ema
1,BB5_T8,ema
1,BB5_T9,ema
1,BB6_T1,rolling_mean
1,BB6_T10,rolling_mean
1,BB6_T11,rolling_mean
1,BB6_T12,rolling_mean
1,BB6_T2,rolling_mean
1,BB6_T3,rolling_mean
1,BB6_T4,rolling_mean
1,BB6_T5,rolling_mean
1,BB6_T6,rolling_mean
1,BB6_T7,rolling_mean
1,BB6_T8,rolling_mean
1,BB6_T9,rolling_mean
1,BB7_T1,rolling_max
1,BB7_T10,rolling_max
1,BB7_T11,rolling_max
1,BB7_T12,rolling_max
1,BB7_T2,rolling_max
1,BB7_T3,rolling_max
1,BB7_T4,rolling_max
1,BB7_T5,rolling_max
1,BB7_T6,rolling_max
1,BB7_T7,rolling_max
1,BB7_T8,rolling_max
1,BB7_T9,rolling_max
1,BB8_T1,rolling_min
1,BB8_T10,rolling_min
1,BB8_T11,rolling_min
1,BB8_T12,rolling_min
1,BB8_T2,rolling_min
1,BB8_T3,rolling_min
1,BB8_T4,rolling_min
1,BB8_T5,rolling_min
1,BB8_T6,rolling_min
1,BB8_T7,rolling_min
1,BB8_T8,rolling_min
1,BB8_T9,rolling_min
1,BB9_T1,rolling_std
1,BB9_T10,rolling_std
1,BB9_T11,rolling_std
1,BB9_T12,rolling_std
1,BB9_T2,rolling_std
1,BB9_T3,rolling_std
1,BB9_T4,rolling_std
1,BB9_T5,rolling_std
1,BB9_T6,rolling_std
1,BB9_T7,rolling_std
1,BB9_T8,rolling_std
1,BB9_T9,rolling_std
1,PB1_T1,normalized_deviation
1,PB1_T10,normalized_deviation
1,PB1_T11,normalized_deviation
1,PB1_T12,z_score
1,PB1_T2,price_minus_mean
1,PB1_T3,price_minus_mean
1,PB1_T4,price_minus_mean
1,PB1_T5,price_minus_mean
1,PB1_T6,price_minus_mean
1,PB1_T7,normalized_deviation
1,PB1_T8,normalized_deviation
1,PB1_T9,normalized_deviation
1,PB10_T1,ema
1,PB10_T10,rolling_max
1,PB10_T11,rolling_max
1,PB10_T12,rolling_max
1,PB10_T2,ema
1,PB10_T3,ema
1,PB10_T4,ema
1,PB10_T5,ema
1,PB10_T6,ema
1,PB10_T7,ema
1,PB10_T8,rolling_max
1,PB10_T9,rolling_max
1,PB11_T1,ema
1,PB11_T10,ema
1,PB11_T11,ema
1,PB11_T12,rolling_std
1,PB11_T2,ema
1,PB11_T3,ema
1,PB11_T4,ema
1,PB11_T5,ema
1,PB11_T6,ema
1,PB11_T7,ema
1,PB11_T8,ema
1,PB11_T9,ema
1,PB12_T1,normalized_deviation
1,PB12_T10,normalized_deviation
1,PB12_T11,normalized_deviation
1,PB12_T12,z_score
1,PB12_T2,price_minus_mean
1,PB12_T3,price_minus_mean
1,PB12_T4,price_minus_mean
1,PB12_T5,price_minus_mean
1,PB12_T6,price_minus_mean
1,PB12_T7,normalized_deviation
1,PB12_T8,normalized_deviation
1,PB12_T9,normalized_deviation
1,PB13_T1,normalized_deviation
1,PB13_T10,normalized_deviation
1,PB13_T11,normalized_deviation
1,PB13_T12,z_score
1,PB13_T2,price_minus_mean
1,PB13_T3,price_minus_mean
1,PB13_T4,price_minus_mean
1,PB13_T5,price_minus_mean
1,PB13_T6,price_minus_mean
1,PB13_T7,normalized_deviation
1,PB13_T8,normalized_deviation
1,PB13_T9,normalized_deviation
1,PB14_T1,z_score
1,PB14_T10,price_minus_mean
1,PB14_T11,normalized_deviation
1,PB14_T12,z_score
1,PB14_T2,z_score
1,PB14_T3,z_score
1,PB14_T4,z_score
1,PB14_T5,z_score
1,PB14_T6,z_score
1,PB14_T7,z_score
1,PB14_T8,z_score
1,PB14_T9,z_score
1,PB15_T1,z_score
1,PB15_T10,z_score
1,PB15_T11,z_score
1,PB15_T12,distance_from_high
1,PB15_T2,z_score
1,PB15_T3,z_score
1,PB15_T4,z_score
1,PB15_T5,z_score
1,PB15_T6,z_score
1,PB15_T7,z_score
1,PB15_T8,z_score
1,PB15_T9,z_score
1,PB16_T1,z_score
1,PB16_T10,z_score
1,PB16_T11,z_score
1,PB16_T12,distance_from_high
1,PB16_T2,z_score
1,PB16_T3,z_score
1,PB16_T4,z_score
1,PB16_T5,z_score
1,PB16_T6,z_score
1,PB16_T7,z_score
1,PB16_T8,z_score
1,PB16_T9,z_score
1,PB17_T1,z_score
1,PB17_T10,z_score
1,PB17_T11,z_score
1,PB17_T12,distance_from_high
1,PB17_T2,z_score
1,PB17_T3,z_score
1,PB17_T4,z_score
1,PB17_T5,z_score
1,PB17_T6,z_score
1,PB17_T7,z_score
1,PB17_T8,z_score
1,PB17_T9,z_score
1,PB18_T1,z_score
1,PB18_T10,z_score
1,PB18_T11,z_score
1,PB18_T12,z_score
1,PB18_T2,z_score
1,PB18_T3,z_score
1,PB18_T4,z_score
1,PB18_T5,z_score
1,PB18_T6,z_score
1,PB18_T7,z_score
1,PB18_T8,z_score
1,PB18_T9,z_score
1,PB2_T1,z_score
1,PB2_T10,distance_from_high
1,PB2_T11,distance_from_high
1,PB2_T12,z_score
1,PB2_T2,z_score
1,PB2_T3,z_score
1,PB2_T4,z_score
1,PB2_T5,z_score
1,PB2_T6,z_score
1,PB2_T7,z_score
1,PB2_T8,z_score
1,PB2_T9,z_score
1,PB3_T1,z_score
1,PB3_T10,z_score
1,PB3_T11,z_score
1,PB3_T12,upside_volatility
1,PB3_T2,z_score
1,PB3_T3,z_score
1,PB3_T4,z_score
1,PB3_T5,z_score
1,PB3_T6,z_score
1,PB3_T7,z_score
1,PB3_T8,z_score
1,PB3_T9,z_score
1,PB4_T1,normalized_deviation
1,PB4_T10,normalized_deviation
1,PB4_T11,normalized_deviation
1,PB4_T12,z_score
1,PB4_T2,price_minus_mean
1,PB4_T3,price_minus_mean
1,PB4_T4,price_minus_mean
1,PB4_T5,price_minus_mean
1,PB4_T6,price_minus_mean
1,PB4_T7,normalized_deviation
1,PB4_T8,normalized_deviation
1,PB4_T9,normalized_deviation
1,PB5_T1,normalized_deviation
1,PB5_T10,normalized_deviation
1,PB5_T11,normalized_deviation
1,PB5_T12,z_score
1,PB5_T2,price_minus_mean
1,PB5_T3,price_minus_mean
1,PB5_T4,price_minus_mean
1,PB5_T5,price_minus_mean
1,PB5_T6,price_minus_mean
1,PB5_T7,normalized_deviation
1,PB5_T8,normalized_deviation
1,PB5_T9,normalized_deviation
1,PB6_T1,normalized_deviation
1,PB6_T10,rolling_return_mean
1,PB6_T11,rolling_return_mean
1,PB6_T12,rolling_std
1,PB6_T2,normalized_deviation
1,PB6_T3,rolling_return_mean
1,PB6_T4,momentum
1,PB6_T5,momentum
1,PB6_T6,rolling_return_mean
1,PB6_T7,rolling_return_mean
1,PB6_T8,rolling_return_mean
1,PB6_T9,price_minus_mean
1,PB7_T1,z_score
1,PB7_T10,z_score
1,PB7_T11,z_score
1,PB7_T12,z_score
1,PB7_T2,z_score
1,PB7_T3,z_score
1,PB7_T4,z_score
1,PB7_T5,z_score
1,PB7_T6,z_score
1,PB7_T7,z_score
1,PB7_T8,z_score
1,PB7_T9,z_score
1,PB8_T1,z_score
1,PB8_T10,z_score
1,PB8_T11,z_score
1,PB8_T12,distance_from_high
1,PB8_T2,z_score
1,PB8_T3,z_score
1,PB8_T4,z_score
1,PB8_T5,z_score
1,PB8_T6,z_score
1,PB8_T7,z_score
1,PB8_T8,z_score
1,PB8_T9,z_score
1,PB9_T1,ema
1,PB9_T10,rolling_max
1,PB9_T11,price_minus_mean
1,PB9_T12,price_minus_mean
1,PB9_T2,ema
1,PB9_T3,ema
1,PB9_T4,ema
1,PB9_T5,ema
1,PB9_T6,ema
1,PB9_T7,ema
1,PB9_T8,ema
1,PB9_T9,ema
2,BB1_T1,rolling_mean
2,BB1_T10,rolling_mean
2,BB1_T11,rolling_mean
2,BB1_T12,rolling_mean
2,BB1_T2,rolling_mean
2,BB1_T3,rolling_mean
2,BB1_T4,rolling_mean
2,BB1_T5,rolling_mean
2,BB1_T6,rolling_mean
2,BB1_T7,rolling_mean
2,BB1_T8,rolling_mean
2,BB1_T9,rolling_mean
2,BB10_T1,z_score
2,BB10_T10,z_score
2,BB10_T11,z_score
2,BB10_T12,z_score
2,BB10_T2,z_score
2,BB10_T3,z_score
2,BB10_T4,z_score
2,BB10_T5,z_score
2,BB10_T6,z_score
2,BB10_T7,z_score
2,BB10_T8,z_score
2,BB10_T9,z_score
2,BB11_T1,rolling_max
2,BB11_T10,rolling_max
2,BB11_T11,rolling_max
2,BB11_T12,rolling_max
2,BB11_T2,rolling_max
2,BB11_T3,rolling_max
2,BB11_T4,rolling_max
2,BB11_T5,rolling_max
2,BB11_T6,rolling_max
2,BB11_T7,rolling_max
2,BB11_T8,rolling_max
2,BB11_T9,rolling_max
2,BB12_T1,rolling_min
2,BB12_T10,rolling_min
2,BB12_T11,rolling_min
2,BB12_T12,rolling_min
2,BB12_T2,rolling_min
2,BB12_T3,rolling_min
2,BB12_T4,rolling_min
2,BB12_T5,rolling_min
2,BB12_T6,rolling_min
2,BB12_T7,rolling_min
2,BB12_T8,rolling_min
2,BB12_T9,rolling_min
2,BB13_T1,ema
2,BB13_T10,ema
2,BB13_T11,ema
2,BB13_T12,ema
2,BB13_T2,ema
2,BB13_T3,ema
2,BB13_T4,ema
2,BB13_T5,ema
2,BB13_T6,ema
2,BB13_T7,ema
2,BB13_T8,ema
2,BB13_T9,ema
2,BB14_T1,rolling_max
2,BB14_T10,ema
2,BB14_T11,ema
2,BB14_T12,ema
2,BB14_T2,ema
2,BB14_T3,ema
2,BB14_T4,ema
2,BB14_T5,ema
2,BB14_T6,ema
2,BB14_T7,ema
2,BB14_T8,ema
2,BB14_T9,ema
2,BB15_T1,rolling_min
2,BB15_T10,ema
2,BB15_T11,ema
2,BB15_T12,ema
2,BB15_T2,ema
2,BB15_T3,ema
2,BB15_T4,ema
2,BB15_T5,ema
2,BB15_T6,ema
2,BB15_T7,ema
2,BB15_T8,ema
2,BB15_T9,ema
2,BB2_T1,momentum
2,BB2_T10,momentum
2,BB2_T11,momentum
2,BB2_T12,momentum
2,BB2_T2,momentum
2,BB2_T3,momentum
2,BB2_T4,rolling_return_mean
2,BB2_T5,rolling_return_mean
2,BB2_T6,rolling_return_mean
2,BB2_T7,rolling_return_mean
2,BB2_T8,rolling_return_mean
2,BB2_T9,rolling_return_mean
2,BB3_T1,price_minus_mean
2,BB3_T10,normalized_deviation
2,BB3_T11,normalized_deviation
2,BB3_T12,price_minus_mean
2,BB3_T2,price_minus_mean
2,BB3_T3,price_minus_mean
2,BB3_T4,price_minus_mean
2,BB3_T5,price_minus_mean
2,BB3_T6,price_minus_mean
2,BB3_T7,normalized_deviation
2,BB3_T8,normalized_deviation
2,BB3_T9,normalized_deviation
2,BB4_T1,rolling_mean
2,BB4_T10,rolling_mean
2,BB4_T11,rolling_mean
2,BB4_T12,rolling_mean
2,BB4_T2,rolling_mean
2,BB4_T3,rolling_mean
2,BB4_T4,rolling_mean
2,BB4_T5,rolling_mean
2,BB4_T6,rolling_mean
2,BB4_T7,rolling_mean
2,BB4_T8,rolling_mean
2,BB4_T9,rolling_mean
2,BB5_T1,ema
2,BB5_T10,ema
2,BB5_T11,ema
2,BB5_T12,ema
2,BB5_T2,ema
2,BB5_T3,ema
2,BB5_T4,ema
2,BB5_T5,ema
2,BB5_T6,ema
2,BB5_T7,ema
2,BB5_T8,ema
2,BB5_T9,ema
2,BB6_T1,rolling_mean
2,BB6_T10,rolling_mean
2,BB6_T11,rolling_mean
2,BB6_T12,rolling_mean
2,BB6_T2,rolling_mean
2,BB6_T3,rolling_mean
2,BB6_T4,rolling_mean
2,BB6_T5,rolling_mean
2,BB6_T6,rolling_mean
2,BB6_T7,rolling_mean
2,BB6_T8,rolling_mean
2,BB6_T9,rolling_mean
2,BB7_T1,rolling_max
2,BB7_T10,rolling_max
2,BB7_T11,rolling_max
2,BB7_T12,rolling_max
2,BB7_T2,rolling_max
2,BB7_T3,rolling_max
2,BB7_T4,rolling_max
2,BB7_T5,rolling_max
2,BB7_T6,rolling_max
2,BB7_T7,rolling_max
2,BB7_T8,rolling_max
2,BB7_T9,rolling_max
2,BB8_T1,rolling_min
2,BB8_T10,rolling_min
2,BB8_T11,rolling_min
2,BB8_T12,ema
2,BB8_T2,rolling_min
2,BB8_T3,rolling_min
2,BB8_T4,rolling_min
2,BB8_T5,rolling_min
2,BB8_T6,rolling_min
2,BB8_T7,rolling_min
2,BB8_T8,rolling_min
2,BB8_T9,rolling_min
2,BB9_T1,rolling_std
2,BB9_T10,rolling_std
2,BB9_T11,rolling_std
2,BB9_T12,rolling_std
2,BB9_T2,rolling_std
2,BB9_T3,rolling_std
2,BB9_T4,rolling_std
2,BB9_T5,rolling_std
2,BB9_T6,rolling_std
2,BB9_T7,rolling_std
2,BB9_T8,rolling_std
2,BB9_T9,rolling_std
2,PB1_T1,price_minus_mean
2,PB1_T10,z_score
2,PB1_T11,z_score
2,PB1_T12,z_score
2,PB1_T2,normalized_deviation
2,PB1_T3,z_score
2,PB1_T4,z_score
2,PB1_T5,z_score
2,PB1_T6,z_score
2,PB1_T7,z_score
2,PB1_T8,z_score
2,PB1_T9,z_score
2,PB10_T1,ema
2,PB10_T10,ema
2,PB10_T11,ema
2,PB10_T12,ema
2,PB10_T2,ema
2,PB10_T3,ema
2,PB10_T4,ema
2,PB10_T5,ema
2,PB10_T6,ema
2,PB10_T7,ema
2,PB10_T8,ema
2,PB10_T9,ema
2,PB11_T1,ema
2,PB11_T10,ema
2,PB11_T11,ema
2,PB11_T12,ema
2,PB11_T2,ema
2,PB11_T3,ema
2,PB11_T4,ema
2,PB11_T5,ema
2,PB11_T6,ema
2,PB11_T7,ema
2,PB11_T8,ema
2,PB11_T9,ema
2,PB12_T1,price_minus_mean
2,PB12_T10,z_score
2,PB12_T11,z_score
2,PB12_T12,z_score
2,PB12_T2,normalized_deviation
2,PB12_T3,z_score
2,PB12_T4,z_score
2,PB12_T5,z_score
2,PB12_T6,z_score
2,PB12_T7,z_score
2,PB12_T8,z_score
2,PB12_T9,z_score
2,PB13_T1,price_minus_mean
2,PB13_T10,z_score
2,PB13_T11,z_score
2,PB13_T12,z_score
2,PB13_T2,normalized_deviation
2,PB13_T3,z_score
2,PB13_T4,z_score
2,PB13_T5,z_score
2,PB13_T6,z_score
2,PB13_T7,z_score
2,PB13_T8,z_score
2,PB13_T9,z_score
2,PB14_T1,z_score
2,PB14_T10,z_score
2,PB14_T11,z_score
2,PB14_T12,z_score
2,PB14_T2,z_score
2,PB14_T3,z_score
2,PB14_T4,z_score
2,PB14_T5,z_score
2,PB14_T6,z_score
2,PB14_T7,z_score
2,PB14_T8,z_score
2,PB14_T9,z_score
2,PB15_T1,z_score
2,PB15_T10,z_score
2,PB15_T11,z_score
2,PB15_T12,distance_from_low
2,PB15_T2,z_score
2,PB15_T3,z_score
2,PB15_T4,z_score
2,PB15_T5,z_score
2,PB15_T6,z_score
2,PB15_T7,z_score
2,PB15_T8,z_score
2,PB15_T9,z_score
2,PB16_T1,z_score
2,PB16_T10,z_score
2,PB16_T11,z_score
2,PB16_T12,distance_from_low
2,PB16_T2,z_score
2,PB16_T3,z_score
2,PB16_T4,z_score
2,PB16_T5,z_score
2,PB16_T6,z_score
2,PB16_T7,z_score
2,PB16_T8,z_score
2,PB16_T9,z_score
2,PB17_T1,z_score
2,PB17_T10,z_score
2,PB17_T11,z_score
2,PB17_T12,distance_from_low
2,PB17_T2,z_score
2,PB17_T3,z_score
2,PB17_T4,z_score
2,PB17_T5,z_score
2,PB17_T6,z_score
2,PB17_T7,z_score
2,PB17_T8,z_score
2,PB17_T9,z_score
2,PB18_T1,z_score
2,PB18_T10,z_score
2,PB18_T11,z_score
2,PB18_T12,price_minus_mean
2,PB18_T2,z_score
2,PB18_T3,z_score
2,PB18_T4,z_score
2,PB18_T5,z_score
2,PB18_T6,z_score
2,PB18_T7,z_score
2,PB18_T8,z_score
2,PB18_T9,z_score
2,PB2_T1,z_score
2,PB2_T10,distance_from_low
2,PB2_T11,distance_from_low
2,PB2_T12,z_score
2,PB2_T2,z_score
2,PB2_T3,z_score
2,PB2_T4,z_score
2,PB2_T5,z_score
2,PB2_T6,z_score
2,PB2_T7,z_score
2,PB2_T8,z_score
2,PB2_T9,z_score
2,PB3_T1,z_score
2,PB3_T10,absolute_return_mean
2,PB3_T11,rolling_min
2,PB3_T12,rolling_median
2,PB3_T2,z_score
2,PB3_T3,z_score
2,PB3_T4,z_score
2,PB3_T5,z_score
2,PB3_T6,z_score
2,PB3_T7,z_score
2,PB3_T8,price_minus_mean
2,PB3_T9,distance_from_low
2,PB4_T1,price_minus_mean
2,PB4_T10,z_score
2,PB4_T11,z_score
2,PB4_T12,z_score
2,PB4_T2,normalized_deviation
2,PB4_T3,z_score
2,PB4_T4,z_score
2,PB4_T5,z_score
2,PB4_T6,z_score
2,PB4_T7,z_score
2,PB4_T8,z_score
2,PB4_T9,z_score
2,PB5_T1,price_minus_mean
2,PB5_T10,z_score
2,PB5_T11,z_score
2,PB5_T12,z_score
2,PB5_T2,normalized_deviation
2,PB5_T3,z_score
2,PB5_T4,z_score
2,PB5_T5,z_score
2,PB5_T6,z_score
2,PB5_T7,z_score
2,PB5_T8,z_score
2,PB5_T9,z_score
2,PB6_T1,normalized_deviation
2,PB6_T10,distance_from_high
2,PB6_T11,distance_from_high
2,PB6_T12,rolling_std
2,PB6_T2,rolling_return_mean
2,PB6_T3,momentum
2,PB6_T4,momentum
2,PB6_T5,rolling_return_mean
2,PB6_T6,rolling_return_mean
2,PB6_T7,rolling_return_mean
2,PB6_T8,momentum
2,PB6_T9,distance_from_high
2,PB7_T1,z_score
2,PB7_T10,z_score
2,PB7_T11,z_score
2,PB7_T12,price_minus_mean
2,PB7_T2,z_score
2,PB7_T3,z_score
2,PB7_T4,z_score
2,PB7_T5,z_score
2,PB7_T6,z_score
2,PB7_T7,z_score
2,PB7_T8,z_score
2,PB7_T9,z_score
2,PB8_T1,z_score
2,PB8_T10,z_score
2,PB8_T11,z_score
2,PB8_T12,price_minus_mean
2,PB8_T2,z_score
2,PB8_T3,z_score
2,PB8_T4,z_score
2,PB8_T5,z_score
2,PB8_T6,z_score
2,PB8_T7,z_score
2,PB8_T8,z_score
2,PB8_T9,z_score
2,PB9_T1,ema
2,PB9_T10,ema
2,PB9_T11,ema
2,PB9_T12,distance_from_high
2,PB9_T2,ema
2,PB9_T3,ema
2,PB9_T4,ema
2,PB9_T5,ema
2,PB9_T6,ema
2,PB9_T7,ema
2,PB9_T8,ema
2,PB9_T9,ema
3,BB1_T1,ema
3,BB1_T10,rolling_mean
3,BB1_T11,rolling_mean
3,BB1_T12,rolling_mean
3,BB1_T2,rolling_mean
3,BB1_T3,rolling_mean
3,BB1_T4,rolling_mean
3,BB1_T5,rolling_mean
3,BB1_T6,rolling_mean
3,BB1_T7,rolling_mean
3,BB1_T8,rolling_mean
3,BB1_T9,rolling_mean
3,BB10_T1,z_score
3,BB10_T10,z_score
3,BB10_T11,z_score
3,BB10_T12,z_score
3,BB10_T2,z_score
3,BB10_T3,z_score
3,BB10_T4,z_score
3,BB10_T5,z_score
3,BB10_T6,z_score
3,BB10_T7,z_score
3,BB10_T8,z_score
3,BB10_T9,z_score
3,BB11_T1,rolling_max
3,BB11_T10,rolling_max
3,BB11_T11,rolling_max
3,BB11_T12,rolling_max
3,BB11_T2,rolling_max
3,BB11_T3,rolling_max
3,BB11_T4,rolling_max
3,BB11_T5,rolling_max
3,BB11_T6,rolling_max
3,BB11_T7,rolling_max
3,BB11_T8,rolling_max
3,BB11_T9,rolling_max
3,BB12_T1,rolling_min
3,BB12_T10,rolling_min
3,BB12_T11,rolling_min
3,BB12_T12,rolling_min
3,BB12_T2,rolling_min
3,BB12_T3,rolling_min
3,BB12_T4,rolling_min
3,BB12_T5,rolling_min
3,BB12_T6,rolling_min
3,BB12_T7,rolling_min
3,BB12_T8,rolling_min
3,BB12_T9,rolling_min
3,BB13_T1,ema
3,BB13_T10,ema
3,BB13_T11,ema
3,BB13_T12,ema
3,BB13_T2,ema
3,BB13_T3,ema
3,BB13_T4,ema
3,BB13_T5,ema
3,BB13_T6,ema
3,BB13_T7,ema
3,BB13_T8,ema
3,BB13_T9,ema
3,BB14_T1,rolling_max
3,BB14_T10,ema
3,BB14_T11,ema
3,BB14_T12,ema
3,BB14_T2,ema
3,BB14_T3,ema
3,BB14_T4,ema
3,BB14_T5,ema
3,BB14_T6,ema
3,BB14_T7,ema
3,BB14_T8,ema
3,BB14_T9,ema
3,BB15_T1,rolling_min
3,BB15_T10,ema
3,BB15_T11,ema
3,BB15_T12,ema
3,BB15_T2,ema
3,BB15_T3,ema
3,BB15_T4,ema
3,BB15_T5,ema
3,BB15_T6,ema
3,BB15_T7,ema
3,BB15_T8,ema
3,BB15_T9,ema
3,BB2_T1,rolling_return_mean
3,BB2_T10,momentum
3,BB2_T11,rolling_return_mean
3,BB2_T12,rolling_return_mean
3,BB2_T2,rolling_return_mean
3,BB2_T3,rolling_return_mean
3,BB2_T4,rolling_return_mean
3,BB2_T5,rolling_return_mean
3,BB2_T6,momentum
3,BB2_T7,momentum
3,BB2_T8,momentum
3,BB2_T9,momentum
3,BB3_T1,normalized_deviation
3,BB3_T10,price_minus_mean
3,BB3_T11,price_minus_mean
3,BB3_T12,normalized_deviation
3,BB3_T2,normalized_deviation
3,BB3_T3,normalized_deviation
3,BB3_T4,normalized_deviation
3,BB3_T5,normalized_deviation
3,BB3_T6,normalized_deviation
3,BB3_T7,price_minus_mean
3,BB3_T8,price_minus_mean
3,BB3_T9,price_minus_mean
3,BB4_T1,rolling_mean
3,BB4_T10,rolling_mean
3,BB4_T11,rolling_mean
3,BB4_T12,rolling_mean
3,BB4_T2,rolling_mean
3,BB4_T3,rolling_mean
3,BB4_T4,rolling_mean
3,BB4_T5,rolling_mean
3,BB4_T6,rolling_mean
3,BB4_T7,rolling_mean
3,BB4_T8,rolling_mean
3,BB4_T9,rolling_mean
3,BB5_T1,ema
3,BB5_T10,ema
3,BB5_T11,ema
3,BB5_T12,ema
3,BB5_T2,ema
3,BB5_T3,ema
3,BB5_T4,ema
3,BB5_T5,ema
3,BB5_T6,ema
3,BB5_T7,ema
3,BB5_T8,ema
3,BB5_T9,ema
3,BB6_T1,rolling_mean
3,BB6_T10,rolling_mean
3,BB6_T11,rolling_mean
3,BB6_T12,rolling_mean
3,BB6_T2,rolling_mean
3,BB6_T3,rolling_mean
3,BB6_T4,rolling_mean
3,BB6_T5,rolling_mean
3,BB6_T6,rolling_mean
3,BB6_T7,rolling_mean
3,BB6_T8,rolling_mean
3,BB6_T9,rolling_mean
3,BB7_T1,rolling_max
3,BB7_T10,rolling_max
3,BB7_T11,rolling_max
3,BB7_T12,rolling_max
3,BB7_T2,rolling_max
3,BB7_T3,rolling_max
3,BB7_T4,rolling_max
3,BB7_T5,rolling_max
3,BB7_T6,rolling_max
3,BB7_T7,rolling_max
3,BB7_T8,rolling_max
3,BB7_T9,rolling_max
3,BB8_T1,rolling_min
3,BB8_T10,rolling_min
3,BB8_T11,rolling_min
3,BB8_T12,rolling_min
3,BB8_T2,rolling_min
3,BB8_T3,rolling_min
3,BB8_T4,rolling_min
3,BB8_T5,rolling_min
3,BB8_T6,rolling_min
3,BB8_T7,rolling_min
3,BB8_T8,rolling_min
3,BB8_T9,rolling_min
3,BB9_T1,rolling_std
3,BB9_T10,rolling_std
3,BB9_T11,rolling_std
3,BB9_T12,rolling_std
3,BB9_T2,rolling_std
3,BB9_T3,rolling_std
3,BB9_T4,rolling_std
3,BB9_T5,rolling_std
3,BB9_T6,rolling_std
3,BB9_T7,rolling_std
3,BB9_T8,rolling_std
3,BB9_T9,rolling_std
3,PB1_T1,normalized_deviation
3,PB1_T10,normalized_deviation
3,PB1_T11,normalized_deviation
3,PB1_T12,distance_from_high
3,PB1_T2,normalized_deviation
3,PB1_T3,price_minus_mean
3,PB1_T4,price_minus_mean
3,PB1_T5,price_minus_mean
3,PB1_T6,price_minus_mean
3,PB1_T7,price_minus_mean
3,PB1_T8,z_score
3,PB1_T9,normalized_deviation
3,PB10_T1,ema
3,PB10_T10,ema
3,PB10_T11,rolling_max
3,PB10_T12,rolling_max
3,PB10_T2,ema
3,PB10_T3,ema
3,PB10_T4,ema
3,PB10_T5,ema
3,PB10_T6,ema
3,PB10_T7,ema
3,PB10_T8,ema
3,PB10_T9,ema
3,PB11_T1,ema
3,PB11_T10,ema
3,PB11_T11,ema
3,PB11_T12,ema
3,PB11_T2,ema
3,PB11_T3,ema
3,PB11_T4,ema
3,PB11_T5,ema
3,PB11_T6,ema
3,PB11_T7,ema
3,PB11_T8,ema
3,PB11_T9,ema
3,PB12_T1,normalized_deviation
3,PB12_T10,normalized_deviation
3,PB12_T11,normalized_deviation
3,PB12_T12,distance_from_high
3,PB12_T2,normalized_deviation
3,PB12_T3,price_minus_mean
3,PB12_T4,price_minus_mean
3,PB12_T5,price_minus_mean
3,PB12_T6,price_minus_mean
3,PB12_T7,price_minus_mean
3,PB12_T8,z_score
3,PB12_T9,normalized_deviation
3,PB13_T1,normalized_deviation
3,PB13_T10,normalized_deviation
3,PB13_T11,normalized_deviation
3,PB13_T12,distance_from_high
3,PB13_T2,normalized_deviation
3,PB13_T3,price_minus_mean
3,PB13_T4,price_minus_mean
3,PB13_T5,price_minus_mean
3,PB13_T6,price_minus_mean
3,PB13_T7,price_minus_mean
3,PB13_T8,z_score
3,PB13_T9,normalized_deviation
3,PB14_T1,z_score
3,PB14_T10,z_score
3,PB14_T11,z_score
3,PB14_T12,z_score
3,PB14_T2,z_score
3,PB14_T3,z_score
3,PB14_T4,z_score
3,PB14_T5,z_score
3,PB14_T6,z_score
3,PB14_T7,z_score
3,PB14_T8,z_score
3,PB14_T9,z_score
3,PB15_T1,z_score
3,PB15_T10,z_score
3,PB15_T11,distance_from_high
3,PB15_T12,distance_from_high
3,PB15_T2,z_score
3,PB15_T3,z_score
3,PB15_T4,z_score
3,PB15_T5,z_score
3,PB15_T6,z_score
3,PB15_T7,z_score
3,PB15_T8,z_score
3,PB15_T9,z_score
3,PB16_T1,z_score
3,PB16_T10,z_score
3,PB16_T11,distance_from_high
3,PB16_T12,distance_from_high
3,PB16_T2,z_score
3,PB16_T3,z_score
3,PB16_T4,z_score
3,PB16_T5,z_score
3,PB16_T6,z_score
3,PB16_T7,z_score
3,PB16_T8,z_score
3,PB16_T9,z_score
3,PB17_T1,z_score
3,PB17_T10,z_score
3,PB17_T11,distance_from_high
3,PB17_T12,distance_from_high
3,PB17_T2,z_score
3,PB17_T3,z_score
3,PB17_T4,z_score
3,PB17_T5,z_score
3,PB17_T6,z_score
3,PB17_T7,z_score
3,PB17_T8,z_score
3,PB17_T9,z_score
3,PB18_T1,z_score
3,PB18_T10,z_score
3,PB18_T11,z_score
3,PB18_T12,distance_from_high
3,PB18_T2,z_score
3,PB18_T3,z_score
3,PB18_T4,z_score
3,PB18_T5,z_score
3,PB18_T6,z_score
3,PB18_T7,z_score
3,PB18_T8,z_score
3,PB18_T9,z_score
3,PB2_T1,z_score
3,PB2_T10,rolling_max
3,PB2_T11,rolling_max
3,PB2_T12,distance_from_high
3,PB2_T2,z_score
3,PB2_T3,z_score
3,PB2_T4,z_score
3,PB2_T5,z_score
3,PB2_T6,z_score
3,PB2_T7,z_score
3,PB2_T8,z_score
3,PB2_T9,z_score
3,PB3_T1,z_score
3,PB3_T10,distance_from_low
3,PB3_T11,distance_from_low
3,PB3_T12,rolling_mean
3,PB3_T2,z_score
3,PB3_T3,z_score
3,PB3_T4,z_score
3,PB3_T5,z_score
3,PB3_T6,z_score
3,PB3_T7,price_minus_mean
3,PB3_T8,distance_from_low
3,PB3_T9,distance_from_low
3,PB4_T1,normalized_deviation
3,PB4_T10,normalized_deviation
3,PB4_T11,normalized_deviation
3,PB4_T12,distance_from_high
3,PB4_T2,normalized_deviation
3,PB4_T3,price_minus_mean
3,PB4_T4,price_minus_mean
3,PB4_T5,price_minus_mean
3,PB4_T6,price_minus_mean
3,PB4_T7,price_minus_mean
3,PB4_T8,z_score
3,PB4_T9,normalized_deviation
3,PB5_T1,normalized_deviation
3,PB5_T10,normalized_deviation
3,PB5_T11,normalized_deviation
3,PB5_T12,distance_from_high
3,PB5_T2,normalized_deviation
3,PB5_T3,price_minus_mean
3,PB5_T4,price_minus_mean
3,PB5_T5,price_minus_mean
3,PB5_T6,price_minus_mean
3,PB5_T7,price_minus_mean
3,PB5_T8,z_score
3,PB5_T9,normalized_deviation
3,PB6_T1,price_minus_mean
3,PB6_T10,price_minus_mean
3,PB6_T11,distance_from_low
3,PB6_T12,rolling_max
3,PB6_T2,rolling_return_mean
3,PB6_T3,rolling_return_mean
3,PB6_T4,rolling_return_mean
3,PB6_T5,rolling_return_mean
3,PB6_T6,momentum
3,PB6_T7,rolling_return_mean
3,PB6_T8,rolling_return_mean
3,PB6_T9,rolling_return_mean
3,PB7_T1,z_score
3,PB7_T10,z_score
3,PB7_T11,z_score
3,PB7_T12,distance_from_high
3,PB7_T2,z_score
3,PB7_T3,z_score
3,PB7_T4,z_score
3,PB7_T5,z_score
3,PB7_T6,z_score
3,PB7_T7,z_score
3,PB7_T8,z_score
3,PB7_T9,z_score
3,PB8_T1,z_score
3,PB8_T10,z_score
3,PB8_T11,distance_from_high
3,PB8_T12,distance_from_high
3,PB8_T2,z_score
3,PB8_T3,z_score
3,PB8_T4,z_score
3,PB8_T5,z_score
3,PB8_T6,z_score
3,PB8_T7,z_score
3,PB8_T8,z_score
3,PB8_T9,z_score
3,PB9_T1,ema
3,PB9_T10,ema
3,PB9_T11,ema
3,PB9_T12,rolling_mean
3,PB9_T2,ema
3,PB9_T3,ema
3,PB9_T4,ema
3,PB9_T5,ema
3,PB9_T6,ema
3,PB9_T7,ema
3,PB9_T8,ema
3,PB9_T9,ema
4,BB1_T1,ema
4,BB1_T10,rolling_mean
4,BB1_T11,rolling_mean
4,BB1_T12,rolling_mean
4,BB1_T2,rolling_mean
4,BB1_T3,rolling_mean
4,BB1_T4,rolling_mean
4,BB1_T5,rolling_mean
4,BB1_T6,rolling_mean
4,BB1_T7,rolling_mean
4,BB1_T8,rolling_mean
4,BB1_T9,rolling_mean
4,BB10_T1,z_score
4,BB10_T10,z_score
4,BB10_T11,z_score
4,BB10_T12,z_score
4,BB10_T2,z_score
4,BB10_T3,z_score
4,BB10_T4,z_score
4,BB10_T5,z_score
4,BB10_T6,z_score
4,BB10_T7,z_score
4,BB10_T8,z_score
4,BB10_T9,z_score
4,BB11_T1,rolling_max
4,BB11_T10,rolling_max
4,BB11_T11,rolling_max
4,BB11_T12,rolling_max
4,BB11_T2,rolling_max
4,BB11_T3,rolling_max
4,BB11_T4,rolling_max
4,BB11_T5,rolling_max
4,BB11_T6,rolling_max
4,BB11_T7,rolling_max
4,BB11_T8,rolling_max
4,BB11_T9,rolling_max
4,BB12_T1,rolling_min
4,BB12_T10,rolling_min
4,BB12_T11,rolling_min
4,BB12_T12,rolling_min
4,BB12_T2,rolling_min
4,BB12_T3,rolling_min
4,BB12_T4,rolling_min
4,BB12_T5,rolling_min
4,BB12_T6,rolling_min
4,BB12_T7,rolling_min
4,BB12_T8,rolling_min
4,BB12_T9,rolling_min
4,BB13_T1,ema
4,BB13_T10,ema
4,BB13_T11,ema
4,BB13_T12,ema
4,BB13_T2,ema
4,BB13_T3,ema
4,BB13_T4,ema
4,BB13_T5,ema
4,BB13_T6,ema
4,BB13_T7,ema
4,BB13_T8,ema
4,BB13_T9,ema
4,BB14_T1,rolling_max
4,BB14_T10,ema
4,BB14_T11,ema
4,BB14_T12,ema
4,BB14_T2,ema
4,BB14_T3,ema
4,BB14_T4,ema
4,BB14_T5,ema
4,BB14_T6,ema
4,BB14_T7,ema
4,BB14_T8,ema
4,BB14_T9,ema
4,BB15_T1,rolling_min
4,BB15_T10,ema
4,BB15_T11,ema
4,BB15_T12,ema
4,BB15_T2,ema
4,BB15_T3,ema
4,BB15_T4,ema
4,BB15_T5,ema
4,BB15_T6,ema
4,BB15_T7,ema
4,BB15_T8,ema
4,BB15_T9,ema
4,BB2_T1,rolling_return_mean
4,BB2_T10,rolling_return_mean
4,BB2_T11,momentum
4,BB2_T12,momentum
4,BB2_T2,rolling_return_mean
4,BB2_T3,rolling_return_mean
4,BB2_T4,rolling_return_mean
4,BB2_T5,rolling_return_mean
4,BB2_T6,rolling_return_mean
4,BB2_T7,rolling_return_mean
4,BB2_T8,momentum
4,BB2_T9,rolling_return_mean
4,BB3_T1,normalized_deviation
4,BB3_T10,price_minus_mean
4,BB3_T11,price_minus_mean
4,BB3_T12,price_minus_mean
4,BB3_T2,normalized_deviation
4,BB3_T3,price_minus_mean
4,BB3_T4,price_minus_mean
4,BB3_T5,price_minus_mean
4,BB3_T6,price_minus_mean
4,BB3_T7,price_minus_mean
4,BB3_T8,normalized_deviation
4,BB3_T9,price_minus_mean
4,BB4_T1,rolling_mean
4,BB4_T10,rolling_mean
4,BB4_T11,rolling_mean
4,BB4_T12,rolling_mean
4,BB4_T2,rolling_mean
4,BB4_T3,rolling_mean
4,BB4_T4,rolling_mean
4,BB4_T5,rolling_mean
4,BB4_T6,rolling_mean
4,BB4_T7,rolling_mean
4,BB4_T8,rolling_mean
4,BB4_T9,rolling_mean
4,BB5_T1,ema
4,BB5_T10,ema
4,BB5_T11,ema
4,BB5_T12,ema
4,BB5_T2,ema
4,BB5_T3,ema
4,BB5_T4,ema
4,BB5_T5,ema
4,BB5_T6,ema
4,BB5_T7,ema
4,BB5_T8,ema
4,BB5_T9,ema
4,BB6_T1,rolling_mean
4,BB6_T10,rolling_mean
4,BB6_T11,rolling_mean
4,BB6_T12,rolling_mean
4,BB6_T2,rolling_mean
4,BB6_T3,rolling_mean
4,BB6_T4,rolling_mean
4,BB6_T5,rolling_mean
4,BB6_T6,rolling_mean
4,BB6_T7,rolling_mean
4,BB6_T8,rolling_mean
4,BB6_T9,rolling_mean
4,BB7_T1,rolling_max
4,BB7_T10,rolling_max
4,BB7_T11,rolling_max
4,BB7_T12,rolling_max
4,BB7_T2,rolling_max
4,BB7_T3,rolling_max
4,BB7_T4,rolling_max
4,BB7_T5,rolling_max
4,BB7_T6,rolling_max
4,BB7_T7,rolling_max
4,BB7_T8,rolling_max
4,BB7_T9,rolling_max
4,BB8_T1,rolling_min
4,BB8_T10,rolling_min
4,BB8_T11,rolling_min
4,BB8_T12,rolling_min
4,BB8_T2,rolling_min
4,BB8_T3,rolling_min
4,BB8_T4,rolling_min
4,BB8_T5,rolling_min
4,BB8_T6,rolling_min
4,BB8_T7,rolling_min
4,BB8_T8,rolling_min
4,BB8_T9,rolling_min
4,BB9_T1,rolling_std
4,BB9_T10,rolling_std
4,BB9_T11,rolling_std
4,BB9_T12,rolling_std
4,BB9_T2,rolling_std
4,BB9_T3,rolling_std
4,BB9_T4,rolling_std
4,BB9_T5,rolling_std
4,BB9_T6,rolling_std
4,BB9_T7,rolling_std
4,BB9_T8,rolling_std
4,BB9_T9,rolling_std
4,PB1_T1,normalized_deviation
4,PB1_T10,z_score
4,PB1_T11,z_score
4,PB1_T12,z_score
4,PB1_T2,price_minus_mean
4,PB1_T3,normalized_deviation
4,PB1_T4,normalized_deviation
4,PB1_T5,price_minus_mean
4,PB1_T6,normalized_deviation
4,PB1_T7,z_score
4,PB1_T8,normalized_deviation
4,PB1_T9,normalized_deviation
4,PB10_T1,ema
4,PB10_T10,ema
4,PB10_T11,ema
4,PB10_T12,rolling_variance
4,PB10_T2,ema
4,PB10_T3,ema
4,PB10_T4,ema
4,PB10_T5,ema
4,PB10_T6,ema
4,PB10_T7,ema
4,PB10_T8,ema
4,PB10_T9,ema
4,PB11_T1,ema
4,PB11_T10,rolling_min
4,PB11_T11,rolling_min
4,PB11_T12,rolling_min
4,PB11_T2,ema
4,PB11_T3,ema
4,PB11_T4,ema
4,PB11_T5,ema
4,PB11_T6,ema
4,PB11_T7,rolling_min
4,PB11_T8,rolling_min
4,PB11_T9,rolling_min
4,PB12_T1,normalized_deviation
4,PB12_T10,z_score
4,PB12_T11,z_score
4,PB12_T12,z_score
4,PB12_T2,price_minus_mean
4,PB12_T3,normalized_deviation
4,PB12_T4,normalized_deviation
4,PB12_T5,price_minus_mean
4,PB12_T6,normalized_deviation
4,PB12_T7,z_score
4,PB12_T8,normalized_deviation
4,PB12_T9,normalized_deviation
4,PB13_T1,normalized_deviation
4,PB13_T10,z_score
4,PB13_T11,z_score
4,PB13_T12,z_score
4,PB13_T2,price_minus_mean
4,PB13_T3,normalized_deviation
4,PB13_T4,normalized_deviation
4,PB13_T5,price_minus_mean
4,PB13_T6,normalized_deviation
4,PB13_T7,z_score
4,PB13_T8,normalized_deviation
4,PB13_T9,normalized_deviation
4,PB14_T1,z_score
4,PB14_T10,z_score
4,PB14_T11,z_score
4,PB14_T12,z_score
4,PB14_T2,z_score
4,PB14_T3,z_score
4,PB14_T4,z_score
4,PB14_T5,z_score
4,PB14_T6,z_score
4,PB14_T7,z_score
4,PB14_T8,z_score
4,PB14_T9,z_score
4,PB15_T1,z_score
4,PB15_T10,z_score
4,PB15_T11,distance_from_low
4,PB15_T12,distance_from_low
4,PB15_T2,z_score
4,PB15_T3,z_score
4,PB15_T4,z_score
4,PB15_T5,z_score
4,PB15_T6,z_score
4,PB15_T7,z_score
4,PB15_T8,z_score
4,PB15_T9,z_score
4,PB16_T1,z_score
4,PB16_T10,z_score
4,PB16_T11,distance_from_low
4,PB16_T12,distance_from_low
4,PB16_T2,z_score
4,PB16_T3,z_score
4,PB16_T4,z_score
4,PB16_T5,z_score
4,PB16_T6,z_score
4,PB16_T7,z_score
4,PB16_T8,z_score
4,PB16_T9,z_score
4,PB17_T1,z_score
4,PB17_T10,z_score
4,PB17_T11,distance_from_low
4,PB17_T12,distance_from_low
4,PB17_T2,z_score
4,PB17_T3,z_score
4,PB17_T4,z_score
4,PB17_T5,z_score
4,PB17_T6,z_score
4,PB17_T7,z_score
4,PB17_T8,z_score
4,PB17_T9,z_score
4,PB18_T1,z_score
4,PB18_T10,z_score
4,PB18_T11,z_score
4,PB18_T12,distance_from_low
4,PB18_T2,z_score
4,PB18_T3,z_score
4,PB18_T4,z_score
4,PB18_T5,z_score
4,PB18_T6,z_score
4,PB18_T7,z_score
4,PB18_T8,z_score
4,PB18_T9,z_score
4,PB2_T1,z_score
4,PB2_T10,z_score
4,PB2_T11,z_score
4,PB2_T12,z_score
4,PB2_T2,z_score
4,PB2_T3,z_score
4,PB2_T4,z_score
4,PB2_T5,z_score
4,PB2_T6,z_score
4,PB2_T7,z_score
4,PB2_T8,distance_from_low
4,PB2_T9,distance_from_low
4,PB3_T1,z_score
4,PB3_T10,downside_volatility
4,PB3_T11,downside_volatility
4,PB3_T12,rolling_mean
4,PB3_T2,z_score
4,PB3_T3,z_score
4,PB3_T4,z_score
4,PB3_T5,z_score
4,PB3_T6,z_score
4,PB3_T7,z_score
4,PB3_T8,price_minus_mean
4,PB3_T9,distance_from_high
4,PB4_T1,normalized_deviation
4,PB4_T10,z_score
4,PB4_T11,z_score
4,PB4_T12,z_score
4,PB4_T2,price_minus_mean
4,PB4_T3,normalized_deviation
4,PB4_T4,normalized_deviation
4,PB4_T5,price_minus_mean
4,PB4_T6,normalized_deviation
4,PB4_T7,z_score
4,PB4_T8,normalized_deviation
4,PB4_T9,normalized_deviation
4,PB5_T1,normalized_deviation
4,PB5_T10,z_score
4,PB5_T11,z_score
4,PB5_T12,z_score
4,PB5_T2,price_minus_mean
4,PB5_T3,normalized_deviation
4,PB5_T4,normalized_deviation
4,PB5_T5,price_minus_mean
4,PB5_T6,normalized_deviation
4,PB5_T7,z_score
4,PB5_T8,normalized_deviation
4,PB5_T9,normalized_deviation
4,PB6_T1,normalized_deviation
4,PB6_T10,distance_from_high
4,PB6_T11,normalized_deviation
4,PB6_T12,rolling_std
4,PB6_T2,momentum
4,PB6_T3,momentum
4,PB6_T4,momentum
4,PB6_T5,rolling_return_mean
4,PB6_T6,rolling_return_mean
4,PB6_T7,rolling_return_mean
4,PB6_T8,rolling_return_mean
4,PB6_T9,distance_from_high
4,PB7_T1,z_score
4,PB7_T10,z_score
4,PB7_T11,z_score
4,PB7_T12,distance_from_low
4,PB7_T2,z_score
4,PB7_T3,z_score
4,PB7_T4,z_score
4,PB7_T5,z_score
4,PB7_T6,z_score
4,PB7_T7,z_score
4,PB7_T8,z_score
4,PB7_T9,z_score
4,PB8_T1,z_score
4,PB8_T10,z_score
4,PB8_T11,distance_from_low
4,PB8_T12,distance_from_low
4,PB8_T2,z_score
4,PB8_T3,z_score
4,PB8_T4,z_score
4,PB8_T5,z_score
4,PB8_T6,z_score
4,PB8_T7,z_score
4,PB8_T8,z_score
4,PB8_T9,z_score
4,PB9_T1,ema
4,PB9_T10,rolling_min
4,PB9_T11,rolling_min
4,PB9_T12,rolling_min
4,PB9_T2,ema
4,PB9_T3,ema
4,PB9_T4,ema
4,PB9_T5,ema
4,PB9_T6,ema
4,PB9_T7,ema
4,PB9_T8,rolling_min
4,PB9_T9,rolling_min
5,BB1_T1,rolling_mean
5,BB1_T10,rolling_mean
5,BB1_T11,rolling_mean
5,BB1_T12,rolling_mean
5,BB1_T2,rolling_mean
5,BB1_T3,rolling_mean
5,BB1_T4,rolling_mean
5,BB1_T5,rolling_mean
5,BB1_T6,rolling_mean
5,BB1_T7,rolling_mean
5,BB1_T8,rolling_mean
5,BB1_T9,rolling_mean
5,BB10_T1,z_score
5,BB10_T10,z_score
5,BB10_T11,z_score
5,BB10_T12,z_score
5,BB10_T2,z_score
5,BB10_T3,z_score
5,BB10_T4,z_score
5,BB10_T5,z_score
5,BB10_T6,z_score
5,BB10_T7,z_score
5,BB10_T8,z_score
5,BB10_T9,z_score
5,BB11_T1,rolling_max
5,BB11_T10,rolling_max
5,BB11_T11,rolling_max
5,BB11_T12,rolling_max
5,BB11_T2,rolling_max
5,BB11_T3,rolling_max
5,BB11_T4,rolling_max
5,BB11_T5,rolling_max
5,BB11_T6,rolling_max
5,BB11_T7,rolling_max
5,BB11_T8,rolling_max
5,BB11_T9,rolling_max
5,BB12_T1,rolling_min
5,BB12_T10,rolling_min
5,BB12_T11,rolling_min
5,BB12_T12,rolling_min
5,BB12_T2,rolling_min
5,BB12_T3,rolling_min
5,BB12_T4,rolling_min
5,BB12_T5,rolling_min
5,BB12_T6,rolling_min
5,BB12_T7,rolling_min
5,BB12_T8,rolling_min
5,BB12_T9,rolling_min
5,BB13_T1,ema
5,BB13_T10,ema
5,BB13_T11,ema
5,BB13_T12,ema
5,BB13_T2,ema
5,BB13_T3,ema
5,BB13_T4,ema
5,BB13_T5,ema
5,BB13_T6,ema
5,BB13_T7,ema
5,BB13_T8,ema
5,BB13_T9,ema
5,BB14_T1,rolling_max
5,BB14_T10,ema
5,BB14_T11,ema
5,BB14_T12,ema
5,BB14_T2,ema
5,BB14_T3,ema
5,BB14_T4,ema
5,BB14_T5,ema
5,BB14_T6,ema
5,BB14_T7,ema
5,BB14_T8,ema
5,BB14_T9,ema
5,BB15_T1,rolling_min
5,BB15_T10,ema
5,BB15_T11,ema
5,BB15_T12,ema
5,BB15_T2,ema
5,BB15_T3,ema
5,BB15_T4,ema
5,BB15_T5,ema
5,BB15_T6,ema
5,BB15_T7,ema
5,BB15_T8,ema
5,BB15_T9,ema
5,BB2_T1,rolling_return_mean
5,BB2_T10,rolling_return_mean
5,BB2_T11,rolling_return_mean
5,BB2_T12,rolling_return_mean
5,BB2_T2,rolling_return_mean
5,BB2_T3,rolling_return_mean
5,BB2_T4,momentum
5,BB2_T5,momentum
5,BB2_T6,momentum
5,BB2_T7,rolling_return_mean
5,BB2_T8,rolling_return_mean
5,BB2_T9,rolling_return_mean
5,BB3_T1,normalized_deviation
5,BB3_T10,price_minus_mean
5,BB3_T11,price_minus_mean
5,BB3_T12,price_minus_mean
5,BB3_T2,normalized_deviation
5,BB3_T3,normalized_deviation
5,BB3_T4,normalized_deviation
5,BB3_T5,normalized_deviation
5,BB3_T6,normalized_deviation
5,BB3_T7,normalized_deviation
5,BB3_T8,normalized_deviation
5,BB3_T9,normalized_deviation
5,BB4_T1,rolling_mean
5,BB4_T10,rolling_mean
5,BB4_T11,rolling_mean
5,BB4_T12,rolling_mean
5,BB4_T2,rolling_mean
5,BB4_T3,rolling_mean
5,BB4_T4,rolling_mean
5,BB4_T5,rolling_mean
5,BB4_T6,rolling_mean
5,BB4_T7,rolling_mean
5,BB4_T8,rolling_mean
5,BB4_T9,rolling_mean
5,BB5_T1,ema
5,BB5_T10,ema
5,BB5_T11,ema
5,BB5_T12,ema
5,BB5_T2,ema
5,BB5_T3,ema
5,BB5_T4,ema
5,BB5_T5,ema
5,BB5_T6,ema
5,BB5_T7,ema
5,BB5_T8,ema
5,BB5_T9,ema
5,BB6_T1,rolling_mean
5,BB6_T10,rolling_mean
5,BB6_T11,rolling_mean
5,BB6_T12,rolling_mean
5,BB6_T2,rolling_mean
5,BB6_T3,rolling_mean
5,BB6_T4,rolling_mean
5,BB6_T5,rolling_mean
5,BB6_T6,rolling_mean
5,BB6_T7,rolling_mean
5,BB6_T8,rolling_mean
5,BB6_T9,rolling_mean
5,BB7_T1,rolling_max
5,BB7_T10,rolling_max
5,BB7_T11,rolling_max
5,BB7_T12,rolling_max
5,BB7_T2,rolling_max
5,BB7_T3,rolling_max
5,BB7_T4,rolling_max
5,BB7_T5,rolling_max
5,BB7_T6,rolling_max
5,BB7_T7,rolling_max
5,BB7_T8,rolling_max
5,BB7_T9,rolling_max
5,BB8_T1,rolling_min
5,BB8_T10,rolling_min
5,BB8_T11,rolling_min
5,BB8_T12,rolling_min
5,BB8_T2,rolling_min
5,BB8_T3,rolling_min
5,BB8_T4,rolling_min
5,BB8_T5,rolling_min
5,BB8_T6,rolling_min
5,BB8_T7,rolling_min
5,BB8_T8,rolling_min
5,BB8_T9,rolling_min
5,BB9_T1,rolling_std
5,BB9_T10,rolling_std
5,BB9_T11,rolling_std
5,BB9_T12,rolling_std
5,BB9_T2,rolling_std
5,BB9_T3,rolling_std
5,BB9_T4,rolling_std
5,BB9_T5,rolling_std
5,BB9_T6,rolling_std
5,BB9_T7,rolling_std
5,BB9_T8,rolling_std
5,BB9_T9,rolling_std
5,PB1_T1,price_minus_mean
5,PB1_T10,price_minus_mean
5,PB1_T11,price_minus_mean
5,PB1_T12,distance_from_high
5,PB1_T2,normalized_deviation
5,PB1_T3,price_minus_mean
5,PB1_T4,price_minus_mean
5,PB1_T5,price_minus_mean
5,PB1_T6,normalized_deviation
5,PB1_T7,price_minus_mean
5,PB1_T8,normalized_deviation
5,PB1_T9,normalized_deviation
5,PB10_T1,ema
5,PB10_T10,rolling_max
5,PB10_T11,rolling_max
5,PB10_T12,rolling_return_mean
5,PB10_T2,ema
5,PB10_T3,ema
5,PB10_T4,ema
5,PB10_T5,ema
5,PB10_T6,ema
5,PB10_T7,ema
5,PB10_T8,rolling_max
5,PB10_T9,rolling_max
5,PB11_T1,ema
5,PB11_T10,rolling_max
5,PB11_T11,rolling_max
5,PB11_T12,rolling_return_mean
5,PB11_T2,ema
5,PB11_T3,ema
5,PB11_T4,ema
5,PB11_T5,ema
5,PB11_T6,ema
5,PB11_T7,ema
5,PB11_T8,ema
5,PB11_T9,rolling_max
5,PB12_T1,price_minus_mean
5,PB12_T10,price_minus_mean
5,PB12_T11,price_minus_mean
5,PB12_T12,distance_from_high
5,PB12_T2,normalized_deviation
5,PB12_T3,price_minus_mean
5,PB12_T4,price_minus_mean
5,PB12_T5,price_minus_mean
5,PB12_T6,normalized_deviation
5,PB12_T7,price_minus_mean
5,PB12_T8,normalized_deviation
5,PB12_T9,normalized_deviation
5,PB13_T1,price_minus_mean
5,PB13_T10,price_minus_mean
5,PB13_T11,price_minus_mean
5,PB13_T12,distance_from_high
5,PB13_T2,normalized_deviation
5,PB13_T3,price_minus_mean
5,PB13_T4,price_minus_mean
5,PB13_T5,price_minus_mean
5,PB13_T6,normalized_deviation
5,PB13_T7,price_minus_mean
5,PB13_T8,normalized_deviation
5,PB13_T9,normalized_deviation
5,PB14_T1,z_score
5,PB14_T10,z_score
5,PB14_T11,z_score
5,PB14_T12,distance_from_high
5,PB14_T2,z_score
5,PB14_T3,z_score
5,PB14_T4,z_score
5,PB14_T5,z_score
5,PB14_T6,z_score
5,PB14_T7,z_score
5,PB14_T8,z_score
5,PB14_T9,z_score
5,PB15_T1,z_score
5,PB15_T10,z_score
5,PB15_T11,z_score
5,PB15_T12,distance_from_high
5,PB15_T2,z_score
5,PB15_T3,z_score
5,PB15_T4,z_score
5,PB15_T5,z_score
5,PB15_T6,z_score
5,PB15_T7,z_score
5,PB15_T8,z_score
5,PB15_T9,z_score
5,PB16_T1,z_score
5,PB16_T10,z_score
5,PB16_T11,z_score
5,PB16_T12,distance_from_high
5,PB16_T2,z_score
5,PB16_T3,z_score
5,PB16_T4,z_score
5,PB16_T5,z_score
5,PB16_T6,z_score
5,PB16_T7,z_score
5,PB16_T8,z_score
5,PB16_T9,z_score
5,PB17_T1,z_score
5,PB17_T10,z_score
5,PB17_T11,z_score
5,PB17_T12,distance_from_high
5,PB17_T2,z_score
5,PB17_T3,z_score
5,PB17_T4,z_score
5,PB17_T5,z_score
5,PB17_T6,z_score
5,PB17_T7,z_score
5,PB17_T8,z_score
5,PB17_T9,z_score
5,PB18_T1,z_score
5,PB18_T10,z_score
5,PB18_T11,z_score
5,PB18_T12,distance_from_high
5,PB18_T2,z_score
5,PB18_T3,z_score
5,PB18_T4,z_score
5,PB18_T5,z_score
5,PB18_T6,z_score
5,PB18_T7,z_score
5,PB18_T8,z_score
5,PB18_T9,z_score
5,PB2_T1,z_score
5,PB2_T10,downside_volatility
5,PB2_T11,rolling_return_mean
5,PB2_T12,rolling_min
5,PB2_T2,z_score
5,PB2_T3,z_score
5,PB2_T4,z_score
5,PB2_T5,z_score
5,PB2_T6,z_score
5,PB2_T7,z_score
5,PB2_T8,z_score
5,PB2_T9,z_score
5,PB3_T1,z_score
5,PB3_T10,z_score
5,PB3_T11,z_score
5,PB3_T12,rolling_min
5,PB3_T2,z_score
5,PB3_T3,z_score
5,PB3_T4,z_score
5,PB3_T5,z_score
5,PB3_T6,z_score
5,PB3_T7,price_minus_mean
5,PB3_T8,price_minus_mean
5,PB3_T9,price_minus_mean
5,PB4_T1,price_minus_mean
5,PB4_T10,price_minus_mean
5,PB4_T11,price_minus_mean
5,PB4_T12,distance_from_high
5,PB4_T2,normalized_deviation
5,PB4_T3,price_minus_mean
5,PB4_T4,price_minus_mean
5,PB4_T5,price_minus_mean
5,PB4_T6,normalized_deviation
5,PB4_T7,price_minus_mean
5,PB4_T8,normalized_deviation
5,PB4_T9,normalized_deviation
5,PB5_T1,price_minus_mean
5,PB5_T10,price_minus_mean
5,PB5_T11,price_minus_mean
5,PB5_T12,distance_from_high
5,PB5_T2,normalized_deviation
5,PB5_T3,price_minus_mean
5,PB5_T4,price_minus_mean
5,PB5_T5,price_minus_mean
5,PB5_T6,normalized_deviation
5,PB5_T7,price_minus_mean
5,PB5_T8,normalized_deviation
5,PB5_T9,normalized_deviation
5,PB6_T1,price_minus_mean
5,PB6_T10,rolling_return_mean
5,PB6_T11,rolling_return_mean
5,PB6_T12,rolling_std
5,PB6_T2,rolling_return_mean
5,PB6_T3,rolling_return_mean
5,PB6_T4,momentum
5,PB6_T5,momentum
5,PB6_T6,rolling_return_mean
5,PB6_T7,momentum
5,PB6_T8,momentum
5,PB6_T9,momentum
5,PB7_T1,z_score
5,PB7_T10,z_score
5,PB7_T11,z_score
5,PB7_T12,distance_from_high
5,PB7_T2,z_score
5,PB7_T3,z_score
5,PB7_T4,z_score
5,PB7_T5,z_score
5,PB7_T6,z_score
5,PB7_T7,z_score
5,PB7_T8,z_score
5,PB7_T9,z_score
5,PB8_T1,z_score
5,PB8_T10,z_score
5,PB8_T11,z_score
5,PB8_T12,distance_from_high
5,PB8_T2,z_score
5,PB8_T3,z_score
5,PB8_T4,z_score
5,PB8_T5,z_score
5,PB8_T6,z_score
5,PB8_T7,z_score
5,PB8_T8,z_score
5,PB8_T9,z_score
5,PB9_T1,ema
5,PB9_T10,rolling_max
5,PB9_T11,rolling_max
5,PB9_T12,distance_from_high
5,PB9_T2,ema
5,PB9_T3,ema
5,PB9_T4,ema
5,PB9_T5,ema
5,PB9_T6,ema
5,PB9_T7,ema
5,PB9_T8,rolling_max
5,PB9_T9,rolling_max
6,BB1_T1,rolling_mean
6,BB1_T10,rolling_mean
6,BB1_T11,rolling_mean
6,BB1_T12,rolling_mean
6,BB1_T2,rolling_mean
6,BB1_T3,rolling_mean
6,BB1_T4,rolling_mean
6,BB1_T5,rolling_mean
6,BB1_T6,rolling_mean
6,BB1_T7,rolling_mean
6,BB1_T8,rolling_mean
6,BB1_T9,rolling_mean
6,BB10_T1,z_score
6,BB10_T10,z_score
6,BB10_T11,z_score
6,BB10_T12,z_score
6,BB10_T2,z_score
6,BB10_T3,z_score
6,BB10_T4,z_score
6,BB10_T5,z_score
6,BB10_T6,z_score
6,BB10_T7,z_score
6,BB10_T8,z_score
6,BB10_T9,z_score
6,BB11_T1,rolling_max
6,BB11_T10,rolling_max
6,BB11_T11,rolling_max
6,BB11_T12,rolling_max
6,BB11_T2,rolling_max
6,BB11_T3,rolling_max
6,BB11_T4,rolling_max
6,BB11_T5,rolling_max
6,BB11_T6,rolling_max
6,BB11_T7,rolling_max
6,BB11_T8,rolling_max
6,BB11_T9,rolling_max
6,BB12_T1,rolling_min
6,BB12_T10,rolling_min
6,BB12_T11,rolling_min
6,BB12_T12,rolling_min
6,BB12_T2,rolling_min
6,BB12_T3,rolling_min
6,BB12_T4,rolling_min
6,BB12_T5,rolling_min
6,BB12_T6,rolling_min
6,BB12_T7,rolling_min
6,BB12_T8,rolling_min
6,BB12_T9,rolling_min
6,BB13_T1,ema
6,BB13_T10,ema
6,BB13_T11,ema
6,BB13_T12,ema
6,BB13_T2,ema
6,BB13_T3,ema
6,BB13_T4,ema
6,BB13_T5,ema
6,BB13_T6,ema
6,BB13_T7,ema
6,BB13_T8,ema
6,BB13_T9,ema
6,BB14_T1,rolling_max
6,BB14_T10,ema
6,BB14_T11,ema
6,BB14_T12,ema
6,BB14_T2,ema
6,BB14_T3,ema
6,BB14_T4,ema
6,BB14_T5,ema
6,BB14_T6,ema
6,BB14_T7,ema
6,BB14_T8,ema
6,BB14_T9,ema
6,BB15_T1,rolling_min
6,BB15_T10,ema
6,BB15_T11,ema
6,BB15_T12,ema
6,BB15_T2,ema
6,BB15_T3,ema
6,BB15_T4,ema
6,BB15_T5,ema
6,BB15_T6,ema
6,BB15_T7,ema
6,BB15_T8,ema
6,BB15_T9,ema
6,BB2_T1,rolling_return_mean
6,BB2_T10,momentum
6,BB2_T11,momentum
6,BB2_T12,momentum
6,BB2_T2,rolling_return_mean
6,BB2_T3,rolling_return_mean
6,BB2_T4,rolling_return_mean
6,BB2_T5,momentum
6,BB2_T6,rolling_return_mean
6,BB2_T7,momentum
6,BB2_T8,momentum
6,BB2_T9,momentum
6,BB3_T1,normalized_deviation
6,BB3_T10,normalized_deviation
6,BB3_T11,normalized_deviation
6,BB3_T12,normalized_deviation
6,BB3_T2,normalized_deviation
6,BB3_T3,price_minus_mean
6,BB3_T4,price_minus_mean
6,BB3_T5,price_minus_mean
6,BB3_T6,price_minus_mean
6,BB3_T7,price_minus_mean
6,BB3_T8,normalized_deviation
6,BB3_T9,normalized_deviation
6,BB4_T1,rolling_mean
6,BB4_T10,rolling_mean
6,BB4_T11,rolling_mean
6,BB4_T12,rolling_mean
6,BB4_T2,rolling_mean
6,BB4_T3,rolling_mean
6,BB4_T4,rolling_mean
6,BB4_T5,rolling_mean
6,BB4_T6,rolling_mean
6,BB4_T7,rolling_mean
6,BB4_T8,rolling_mean
6,BB4_T9,rolling_mean
6,BB5_T1,ema
6,BB5_T10,ema
6,BB5_T11,ema
6,BB5_T12,ema
6,BB5_T2,ema
6,BB5_T3,ema
6,BB5_T4,ema
6,BB5_T5,ema
6,BB5_T6,ema
6,BB5_T7,ema
6,BB5_T8,ema
6,BB5_T9,ema
6,BB6_T1,rolling_mean
6,BB6_T10,rolling_mean
6,BB6_T11,rolling_mean
6,BB6_T12,rolling_mean
6,BB6_T2,rolling_mean
6,BB6_T3,rolling_mean
6,BB6_T4,rolling_mean
6,BB6_T5,rolling_mean
6,BB6_T6,rolling_mean
6,BB6_T7,rolling_mean
6,BB6_T8,rolling_mean
6,BB6_T9,rolling_mean
6,BB7_T1,rolling_max
6,BB7_T10,rolling_max
6,BB7_T11,rolling_max
6,BB7_T12,rolling_max
6,BB7_T2,rolling_max
6,BB7_T3,rolling_max
6,BB7_T4,rolling_max
6,BB7_T5,rolling_max
6,BB7_T6,rolling_max
6,BB7_T7,rolling_max
6,BB7_T8,rolling_max
6,BB7_T9,rolling_max
6,BB8_T1,rolling_min
6,BB8_T10,rolling_min
6,BB8_T11,rolling_min
6,BB8_T12,rolling_min
6,BB8_T2,rolling_min
6,BB8_T3,rolling_min
6,BB8_T4,rolling_min
6,BB8_T5,rolling_min
6,BB8_T6,rolling_min
6,BB8_T7,rolling_min
6,BB8_T8,rolling_min
6,BB8_T9,rolling_min
6,BB9_T1,rolling_std
6,BB9_T10,rolling_std
6,BB9_T11,rolling_std
6,BB9_T12,rolling_std
6,BB9_T2,rolling_std
6,BB9_T3,rolling_std
6,BB9_T4,rolling_std
6,BB9_T5,rolling_std
6,BB9_T6,rolling_std
6,BB9_T7,rolling_std
6,BB9_T8,rolling_std
6,BB9_T9,rolling_std
6,PB1_T1,normalized_deviation
6,PB1_T10,z_score
6,PB1_T11,z_score
6,PB1_T12,z_score
6,PB1_T2,normalized_deviation
6,PB1_T3,price_minus_mean
6,PB1_T4,z_score
6,PB1_T5,z_score
6,PB1_T6,z_score
6,PB1_T7,normalized_deviation
6,PB1_T8,normalized_deviation
6,PB1_T9,z_score
6,PB10_T1,ema
6,PB10_T10,ema
6,PB10_T11,ema
6,PB10_T12,ema
6,PB10_T2,ema
6,PB10_T3,ema
6,PB10_T4,ema
6,PB10_T5,ema
6,PB10_T6,ema
6,PB10_T7,ema
6,PB10_T8,ema
6,PB10_T9,ema
6,PB11_T1,ema
6,PB11_T10,ema
6,PB11_T11,ema
6,PB11_T12,rolling_mean
6,PB11_T2,ema
6,PB11_T3,ema
6,PB11_T4,ema
6,PB11_T5,ema
6,PB11_T6,ema
6,PB11_T7,ema
6,PB11_T8,ema
6,PB11_T9,ema
6,PB12_T1,normalized_deviation
6,PB12_T10,z_score
6,PB12_T11,z_score
6,PB12_T12,z_score
6,PB12_T2,normalized_deviation
6,PB12_T3,price_minus_mean
6,PB12_T4,z_score
6,PB12_T5,z_score
6,PB12_T6,z_score
6,PB12_T7,normalized_deviation
6,PB12_T8,normalized_deviation
6,PB12_T9,z_score
6,PB13_T1,normalized_deviation
6,PB13_T10,z_score
6,PB13_T11,z_score
6,PB13_T12,z_score
6,PB13_T2,normalized_deviation
6,PB13_T3,price_minus_mean
6,PB13_T4,z_score
6,PB13_T5,z_score
6,PB13_T6,z_score
6,PB13_T7,normalized_deviation
6,PB13_T8,normalized_deviation
6,PB13_T9,z_score
6,PB14_T1,z_score
6,PB14_T10,z_score
6,PB14_T11,z_score
6,PB14_T12,z_score
6,PB14_T2,z_score
6,PB14_T3,z_score
6,PB14_T4,z_score
6,PB14_T5,z_score
6,PB14_T6,z_score
6,PB14_T7,z_score
6,PB14_T8,z_score
6,PB14_T9,z_score
6,PB15_T1,z_score
6,PB15_T10,z_score
6,PB15_T11,z_score
6,PB15_T12,distance_from_high
6,PB15_T2,z_score
6,PB15_T3,z_score
6,PB15_T4,z_score
6,PB15_T5,z_score
6,PB15_T6,z_score
6,PB15_T7,z_score
6,PB15_T8,z_score
6,PB15_T9,z_score
6,PB16_T1,z_score
6,PB16_T10,z_score
6,PB16_T11,z_score
6,PB16_T12,distance_from_high
6,PB16_T2,z_score
6,PB16_T3,z_score
6,PB16_T4,z_score
6,PB16_T5,z_score
6,PB16_T6,z_score
6,PB16_T7,z_score
6,PB16_T8,z_score
6,PB16_T9,z_score
6,PB17_T1,z_score
6,PB17_T10,z_score
6,PB17_T11,z_score
6,PB17_T12,distance_from_high
6,PB17_T2,z_score
6,PB17_T3,z_score
6,PB17_T4,z_score
6,PB17_T5,z_score
6,PB17_T6,z_score
6,PB17_T7,z_score
6,PB17_T8,z_score
6,PB17_T9,z_score
6,PB18_T1,z_score
6,PB18_T10,z_score
6,PB18_T11,z_score
6,PB18_T12,z_score
6,PB18_T2,z_score
6,PB18_T3,z_score
6,PB18_T4,z_score
6,PB18_T5,z_score
6,PB18_T6,z_score
6,PB18_T7,z_score
6,PB18_T8,z_score
6,PB18_T9,z_score
6,PB2_T1,z_score
6,PB2_T10,ema
6,PB2_T11,z_score
6,PB2_T12,z_score
6,PB2_T2,z_score
6,PB2_T3,z_score
6,PB2_T4,z_score
6,PB2_T5,z_score
6,PB2_T6,z_score
6,PB2_T7,z_score
6,PB2_T8,z_score
6,PB2_T9,z_score
6,PB3_T1,z_score
6,PB3_T10,z_score
6,PB3_T11,z_score
6,PB3_T12,z_score
6,PB3_T2,z_score
6,PB3_T3,z_score
6,PB3_T4,z_score
6,PB3_T5,z_score
6,PB3_T6,z_score
6,PB3_T7,price_minus_mean
6,PB3_T8,price_minus_mean
6,PB3_T9,price_minus_mean
6,PB4_T1,normalized_deviation
6,PB4_T10,z_score
6,PB4_T11,z_score
6,PB4_T12,z_score
6,PB4_T2,normalized_deviation
6,PB4_T3,price_minus_mean
6,PB4_T4,z_score
6,PB4_T5,z_score
6,PB4_T6,z_score
6,PB4_T7,normalized_deviation
6,PB4_T8,normalized_deviation
6,PB4_T9,z_score
6,PB5_T1,normalized_deviation
6,PB5_T10,z_score
6,PB5_T11,z_score
6,PB5_T12,z_score
6,PB5_T2,normalized_deviation
6,PB5_T3,price_minus_mean
6,PB5_T4,z_score
6,PB5_T5,z_score
6,PB5_T6,z_score
6,PB5_T7,normalized_deviation
6,PB5_T8,normalized_deviation
6,PB5_T9,z_score
6,PB6_T1,normalized_deviation
6,PB6_T10,momentum
6,PB6_T11,momentum
6,PB6_T12,upside_volatility
6,PB6_T2,rolling_return_mean
6,PB6_T3,momentum
6,PB6_T4,rolling_return_mean
6,PB6_T5,momentum
6,PB6_T6,rolling_return_mean
6,PB6_T7,momentum
6,PB6_T8,rolling_return_mean
6,PB6_T9,rolling_return_mean
6,PB7_T1,z_score
6,PB7_T10,z_score
6,PB7_T11,z_score
6,PB7_T12,z_score
6,PB7_T2,z_score
6,PB7_T3,z_score
6,PB7_T4,z_score
6,PB7_T5,z_score
6,PB7_T6,z_score
6,PB7_T7,z_score
6,PB7_T8,z_score
6,PB7_T9,z_score
6,PB8_T1,z_score
6,PB8_T10,z_score
6,PB8_T11,z_score
6,PB8_T12,distance_from_high
6,PB8_T2,z_score
6,PB8_T3,z_score
6,PB8_T4,z_score
6,PB8_T5,z_score
6,PB8_T6,z_score
6,PB8_T7,z_score
6,PB8_T8,z_score
6,PB8_T9,z_score
6,PB9_T1,ema
6,PB9_T10,ema
6,PB9_T11,ema
6,PB9_T12,distance_from_low
6,PB9_T2,ema
6,PB9_T3,ema
6,PB9_T4,ema
6,PB9_T5,ema
6,PB9_T6,ema
6,PB9_T7,ema
6,PB9_T8,ema
6,PB9_T9,ema
7,BB1_T1,rolling_mean
7,BB1_T10,rolling_mean
7,BB1_T11,rolling_mean
7,BB1_T12,rolling_mean
7,BB1_T2,rolling_mean
7,BB1_T3,rolling_mean
7,BB1_T4,rolling_mean
7,BB1_T5,rolling_mean
7,BB1_T6,rolling_mean
7,BB1_T7,rolling_mean
7,BB1_T8,rolling_mean
7,BB1_T9,rolling_mean
7,BB10_T1,z_score
7,BB10_T10,z_score
7,BB10_T11,z_score
7,BB10_T12,z_score
7,BB10_T2,z_score
7,BB10_T3,z_score
7,BB10_T4,z_score
7,BB10_T5,z_score
7,BB10_T6,z_score
7,BB10_T7,z_score
7,BB10_T8,z_score
7,BB10_T9,z_score
7,BB11_T1,rolling_max
7,BB11_T10,rolling_max
7,BB11_T11,rolling_max
7,BB11_T12,rolling_max
7,BB11_T2,rolling_max
7,BB11_T3,rolling_max
7,BB11_T4,rolling_max
7,BB11_T5,rolling_max
7,BB11_T6,rolling_max
7,BB11_T7,rolling_max
7,BB11_T8,rolling_max
7,BB11_T9,rolling_max
7,BB12_T1,rolling_min
7,BB12_T10,rolling_min
7,BB12_T11,rolling_min
7,BB12_T12,rolling_min
7,BB12_T2,rolling_min
7,BB12_T3,rolling_min
7,BB12_T4,rolling_min
7,BB12_T5,rolling_min
7,BB12_T6,rolling_min
7,BB12_T7,rolling_min
7,BB12_T8,rolling_min
7,BB12_T9,rolling_min
7,BB13_T1,ema
7,BB13_T10,ema
7,BB13_T11,ema
7,BB13_T12,ema
7,BB13_T2,ema
7,BB13_T3,ema
7,BB13_T4,ema
7,BB13_T5,ema
7,BB13_T6,ema
7,BB13_T7,ema
7,BB13_T8,ema
7,BB13_T9,ema
7,BB14_T1,rolling_max
7,BB14_T10,ema
7,BB14_T11,ema
7,BB14_T12,ema
7,BB14_T2,ema
7,BB14_T3,ema
7,BB14_T4,ema
7,BB14_T5,ema
7,BB14_T6,ema
7,BB14_T7,ema
7,BB14_T8,ema
7,BB14_T9,ema
7,BB15_T1,rolling_min
7,BB15_T10,ema
7,BB15_T11,ema
7,BB15_T12,ema
7,BB15_T2,ema
7,BB15_T3,ema
7,BB15_T4,ema
7,BB15_T5,ema
7,BB15_T6,ema
7,BB15_T7,ema
7,BB15_T8,ema
7,BB15_T9,ema
7,BB2_T1,momentum
7,BB2_T10,rolling_return_mean
7,BB2_T11,rolling_return_mean
7,BB2_T12,rolling_return_mean
7,BB2_T2,momentum
7,BB2_T3,momentum
7,BB2_T4,momentum
7,BB2_T5,momentum
7,BB2_T6,rolling_return_mean
7,BB2_T7,momentum
7,BB2_T8,momentum
7,BB2_T9,rolling_return_mean
7,BB3_T1,price_minus_mean
7,BB3_T10,price_minus_mean
7,BB3_T11,price_minus_mean
7,BB3_T12,price_minus_mean
7,BB3_T2,price_minus_mean
7,BB3_T3,normalized_deviation
7,BB3_T4,normalized_deviation
7,BB3_T5,normalized_deviation
7,BB3_T6,normalized_deviation
7,BB3_T7,normalized_deviation
7,BB3_T8,price_minus_mean
7,BB3_T9,price_minus_mean
7,BB4_T1,rolling_mean
7,BB4_T10,rolling_mean
7,BB4_T11,rolling_mean
7,BB4_T12,rolling_mean
7,BB4_T2,rolling_mean
7,BB4_T3,rolling_mean
7,BB4_T4,rolling_mean
7,BB4_T5,rolling_mean
7,BB4_T6,rolling_mean
7,BB4_T7,rolling_mean
7,BB4_T8,rolling_mean
7,BB4_T9,rolling_mean
7,BB5_T1,ema
7,BB5_T10,ema
7,BB5_T11,ema
7,BB5_T12,ema
7,BB5_T2,ema
7,BB5_T3,ema
7,BB5_T4,ema
7,BB5_T5,ema
7,BB5_T6,ema
7,BB5_T7,ema
7,BB5_T8,ema
7,BB5_T9,ema
7,BB6_T1,rolling_mean
7,BB6_T10,rolling_mean
7,BB6_T11,rolling_mean
7,BB6_T12,rolling_mean
7,BB6_T2,rolling_mean
7,BB6_T3,rolling_mean
7,BB6_T4,rolling_mean
7,BB6_T5,rolling_mean
7,BB6_T6,rolling_mean
7,BB6_T7,rolling_mean
7,BB6_T8,rolling_mean
7,BB6_T9,rolling_mean
7,BB7_T1,rolling_max
7,BB7_T10,rolling_max
7,BB7_T11,rolling_max
7,BB7_T12,rolling_max
7,BB7_T2,rolling_max
7,BB7_T3,rolling_max
7,BB7_T4,rolling_max
7,BB7_T5,rolling_max
7,BB7_T6,rolling_max
7,BB7_T7,rolling_max
7,BB7_T8,rolling_max
7,BB7_T9,rolling_max
7,BB8_T1,rolling_min
7,BB8_T10,rolling_min
7,BB8_T11,rolling_min
7,BB8_T12,rolling_min
7,BB8_T2,rolling_min
7,BB8_T3,rolling_min
7,BB8_T4,rolling_min
7,BB8_T5,rolling_min
7,BB8_T6,rolling_min
7,BB8_T7,rolling_min
7,BB8_T8,rolling_min
7,BB8_T9,rolling_min
7,BB9_T1,rolling_std
7,BB9_T10,rolling_std
7,BB9_T11,rolling_std
7,BB9_T12,rolling_std
7,BB9_T2,rolling_std
7,BB9_T3,rolling_std
7,BB9_T4,rolling_std
7,BB9_T5,rolling_std
7,BB9_T6,rolling_std
7,BB9_T7,rolling_std
7,BB9_T8,rolling_std
7,BB9_T9,rolling_std
7,PB1_T1,price_minus_mean
7,PB1_T10,z_score
7,PB1_T11,z_score
7,PB1_T12,z_score
7,PB1_T2,price_minus_mean
7,PB1_T3,price_minus_mean
7,PB1_T4,normalized_deviation
7,PB1_T5,price_minus_mean
7,PB1_T6,price_minus_mean
7,PB1_T7,price_minus_mean
7,PB1_T8,z_score
7,PB1_T9,z_score
7,PB10_T1,ema
7,PB10_T10,ema
7,PB10_T11,ema
7,PB10_T12,ema
7,PB10_T2,ema
7,PB10_T3,ema
7,PB10_T4,ema
7,PB10_T5,ema
7,PB10_T6,ema
7,PB10_T7,ema
7,PB10_T8,ema
7,PB10_T9,ema
7,PB11_T1,ema
7,PB11_T10,ema
7,PB11_T11,ema
7,PB11_T12,ema
7,PB11_T2,ema
7,PB11_T3,ema
7,PB11_T4,ema
7,PB11_T5,ema
7,PB11_T6,ema
7,PB11_T7,ema
7,PB11_T8,ema
7,PB11_T9,ema
7,PB12_T1,price_minus_mean
7,PB12_T10,z_score
7,PB12_T11,z_score
7,PB12_T12,z_score
7,PB12_T2,price_minus_mean
7,PB12_T3,price_minus_mean
7,PB12_T4,normalized_deviation
7,PB12_T5,price_minus_mean
7,PB12_T6,price_minus_mean
7,PB12_T7,price_minus_mean
7,PB12_T8,z_score
7,PB12_T9,z_score
7,PB13_T1,price_minus_mean
7,PB13_T10,z_score
7,PB13_T11,z_score
7,PB13_T12,z_score
7,PB13_T2,price_minus_mean
7,PB13_T3,price_minus_mean
7,PB13_T4,normalized_deviation
7,PB13_T5,price_minus_mean
7,PB13_T6,price_minus_mean
7,PB13_T7,price_minus_mean
7,PB13_T8,z_score
7,PB13_T9,z_score
7,PB14_T1,z_score
7,PB14_T10,z_score
7,PB14_T11,z_score
7,PB14_T12,z_score
7,PB14_T2,z_score
7,PB14_T3,z_score
7,PB14_T4,z_score
7,PB14_T5,z_score
7,PB14_T6,z_score
7,PB14_T7,z_score
7,PB14_T8,z_score
7,PB14_T9,z_score
7,PB15_T1,z_score
7,PB15_T10,z_score
7,PB15_T11,z_score
7,PB15_T12,momentum
7,PB15_T2,z_score
7,PB15_T3,z_score
7,PB15_T4,z_score
7,PB15_T5,z_score
7,PB15_T6,z_score
7,PB15_T7,z_score
7,PB15_T8,z_score
7,PB15_T9,z_score
7,PB16_T1,z_score
7,PB16_T10,z_score
7,PB16_T11,z_score
7,PB16_T12,momentum
7,PB16_T2,z_score
7,PB16_T3,z_score
7,PB16_T4,z_score
7,PB16_T5,z_score
7,PB16_T6,z_score
7,PB16_T7,z_score
7,PB16_T8,z_score
7,PB16_T9,z_score
7,PB17_T1,z_score
7,PB17_T10,z_score
7,PB17_T11,z_score
7,PB17_T12,momentum
7,PB17_T2,z_score
7,PB17_T3,z_score
7,PB17_T4,z_score
7,PB17_T5,z_score
7,PB17_T6,z_score
7,PB17_T7,z_score
7,PB17_T8,z_score
7,PB17_T9,z_score
7,PB18_T1,z_score
7,PB18_T10,z_score
7,PB18_T11,z_score
7,PB18_T12,rolling_return_mean
7,PB18_T2,z_score
7,PB18_T3,z_score
7,PB18_T4,z_score
7,PB18_T5,z_score
7,PB18_T6,z_score
7,PB18_T7,z_score
7,PB18_T8,z_score
7,PB18_T9,z_score
7,PB2_T1,z_score
7,PB2_T10,rolling_max
7,PB2_T11,rolling_max
7,PB2_T12,momentum
7,PB2_T2,z_score
7,PB2_T3,z_score
7,PB2_T4,z_score
7,PB2_T5,z_score
7,PB2_T6,z_score
7,PB2_T7,z_score
7,PB2_T8,z_score
7,PB2_T9,z_score
7,PB3_T1,z_score
7,PB3_T10,normalized_deviation
7,PB3_T11,normalized_deviation
7,PB3_T12,absolute_return_mean
7,PB3_T2,z_score
7,PB3_T3,z_score
7,PB3_T4,z_score
7,PB3_T5,z_score
7,PB3_T6,z_score
7,PB3_T7,z_score
7,PB3_T8,z_score
7,PB3_T9,distance_from_low
7,PB4_T1,price_minus_mean
7,PB4_T10,z_score
7,PB4_T11,z_score
7,PB4_T12,z_score
7,PB4_T2,price_minus_mean
7,PB4_T3,price_minus_mean
7,PB4_T4,normalized_deviation
7,PB4_T5,price_minus_mean
7,PB4_T6,price_minus_mean
7,PB4_T7,price_minus_mean
7,PB4_T8,z_score
7,PB4_T9,z_score
7,PB5_T1,price_minus_mean
7,PB5_T10,z_score
7,PB5_T11,z_score
7,PB5_T12,z_score
7,PB5_T2,price_minus_mean
7,PB5_T3,price_minus_mean
7,PB5_T4,normalized_deviation
7,PB5_T5,price_minus_mean
7,PB5_T6,price_minus_mean
7,PB5_T7,price_minus_mean
7,PB5_T8,z_score
7,PB5_T9,z_score
7,PB6_T1,normalized_deviation
7,PB6_T10,momentum
7,PB6_T11,momentum
7,PB6_T12,ema
7,PB6_T2,rolling_return_mean
7,PB6_T3,rolling_return_mean
7,PB6_T4,momentum
7,PB6_T5,rolling_return_mean
7,PB6_T6,rolling_return_mean
7,PB6_T7,rolling_return_mean
7,PB6_T8,rolling_return_mean
7,PB6_T9,distance_from_high
7,PB7_T1,z_score
7,PB7_T10,z_score
7,PB7_T11,z_score
7,PB7_T12,rolling_return_mean
7,PB7_T2,z_score
7,PB7_T3,z_score
7,PB7_T4,z_score
7,PB7_T5,z_score
7,PB7_T6,z_score
7,PB7_T7,z_score
7,PB7_T8,z_score
7,PB7_T9,z_score
7,PB8_T1,z_score
7,PB8_T10,z_score
7,PB8_T11,z_score
7,PB8_T12,rolling_return_mean
7,PB8_T2,z_score
7,PB8_T3,z_score
7,PB8_T4,z_score
7,PB8_T5,z_score
7,PB8_T6,z_score
7,PB8_T7,z_score
7,PB8_T8,z_score
7,PB8_T9,z_score
7,PB9_T1,ema
7,PB9_T10,distance_from_high
7,PB9_T11,distance_from_high
7,PB9_T12,distance_from_high
7,PB9_T2,ema
7,PB9_T3,ema
7,PB9_T4,ema
7,PB9_T5,ema
7,PB9_T6,ema
7,PB9_T7,ema
7,PB9_T8,ema
7,PB9_T9,distance_from_high
8,BB1_T1,ema
8,BB1_T10,rolling_mean
8,BB1_T11,rolling_mean
8,BB1_T12,rolling_mean
8,BB1_T2,rolling_mean
8,BB1_T3,rolling_mean
8,BB1_T4,rolling_mean
8,BB1_T5,rolling_mean
8,BB1_T6,rolling_mean
8,BB1_T7,rolling_mean
8,BB1_T8,rolling_mean
8,BB1_T9,rolling_mean
8,BB10_T1,z_score
8,BB10_T10,z_score
8,BB10_T11,z_score
8,BB10_T12,z_score
8,BB10_T2,z_score
8,BB10_T3,z_score
8,BB10_T4,z_score
8,BB10_T5,z_score
8,BB10_T6,z_score
8,BB10_T7,z_score
8,BB10_T8,z_score
8,BB10_T9,z_score
8,BB11_T1,rolling_max
8,BB11_T10,rolling_max
8,BB11_T11,rolling_max
8,BB11_T12,rolling_max
8,BB11_T2,rolling_max
8,BB11_T3,rolling_max
8,BB11_T4,rolling_max
8,BB11_T5,rolling_max
8,BB11_T6,rolling_max
8,BB11_T7,rolling_max
8,BB11_T8,rolling_max
8,BB11_T9,rolling_max
8,BB12_T1,rolling_min
8,BB12_T10,rolling_min
8,BB12_T11,rolling_min
8,BB12_T12,rolling_min
8,BB12_T2,rolling_min
8,BB12_T3,rolling_min
8,BB12_T4,rolling_min
8,BB12_T5,rolling_min
8,BB12_T6,rolling_min
8,BB12_T7,rolling_min
8,BB12_T8,rolling_min
8,BB12_T9,rolling_min
8,BB13_T1,ema
8,BB13_T10,ema
8,BB13_T11,ema
8,BB13_T12,ema
8,BB13_T2,ema
8,BB13_T3,ema
8,BB13_T4,ema
8,BB13_T5,ema
8,BB13_T6,ema
8,BB13_T7,ema
8,BB13_T8,ema
8,BB13_T9,ema
8,BB14_T1,rolling_max
8,BB14_T10,ema
8,BB14_T11,ema
8,BB14_T12,ema
8,BB14_T2,ema
8,BB14_T3,ema
8,BB14_T4,ema
8,BB14_T5,ema
8,BB14_T6,ema
8,BB14_T7,ema
8,BB14_T8,ema
8,BB14_T9,ema
8,BB15_T1,rolling_min
8,BB15_T10,ema
8,BB15_T11,ema
8,BB15_T12,ema
8,BB15_T2,ema
8,BB15_T3,ema
8,BB15_T4,ema
8,BB15_T5,ema
8,BB15_T6,ema
8,BB15_T7,ema
8,BB15_T8,ema
8,BB15_T9,ema
8,BB2_T1,momentum
8,BB2_T10,momentum
8,BB2_T11,momentum
8,BB2_T12,momentum
8,BB2_T2,momentum
8,BB2_T3,momentum
8,BB2_T4,momentum
8,BB2_T5,momentum
8,BB2_T6,momentum
8,BB2_T7,momentum
8,BB2_T8,momentum
8,BB2_T9,momentum
8,BB3_T1,normalized_deviation
8,BB3_T10,normalized_deviation
8,BB3_T11,normalized_deviation
8,BB3_T12,normalized_deviation
8,BB3_T2,normalized_deviation
8,BB3_T3,normalized_deviation
8,BB3_T4,normalized_deviation
8,BB3_T5,normalized_deviation
8,BB3_T6,normalized_deviation
8,BB3_T7,normalized_deviation
8,BB3_T8,normalized_deviation
8,BB3_T9,normalized_deviation
8,BB4_T1,rolling_mean
8,BB4_T10,rolling_mean
8,BB4_T11,rolling_mean
8,BB4_T12,rolling_mean
8,BB4_T2,rolling_mean
8,BB4_T3,rolling_mean
8,BB4_T4,rolling_mean
8,BB4_T5,rolling_mean
8,BB4_T6,rolling_mean
8,BB4_T7,rolling_mean
8,BB4_T8,rolling_mean
8,BB4_T9,rolling_mean
8,BB5_T1,ema
8,BB5_T10,ema
8,BB5_T11,ema
8,BB5_T12,ema
8,BB5_T2,ema
8,BB5_T3,ema
8,BB5_T4,ema
8,BB5_T5,ema
8,BB5_T6,ema
8,BB5_T7,ema
8,BB5_T8,ema
8,BB5_T9,ema
8,BB6_T1,rolling_mean
8,BB6_T10,rolling_mean
8,BB6_T11,rolling_mean
8,BB6_T12,rolling_mean
8,BB6_T2,rolling_mean
8,BB6_T3,rolling_mean
8,BB6_T4,rolling_mean
8,BB6_T5,rolling_mean
8,BB6_T6,rolling_mean
8,BB6_T7,rolling_mean
8,BB6_T8,rolling_mean
8,BB6_T9,rolling_mean
8,BB7_T1,rolling_max
8,BB7_T10,rolling_max
8,BB7_T11,rolling_max
8,BB7_T12,rolling_max
8,BB7_T2,rolling_max
8,BB7_T3,rolling_max
8,BB7_T4,rolling_max
8,BB7_T5,rolling_max
8,BB7_T6,rolling_max
8,BB7_T7,rolling_max
8,BB7_T8,rolling_max
8,BB7_T9,rolling_max
8,BB8_T1,rolling_min
8,BB8_T10,rolling_min
8,BB8_T11,rolling_min
8,BB8_T12,rolling_min
8,BB8_T2,rolling_min
8,BB8_T3,rolling_min
8,BB8_T4,rolling_min
8,BB8_T5,rolling_min
8,BB8_T6,rolling_min
8,BB8_T7,rolling_min
8,BB8_T8,rolling_min
8,BB8_T9,rolling_min
8,BB9_T1,rolling_std
8,BB9_T10,rolling_std
8,BB9_T11,rolling_std
8,BB9_T12,rolling_std
8,BB9_T2,rolling_std
8,BB9_T3,rolling_std
8,BB9_T4,rolling_std
8,BB9_T5,rolling_std
8,BB9_T6,rolling_std
8,BB9_T7,rolling_std
8,BB9_T8,rolling_std
8,BB9_T9,rolling_std
8,PB1_T1,normalized_deviation
8,PB1_T10,z_score
8,PB1_T11,z_score
8,PB1_T12,z_score
8,PB1_T2,price_minus_mean
8,PB1_T3,price_minus_mean
8,PB1_T4,price_minus_mean
8,PB1_T5,price_minus_mean
8,PB1_T6,price_minus_mean
8,PB1_T7,normalized_deviation
8,PB1_T8,price_minus_mean
8,PB1_T9,z_score
8,PB10_T1,ema
8,PB10_T10,ema
8,PB10_T11,ema
8,PB10_T12,rolling_min
8,PB10_T2,ema
8,PB10_T3,ema
8,PB10_T4,ema
8,PB10_T5,ema
8,PB10_T6,ema
8,PB10_T7,ema
8,PB10_T8,ema
8,PB10_T9,ema
8,PB11_T1,ema
8,PB11_T10,downside_volatility
8,PB11_T11,downside_volatility
8,PB11_T12,distance_from_low
8,PB11_T2,ema
8,PB11_T3,ema
8,PB11_T4,ema
8,PB11_T5,ema
8,PB11_T6,ema
8,PB11_T7,ema
8,PB11_T8,ema
8,PB11_T9,ema
8,PB12_T1,normalized_deviation
8,PB12_T10,z_score
8,PB12_T11,z_score
8,PB12_T12,z_score
8,PB12_T2,price_minus_mean
8,PB12_T3,price_minus_mean
8,PB12_T4,price_minus_mean
8,PB12_T5,price_minus_mean
8,PB12_T6,price_minus_mean
8,PB12_T7,normalized_deviation
8,PB12_T8,price_minus_mean
8,PB12_T9,z_score
8,PB13_T1,normalized_deviation
8,PB13_T10,z_score
8,PB13_T11,z_score
8,PB13_T12,z_score
8,PB13_T2,price_minus_mean
8,PB13_T3,price_minus_mean
8,PB13_T4,price_minus_mean
8,PB13_T5,price_minus_mean
8,PB13_T6,price_minus_mean
8,PB13_T7,normalized_deviation
8,PB13_T8,price_minus_mean
8,PB13_T9,z_score
8,PB14_T1,z_score
8,PB14_T10,z_score
8,PB14_T11,z_score
8,PB14_T12,z_score
8,PB14_T2,z_score
8,PB14_T3,z_score
8,PB14_T4,z_score
8,PB14_T5,z_score
8,PB14_T6,z_score
8,PB14_T7,z_score
8,PB14_T8,z_score
8,PB14_T9,z_score
8,PB15_T1,z_score
8,PB15_T10,z_score
8,PB15_T11,z_score
8,PB15_T12,distance_from_high
8,PB15_T2,z_score
8,PB15_T3,z_score
8,PB15_T4,z_score
8,PB15_T5,z_score
8,PB15_T6,z_score
8,PB15_T7,z_score
8,PB15_T8,z_score
8,PB15_T9,z_score
8,PB16_T1,z_score
8,PB16_T10,z_score
8,PB16_T11,z_score
8,PB16_T12,distance_from_high
8,PB16_T2,z_score
8,PB16_T3,z_score
8,PB16_T4,z_score
8,PB16_T5,z_score
8,PB16_T6,z_score
8,PB16_T7,z_score
8,PB16_T8,z_score
8,PB16_T9,z_score
8,PB17_T1,z_score
8,PB17_T10,z_score
8,PB17_T11,z_score
8,PB17_T12,distance_from_high
8,PB17_T2,z_score
8,PB17_T3,z_score
8,PB17_T4,z_score
8,PB17_T5,z_score
8,PB17_T6,z_score
8,PB17_T7,z_score
8,PB17_T8,z_score
8,PB17_T9,z_score
8,PB18_T1,z_score
8,PB18_T10,z_score
8,PB18_T11,z_score
8,PB18_T12,distance_from_high
8,PB18_T2,z_score
8,PB18_T3,z_score
8,PB18_T4,z_score
8,PB18_T5,z_score
8,PB18_T6,z_score
8,PB18_T7,z_score
8,PB18_T8,z_score
8,PB18_T9,z_score
8,PB2_T1,z_score
8,PB2_T10,z_score
8,PB2_T11,rolling_max
8,PB2_T12,absolute_return_mean
8,PB2_T2,z_score
8,PB2_T3,z_score
8,PB2_T4,z_score
8,PB2_T5,z_score
8,PB2_T6,z_score
8,PB2_T7,z_score
8,PB2_T8,z_score
8,PB2_T9,z_score
8,PB3_T1,z_score
8,PB3_T10,upside_volatility
8,PB3_T11,normalized_deviation
8,PB3_T12,upside_volatility
8,PB3_T2,z_score
8,PB3_T3,z_score
8,PB3_T4,z_score
8,PB3_T5,z_score
8,PB3_T6,z_score
8,PB3_T7,z_score
8,PB3_T8,z_score
8,PB3_T9,z_score
8,PB4_T1,normalized_deviation
8,PB4_T10,z_score
8,PB4_T11,z_score
8,PB4_T12,z_score
8,PB4_T2,price_minus_mean
8,PB4_T3,price_minus_mean
8,PB4_T4,price_minus_mean
8,PB4_T5,price_minus_mean
8,PB4_T6,price_minus_mean
8,PB4_T7,normalized_deviation
8,PB4_T8,price_minus_mean
8,PB4_T9,z_score
8,PB5_T1,normalized_deviation
8,PB5_T10,z_score
8,PB5_T11,z_score
8,PB5_T12,z_score
8,PB5_T2,price_minus_mean
8,PB5_T3,price_minus_mean
8,PB5_T4,price_minus_mean
8,PB5_T5,price_minus_mean
8,PB5_T6,price_minus_mean
8,PB5_T7,normalized_deviation
8,PB5_T8,price_minus_mean
8,PB5_T9,z_score
8,PB6_T1,price_minus_mean
8,PB6_T10,momentum
8,PB6_T11,rolling_return_mean
8,PB6_T12,rolling_min
8,PB6_T2,rolling_return_mean
8,PB6_T3,rolling_return_mean
8,PB6_T4,rolling_return_mean
8,PB6_T5,rolling_return_mean
8,PB6_T6,rolling_return_mean
8,PB6_T7,rolling_return_mean
8,PB6_T8,rolling_return_mean
8,PB6_T9,price_minus_mean
8,PB7_T1,z_score
8,PB7_T10,z_score
8,PB7_T11,z_score
8,PB7_T12,distance_from_high
8,PB7_T2,z_score
8,PB7_T3,z_score
8,PB7_T4,z_score
8,PB7_T5,z_score
8,PB7_T6,z_score
8,PB7_T7,z_score
8,PB7_T8,z_score
8,PB7_T9,z_score
8,PB8_T1,z_score
8,PB8_T10,z_score
8,PB8_T11,z_score
8,PB8_T12,distance_from_high
8,PB8_T2,z_score
8,PB8_T3,z_score
8,PB8_T4,z_score
8,PB8_T5,z_score
8,PB8_T6,z_score
8,PB8_T7,z_score
8,PB8_T8,z_score
8,PB8_T9,z_score
8,PB9_T1,ema
8,PB9_T10,distance_from_high
8,PB9_T11,distance_from_high
8,PB9_T12,distance_from_high
8,PB9_T2,ema
8,PB9_T3,ema
8,PB9_T4,ema
8,PB9_T5,ema
8,PB9_T6,ema
8,PB9_T7,ema
8,PB9_T8,ema
8,PB9_T9,ema
9,BB1_T1,ema
9,BB1_T10,rolling_mean
9,BB1_T11,rolling_mean
9,BB1_T12,rolling_mean
9,BB1_T2,rolling_mean
9,BB1_T3,rolling_mean
9,BB1_T4,rolling_mean
9,BB1_T5,rolling_mean
9,BB1_T6,rolling_mean
9,BB1_T7,rolling_mean
9,BB1_T8,rolling_mean
9,BB1_T9,rolling_mean
9,BB10_T1,z_score
9,BB10_T10,z_score
9,BB10_T11,z_score
9,BB10_T12,z_score
9,BB10_T2,z_score
9,BB10_T3,z_score
9,BB10_T4,z_score
9,BB10_T5,z_score
9,BB10_T6,z_score
9,BB10_T7,z_score
9,BB10_T8,z_score
9,BB10_T9,z_score
9,BB11_T1,rolling_max
9,BB11_T10,rolling_max
9,BB11_T11,rolling_max
9,BB11_T12,rolling_max
9,BB11_T2,rolling_max
9,BB11_T3,rolling_max
9,BB11_T4,rolling_max
9,BB11_T5,rolling_max
9,BB11_T6,rolling_max
9,BB11_T7,rolling_max
9,BB11_T8,rolling_max
9,BB11_T9,rolling_max
9,BB12_T1,rolling_min
9,BB12_T10,rolling_min
9,BB12_T11,rolling_min
9,BB12_T12,rolling_min
9,BB12_T2,rolling_min
9,BB12_T3,rolling_min
9,BB12_T4,rolling_min
9,BB12_T5,rolling_min
9,BB12_T6,rolling_min
9,BB12_T7,rolling_min
9,BB12_T8,rolling_min
9,BB12_T9,rolling_min
9,BB13_T1,ema
9,BB13_T10,ema
9,BB13_T11,ema
9,BB13_T12,ema
9,BB13_T2,ema
9,BB13_T3,ema
9,BB13_T4,ema
9,BB13_T5,ema
9,BB13_T6,ema
9,BB13_T7,ema
9,BB13_T8,ema
9,BB13_T9,ema
9,BB14_T1,rolling_max
9,BB14_T10,ema
9,BB14_T11,ema
9,BB14_T12,ema
9,BB14_T2,ema
9,BB14_T3,ema
9,BB14_T4,ema
9,BB14_T5,ema
9,BB14_T6,ema
9,BB14_T7,ema
9,BB14_T8,ema
9,BB14_T9,ema
9,BB15_T1,rolling_min
9,BB15_T10,ema
9,BB15_T11,ema
9,BB15_T12,ema
9,BB15_T2,ema
9,BB15_T3,ema
9,BB15_T4,ema
9,BB15_T5,ema
9,BB15_T6,ema
9,BB15_T7,ema
9,BB15_T8,ema
9,BB15_T9,ema
9,BB2_T1,rolling_return_mean
9,BB2_T10,rolling_return_mean
9,BB2_T11,rolling_return_mean
9,BB2_T12,rolling_return_mean
9,BB2_T2,rolling_return_mean
9,BB2_T3,rolling_return_mean
9,BB2_T4,rolling_return_mean
9,BB2_T5,rolling_return_mean
9,BB2_T6,rolling_return_mean
9,BB2_T7,rolling_return_mean
9,BB2_T8,rolling_return_mean
9,BB2_T9,rolling_return_mean
9,BB3_T1,price_minus_mean
9,BB3_T10,normalized_deviation
9,BB3_T11,normalized_deviation
9,BB3_T12,normalized_deviation
9,BB3_T2,price_minus_mean
9,BB3_T3,price_minus_mean
9,BB3_T4,price_minus_mean
9,BB3_T5,normalized_deviation
9,BB3_T6,normalized_deviation
9,BB3_T7,normalized_deviation
9,BB3_T8,normalized_deviation
9,BB3_T9,normalized_deviation
9,BB4_T1,rolling_mean
9,BB4_T10,rolling_mean
9,BB4_T11,rolling_mean
9,BB4_T12,rolling_mean
9,BB4_T2,rolling_mean
9,BB4_T3,rolling_mean
9,BB4_T4,rolling_mean
9,BB4_T5,rolling_mean
9,BB4_T6,rolling_mean
9,BB4_T7,rolling_mean
9,BB4_T8,rolling_mean
9,BB4_T9,rolling_mean
9,BB5_T1,ema
9,BB5_T10,ema
9,BB5_T11,ema
9,BB5_T12,ema
9,BB5_T2,ema
9,BB5_T3,ema
9,BB5_T4,ema
9,BB5_T5,ema
9,BB5_T6,ema
9,BB5_T7,ema
9,BB5_T8,ema
9,BB5_T9,ema
9,BB6_T1,rolling_mean
9,BB6_T10,rolling_mean
9,BB6_T11,rolling_mean
9,BB6_T12,rolling_mean
9,BB6_T2,rolling_mean
9,BB6_T3,rolling_mean
9,BB6_T4,rolling_mean
9,BB6_T5,rolling_mean
9,BB6_T6,rolling_mean
9,BB6_T7,rolling_mean
9,BB6_T8,rolling_mean
9,BB6_T9,rolling_mean
9,BB7_T1,rolling_max
9,BB7_T10,rolling_max
9,BB7_T11,rolling_median
9,BB7_T12,rolling_max
9,BB7_T2,rolling_max
9,BB7_T3,rolling_max
9,BB7_T4,rolling_max
9,BB7_T5,rolling_max
9,BB7_T6,rolling_max
9,BB7_T7,rolling_max
9,BB7_T8,rolling_max
9,BB7_T9,rolling_max
9,BB8_T1,rolling_min
9,BB8_T10,rolling_min
9,BB8_T11,rolling_min
9,BB8_T12,rolling_min
9,BB8_T2,rolling_min
9,BB8_T3,rolling_min
9,BB8_T4,rolling_min
9,BB8_T5,rolling_min
9,BB8_T6,rolling_min
9,BB8_T7,rolling_min
9,BB8_T8,rolling_min
9,BB8_T9,rolling_min
9,BB9_T1,rolling_std
9,BB9_T10,rolling_std
9,BB9_T11,rolling_std
9,BB9_T12,rolling_std
9,BB9_T2,rolling_std
9,BB9_T3,rolling_std
9,BB9_T4,rolling_std
9,BB9_T5,rolling_std
9,BB9_T6,rolling_std
9,BB9_T7,rolling_std
9,BB9_T8,rolling_std
9,BB9_T9,rolling_std
9,PB1_T1,price_minus_mean
9,PB1_T10,z_score
9,PB1_T11,price_minus_mean
9,PB1_T12,distance_from_low
9,PB1_T2,normalized_deviation
9,PB1_T3,normalized_deviation
9,PB1_T4,price_minus_mean
9,PB1_T5,price_minus_mean
9,PB1_T6,price_minus_mean
9,PB1_T7,normalized_deviation
9,PB1_T8,price_minus_mean
9,PB1_T9,z_score
9,PB10_T1,ema
9,PB10_T10,ema
9,PB10_T11,ema
9,PB10_T12,rolling_max
9,PB10_T2,ema
9,PB10_T3,ema
9,PB10_T4,ema
9,PB10_T5,ema
9,PB10_T6,ema
9,PB10_T7,ema
9,PB10_T8,ema
9,PB10_T9,ema
9,PB11_T1,ema
9,PB11_T10,ema
9,PB11_T11,ema
9,PB11_T12,rolling_max
9,PB11_T2,ema
9,PB11_T3,ema
9,PB11_T4,ema
9,PB11_T5,ema
9,PB11_T6,ema
9,PB11_T7,ema
9,PB11_T8,ema
9,PB11_T9,ema
9,PB12_T1,price_minus_mean
9,PB12_T10,z_score
9,PB12_T11,price_minus_mean
9,PB12_T12,distance_from_low
9,PB12_T2,normalized_deviation
9,PB12_T3,normalized_deviation
9,PB12_T4,price_minus_mean
9,PB12_T5,price_minus_mean
9,PB12_T6,price_minus_mean
9,PB12_T7,normalized_deviation
9,PB12_T8,price_minus_mean
9,PB12_T9,z_score
9,PB13_T1,price_minus_mean
9,PB13_T10,z_score
9,PB13_T11,price_minus_mean
9,PB13_T12,distance_from_low
9,PB13_T2,normalized_deviation
9,PB13_T3,normalized_deviation
9,PB13_T4,price_minus_mean
9,PB13_T5,price_minus_mean
9,PB13_T6,price_minus_mean
9,PB13_T7,normalized_deviation
9,PB13_T8,price_minus_mean
9,PB13_T9,z_score
9,PB14_T1,z_score
9,PB14_T10,z_score
9,PB14_T11,z_score
9,PB14_T12,distance_from_low
9,PB14_T2,z_score
9,PB14_T3,z_score
9,PB14_T4,z_score
9,PB14_T5,z_score
9,PB14_T6,z_score
9,PB14_T7,z_score
9,PB14_T8,z_score
9,PB14_T9,z_score
9,PB15_T1,z_score
9,PB15_T10,z_score
9,PB15_T11,z_score
9,PB15_T12,distance_from_low
9,PB15_T2,z_score
9,PB15_T3,z_score
9,PB15_T4,z_score
9,PB15_T5,z_score
9,PB15_T6,z_score
9,PB15_T7,z_score
9,PB15_T8,z_score
9,PB15_T9,z_score
9,PB16_T1,z_score
9,PB16_T10,z_score
9,PB16_T11,z_score
9,PB16_T12,distance_from_low
9,PB16_T2,z_score
9,PB16_T3,z_score
9,PB16_T4,z_score
9,PB16_T5,z_score
9,PB16_T6,z_score
9,PB16_T7,z_score
9,PB16_T8,z_score
9,PB16_T9,z_score
9,PB17_T1,z_score
9,PB17_T10,z_score
9,PB17_T11,z_score
9,PB17_T12,distance_from_low
9,PB17_T2,z_score
9,PB17_T3,z_score
9,PB17_T4,z_score
9,PB17_T5,z_score
9,PB17_T6,z_score
9,PB17_T7,z_score
9,PB17_T8,z_score
9,PB17_T9,z_score
9,PB18_T1,z_score
9,PB18_T10,z_score
9,PB18_T11,z_score
9,PB18_T12,distance_from_low
9,PB18_T2,z_score
9,PB18_T3,z_score
9,PB18_T4,z_score
9,PB18_T5,z_score
9,PB18_T6,z_score
9,PB18_T7,z_score
9,PB18_T8,z_score
9,PB18_T9,z_score
9,PB2_T1,z_score
9,PB2_T10,ema
9,PB2_T11,ema
9,PB2_T12,rolling_max
9,PB2_T2,z_score
9,PB2_T3,z_score
9,PB2_T4,z_score
9,PB2_T5,z_score
9,PB2_T6,z_score
9,PB2_T7,z_score
9,PB2_T8,z_score
9,PB2_T9,z_score
9,PB3_T1,z_score
9,PB3_T10,rolling_mean
9,PB3_T11,price_minus_mean
9,PB3_T12,absolute_return_mean
9,PB3_T2,z_score
9,PB3_T3,z_score
9,PB3_T4,z_score
9,PB3_T5,z_score
9,PB3_T6,z_score
9,PB3_T7,z_score
9,PB3_T8,z_score
9,PB3_T9,distance_from_high
9,PB4_T1,price_minus_mean
9,PB4_T10,z_score
9,PB4_T11,price_minus_mean
9,PB4_T12,distance_from_low
9,PB4_T2,normalized_deviation
9,PB4_T3,normalized_deviation
9,PB4_T4,price_minus_mean
9,PB4_T5,price_minus_mean
9,PB4_T6,price_minus_mean
9,PB4_T7,normalized_deviation
9,PB4_T8,price_minus_mean
9,PB4_T9,z_score
9,PB5_T1,price_minus_mean
9,PB5_T10,z_score
9,PB5_T11,price_minus_mean
9,PB5_T12,distance_from_low
9,PB5_T2,normalized_deviation
9,PB5_T3,normalized_deviation
9,PB5_T4,price_minus_mean
9,PB5_T5,price_minus_mean
9,PB5_T6,price_minus_mean
9,PB5_T7,normalized_deviation
9,PB5_T8,price_minus_mean
9,PB5_T9,z_score
9,PB6_T1,normalized_deviation
9,PB6_T10,distance_from_high
9,PB6_T11,distance_from_high
9,PB6_T12,rolling_mean
9,PB6_T2,momentum
9,PB6_T3,momentum
9,PB6_T4,momentum
9,PB6_T5,momentum
9,PB6_T6,momentum
9,PB6_T7,rolling_return_mean
9,PB6_T8,momentum
9,PB6_T9,rolling_return_mean
9,PB7_T1,z_score
9,PB7_T10,z_score
9,PB7_T11,z_score
9,PB7_T12,distance_from_low
9,PB7_T2,z_score
9,PB7_T3,z_score
9,PB7_T4,z_score
9,PB7_T5,z_score
9,PB7_T6,z_score
9,PB7_T7,z_score
9,PB7_T8,z_score
9,PB7_T9,z_score
9,PB8_T1,z_score
9,PB8_T10,z_score
9,PB8_T11,z_score
9,PB8_T12,distance_from_low
9,PB8_T2,z_score
9,PB8_T3,z_score
9,PB8_T4,z_score
9,PB8_T5,z_score
9,PB8_T6,z_score
9,PB8_T7,z_score
9,PB8_T8,z_score
9,PB8_T9,z_score
9,PB9_T1,ema
9,PB9_T10,distance_from_low
9,PB9_T11,z_score
9,PB9_T12,distance_from_low
9,PB9_T2,ema
9,PB9_T3,ema
9,PB9_T4,ema
9,PB9_T5,ema
9,PB9_T6,ema
9,PB9_T7,ema
9,PB9_T8,ema
9,PB9_T9,ema
10,BB1_T1,rolling_mean
10,BB1_T10,rolling_mean
10,BB1_T11,rolling_mean
10,BB1_T12,rolling_mean
10,BB1_T2,rolling_mean
10,BB1_T3,rolling_mean
10,BB1_T4,rolling_mean
10,BB1_T5,rolling_mean
10,BB1_T6,rolling_mean
10,BB1_T7,rolling_mean
10,BB1_T8,rolling_mean
10,BB1_T9,rolling_mean
10,BB10_T1,z_score
10,BB10_T10,z_score
10,BB10_T11,z_score
10,BB10_T12,z_score
10,BB10_T2,z_score
10,BB10_T3,z_score
10,BB10_T4,z_score
10,BB10_T5,z_score
10,BB10_T6,z_score
10,BB10_T7,z_score
10,BB10_T8,z_score
10,BB10_T9,z_score
10,BB11_T1,rolling_max
10,BB11_T10,rolling_max
10,BB11_T11,rolling_max
10,BB11_T12,rolling_max
10,BB11_T2,rolling_max
10,BB11_T3,rolling_max
10,BB11_T4,rolling_max
10,BB11_T5,rolling_max
10,BB11_T6,rolling_max
10,BB11_T7,rolling_max
10,BB11_T8,rolling_max
10,BB11_T9,rolling_max
10,BB12_T1,rolling_min
10,BB12_T10,rolling_min
10,BB12_T11,rolling_min
10,BB12_T12,rolling_min
10,BB12_T2,rolling_min
10,BB12_T3,rolling_min
10,BB12_T4,rolling_min
10,BB12_T5,rolling_min
10,BB12_T6,rolling_min
10,BB12_T7,rolling_min
10,BB12_T8,rolling_min
10,BB12_T9,rolling_min
10,BB13_T1,ema
10,BB13_T10,ema
10,BB13_T11,ema
10,BB13_T12,ema
10,BB13_T2,ema
10,BB13_T3,ema
10,BB13_T4,ema
10,BB13_T5,ema
10,BB13_T6,ema
10,BB13_T7,ema
10,BB13_T8,ema
10,BB13_T9,ema
10,BB14_T1,rolling_max
10,BB14_T10,ema
10,BB14_T11,ema
10,BB14_T12,ema
10,BB14_T2,ema
10,BB14_T3,ema
10,BB14_T4,ema
10,BB14_T5,ema
10,BB14_T6,ema
10,BB14_T7,ema
10,BB14_T8,ema
10,BB14_T9,ema
10,BB15_T1,rolling_min
10,BB15_T10,ema
10,BB15_T11,ema
10,BB15_T12,ema
10,BB15_T2,ema
10,BB15_T3,ema
10,BB15_T4,ema
10,BB15_T5,ema
10,BB15_T6,ema
10,BB15_T7,ema
10,BB15_T8,ema
10,BB15_T9,ema
10,BB2_T1,momentum
10,BB2_T10,momentum
10,BB2_T11,momentum
10,BB2_T12,momentum
10,BB2_T2,momentum
10,BB2_T3,momentum
10,BB2_T4,momentum
10,BB2_T5,momentum
10,BB2_T6,momentum
10,BB2_T7,momentum
10,BB2_T8,momentum
10,BB2_T9,momentum
10,BB3_T1,price_minus_mean
10,BB3_T10,price_minus_mean
10,BB3_T11,price_minus_mean
10,BB3_T12,price_minus_mean
10,BB3_T2,price_minus_mean
10,BB3_T3,normalized_deviation
10,BB3_T4,price_minus_mean
10,BB3_T5,price_minus_mean
10,BB3_T6,price_minus_mean
10,BB3_T7,normalized_deviation
10,BB3_T8,normalized_deviation
10,BB3_T9,normalized_deviation
10,BB4_T1,rolling_mean
10,BB4_T10,rolling_mean
10,BB4_T11,rolling_mean
10,BB4_T12,rolling_mean
10,BB4_T2,rolling_mean
10,BB4_T3,rolling_mean
10,BB4_T4,rolling_mean
10,BB4_T5,rolling_mean
10,BB4_T6,rolling_mean
10,BB4_T7,rolling_mean
10,BB4_T8,rolling_mean
10,BB4_T9,rolling_mean
10,BB5_T1,ema
10,BB5_T10,ema
10,BB5_T11,ema
10,BB5_T12,ema
10,BB5_T2,ema
10,BB5_T3,ema
10,BB5_T4,ema
10,BB5_T5,ema
10,BB5_T6,ema
10,BB5_T7,ema
10,BB5_T8,ema
10,BB5_T9,ema
10,BB6_T1,rolling_mean
10,BB6_T10,rolling_mean
10,BB6_T11,rolling_mean
10,BB6_T12,rolling_mean
10,BB6_T2,rolling_mean
10,BB6_T3,rolling_mean
10,BB6_T4,rolling_mean
10,BB6_T5,rolling_mean
10,BB6_T6,rolling_mean
10,BB6_T7,rolling_mean
10,BB6_T8,rolling_mean
10,BB6_T9,rolling_mean
10,BB7_T1,rolling_max
10,BB7_T10,rolling_max
10,BB7_T11,rolling_max
10,BB7_T12,rolling_max
10,BB7_T2,rolling_max
10,BB7_T3,rolling_max
10,BB7_T4,rolling_max
10,BB7_T5,rolling_max
10,BB7_T6,rolling_max
10,BB7_T7,rolling_max
10,BB7_T8,rolling_max
10,BB7_T9,rolling_max
10,BB8_T1,rolling_min
10,BB8_T10,rolling_min
10,BB8_T11,rolling_min
10,BB8_T12,rolling_min
10,BB8_T2,rolling_min
10,BB8_T3,rolling_min
10,BB8_T4,rolling_min
10,BB8_T5,rolling_min
10,BB8_T6,rolling_min
10,BB8_T7,rolling_min
10,BB8_T8,rolling_min
10,BB8_T9,rolling_min
10,BB9_T1,rolling_std
10,BB9_T10,rolling_std
10,BB9_T11,rolling_std
10,BB9_T12,rolling_std
10,BB9_T2,rolling_std
10,BB9_T3,rolling_std
10,BB9_T4,rolling_std
10,BB9_T5,rolling_std
10,BB9_T6,rolling_std
10,BB9_T7,rolling_std
10,BB9_T8,rolling_std
10,BB9_T9,rolling_std
10,PB1_T1,normalized_deviation
10,PB1_T10,z_score
10,PB1_T11,z_score
10,PB1_T12,rolling_median
10,PB1_T2,normalized_deviation
10,PB1_T3,normalized_deviation
10,PB1_T4,price_minus_mean
10,PB1_T5,normalized_deviation
10,PB1_T6,normalized_deviation
10,PB1_T7,z_score
10,PB1_T8,price_minus_mean
10,PB1_T9,price_minus_mean
10,PB10_T1,ema
10,PB10_T10,ema
10,PB10_T11,rolling_min
10,PB10_T12,absolute_return_mean
10,PB10_T2,ema
10,PB10_T3,ema
10,PB10_T4,ema
10,PB10_T5,ema
10,PB10_T6,ema
10,PB10_T7,ema
10,PB10_T8,ema
10,PB10_T9,ema
10,PB11_T1,ema
10,PB11_T10,rolling_min
10,PB11_T11,rolling_min
10,PB11_T12,downside_volatility
10,PB11_T2,ema
10,PB11_T3,ema
10,PB11_T4,ema
10,PB11_T5,ema
10,PB11_T6,ema
10,PB11_T7,ema
10,PB11_T8,ema
10,PB11_T9,ema
10,PB12_T1,normalized_deviation
10,PB12_T10,z_score
10,PB12_T11,z_score
10,PB12_T12,rolling_median
10,PB12_T2,normalized_deviation
10,PB12_T3,normalized_deviation
10,PB12_T4,price_minus_mean
10,PB12_T5,normalized_deviation
10,PB12_T6,normalized_deviation
10,PB12_T7,z_score
10,PB12_T8,price_minus_mean
10,PB12_T9,price_minus_mean
10,PB13_T1,normalized_deviation
10,PB13_T10,z_score
10,PB13_T11,z_score
10,PB13_T12,rolling_median
10,PB13_T2,normalized_deviation
10,PB13_T3,normalized_deviation
10,PB13_T4,price_minus_mean
10,PB13_T5,normalized_deviation
10,PB13_T6,normalized_deviation
10,PB13_T7,z_score
10,PB13_T8,price_minus_mean
10,PB13_T9,price_minus_mean
10,PB14_T1,z_score
10,PB14_T10,z_score
10,PB14_T11,z_score
10,PB14_T12,rolling_median
10,PB14_T2,z_score
10,PB14_T3,z_score
10,PB14_T4,z_score
10,PB14_T5,z_score
10,PB14_T6,z_score
10,PB14_T7,z_score
10,PB14_T8,z_score
10,PB14_T9,z_score
10,PB15_T1,z_score
10,PB15_T10,z_score
10,PB15_T11,z_score
10,PB15_T12,upside_volatility
10,PB15_T2,z_score
10,PB15_T3,z_score
10,PB15_T4,z_score
10,PB15_T5,z_score
10,PB15_T6,z_score
10,PB15_T7,z_score
10,PB15_T8,z_score
10,PB15_T9,z_score
10,PB16_T1,z_score
10,PB16_T10,z_score
10,PB16_T11,z_score
10,PB16_T12,upside_volatility
10,PB16_T2,z_score
10,PB16_T3,z_score
10,PB16_T4,z_score
10,PB16_T5,z_score
10,PB16_T6,z_score
10,PB16_T7,z_score
10,PB16_T8,z_score
10,PB16_T9,z_score
10,PB17_T1,z_score
10,PB17_T10,z_score
10,PB17_T11,z_score
10,PB17_T12,upside_volatility
10,PB17_T2,z_score
10,PB17_T3,z_score
10,PB17_T4,z_score
10,PB17_T5,z_score
10,PB17_T6,z_score
10,PB17_T7,z_score
10,PB17_T8,z_score
10,PB17_T9,z_score
10,PB18_T1,z_score
10,PB18_T10,z_score
10,PB18_T11,z_score
10,PB18_T12,upside_volatility
10,PB18_T2,z_score
10,PB18_T3,z_score
10,PB18_T4,z_score
10,PB18_T5,z_score
10,PB18_T6,z_score
10,PB18_T7,z_score
10,PB18_T8,z_score
10,PB18_T9,z_score
10,PB2_T1,z_score
10,PB2_T10,ema
10,PB2_T11,ema
10,PB2_T12,upside_volatility
10,PB2_T2,z_score
10,PB2_T3,z_score
10,PB2_T4,z_score
10,PB2_T5,z_score
10,PB2_T6,z_score
10,PB2_T7,z_score
10,PB2_T8,z_score
10,PB2_T9,z_score
10,PB3_T1,z_score
10,PB3_T10,z_score
10,PB3_T11,z_score
10,PB3_T12,upside_volatility
10,PB3_T2,z_score
10,PB3_T3,z_score
10,PB3_T4,z_score
10,PB3_T5,z_score
10,PB3_T6,z_score
10,PB3_T7,z_score
10,PB3_T8,z_score
10,PB3_T9,z_score
10,PB4_T1,normalized_deviation
10,PB4_T10,z_score
10,PB4_T11,z_score
10,PB4_T12,rolling_median
10,PB4_T2,normalized_deviation
10,PB4_T3,normalized_deviation
10,PB4_T4,price_minus_mean
10,PB4_T5,normalized_deviation
10,PB4_T6,normalized_deviation
10,PB4_T7,z_score
10,PB4_T8,price_minus_mean
10,PB4_T9,price_minus_mean
10,PB5_T1,normalized_deviation
10,PB5_T10,z_score
10,PB5_T11,z_score
10,PB5_T12,rolling_median
10,PB5_T2,normalized_deviation
10,PB5_T3,normalized_deviation
10,PB5_T4,price_minus_mean
10,PB5_T5,normalized_deviation
10,PB5_T6,normalized_deviation
10,PB5_T7,z_score
10,PB5_T8,price_minus_mean
10,PB5_T9,price_minus_mean
10,PB6_T1,normalized_deviation
10,PB6_T10,momentum
10,PB6_T11,momentum
10,PB6_T12,downside_volatility
10,PB6_T2,normalized_deviation
10,PB6_T3,rolling_return_mean
10,PB6_T4,rolling_return_mean
10,PB6_T5,rolling_return_mean
10,PB6_T6,rolling_return_mean
10,PB6_T7,momentum
10,PB6_T8,rolling_return_mean
10,PB6_T9,momentum
10,PB7_T1,z_score
10,PB7_T10,z_score
10,PB7_T11,z_score
10,PB7_T12,upside_volatility
10,PB7_T2,z_score
10,PB7_T3,z_score
10,PB7_T4,z_score
10,PB7_T5,z_score
10,PB7_T6,z_score
10,PB7_T7,z_score
10,PB7_T8,z_score
10,PB7_T9,z_score
10,PB8_T1,z_score
10,PB8_T10,z_score
10,PB8_T11,z_score
10,PB8_T12,upside_volatility
10,PB8_T2,z_score
10,PB8_T3,z_score
10,PB8_T4,z_score
10,PB8_T5,z_score
10,PB8_T6,z_score
10,PB8_T7,z_score
10,PB8_T8,z_score
10,PB8_T9,z_score
10,PB9_T1,ema
10,PB9_T10,momentum
10,PB9_T11,momentum
10,PB9_T12,distance_from_low
10,PB9_T2,ema
10,PB9_T3,ema
10,PB9_T4,ema
10,PB9_T5,ema
10,PB9_T6,ema
10,PB9_T7,ema
10,PB9_T8,ema
10,PB9_T9,ema
11,BB1_T1,rolling_mean
11,BB1_T10,rolling_mean
11,BB1_T11,rolling_mean
11,BB1_T12,rolling_mean
11,BB1_T2,rolling_mean
11,BB1_T3,rolling_mean
11,BB1_T4,rolling_mean
11,BB1_T5,rolling_mean
11,BB1_T6,rolling_mean
11,BB1_T7,rolling_mean
11,BB1_T8,rolling_mean
11,BB1_T9,rolling_mean
11,BB10_T1,z_score
11,BB10_T10,z_score
11,BB10_T11,z_score
11,BB10_T12,z_score
11,BB10_T2,z_score
11,BB10_T3,z_score
11,BB10_T4,z_score
11,BB10_T5,z_score
11,BB10_T6,z_score
11,BB10_T7,z_score
11,BB10_T8,z_score
11,BB10_T9,z_score
11,BB11_T1,rolling_max
11,BB11_T10,rolling_max
11,BB11_T11,rolling_max
11,BB11_T12,rolling_max
11,BB11_T2,rolling_max
11,BB11_T3,rolling_max
11,BB11_T4,rolling_max
11,BB11_T5,rolling_max
11,BB11_T6,rolling_max
11,BB11_T7,rolling_max
11,BB11_T8,rolling_max
11,BB11_T9,rolling_max
11,BB12_T1,rolling_min
11,BB12_T10,rolling_min
11,BB12_T11,rolling_min
11,BB12_T12,rolling_min
11,BB12_T2,rolling_min
11,BB12_T3,rolling_min
11,BB12_T4,rolling_min
11,BB12_T5,rolling_min
11,BB12_T6,rolling_min
11,BB12_T7,rolling_min
11,BB12_T8,rolling_min
11,BB12_T9,rolling_min
11,BB13_T1,ema
11,BB13_T10,ema
11,BB13_T11,ema
11,BB13_T12,ema
11,BB13_T2,ema
11,BB13_T3,ema
11,BB13_T4,ema
11,BB13_T5,ema
11,BB13_T6,ema
11,BB13_T7,ema
11,BB13_T8,ema
11,BB13_T9,ema
11,BB14_T1,rolling_max
11,BB14_T10,ema
11,BB14_T11,ema
11,BB14_T12,ema
11,BB14_T2,ema
11,BB14_T3,ema
11,BB14_T4,ema
11,BB14_T5,ema
11,BB14_T6,ema
11,BB14_T7,ema
11,BB14_T8,ema
11,BB14_T9,ema
11,BB15_T1,rolling_min
11,BB15_T10,ema
11,BB15_T11,ema
11,BB15_T12,ema
11,BB15_T2,ema
11,BB15_T3,ema
11,BB15_T4,ema
11,BB15_T5,ema
11,BB15_T6,ema
11,BB15_T7,ema
11,BB15_T8,ema
11,BB15_T9,ema
11,BB2_T1,rolling_return_mean
11,BB2_T10,momentum
11,BB2_T11,momentum
11,BB2_T12,momentum
11,BB2_T2,rolling_return_mean
11,BB2_T3,rolling_return_mean
11,BB2_T4,rolling_return_mean
11,BB2_T5,rolling_return_mean
11,BB2_T6,rolling_return_mean
11,BB2_T7,rolling_return_mean
11,BB2_T8,momentum
11,BB2_T9,momentum
11,BB3_T1,price_minus_mean
11,BB3_T10,price_minus_mean
11,BB3_T11,price_minus_mean
11,BB3_T12,price_minus_mean
11,BB3_T2,price_minus_mean
11,BB3_T3,price_minus_mean
11,BB3_T4,price_minus_mean
11,BB3_T5,price_minus_mean
11,BB3_T6,price_minus_mean
11,BB3_T7,price_minus_mean
11,BB3_T8,price_minus_mean
11,BB3_T9,price_minus_mean
11,BB4_T1,rolling_mean
11,BB4_T10,rolling_mean
11,BB4_T11,rolling_mean
11,BB4_T12,rolling_mean
11,BB4_T2,rolling_mean
11,BB4_T3,rolling_mean
11,BB4_T4,rolling_mean
11,BB4_T5,rolling_mean
11,BB4_T6,rolling_mean
11,BB4_T7,rolling_mean
11,BB4_T8,rolling_mean
11,BB4_T9,rolling_mean
11,BB5_T1,ema
11,BB5_T10,ema
11,BB5_T11,ema
11,BB5_T12,ema
11,BB5_T2,ema
11,BB5_T3,ema
11,BB5_T4,ema
11,BB5_T5,ema
11,BB5_T6,ema
11,BB5_T7,ema
11,BB5_T8,ema
11,BB5_T9,ema
11,BB6_T1,rolling_mean
11,BB6_T10,rolling_mean
11,BB6_T11,rolling_mean
11,BB6_T12,rolling_mean
11,BB6_T2,rolling_mean
11,BB6_T3,rolling_mean
11,BB6_T4,rolling_mean
11,BB6_T5,rolling_mean
11,BB6_T6,rolling_mean
11,BB6_T7,rolling_mean
11,BB6_T8,rolling_mean
11,BB6_T9,rolling_mean
11,BB7_T1,rolling_max
11,BB7_T10,rolling_max
11,BB7_T11,rolling_max
11,BB7_T12,rolling_max
11,BB7_T2,rolling_max
11,BB7_T3,rolling_max
11,BB7_T4,rolling_max
11,BB7_T5,rolling_max
11,BB7_T6,rolling_max
11,BB7_T7,rolling_max
11,BB7_T8,rolling_max
11,BB7_T9,rolling_max
11,BB8_T1,rolling_min
11,BB8_T10,rolling_min
11,BB8_T11,rolling_min
11,BB8_T12,rolling_min
11,BB8_T2,rolling_min
11,BB8_T3,rolling_min
11,BB8_T4,rolling_min
11,BB8_T5,rolling_min
11,BB8_T6,rolling_min
11,BB8_T7,rolling_min
11,BB8_T8,rolling_min
11,BB8_T9,rolling_min
11,BB9_T1,rolling_std
11,BB9_T10,rolling_std
11,BB9_T11,rolling_std
11,BB9_T12,rolling_std
11,BB9_T2,rolling_std
11,BB9_T3,rolling_std
11,BB9_T4,rolling_std
11,BB9_T5,rolling_std
11,BB9_T6,rolling_std
11,BB9_T7,rolling_std
11,BB9_T8,rolling_std
11,BB9_T9,rolling_std
11,PB1_T1,normalized_deviation
11,PB1_T10,price_minus_mean
11,PB1_T11,z_score
11,PB1_T12,z_score
11,PB1_T2,normalized_deviation
11,PB1_T3,normalized_deviation
11,PB1_T4,price_minus_mean
11,PB1_T5,price_minus_mean
11,PB1_T6,price_minus_mean
11,PB1_T7,z_score
11,PB1_T8,z_score
11,PB1_T9,z_score
11,PB10_T1,ema
11,PB10_T10,ema
11,PB10_T11,ema
11,PB10_T12,ema
11,PB10_T2,ema
11,PB10_T3,ema
11,PB10_T4,ema
11,PB10_T5,ema
11,PB10_T6,ema
11,PB10_T7,ema
11,PB10_T8,ema
11,PB10_T9,ema
11,PB11_T1,ema
11,PB11_T10,ema
11,PB11_T11,ema
11,PB11_T12,rolling_min
11,PB11_T2,ema
11,PB11_T3,ema
11,PB11_T4,ema
11,PB11_T5,ema
11,PB11_T6,ema
11,PB11_T7,ema
11,PB11_T8,ema
11,PB11_T9,ema
11,PB12_T1,normalized_deviation
11,PB12_T10,price_minus_mean
11,PB12_T11,z_score
11,PB12_T12,z_score
11,PB12_T2,normalized_deviation
11,PB12_T3,normalized_deviation
11,PB12_T4,price_minus_mean
11,PB12_T5,price_minus_mean
11,PB12_T6,price_minus_mean
11,PB12_T7,z_score
11,PB12_T8,z_score
11,PB12_T9,z_score
11,PB13_T1,normalized_deviation
11,PB13_T10,price_minus_mean
11,PB13_T11,z_score
11,PB13_T12,z_score
11,PB13_T2,normalized_deviation
11,PB13_T3,normalized_deviation
11,PB13_T4,price_minus_mean
11,PB13_T5,price_minus_mean
11,PB13_T6,price_minus_mean
11,PB13_T7,z_score
11,PB13_T8,z_score
11,PB13_T9,z_score
11,PB14_T1,z_score
11,PB14_T10,price_minus_mean
11,PB14_T11,price_minus_mean
11,PB14_T12,z_score
11,PB14_T2,z_score
11,PB14_T3,z_score
11,PB14_T4,z_score
11,PB14_T5,z_score
11,PB14_T6,z_score
11,PB14_T7,z_score
11,PB14_T8,z_score
11,PB14_T9,z_score
11,PB15_T1,z_score
11,PB15_T10,z_score
11,PB15_T11,z_score
11,PB15_T12,distance_from_low
11,PB15_T2,z_score
11,PB15_T3,z_score
11,PB15_T4,z_score
11,PB15_T5,z_score
11,PB15_T6,z_score
11,PB15_T7,z_score
11,PB15_T8,z_score
11,PB15_T9,z_score
11,PB16_T1,z_score
11,PB16_T10,z_score
11,PB16_T11,z_score
11,PB16_T12,distance_from_low
11,PB16_T2,z_score
11,PB16_T3,z_score
11,PB16_T4,z_score
11,PB16_T5,z_score
11,PB16_T6,z_score
11,PB16_T7,z_score
11,PB16_T8,z_score
11,PB16_T9,z_score
11,PB17_T1,z_score
11,PB17_T10,z_score
11,PB17_T11,z_score
11,PB17_T12,distance_from_low
11,PB17_T2,z_score
11,PB17_T3,z_score
11,PB17_T4,z_score
11,PB17_T5,z_score
11,PB17_T6,z_score
11,PB17_T7,z_score
11,PB17_T8,z_score
11,PB17_T9,z_score
11,PB18_T1,z_score
11,PB18_T10,z_score
11,PB18_T11,z_score
11,PB18_T12,distance_from_low
11,PB18_T2,z_score
11,PB18_T3,z_score
11,PB18_T4,z_score
11,PB18_T5,z_score
11,PB18_T6,z_score
11,PB18_T7,z_score
11,PB18_T8,z_score
11,PB18_T9,z_score
11,PB2_T1,z_score
11,PB2_T10,z_score
11,PB2_T11,z_score
11,PB2_T12,rolling_variance
11,PB2_T2,z_score
11,PB2_T3,z_score
11,PB2_T4,z_score
11,PB2_T5,z_score
11,PB2_T6,z_score
11,PB2_T7,z_score
11,PB2_T8,z_score
11,PB2_T9,z_score
11,PB3_T1,z_score
11,PB3_T10,price_minus_mean
11,PB3_T11,price_minus_mean
11,PB3_T12,z_score
11,PB3_T2,z_score
11,PB3_T3,z_score
11,PB3_T4,z_score
11,PB3_T5,z_score
11,PB3_T6,z_score
11,PB3_T7,z_score
11,PB3_T8,normalized_deviation
11,PB3_T9,normalized_deviation
11,PB4_T1,normalized_deviation
11,PB4_T10,price_minus_mean
11,PB4_T11,z_score
11,PB4_T12,z_score
11,PB4_T2,normalized_deviation
11,PB4_T3,normalized_deviation
11,PB4_T4,price_minus_mean
11,PB4_T5,price_minus_mean
11,PB4_T6,price_minus_mean
11,PB4_T7,z_score
11,PB4_T8,z_score
11,PB4_T9,z_score
11,PB5_T1,normalized_deviation
11,PB5_T10,price_minus_mean
11,PB5_T11,z_score
11,PB5_T12,z_score
11,PB5_T2,normalized_deviation
11,PB5_T3,normalized_deviation
11,PB5_T4,price_minus_mean
11,PB5_T5,price_minus_mean
11,PB5_T6,price_minus_mean
11,PB5_T7,z_score
11,PB5_T8,z_score
11,PB5_T9,z_score
11,PB6_T1,price_minus_mean
11,PB6_T10,rolling_return_mean
11,PB6_T11,rolling_return_mean
11,PB6_T12,downside_volatility
11,PB6_T2,rolling_return_mean
11,PB6_T3,momentum
11,PB6_T4,momentum
11,PB6_T5,rolling_return_mean
11,PB6_T6,rolling_return_mean
11,PB6_T7,momentum
11,PB6_T8,momentum
11,PB6_T9,momentum
11,PB7_T1,z_score
11,PB7_T10,z_score
11,PB7_T11,z_score
11,PB7_T12,distance_from_low
11,PB7_T2,z_score
11,PB7_T3,z_score
11,PB7_T4,z_score
11,PB7_T5,z_score
11,PB7_T6,z_score
11,PB7_T7,z_score
11,PB7_T8,z_score
11,PB7_T9,z_score
11,PB8_T1,z_score
11,PB8_T10,z_score
11,PB8_T11,z_score
11,PB8_T12,distance_from_low
11,PB8_T2,z_score
11,PB8_T3,z_score
11,PB8_T4,z_score
11,PB8_T5,z_score
11,PB8_T6,z_score
11,PB8_T7,z_score
11,PB8_T8,z_score
11,PB8_T9,z_score
11,PB9_T1,ema
11,PB9_T10,ema
11,PB9_T11,ema
11,PB9_T12,rolling_min
11,PB9_T2,ema
11,PB9_T3,ema
11,PB9_T4,ema
11,PB9_T5,ema
11,PB9_T6,ema
11,PB9_T7,ema
11,PB9_T8,ema
11,PB9_T9,ema
12,BB1_T1,ema
12,BB1_T10,rolling_mean
12,BB1_T11,rolling_mean
12,BB1_T12,rolling_mean
12,BB1_T2,rolling_mean
12,BB1_T3,rolling_mean
12,BB1_T4,rolling_mean
12,BB1_T5,rolling_mean
12,BB1_T6,rolling_mean
12,BB1_T7,rolling_mean
12,BB1_T8,rolling_mean
12,BB1_T9,rolling_mean
12,BB10_T1,z_score
12,BB10_T10,z_score
12,BB10_T11,z_score
12,BB10_T12,z_score
12,BB10_T2,z_score
12,BB10_T3,z_score
12,BB10_T4,z_score
12,BB10_T5,z_score
12,BB10_T6,z_score
12,BB10_T7,z_score
12,BB10_T8,z_score
12,BB10_T9,z_score
12,BB11_T1,rolling_max
12,BB11_T10,rolling_max
12,BB11_T11,rolling_max
12,BB11_T12,rolling_max
12,BB11_T2,rolling_max
12,BB11_T3,rolling_max
12,BB11_T4,rolling_max
12,BB11_T5,rolling_max
12,BB11_T6,rolling_max
12,BB11_T7,rolling_max
12,BB11_T8,rolling_max
12,BB11_T9,rolling_max
12,BB12_T1,rolling_min
12,BB12_T10,rolling_min
12,BB12_T11,rolling_min
12,BB12_T12,rolling_min
12,BB12_T2,rolling_min
12,BB12_T3,rolling_min
12,BB12_T4,rolling_min
12,BB12_T5,rolling_min
12,BB12_T6,rolling_min
12,BB12_T7,rolling_min
12,BB12_T8,rolling_min
12,BB12_T9,rolling_min
12,BB13_T1,ema
12,BB13_T10,ema
12,BB13_T11,ema
12,BB13_T12,ema
12,BB13_T2,ema
12,BB13_T3,ema
12,BB13_T4,ema
12,BB13_T5,ema
12,BB13_T6,ema
12,BB13_T7,ema
12,BB13_T8,ema
12,BB13_T9,ema
12,BB14_T1,rolling_max
12,BB14_T10,ema
12,BB14_T11,ema
12,BB14_T12,ema
12,BB14_T2,ema
12,BB14_T3,ema
12,BB14_T4,ema
12,BB14_T5,ema
12,BB14_T6,ema
12,BB14_T7,ema
12,BB14_T8,ema
12,BB14_T9,ema
12,BB15_T1,rolling_min
12,BB15_T10,ema
12,BB15_T11,ema
12,BB15_T12,ema
12,BB15_T2,ema
12,BB15_T3,ema
12,BB15_T4,ema
12,BB15_T5,ema
12,BB15_T6,ema
12,BB15_T7,ema
12,BB15_T8,ema
12,BB15_T9,ema
12,BB2_T1,rolling_return_mean
12,BB2_T10,momentum
12,BB2_T11,momentum
12,BB2_T12,momentum
12,BB2_T2,rolling_return_mean
12,BB2_T3,rolling_return_mean
12,BB2_T4,rolling_return_mean
12,BB2_T5,rolling_return_mean
12,BB2_T6,rolling_return_mean
12,BB2_T7,momentum
12,BB2_T8,momentum
12,BB2_T9,momentum
12,BB3_T1,price_minus_mean
12,BB3_T10,price_minus_mean
12,BB3_T11,price_minus_mean
12,BB3_T12,price_minus_mean
12,BB3_T2,price_minus_mean
12,BB3_T3,normalized_deviation
12,BB3_T4,normalized_deviation
12,BB3_T5,normalized_deviation
12,BB3_T6,normalized_deviation
12,BB3_T7,normalized_deviation
12,BB3_T8,price_minus_mean
12,BB3_T9,price_minus_mean
12,BB4_T1,rolling_mean
12,BB4_T10,rolling_mean
12,BB4_T11,rolling_mean
12,BB4_T12,rolling_mean
12,BB4_T2,rolling_mean
12,BB4_T3,rolling_mean
12,BB4_T4,rolling_mean
12,BB4_T5,rolling_mean
12,BB4_T6,rolling_mean
12,BB4_T7,rolling_mean
12,BB4_T8,rolling_mean
12,BB4_T9,rolling_mean
12,BB5_T1,ema
12,BB5_T10,ema
12,BB5_T11,ema
12,BB5_T12,ema
12,BB5_T2,ema
12,BB5_T3,ema
12,BB5_T4,ema
12,BB5_T5,ema
12,BB5_T6,ema
12,BB5_T7,ema
12,BB5_T8,ema
12,BB5_T9,ema
12,BB6_T1,rolling_mean
12,BB6_T10,rolling_mean
12,BB6_T11,rolling_mean
12,BB6_T12,rolling_mean
12,BB6_T2,rolling_mean
12,BB6_T3,rolling_mean
12,BB6_T4,rolling_mean
12,BB6_T5,rolling_mean
12,BB6_T6,rolling_mean
12,BB6_T7,rolling_mean
12,BB6_T8,rolling_mean
12,BB6_T9,rolling_mean
12,BB7_T1,rolling_max
12,BB7_T10,rolling_max
12,BB7_T11,rolling_max
12,BB7_T12,rolling_max
12,BB7_T2,rolling_max
12,BB7_T3,rolling_max
12,BB7_T4,rolling_max
12,BB7_T5,rolling_max
12,BB7_T6,rolling_max
12,BB7_T7,rolling_max
12,BB7_T8,rolling_max
12,BB7_T9,rolling_max
12,BB8_T1,rolling_min
12,BB8_T10,rolling_min
12,BB8_T11,rolling_min
12,BB8_T12,rolling_min
12,BB8_T2,rolling_min
12,BB8_T3,rolling_min
12,BB8_T4,rolling_min
12,BB8_T5,rolling_min
12,BB8_T6,rolling_min
12,BB8_T7,rolling_min
12,BB8_T8,rolling_min
12,BB8_T9,rolling_min
12,BB9_T1,rolling_std
12,BB9_T10,rolling_std
12,BB9_T11,rolling_std
12,BB9_T12,rolling_std
12,BB9_T2,rolling_std
12,BB9_T3,rolling_std
12,BB9_T4,rolling_std
12,BB9_T5,rolling_std
12,BB9_T6,rolling_std
12,BB9_T7,rolling_std
12,BB9_T8,rolling_std
12,BB9_T9,rolling_std
12,PB1_T1,price_minus_mean
12,PB1_T10,price_minus_mean
12,PB1_T11,z_score
12,PB1_T12,z_score
12,PB1_T2,price_minus_mean
12,PB1_T3,price_minus_mean
12,PB1_T4,price_minus_mean
12,PB1_T5,price_minus_mean
12,PB1_T6,price_minus_mean
12,PB1_T7,z_score
12,PB1_T8,z_score
12,PB1_T9,normalized_deviation
12,PB10_T1,ema
12,PB10_T10,ema
12,PB10_T11,ema
12,PB10_T12,ema
12,PB10_T2,ema
12,PB10_T3,ema
12,PB10_T4,ema
12,PB10_T5,ema
12,PB10_T6,ema
12,PB10_T7,ema
12,PB10_T8,ema
12,PB10_T9,ema
12,PB11_T1,ema
12,PB11_T10,ema
12,PB11_T11,rolling_min
12,PB11_T12,rolling_min
12,PB11_T2,ema
12,PB11_T3,ema
12,PB11_T4,ema
12,PB11_T5,ema
12,PB11_T6,ema
12,PB11_T7,ema
12,PB11_T8,ema
12,PB11_T9,ema
12,PB12_T1,price_minus_mean
12,PB12_T10,price_minus_mean
12,PB12_T11,z_score
12,PB12_T12,z_score
12,PB12_T2,price_minus_mean
12,PB12_T3,price_minus_mean
12,PB12_T4,price_minus_mean
12,PB12_T5,price_minus_mean
12,PB12_T6,price_minus_mean
12,PB12_T7,z_score
12,PB12_T8,z_score
12,PB12_T9,normalized_deviation
12,PB13_T1,price_minus_mean
12,PB13_T10,price_minus_mean
12,PB13_T11,z_score
12,PB13_T12,z_score
12,PB13_T2,price_minus_mean
12,PB13_T3,price_minus_mean
12,PB13_T4,price_minus_mean
12,PB13_T5,price_minus_mean
12,PB13_T6,price_minus_mean
12,PB13_T7,z_score
12,PB13_T8,z_score
12,PB13_T9,normalized_deviation
12,PB14_T1,z_score
12,PB14_T10,z_score
12,PB14_T11,z_score
12,PB14_T12,z_score
12,PB14_T2,z_score
12,PB14_T3,z_score
12,PB14_T4,z_score
12,PB14_T5,z_score
12,PB14_T6,z_score
12,PB14_T7,z_score
12,PB14_T8,z_score
12,PB14_T9,z_score
12,PB15_T1,z_score
12,PB15_T10,z_score
12,PB15_T11,z_score
12,PB15_T12,distance_from_low
12,PB15_T2,z_score
12,PB15_T3,z_score
12,PB15_T4,z_score
12,PB15_T5,z_score
12,PB15_T6,z_score
12,PB15_T7,z_score
12,PB15_T8,z_score
12,PB15_T9,z_score
12,PB16_T1,z_score
12,PB16_T10,z_score
12,PB16_T11,z_score
12,PB16_T12,distance_from_low
12,PB16_T2,z_score
12,PB16_T3,z_score
12,PB16_T4,z_score
12,PB16_T5,z_score
12,PB16_T6,z_score
12,PB16_T7,z_score
12,PB16_T8,z_score
12,PB16_T9,z_score
12,PB17_T1,z_score
12,PB17_T10,z_score
12,PB17_T11,z_score
12,PB17_T12,distance_from_low
12,PB17_T2,z_score
12,PB17_T3,z_score
12,PB17_T4,z_score
12,PB17_T5,z_score
12,PB17_T6,z_score
12,PB17_T7,z_score
12,PB17_T8,z_score
12,PB17_T9,z_score
12,PB18_T1,z_score
12,PB18_T10,z_score
12,PB18_T11,z_score
12,PB18_T12,z_score
12,PB18_T2,z_score
12,PB18_T3,z_score
12,PB18_T4,z_score
12,PB18_T5,z_score
12,PB18_T6,z_score
12,PB18_T7,z_score
12,PB18_T8,z_score
12,PB18_T9,z_score
12,PB2_T1,z_score
12,PB2_T10,z_score
12,PB2_T11,z_score
12,PB2_T12,upside_volatility
12,PB2_T2,z_score
12,PB2_T3,z_score
12,PB2_T4,z_score
12,PB2_T5,z_score
12,PB2_T6,z_score
12,PB2_T7,z_score
12,PB2_T8,z_score
12,PB2_T9,z_score
12,PB3_T1,z_score
12,PB3_T10,distance_from_low
12,PB3_T11,absolute_return_mean
12,PB3_T12,rolling_max
12,PB3_T2,z_score
12,PB3_T3,z_score
12,PB3_T4,z_score
12,PB3_T5,z_score
12,PB3_T6,z_score
12,PB3_T7,z_score
12,PB3_T8,z_score
12,PB3_T9,distance_from_low
12,PB4_T1,price_minus_mean
12,PB4_T10,price_minus_mean
12,PB4_T11,z_score
12,PB4_T12,z_score
12,PB4_T2,price_minus_mean
12,PB4_T3,price_minus_mean
12,PB4_T4,price_minus_mean
12,PB4_T5,price_minus_mean
12,PB4_T6,price_minus_mean
12,PB4_T7,z_score
12,PB4_T8,z_score
12,PB4_T9,normalized_deviation
12,PB5_T1,price_minus_mean
12,PB5_T10,price_minus_mean
12,PB5_T11,z_score
12,PB5_T12,z_score
12,PB5_T2,price_minus_mean
12,PB5_T3,price_minus_mean
12,PB5_T4,price_minus_mean
12,PB5_T5,price_minus_mean
12,PB5_T6,price_minus_mean
12,PB5_T7,z_score
12,PB5_T8,z_score
12,PB5_T9,normalized_deviation
12,PB6_T1,normalized_deviation
12,PB6_T10,distance_from_high
12,PB6_T11,rolling_variance
12,PB6_T12,ema
12,PB6_T2,rolling_return_mean
12,PB6_T3,rolling_return_mean
12,PB6_T4,rolling_return_mean
12,PB6_T5,momentum
12,PB6_T6,momentum
12,PB6_T7,rolling_return_mean
12,PB6_T8,momentum
12,PB6_T9,momentum
12,PB7_T1,z_score
12,PB7_T10,z_score
12,PB7_T11,z_score
12,PB7_T12,z_score
12,PB7_T2,z_score
12,PB7_T3,z_score
12,PB7_T4,z_score
12,PB7_T5,z_score
12,PB7_T6,z_score
12,PB7_T7,z_score
12,PB7_T8,z_score
12,PB7_T9,z_score
12,PB8_T1,z_score
12,PB8_T10,z_score
12,PB8_T11,z_score
12,PB8_T12,distance_from_low
12,PB8_T2,z_score
12,PB8_T3,z_score
12,PB8_T4,z_score
12,PB8_T5,z_score
12,PB8_T6,z_score
12,PB8_T7,z_score
12,PB8_T8,z_score
12,PB8_T9,z_score
12,PB9_T1,ema
12,PB9_T10,ema
12,PB9_T11,ema
12,PB9_T12,rolling_max
12,PB9_T2,ema
12,PB9_T3,ema
12,PB9_T4,ema
12,PB9_T5,ema
12,PB9_T6,ema
12,PB9_T7,ema
12,PB9_T8,ema
12,PB9_T9,ema
13,BB1_T1,ema
13,BB1_T10,rolling_mean
13,BB1_T11,rolling_mean
13,BB1_T12,rolling_mean
13,BB1_T2,rolling_mean
13,BB1_T3,rolling_mean
13,BB1_T4,rolling_mean
13,BB1_T5,rolling_mean
13,BB1_T6,rolling_mean
13,BB1_T7,rolling_mean
13,BB1_T8,rolling_mean
13,BB1_T9,rolling_mean
13,BB10_T1,z_score
13,BB10_T10,z_score
13,BB10_T11,z_score
13,BB10_T12,z_score
13,BB10_T2,z_score
13,BB10_T3,z_score
13,BB10_T4,z_score
13,BB10_T5,z_score
13,BB10_T6,z_score
13,BB10_T7,z_score
13,BB10_T8,z_score
13,BB10_T9,z_score
13,BB11_T1,rolling_max
13,BB11_T10,rolling_max
13,BB11_T11,rolling_max
13,BB11_T12,rolling_max
13,BB11_T2,rolling_max
13,BB11_T3,rolling_max
13,BB11_T4,rolling_max
13,BB11_T5,rolling_max
13,BB11_T6,rolling_max
13,BB11_T7,rolling_max
13,BB11_T8,rolling_max
13,BB11_T9,rolling_max
13,BB12_T1,rolling_min
13,BB12_T10,rolling_min
13,BB12_T11,rolling_min
13,BB12_T12,rolling_min
13,BB12_T2,rolling_min
13,BB12_T3,rolling_min
13,BB12_T4,rolling_min
13,BB12_T5,rolling_min
13,BB12_T6,rolling_min
13,BB12_T7,rolling_min
13,BB12_T8,rolling_min
13,BB12_T9,rolling_min
13,BB13_T1,ema
13,BB13_T10,ema
13,BB13_T11,ema
13,BB13_T12,ema
13,BB13_T2,ema
13,BB13_T3,ema
13,BB13_T4,ema
13,BB13_T5,ema
13,BB13_T6,ema
13,BB13_T7,ema
13,BB13_T8,ema
13,BB13_T9,ema
13,BB14_T1,rolling_max
13,BB14_T10,ema
13,BB14_T11,ema
13,BB14_T12,ema
13,BB14_T2,ema
13,BB14_T3,ema
13,BB14_T4,ema
13,BB14_T5,ema
13,BB14_T6,ema
13,BB14_T7,ema
13,BB14_T8,ema
13,BB14_T9,ema
13,BB15_T1,rolling_min
13,BB15_T10,ema
13,BB15_T11,ema
13,BB15_T12,ema
13,BB15_T2,ema
13,BB15_T3,ema
13,BB15_T4,ema
13,BB15_T5,ema
13,BB15_T6,ema
13,BB15_T7,ema
13,BB15_T8,ema
13,BB15_T9,ema
13,BB2_T1,momentum
13,BB2_T10,rolling_return_mean
13,BB2_T11,rolling_return_mean
13,BB2_T12,momentum
13,BB2_T2,momentum
13,BB2_T3,momentum
13,BB2_T4,rolling_return_mean
13,BB2_T5,momentum
13,BB2_T6,momentum
13,BB2_T7,momentum
13,BB2_T8,rolling_return_mean
13,BB2_T9,rolling_return_mean
13,BB3_T1,normalized_deviation
13,BB3_T10,price_minus_mean
13,BB3_T11,normalized_deviation
13,BB3_T12,normalized_deviation
13,BB3_T2,normalized_deviation
13,BB3_T3,normalized_deviation
13,BB3_T4,normalized_deviation
13,BB3_T5,price_minus_mean
13,BB3_T6,price_minus_mean
13,BB3_T7,price_minus_mean
13,BB3_T8,price_minus_mean
13,BB3_T9,price_minus_mean
13,BB4_T1,rolling_mean
13,BB4_T10,rolling_mean
13,BB4_T11,rolling_mean
13,BB4_T12,rolling_mean
13,BB4_T2,rolling_mean
13,BB4_T3,rolling_mean
13,BB4_T4,rolling_mean
13,BB4_T5,rolling_mean
13,BB4_T6,rolling_mean
13,BB4_T7,rolling_mean
13,BB4_T8,rolling_mean
13,BB4_T9,rolling_mean
13,BB5_T1,ema
13,BB5_T10,ema
13,BB5_T11,ema
13,BB5_T12,ema
13,BB5_T2,ema
13,BB5_T3,ema
13,BB5_T4,ema
13,BB5_T5,ema
13,BB5_T6,ema
13,BB5_T7,ema
13,BB5_T8,ema
13,BB5_T9,ema
13,BB6_T1,rolling_mean
13,BB6_T10,rolling_mean
13,BB6_T11,rolling_mean
13,BB6_T12,rolling_mean
13,BB6_T2,rolling_mean
13,BB6_T3,rolling_mean
13,BB6_T4,rolling_mean
13,BB6_T5,rolling_mean
13,BB6_T6,rolling_mean
13,BB6_T7,rolling_mean
13,BB6_T8,rolling_mean
13,BB6_T9,rolling_mean
13,BB7_T1,rolling_max
13,BB7_T10,rolling_max
13,BB7_T11,rolling_max
13,BB7_T12,rolling_max
13,BB7_T2,rolling_max
13,BB7_T3,rolling_max
13,BB7_T4,rolling_max
13,BB7_T5,rolling_max
13,BB7_T6,rolling_max
13,BB7_T7,rolling_max
13,BB7_T8,rolling_max
13,BB7_T9,rolling_max
13,BB8_T1,rolling_min
13,BB8_T10,rolling_min
13,BB8_T11,rolling_min
13,BB8_T12,rolling_min
13,BB8_T2,rolling_min
13,BB8_T3,rolling_min
13,BB8_T4,rolling_min
13,BB8_T5,rolling_min
13,BB8_T6,rolling_min
13,BB8_T7,rolling_min
13,BB8_T8,rolling_min
13,BB8_T9,rolling_min
13,BB9_T1,rolling_std
13,BB9_T10,rolling_std
13,BB9_T11,rolling_std
13,BB9_T12,rolling_std
13,BB9_T2,rolling_std
13,BB9_T3,rolling_std
13,BB9_T4,rolling_std
13,BB9_T5,rolling_std
13,BB9_T6,rolling_std
13,BB9_T7,rolling_std
13,BB9_T8,rolling_std
13,BB9_T9,rolling_std
13,PB1_T1,price_minus_mean
13,PB1_T10,normalized_deviation
13,PB1_T11,normalized_deviation
13,PB1_T12,distance_from_high
13,PB1_T2,price_minus_mean
13,PB1_T3,price_minus_mean
13,PB1_T4,price_minus_mean
13,PB1_T5,price_minus_mean
13,PB1_T6,price_minus_mean
13,PB1_T7,price_minus_mean
13,PB1_T8,price_minus_mean
13,PB1_T9,normalized_deviation
13,PB10_T1,ema
13,PB10_T10,rolling_max
13,PB10_T11,rolling_max
13,PB10_T12,rolling_max
13,PB10_T2,ema
13,PB10_T3,ema
13,PB10_T4,ema
13,PB10_T5,ema
13,PB10_T6,ema
13,PB10_T7,ema
13,PB10_T8,ema
13,PB10_T9,rolling_max
13,PB11_T1,ema
13,PB11_T10,realized_variance
13,PB11_T11,realized_variance
13,PB11_T12,ema
13,PB11_T2,ema
13,PB11_T3,ema
13,PB11_T4,ema
13,PB11_T5,ema
13,PB11_T6,ema
13,PB11_T7,ema
13,PB11_T8,ema
13,PB11_T9,ema
13,PB12_T1,price_minus_mean
13,PB12_T10,normalized_deviation
13,PB12_T11,normalized_deviation
13,PB12_T12,distance_from_high
13,PB12_T2,price_minus_mean
13,PB12_T3,price_minus_mean
13,PB12_T4,price_minus_mean
13,PB12_T5,price_minus_mean
13,PB12_T6,price_minus_mean
13,PB12_T7,price_minus_mean
13,PB12_T8,price_minus_mean
13,PB12_T9,normalized_deviation
13,PB13_T1,price_minus_mean
13,PB13_T10,normalized_deviation
13,PB13_T11,normalized_deviation
13,PB13_T12,distance_from_high
13,PB13_T2,price_minus_mean
13,PB13_T3,price_minus_mean
13,PB13_T4,price_minus_mean
13,PB13_T5,price_minus_mean
13,PB13_T6,price_minus_mean
13,PB13_T7,price_minus_mean
13,PB13_T8,price_minus_mean
13,PB13_T9,normalized_deviation
13,PB14_T1,z_score
13,PB14_T10,z_score
13,PB14_T11,z_score
13,PB14_T12,distance_from_high
13,PB14_T2,z_score
13,PB14_T3,z_score
13,PB14_T4,z_score
13,PB14_T5,z_score
13,PB14_T6,z_score
13,PB14_T7,z_score
13,PB14_T8,z_score
13,PB14_T9,z_score
13,PB15_T1,z_score
13,PB15_T10,z_score
13,PB15_T11,distance_from_high
13,PB15_T12,distance_from_high
13,PB15_T2,z_score
13,PB15_T3,z_score
13,PB15_T4,z_score
13,PB15_T5,z_score
13,PB15_T6,z_score
13,PB15_T7,z_score
13,PB15_T8,z_score
13,PB15_T9,z_score
13,PB16_T1,z_score
13,PB16_T10,z_score
13,PB16_T11,distance_from_high
13,PB16_T12,distance_from_high
13,PB16_T2,z_score
13,PB16_T3,z_score
13,PB16_T4,z_score
13,PB16_T5,z_score
13,PB16_T6,z_score
13,PB16_T7,z_score
13,PB16_T8,z_score
13,PB16_T9,z_score
13,PB17_T1,z_score
13,PB17_T10,z_score
13,PB17_T11,distance_from_high
13,PB17_T12,distance_from_high
13,PB17_T2,z_score
13,PB17_T3,z_score
13,PB17_T4,z_score
13,PB17_T5,z_score
13,PB17_T6,z_score
13,PB17_T7,z_score
13,PB17_T8,z_score
13,PB17_T9,z_score
13,PB18_T1,z_score
13,PB18_T10,z_score
13,PB18_T11,distance_from_high
13,PB18_T12,distance_from_high
13,PB18_T2,z_score
13,PB18_T3,z_score
13,PB18_T4,z_score
13,PB18_T5,z_score
13,PB18_T6,z_score
13,PB18_T7,z_score
13,PB18_T8,z_score
13,PB18_T9,z_score
13,PB2_T1,z_score
13,PB2_T10,z_score
13,PB2_T11,z_score
13,PB2_T12,rolling_variance
13,PB2_T2,z_score
13,PB2_T3,z_score
13,PB2_T4,z_score
13,PB2_T5,z_score
13,PB2_T6,z_score
13,PB2_T7,z_score
13,PB2_T8,z_score
13,PB2_T9,z_score
13,PB3_T1,z_score
13,PB3_T10,z_score
13,PB3_T11,z_score
13,PB3_T12,realized_variance
13,PB3_T2,z_score
13,PB3_T3,z_score
13,PB3_T4,z_score
13,PB3_T5,z_score
13,PB3_T6,z_score
13,PB3_T7,z_score
13,PB3_T8,z_score
13,PB3_T9,z_score
13,PB4_T1,price_minus_mean
13,PB4_T10,normalized_deviation
13,PB4_T11,normalized_deviation
13,PB4_T12,distance_from_high
13,PB4_T2,price_minus_mean
13,PB4_T3,price_minus_mean
13,PB4_T4,price_minus_mean
13,PB4_T5,price_minus_mean
13,PB4_T6,price_minus_mean
13,PB4_T7,price_minus_mean
13,PB4_T8,price_minus_mean
13,PB4_T9,normalized_deviation
13,PB5_T1,price_minus_mean
13,PB5_T10,normalized_deviation
13,PB5_T11,normalized_deviation
13,PB5_T12,distance_from_high
13,PB5_T2,price_minus_mean
13,PB5_T3,price_minus_mean
13,PB5_T4,price_minus_mean
13,PB5_T5,price_minus_mean
13,PB5_T6,price_minus_mean
13,PB5_T7,price_minus_mean
13,PB5_T8,price_minus_mean
13,PB5_T9,normalized_deviation
13,PB6_T1,normalized_deviation
13,PB6_T10,rolling_std
13,PB6_T11,rolling_std
13,PB6_T12,rolling_mean
13,PB6_T2,rolling_return_mean
13,PB6_T3,rolling_return_mean
13,PB6_T4,momentum
13,PB6_T5,momentum
13,PB6_T6,rolling_return_mean
13,PB6_T7,momentum
13,PB6_T8,rolling_return_mean
13,PB6_T9,distance_from_low
13,PB7_T1,z_score
13,PB7_T10,z_score
13,PB7_T11,distance_from_high
13,PB7_T12,distance_from_high
13,PB7_T2,z_score
13,PB7_T3,z_score
13,PB7_T4,z_score
13,PB7_T5,z_score
13,PB7_T6,z_score
13,PB7_T7,z_score
13,PB7_T8,z_score
13,PB7_T9,z_score
13,PB8_T1,z_score
13,PB8_T10,z_score
13,PB8_T11,distance_from_high
13,PB8_T12,distance_from_high
13,PB8_T2,z_score
13,PB8_T3,z_score
13,PB8_T4,z_score
13,PB8_T5,z_score
13,PB8_T6,z_score
13,PB8_T7,z_score
13,PB8_T8,z_score
13,PB8_T9,z_score
13,PB9_T1,ema
13,PB9_T10,rolling_max
13,PB9_T11,rolling_max
13,PB9_T12,distance_from_high
13,PB9_T2,ema
13,PB9_T3,ema
13,PB9_T4,ema
13,PB9_T5,ema
13,PB9_T6,ema
13,PB9_T7,ema
13,PB9_T8,ema
13,PB9_T9,realized_variance
14,BB1_T1,ema
14,BB1_T10,rolling_mean
14,BB1_T11,rolling_mean
14,BB1_T12,ema
14,BB1_T2,rolling_mean
14,BB1_T3,rolling_mean
14,BB1_T4,rolling_mean
14,BB1_T5,rolling_mean
14,BB1_T6,rolling_mean
14,BB1_T7,rolling_mean
14,BB1_T8,rolling_mean
14,BB1_T9,rolling_mean
14,BB10_T1,z_score
14,BB10_T10,z_score
14,BB10_T11,z_score
14,BB10_T12,z_score
14,BB10_T2,z_score
14,BB10_T3,z_score
14,BB10_T4,z_score
14,BB10_T5,z_score
14,BB10_T6,z_score
14,BB10_T7,z_score
14,BB10_T8,z_score
14,BB10_T9,z_score
14,BB11_T1,rolling_max
14,BB11_T10,rolling_max
14,BB11_T11,rolling_max
14,BB11_T12,rolling_max
14,BB11_T2,rolling_max
14,BB11_T3,rolling_max
14,BB11_T4,rolling_max
14,BB11_T5,rolling_max
14,BB11_T6,rolling_max
14,BB11_T7,rolling_max
14,BB11_T8,rolling_max
14,BB11_T9,rolling_max
14,BB12_T1,rolling_min
14,BB12_T10,rolling_min
14,BB12_T11,rolling_min
14,BB12_T12,rolling_min
14,BB12_T2,rolling_min
14,BB12_T3,rolling_min
14,BB12_T4,rolling_min
14,BB12_T5,rolling_min
14,BB12_T6,rolling_min
14,BB12_T7,rolling_min
14,BB12_T8,rolling_min
14,BB12_T9,rolling_min
14,BB13_T1,ema
14,BB13_T10,ema
14,BB13_T11,ema
14,BB13_T12,ema
14,BB13_T2,ema
14,BB13_T3,ema
14,BB13_T4,ema
14,BB13_T5,ema
14,BB13_T6,ema
14,BB13_T7,ema
14,BB13_T8,ema
14,BB13_T9,ema
14,BB14_T1,rolling_max
14,BB14_T10,ema
14,BB14_T11,ema
14,BB14_T12,ema
14,BB14_T2,ema
14,BB14_T3,ema
14,BB14_T4,ema
14,BB14_T5,ema
14,BB14_T6,ema
14,BB14_T7,ema
14,BB14_T8,ema
14,BB14_T9,ema
14,BB15_T1,rolling_min
14,BB15_T10,ema
14,BB15_T11,ema
14,BB15_T12,ema
14,BB15_T2,ema
14,BB15_T3,ema
14,BB15_T4,ema
14,BB15_T5,ema
14,BB15_T6,ema
14,BB15_T7,ema
14,BB15_T8,ema
14,BB15_T9,ema
14,BB2_T1,momentum
14,BB2_T10,rolling_return_mean
14,BB2_T11,momentum
14,BB2_T12,momentum
14,BB2_T2,momentum
14,BB2_T3,momentum
14,BB2_T4,momentum
14,BB2_T5,momentum
14,BB2_T6,momentum
14,BB2_T7,momentum
14,BB2_T8,momentum
14,BB2_T9,rolling_return_mean
14,BB3_T1,normalized_deviation
14,BB3_T10,normalized_deviation
14,BB3_T11,normalized_deviation
14,BB3_T12,normalized_deviation
14,BB3_T2,normalized_deviation
14,BB3_T3,normalized_deviation
14,BB3_T4,normalized_deviation
14,BB3_T5,normalized_deviation
14,BB3_T6,normalized_deviation
14,BB3_T7,normalized_deviation
14,BB3_T8,normalized_deviation
14,BB3_T9,normalized_deviation
14,BB4_T1,rolling_mean
14,BB4_T10,rolling_mean
14,BB4_T11,rolling_mean
14,BB4_T12,rolling_mean
14,BB4_T2,rolling_mean
14,BB4_T3,rolling_mean
14,BB4_T4,rolling_mean
14,BB4_T5,rolling_mean
14,BB4_T6,rolling_mean
14,BB4_T7,rolling_mean
14,BB4_T8,rolling_mean
14,BB4_T9,rolling_mean
14,BB5_T1,ema
14,BB5_T10,ema
14,BB5_T11,ema
14,BB5_T12,ema
14,BB5_T2,ema
14,BB5_T3,ema
14,BB5_T4,ema
14,BB5_T5,ema
14,BB5_T6,ema
14,BB5_T7,ema
14,BB5_T8,ema
14,BB5_T9,ema
14,BB6_T1,rolling_mean
14,BB6_T10,rolling_mean
14,BB6_T11,rolling_mean
14,BB6_T12,rolling_mean
14,BB6_T2,rolling_mean
14,BB6_T3,rolling_mean
14,BB6_T4,rolling_mean
14,BB6_T5,rolling_mean
14,BB6_T6,rolling_mean
14,BB6_T7,rolling_mean
14,BB6_T8,rolling_mean
14,BB6_T9,rolling_mean
14,BB7_T1,rolling_max
14,BB7_T10,rolling_max
14,BB7_T11,rolling_max
14,BB7_T12,rolling_max
14,BB7_T2,rolling_max
14,BB7_T3,rolling_max
14,BB7_T4,rolling_max
14,BB7_T5,rolling_max
14,BB7_T6,rolling_max
14,BB7_T7,rolling_max
14,BB7_T8,rolling_max
14,BB7_T9,rolling_max
14,BB8_T1,rolling_min
14,BB8_T10,rolling_min
14,BB8_T11,rolling_min
14,BB8_T12,rolling_min
14,BB8_T2,rolling_min
14,BB8_T3,rolling_min
14,BB8_T4,rolling_min
14,BB8_T5,rolling_min
14,BB8_T6,rolling_min
14,BB8_T7,rolling_min
14,BB8_T8,rolling_min
14,BB8_T9,rolling_min
14,BB9_T1,rolling_std
14,BB9_T10,rolling_std
14,BB9_T11,rolling_std
14,BB9_T12,rolling_std
14,BB9_T2,rolling_std
14,BB9_T3,rolling_std
14,BB9_T4,rolling_std
14,BB9_T5,rolling_std
14,BB9_T6,rolling_std
14,BB9_T7,rolling_std
14,BB9_T8,rolling_std
14,BB9_T9,rolling_std
14,PB1_T1,price_minus_mean
14,PB1_T10,price_minus_mean
14,PB1_T11,price_minus_mean
14,PB1_T12,price_minus_mean
14,PB1_T2,price_minus_mean
14,PB1_T3,price_minus_mean
14,PB1_T4,normalized_deviation
14,PB1_T5,price_minus_mean
14,PB1_T6,price_minus_mean
14,PB1_T7,price_minus_mean
14,PB1_T8,price_minus_mean
14,PB1_T9,price_minus_mean
14,PB10_T1,ema
14,PB10_T10,ema
14,PB10_T11,ema
14,PB10_T12,rolling_variance
14,PB10_T2,ema
14,PB10_T3,ema
14,PB10_T4,ema
14,PB10_T5,ema
14,PB10_T6,ema
14,PB10_T7,ema
14,PB10_T8,ema
14,PB10_T9,ema
14,PB11_T1,ema
14,PB11_T10,ema
14,PB11_T11,ema
14,PB11_T12,rolling_min
14,PB11_T2,ema
14,PB11_T3,ema
14,PB11_T4,ema
14,PB11_T5,ema
14,PB11_T6,ema
14,PB11_T7,rolling_min
14,PB11_T8,rolling_min
14,PB11_T9,rolling_min
14,PB12_T1,price_minus_mean
14,PB12_T10,price_minus_mean
14,PB12_T11,price_minus_mean
14,PB12_T12,price_minus_mean
14,PB12_T2,price_minus_mean
14,PB12_T3,price_minus_mean
14,PB12_T4,normalized_deviation
14,PB12_T5,price_minus_mean
14,PB12_T6,price_minus_mean
14,PB12_T7,price_minus_mean
14,PB12_T8,price_minus_mean
14,PB12_T9,price_minus_mean
14,PB13_T1,price_minus_mean
14,PB13_T10,price_minus_mean
14,PB13_T11,price_minus_mean
14,PB13_T12,price_minus_mean
14,PB13_T2,price_minus_mean
14,PB13_T3,price_minus_mean
14,PB13_T4,normalized_deviation
14,PB13_T5,price_minus_mean
14,PB13_T6,price_minus_mean
14,PB13_T7,price_minus_mean
14,PB13_T8,price_minus_mean
14,PB13_T9,price_minus_mean
14,PB14_T1,z_score
14,PB14_T10,z_score
14,PB14_T11,z_score
14,PB14_T12,z_score
14,PB14_T2,z_score
14,PB14_T3,z_score
14,PB14_T4,z_score
14,PB14_T5,z_score
14,PB14_T6,z_score
14,PB14_T7,z_score
14,PB14_T8,z_score
14,PB14_T9,z_score
14,PB15_T1,z_score
14,PB15_T10,z_score
14,PB15_T11,z_score
14,PB15_T12,distance_from_low
14,PB15_T2,z_score
14,PB15_T3,z_score
14,PB15_T4,z_score
14,PB15_T5,z_score
14,PB15_T6,z_score
14,PB15_T7,z_score
14,PB15_T8,z_score
14,PB15_T9,z_score
14,PB16_T1,z_score
14,PB16_T10,z_score
14,PB16_T11,z_score
14,PB16_T12,distance_from_low
14,PB16_T2,z_score
14,PB16_T3,z_score
14,PB16_T4,z_score
14,PB16_T5,z_score
14,PB16_T6,z_score
14,PB16_T7,z_score
14,PB16_T8,z_score
14,PB16_T9,z_score
14,PB17_T1,z_score
14,PB17_T10,z_score
14,PB17_T11,z_score
14,PB17_T12,distance_from_low
14,PB17_T2,z_score
14,PB17_T3,z_score
14,PB17_T4,z_score
14,PB17_T5,z_score
14,PB17_T6,z_score
14,PB17_T7,z_score
14,PB17_T8,z_score
14,PB17_T9,z_score
14,PB18_T1,z_score
14,PB18_T10,z_score
14,PB18_T11,z_score
14,PB18_T12,distance_from_low
14,PB18_T2,z_score
14,PB18_T3,z_score
14,PB18_T4,z_score
14,PB18_T5,z_score
14,PB18_T6,z_score
14,PB18_T7,z_score
14,PB18_T8,z_score
14,PB18_T9,z_score
14,PB2_T1,z_score
14,PB2_T10,z_score
14,PB2_T11,rolling_median
14,PB2_T12,rolling_median
14,PB2_T2,z_score
14,PB2_T3,z_score
14,PB2_T4,z_score
14,PB2_T5,z_score
14,PB2_T6,z_score
14,PB2_T7,distance_from_low
14,PB2_T8,distance_from_low
14,PB2_T9,distance_from_low
14,PB3_T1,z_score
14,PB3_T10,price_minus_mean
14,PB3_T11,price_minus_mean
14,PB3_T12,price_minus_mean
14,PB3_T2,z_score
14,PB3_T3,z_score
14,PB3_T4,z_score
14,PB3_T5,z_score
14,PB3_T6,z_score
14,PB3_T7,z_score
14,PB3_T8,z_score
14,PB3_T9,z_score
14,PB4_T1,price_minus_mean
14,PB4_T10,price_minus_mean
14,PB4_T11,price_minus_mean
14,PB4_T12,price_minus_mean
14,PB4_T2,price_minus_mean
14,PB4_T3,price_minus_mean
14,PB4_T4,normalized_deviation
14,PB4_T5,price_minus_mean
14,PB4_T6,price_minus_mean
14,PB4_T7,price_minus_mean
14,PB4_T8,price_minus_mean
14,PB4_T9,price_minus_mean
14,PB5_T1,price_minus_mean
14,PB5_T10,price_minus_mean
14,PB5_T11,price_minus_mean
14,PB5_T12,price_minus_mean
14,PB5_T2,price_minus_mean
14,PB5_T3,price_minus_mean
14,PB5_T4,normalized_deviation
14,PB5_T5,price_minus_mean
14,PB5_T6,price_minus_mean
14,PB5_T7,price_minus_mean
14,PB5_T8,price_minus_mean
14,PB5_T9,price_minus_mean
14,PB6_T1,price_minus_mean
14,PB6_T10,momentum
14,PB6_T11,momentum
14,PB6_T12,distance_from_high
14,PB6_T2,rolling_return_mean
14,PB6_T3,rolling_return_mean
14,PB6_T4,rolling_return_mean
14,PB6_T5,rolling_return_mean
14,PB6_T6,rolling_return_mean
14,PB6_T7,rolling_return_mean
14,PB6_T8,momentum
14,PB6_T9,momentum
14,PB7_T1,z_score
14,PB7_T10,z_score
14,PB7_T11,z_score
14,PB7_T12,distance_from_low
14,PB7_T2,z_score
14,PB7_T3,z_score
14,PB7_T4,z_score
14,PB7_T5,z_score
14,PB7_T6,z_score
14,PB7_T7,z_score
14,PB7_T8,z_score
14,PB7_T9,z_score
14,PB8_T1,z_score
14,PB8_T10,z_score
14,PB8_T11,z_score
14,PB8_T12,distance_from_low
14,PB8_T2,z_score
14,PB8_T3,z_score
14,PB8_T4,z_score
14,PB8_T5,z_score
14,PB8_T6,z_score
14,PB8_T7,z_score
14,PB8_T8,z_score
14,PB8_T9,z_score
14,PB9_T1,ema
14,PB9_T10,downside_volatility
14,PB9_T11,rolling_return_mean
14,PB9_T12,distance_from_high
14,PB9_T2,ema
14,PB9_T3,ema
14,PB9_T4,ema
14,PB9_T5,ema
14,PB9_T6,ema
14,PB9_T7,ema
14,PB9_T8,ema
14,PB9_T9,ema
15,BB1_T1,rolling_mean
15,BB1_T10,rolling_mean
15,BB1_T11,rolling_mean
15,BB1_T12,rolling_mean
15,BB1_T2,rolling_mean
15,BB1_T3,rolling_mean
15,BB1_T4,rolling_mean
15,BB1_T5,rolling_mean
15,BB1_T6,rolling_mean
15,BB1_T7,rolling_mean
15,BB1_T8,rolling_mean
15,BB1_T9,rolling_mean
15,BB10_T1,z_score
15,BB10_T10,z_score
15,BB10_T11,z_score
15,BB10_T12,z_score
15,BB10_T2,z_score
15,BB10_T3,z_score
15,BB10_T4,z_score
15,BB10_T5,z_score
15,BB10_T6,z_score
15,BB10_T7,z_score
15,BB10_T8,z_score
15,BB10_T9,z_score
15,BB11_T1,rolling_max
15,BB11_T10,rolling_max
15,BB11_T11,rolling_max
15,BB11_T12,rolling_max
15,BB11_T2,rolling_max
15,BB11_T3,rolling_max
15,BB11_T4,rolling_max
15,BB11_T5,rolling_max
15,BB11_T6,rolling_max
15,BB11_T7,rolling_max
15,BB11_T8,rolling_max
15,BB11_T9,rolling_max
15,BB12_T1,rolling_min
15,BB12_T10,rolling_min
15,BB12_T11,rolling_min
15,BB12_T12,rolling_min
15,BB12_T2,rolling_min
15,BB12_T3,rolling_min
15,BB12_T4,rolling_min
15,BB12_T5,rolling_min
15,BB12_T6,rolling_min
15,BB12_T7,rolling_min
15,BB12_T8,rolling_min
15,BB12_T9,rolling_min
15,BB13_T1,ema
15,BB13_T10,ema
15,BB13_T11,ema
15,BB13_T12,ema
15,BB13_T2,ema
15,BB13_T3,ema
15,BB13_T4,ema
15,BB13_T5,ema
15,BB13_T6,ema
15,BB13_T7,ema
15,BB13_T8,ema
15,BB13_T9,ema
15,BB14_T1,rolling_max
15,BB14_T10,ema
15,BB14_T11,ema
15,BB14_T12,ema
15,BB14_T2,ema
15,BB14_T3,ema
15,BB14_T4,ema
15,BB14_T5,ema
15,BB14_T6,ema
15,BB14_T7,ema
15,BB14_T8,ema
15,BB14_T9,ema
15,BB15_T1,rolling_min
15,BB15_T10,ema
15,BB15_T11,ema
15,BB15_T12,ema
15,BB15_T2,ema
15,BB15_T3,ema
15,BB15_T4,ema
15,BB15_T5,ema
15,BB15_T6,ema
15,BB15_T7,ema
15,BB15_T8,ema
15,BB15_T9,ema
15,BB2_T1,momentum
15,BB2_T10,rolling_return_mean
15,BB2_T11,rolling_return_mean
15,BB2_T12,momentum
15,BB2_T2,momentum
15,BB2_T3,momentum
15,BB2_T4,momentum
15,BB2_T5,momentum
15,BB2_T6,momentum
15,BB2_T7,momentum
15,BB2_T8,rolling_return_mean
15,BB2_T9,rolling_return_mean
15,BB3_T1,normalized_deviation
15,BB3_T10,normalized_deviation
15,BB3_T11,normalized_deviation
15,BB3_T12,normalized_deviation
15,BB3_T2,normalized_deviation
15,BB3_T3,normalized_deviation
15,BB3_T4,normalized_deviation
15,BB3_T5,normalized_deviation
15,BB3_T6,normalized_deviation
15,BB3_T7,normalized_deviation
15,BB3_T8,normalized_deviation
15,BB3_T9,normalized_deviation
15,BB4_T1,rolling_mean
15,BB4_T10,rolling_mean
15,BB4_T11,rolling_mean
15,BB4_T12,rolling_mean
15,BB4_T2,rolling_mean
15,BB4_T3,rolling_mean
15,BB4_T4,rolling_mean
15,BB4_T5,rolling_mean
15,BB4_T6,rolling_mean
15,BB4_T7,rolling_mean
15,BB4_T8,rolling_mean
15,BB4_T9,rolling_mean
15,BB5_T1,ema
15,BB5_T10,ema
15,BB5_T11,ema
15,BB5_T12,ema
15,BB5_T2,ema
15,BB5_T3,ema
15,BB5_T4,ema
15,BB5_T5,ema
15,BB5_T6,ema
15,BB5_T7,ema
15,BB5_T8,ema
15,BB5_T9,ema
15,BB6_T1,rolling_mean
15,BB6_T10,rolling_mean
15,BB6_T11,rolling_mean
15,BB6_T12,rolling_mean
15,BB6_T2,rolling_mean
15,BB6_T3,rolling_mean
15,BB6_T4,rolling_mean
15,BB6_T5,rolling_mean
15,BB6_T6,rolling_mean
15,BB6_T7,rolling_mean
15,BB6_T8,rolling_mean
15,BB6_T9,rolling_mean
15,BB7_T1,rolling_max
15,BB7_T10,rolling_max
15,BB7_T11,rolling_max
15,BB7_T12,rolling_max
15,BB7_T2,rolling_max
15,BB7_T3,rolling_max
15,BB7_T4,rolling_max
15,BB7_T5,rolling_max
15,BB7_T6,rolling_max
15,BB7_T7,rolling_max
15,BB7_T8,rolling_max
15,BB7_T9,rolling_max
15,BB8_T1,rolling_min
15,BB8_T10,rolling_min
15,BB8_T11,rolling_min
15,BB8_T12,rolling_min
15,BB8_T2,rolling_min
15,BB8_T3,rolling_min
15,BB8_T4,rolling_min
15,BB8_T5,rolling_min
15,BB8_T6,rolling_min
15,BB8_T7,rolling_min
15,BB8_T8,rolling_min
15,BB8_T9,rolling_min
15,BB9_T1,rolling_std
15,BB9_T10,rolling_std
15,BB9_T11,rolling_std
15,BB9_T12,rolling_std
15,BB9_T2,rolling_std
15,BB9_T3,rolling_std
15,BB9_T4,rolling_std
15,BB9_T5,rolling_std
15,BB9_T6,rolling_std
15,BB9_T7,rolling_std
15,BB9_T8,rolling_std
15,BB9_T9,rolling_std
15,PB1_T1,normalized_deviation
15,PB1_T10,z_score
15,PB1_T11,z_score
15,PB1_T12,normalized_deviation
15,PB1_T2,normalized_deviation
15,PB1_T3,price_minus_mean
15,PB1_T4,price_minus_mean
15,PB1_T5,price_minus_mean
15,PB1_T6,price_minus_mean
15,PB1_T7,price_minus_mean
15,PB1_T8,z_score
15,PB1_T9,normalized_deviation
15,PB10_T1,ema
15,PB10_T10,ema
15,PB10_T11,ema
15,PB10_T12,ema
15,PB10_T2,ema
15,PB10_T3,ema
15,PB10_T4,ema
15,PB10_T5,ema
15,PB10_T6,ema
15,PB10_T7,ema
15,PB10_T8,ema
15,PB10_T9,ema
15,PB11_T1,ema
15,PB11_T10,ema
15,PB11_T11,ema
15,PB11_T12,ema
15,PB11_T2,ema
15,PB11_T3,ema
15,PB11_T4,ema
15,PB11_T5,ema
15,PB11_T6,ema
15,PB11_T7,ema
15,PB11_T8,ema
15,PB11_T9,ema
15,PB12_T1,normalized_deviation
15,PB12_T10,z_score
15,PB12_T11,z_score
15,PB12_T12,normalized_deviation
15,PB12_T2,normalized_deviation
15,PB12_T3,price_minus_mean
15,PB12_T4,price_minus_mean
15,PB12_T5,price_minus_mean
15,PB12_T6,price_minus_mean
15,PB12_T7,price_minus_mean
15,PB12_T8,z_score
15,PB12_T9,normalized_deviation
15,PB13_T1,normalized_deviation
15,PB13_T10,z_score
15,PB13_T11,z_score
15,PB13_T12,normalized_deviation
15,PB13_T2,normalized_deviation
15,PB13_T3,price_minus_mean
15,PB13_T4,price_minus_mean
15,PB13_T5,price_minus_mean
15,PB13_T6,price_minus_mean
15,PB13_T7,price_minus_mean
15,PB13_T8,z_score
15,PB13_T9,normalized_deviation
15,PB14_T1,z_score
15,PB14_T10,z_score
15,PB14_T11,z_score
15,PB14_T12,price_minus_mean
15,PB14_T2,z_score
15,PB14_T3,z_score
15,PB14_T4,z_score
15,PB14_T5,z_score
15,PB14_T6,z_score
15,PB14_T7,z_score
15,PB14_T8,z_score
15,PB14_T9,z_score
15,PB15_T1,z_score
15,PB15_T10,z_score
15,PB15_T11,z_score
15,PB15_T12,price_minus_mean
15,PB15_T2,z_score
15,PB15_T3,z_score
15,PB15_T4,z_score
15,PB15_T5,z_score
15,PB15_T6,z_score
15,PB15_T7,z_score
15,PB15_T8,z_score
15,PB15_T9,z_score
15,PB16_T1,z_score
15,PB16_T10,z_score
15,PB16_T11,z_score
15,PB16_T12,price_minus_mean
15,PB16_T2,z_score
15,PB16_T3,z_score
15,PB16_T4,z_score
15,PB16_T5,z_score
15,PB16_T6,z_score
15,PB16_T7,z_score
15,PB16_T8,z_score
15,PB16_T9,z_score
15,PB17_T1,z_score
15,PB17_T10,z_score
15,PB17_T11,z_score
15,PB17_T12,price_minus_mean
15,PB17_T2,z_score
15,PB17_T3,z_score
15,PB17_T4,z_score
15,PB17_T5,z_score
15,PB17_T6,z_score
15,PB17_T7,z_score
15,PB17_T8,z_score
15,PB17_T9,z_score
15,PB18_T1,z_score
15,PB18_T10,z_score
15,PB18_T11,z_score
15,PB18_T12,price_minus_mean
15,PB18_T2,z_score
15,PB18_T3,z_score
15,PB18_T4,z_score
15,PB18_T5,z_score
15,PB18_T6,z_score
15,PB18_T7,z_score
15,PB18_T8,z_score
15,PB18_T9,z_score
15,PB2_T1,z_score
15,PB2_T10,z_score
15,PB2_T11,rolling_max
15,PB2_T12,rolling_max
15,PB2_T2,z_score
15,PB2_T3,z_score
15,PB2_T4,z_score
15,PB2_T5,z_score
15,PB2_T6,z_score
15,PB2_T7,z_score
15,PB2_T8,z_score
15,PB2_T9,z_score
15,PB3_T1,z_score
15,PB3_T10,z_score
15,PB3_T11,z_score
15,PB3_T12,z_score
15,PB3_T2,z_score
15,PB3_T3,z_score
15,PB3_T4,z_score
15,PB3_T5,z_score
15,PB3_T6,z_score
15,PB3_T7,z_score
15,PB3_T8,z_score
15,PB3_T9,z_score
15,PB4_T1,normalized_deviation
15,PB4_T10,z_score
15,PB4_T11,z_score
15,PB4_T12,normalized_deviation
15,PB4_T2,normalized_deviation
15,PB4_T3,price_minus_mean
15,PB4_T4,price_minus_mean
15,PB4_T5,price_minus_mean
15,PB4_T6,price_minus_mean
15,PB4_T7,price_minus_mean
15,PB4_T8,z_score
15,PB4_T9,normalized_deviation
15,PB5_T1,normalized_deviation
15,PB5_T10,z_score
15,PB5_T11,z_score
15,PB5_T12,normalized_deviation
15,PB5_T2,normalized_deviation
15,PB5_T3,price_minus_mean
15,PB5_T4,price_minus_mean
15,PB5_T5,price_minus_mean
15,PB5_T6,price_minus_mean
15,PB5_T7,price_minus_mean
15,PB5_T8,z_score
15,PB5_T9,normalized_deviation
15,PB6_T1,price_minus_mean
15,PB6_T10,momentum
15,PB6_T11,momentum
15,PB6_T12,ema
15,PB6_T2,rolling_return_mean
15,PB6_T3,rolling_return_mean
15,PB6_T4,rolling_return_mean
15,PB6_T5,rolling_return_mean
15,PB6_T6,rolling_return_mean
15,PB6_T7,rolling_return_mean
15,PB6_T8,momentum
15,PB6_T9,rolling_return_mean
15,PB7_T1,z_score
15,PB7_T10,z_score
15,PB7_T11,z_score
15,PB7_T12,price_minus_mean
15,PB7_T2,z_score
15,PB7_T3,z_score
15,PB7_T4,z_score
15,PB7_T5,z_score
15,PB7_T6,z_score
15,PB7_T7,z_score
15,PB7_T8,z_score
15,PB7_T9,z_score
15,PB8_T1,z_score
15,PB8_T10,z_score
15,PB8_T11,z_score
15,PB8_T12,price_minus_mean
15,PB8_T2,z_score
15,PB8_T3,z_score
15,PB8_T4,z_score
15,PB8_T5,z_score
15,PB8_T6,z_score
15,PB8_T7,z_score
15,PB8_T8,z_score
15,PB8_T9,z_score
15,PB9_T1,ema
15,PB9_T10,price_minus_mean
15,PB9_T11,distance_from_high
15,PB9_T12,z_score
15,PB9_T2,ema
15,PB9_T3,ema
15,PB9_T4,ema
15,PB9_T5,ema
15,PB9_T6,ema
15,PB9_T7,ema
15,PB9_T8,ema
15,PB9_T9,ema
16,BB1_T1,ema
16,BB1_T10,rolling_mean
16,BB1_T11,rolling_mean
16,BB1_T12,rolling_mean
16,BB1_T2,rolling_mean
16,BB1_T3,rolling_mean
16,BB1_T4,rolling_mean
16,BB1_T5,rolling_mean
16,BB1_T6,rolling_mean
16,BB1_T7,rolling_mean
16,BB1_T8,rolling_mean
16,BB1_T9,rolling_mean
16,BB10_T1,z_score
16,BB10_T10,z_score
16,BB10_T11,z_score
16,BB10_T12,z_score
16,BB10_T2,z_score
16,BB10_T3,z_score
16,BB10_T4,z_score
16,BB10_T5,z_score
16,BB10_T6,z_score
16,BB10_T7,z_score
16,BB10_T8,z_score
16,BB10_T9,z_score
16,BB11_T1,rolling_max
16,BB11_T10,rolling_max
16,BB11_T11,rolling_max
16,BB11_T12,rolling_max
16,BB11_T2,rolling_max
16,BB11_T3,rolling_max
16,BB11_T4,rolling_max
16,BB11_T5,rolling_max
16,BB11_T6,rolling_max
16,BB11_T7,rolling_max
16,BB11_T8,rolling_max
16,BB11_T9,rolling_max
16,BB12_T1,rolling_min
16,BB12_T10,rolling_min
16,BB12_T11,rolling_min
16,BB12_T12,rolling_min
16,BB12_T2,rolling_min
16,BB12_T3,rolling_min
16,BB12_T4,rolling_min
16,BB12_T5,rolling_min
16,BB12_T6,rolling_min
16,BB12_T7,rolling_min
16,BB12_T8,rolling_min
16,BB12_T9,rolling_min
16,BB13_T1,ema
16,BB13_T10,ema
16,BB13_T11,ema
16,BB13_T12,ema
16,BB13_T2,ema
16,BB13_T3,ema
16,BB13_T4,ema
16,BB13_T5,ema
16,BB13_T6,ema
16,BB13_T7,ema
16,BB13_T8,ema
16,BB13_T9,ema
16,BB14_T1,rolling_max
16,BB14_T10,ema
16,BB14_T11,ema
16,BB14_T12,ema
16,BB14_T2,ema
16,BB14_T3,ema
16,BB14_T4,ema
16,BB14_T5,ema
16,BB14_T6,ema
16,BB14_T7,ema
16,BB14_T8,ema
16,BB14_T9,ema
16,BB15_T1,rolling_min
16,BB15_T10,ema
16,BB15_T11,ema
16,BB15_T12,ema
16,BB15_T2,ema
16,BB15_T3,ema
16,BB15_T4,ema
16,BB15_T5,ema
16,BB15_T6,ema
16,BB15_T7,ema
16,BB15_T8,ema
16,BB15_T9,ema
16,BB2_T1,rolling_return_mean
16,BB2_T10,rolling_return_mean
16,BB2_T11,momentum
16,BB2_T12,momentum
16,BB2_T2,rolling_return_mean
16,BB2_T3,rolling_return_mean
16,BB2_T4,rolling_return_mean
16,BB2_T5,rolling_return_mean
16,BB2_T6,rolling_return_mean
16,BB2_T7,momentum
16,BB2_T8,momentum
16,BB2_T9,momentum
16,BB3_T1,price_minus_mean
16,BB3_T10,normalized_deviation
16,BB3_T11,normalized_deviation
16,BB3_T12,normalized_deviation
16,BB3_T2,price_minus_mean
16,BB3_T3,price_minus_mean
16,BB3_T4,price_minus_mean
16,BB3_T5,price_minus_mean
16,BB3_T6,price_minus_mean
16,BB3_T7,normalized_deviation
16,BB3_T8,normalized_deviation
16,BB3_T9,normalized_deviation
16,BB4_T1,rolling_mean
16,BB4_T10,rolling_mean
16,BB4_T11,rolling_mean
16,BB4_T12,rolling_mean
16,BB4_T2,rolling_mean
16,BB4_T3,rolling_mean
16,BB4_T4,rolling_mean
16,BB4_T5,rolling_mean
16,BB4_T6,rolling_mean
16,BB4_T7,rolling_mean
16,BB4_T8,rolling_mean
16,BB4_T9,rolling_mean
16,BB5_T1,ema
16,BB5_T10,ema
16,BB5_T11,ema
16,BB5_T12,ema
16,BB5_T2,ema
16,BB5_T3,ema
16,BB5_T4,ema
16,BB5_T5,ema
16,BB5_T6,ema
16,BB5_T7,ema
16,BB5_T8,ema
16,BB5_T9,ema
16,BB6_T1,rolling_mean
16,BB6_T10,rolling_mean
16,BB6_T11,rolling_mean
16,BB6_T12,rolling_mean
16,BB6_T2,rolling_mean
16,BB6_T3,rolling_mean
16,BB6_T4,rolling_mean
16,BB6_T5,rolling_mean
16,BB6_T6,rolling_mean
16,BB6_T7,rolling_mean
16,BB6_T8,rolling_mean
16,BB6_T9,rolling_mean
16,BB7_T1,rolling_max
16,BB7_T10,rolling_max
16,BB7_T11,rolling_max
16,BB7_T12,rolling_max
16,BB7_T2,rolling_max
16,BB7_T3,rolling_max
16,BB7_T4,rolling_max
16,BB7_T5,rolling_max
16,BB7_T6,rolling_max
16,BB7_T7,rolling_max
16,BB7_T8,rolling_max
16,BB7_T9,rolling_max
16,BB8_T1,rolling_min
16,BB8_T10,rolling_min
16,BB8_T11,rolling_min
16,BB8_T12,rolling_median
16,BB8_T2,rolling_min
16,BB8_T3,rolling_min
16,BB8_T4,rolling_min
16,BB8_T5,rolling_min
16,BB8_T6,rolling_min
16,BB8_T7,rolling_min
16,BB8_T8,rolling_min
16,BB8_T9,rolling_min
16,BB9_T1,rolling_std
16,BB9_T10,rolling_std
16,BB9_T11,rolling_std
16,BB9_T12,rolling_std
16,BB9_T2,rolling_std
16,BB9_T3,rolling_std
16,BB9_T4,rolling_std
16,BB9_T5,rolling_std
16,BB9_T6,rolling_std
16,BB9_T7,rolling_std
16,BB9_T8,rolling_std
16,BB9_T9,rolling_std
16,PB1_T1,price_minus_mean
16,PB1_T10,normalized_deviation
16,PB1_T11,normalized_deviation
16,PB1_T12,rolling_mean
16,PB1_T2,price_minus_mean
16,PB1_T3,price_minus_mean
16,PB1_T4,price_minus_mean
16,PB1_T5,price_minus_mean
16,PB1_T6,price_minus_mean
16,PB1_T7,normalized_deviation
16,PB1_T8,normalized_deviation
16,PB1_T9,z_score
16,PB10_T1,ema
16,PB10_T10,ema
16,PB10_T11,ema
16,PB10_T12,ema
16,PB10_T2,ema
16,PB10_T3,ema
16,PB10_T4,ema
16,PB10_T5,ema
16,PB10_T6,ema
16,PB10_T7,ema
16,PB10_T8,ema
16,PB10_T9,ema
16,PB11_T1,ema
16,PB11_T10,rolling_min
16,PB11_T11,rolling_min
16,PB11_T12,downside_volatility
16,PB11_T2,ema
16,PB11_T3,ema
16,PB11_T4,ema
16,PB11_T5,ema
16,PB11_T6,ema
16,PB11_T7,ema
16,PB11_T8,rolling_min
16,PB11_T9,ema
16,PB12_T1,price_minus_mean
16,PB12_T10,normalized_deviation
16,PB12_T11,normalized_deviation
16,PB12_T12,rolling_mean
16,PB12_T2,price_minus_mean
16,PB12_T3,price_minus_mean
16,PB12_T4,price_minus_mean
16,PB12_T5,price_minus_mean
16,PB12_T6,price_minus_mean
16,PB12_T7,normalized_deviation
16,PB12_T8,normalized_deviation
16,PB12_T9,z_score
16,PB13_T1,price_minus_mean
16,PB13_T10,normalized_deviation
16,PB13_T11,normalized_deviation
16,PB13_T12,rolling_mean
16,PB13_T2,price_minus_mean
16,PB13_T3,price_minus_mean
16,PB13_T4,price_minus_mean
16,PB13_T5,price_minus_mean
16,PB13_T6,price_minus_mean
16,PB13_T7,normalized_deviation
16,PB13_T8,normalized_deviation
16,PB13_T9,z_score
16,PB14_T1,z_score
16,PB14_T10,z_score
16,PB14_T11,z_score
16,PB14_T12,rolling_mean
16,PB14_T2,z_score
16,PB14_T3,z_score
16,PB14_T4,z_score
16,PB14_T5,z_score
16,PB14_T6,z_score
16,PB14_T7,z_score
16,PB14_T8,z_score
16,PB14_T9,z_score
16,PB15_T1,z_score
16,PB15_T10,normalized_deviation
16,PB15_T11,distance_from_low
16,PB15_T12,rolling_median
16,PB15_T2,z_score
16,PB15_T3,z_score
16,PB15_T4,z_score
16,PB15_T5,z_score
16,PB15_T6,z_score
16,PB15_T7,z_score
16,PB15_T8,z_score
16,PB15_T9,z_score
16,PB16_T1,z_score
16,PB16_T10,normalized_deviation
16,PB16_T11,distance_from_low
16,PB16_T12,rolling_median
16,PB16_T2,z_score
16,PB16_T3,z_score
16,PB16_T4,z_score
16,PB16_T5,z_score
16,PB16_T6,z_score
16,PB16_T7,z_score
16,PB16_T8,z_score
16,PB16_T9,z_score
16,PB17_T1,z_score
16,PB17_T10,normalized_deviation
16,PB17_T11,distance_from_low
16,PB17_T12,rolling_median
16,PB17_T2,z_score
16,PB17_T3,z_score
16,PB17_T4,z_score
16,PB17_T5,z_score
16,PB17_T6,z_score
16,PB17_T7,z_score
16,PB17_T8,z_score
16,PB17_T9,z_score
16,PB18_T1,z_score
16,PB18_T10,z_score
16,PB18_T11,z_score
16,PB18_T12,z_score
16,PB18_T2,z_score
16,PB18_T3,z_score
16,PB18_T4,z_score
16,PB18_T5,z_score
16,PB18_T6,z_score
16,PB18_T7,z_score
16,PB18_T8,z_score
16,PB18_T9,z_score
16,PB2_T1,z_score
16,PB2_T10,normalized_deviation
16,PB2_T11,distance_from_low
16,PB2_T12,rolling_median
16,PB2_T2,z_score
16,PB2_T3,z_score
16,PB2_T4,z_score
16,PB2_T5,z_score
16,PB2_T6,z_score
16,PB2_T7,z_score
16,PB2_T8,z_score
16,PB2_T9,z_score
16,PB3_T1,z_score
16,PB3_T10,price_minus_mean
16,PB3_T11,distance_from_high
16,PB3_T12,rolling_return_mean
16,PB3_T2,z_score
16,PB3_T3,z_score
16,PB3_T4,z_score
16,PB3_T5,z_score
16,PB3_T6,z_score
16,PB3_T7,z_score
16,PB3_T8,z_score
16,PB3_T9,price_minus_mean
16,PB4_T1,price_minus_mean
16,PB4_T10,normalized_deviation
16,PB4_T11,normalized_deviation
16,PB4_T12,rolling_mean
16,PB4_T2,price_minus_mean
16,PB4_T3,price_minus_mean
16,PB4_T4,price_minus_mean
16,PB4_T5,price_minus_mean
16,PB4_T6,price_minus_mean
16,PB4_T7,normalized_deviation
16,PB4_T8,normalized_deviation
16,PB4_T9,z_score
16,PB5_T1,price_minus_mean
16,PB5_T10,normalized_deviation
16,PB5_T11,normalized_deviation
16,PB5_T12,rolling_mean
16,PB5_T2,price_minus_mean
16,PB5_T3,price_minus_mean
16,PB5_T4,price_minus_mean
16,PB5_T5,price_minus_mean
16,PB5_T6,price_minus_mean
16,PB5_T7,normalized_deviation
16,PB5_T8,normalized_deviation
16,PB5_T9,z_score
16,PB6_T1,normalized_deviation
16,PB6_T10,downside_volatility
16,PB6_T11,momentum
16,PB6_T12,momentum
16,PB6_T2,normalized_deviation
16,PB6_T3,rolling_return_mean
16,PB6_T4,rolling_return_mean
16,PB6_T5,momentum
16,PB6_T6,momentum
16,PB6_T7,rolling_return_mean
16,PB6_T8,rolling_return_mean
16,PB6_T9,momentum
16,PB7_T1,z_score
16,PB7_T10,z_score
16,PB7_T11,z_score
16,PB7_T12,z_score
16,PB7_T2,z_score
16,PB7_T3,z_score
16,PB7_T4,z_score
16,PB7_T5,z_score
16,PB7_T6,z_score
16,PB7_T7,z_score
16,PB7_T8,z_score
16,PB7_T9,z_score
16,PB8_T1,z_score
16,PB8_T10,z_score
16,PB8_T11,z_score
16,PB8_T12,z_score
16,PB8_T2,z_score
16,PB8_T3,z_score
16,PB8_T4,z_score
16,PB8_T5,z_score
16,PB8_T6,z_score
16,PB8_T7,z_score
16,PB8_T8,z_score
16,PB8_T9,z_score
16,PB9_T1,ema
16,PB9_T10,momentum
16,PB9_T11,momentum
16,PB9_T12,price_minus_mean
16,PB9_T2,ema
16,PB9_T3,ema
16,PB9_T4,ema
16,PB9_T5,ema
16,PB9_T6,ema
16,PB9_T7,ema
16,PB9_T8,ema
16,PB9_T9,ema
17,BB1_T1,rolling_mean
17,BB1_T10,rolling_mean
17,BB1_T11,rolling_mean
17,BB1_T12,rolling_mean
17,BB1_T2,rolling_mean
17,BB1_T3,rolling_mean
17,BB1_T4,rolling_mean
17,BB1_T5,rolling_mean
17,BB1_T6,rolling_mean
17,BB1_T7,rolling_mean
17,BB1_T8,rolling_mean
17,BB1_T9,rolling_mean
17,BB10_T1,z_score
17,BB10_T10,z_score
17,BB10_T11,z_score
17,BB10_T12,z_score
17,BB10_T2,z_score
17,BB10_T3,z_score
17,BB10_T4,z_score
17,BB10_T5,z_score
17,BB10_T6,z_score
17,BB10_T7,z_score
17,BB10_T8,z_score
17,BB10_T9,z_score
17,BB11_T1,rolling_max
17,BB11_T10,rolling_max
17,BB11_T11,rolling_max
17,BB11_T12,rolling_max
17,BB11_T2,rolling_max
17,BB11_T3,rolling_max
17,BB11_T4,rolling_max
17,BB11_T5,rolling_max
17,BB11_T6,rolling_max
17,BB11_T7,rolling_max
17,BB11_T8,rolling_max
17,BB11_T9,rolling_max
17,BB12_T1,rolling_min
17,BB12_T10,rolling_min
17,BB12_T11,rolling_min
17,BB12_T12,rolling_min
17,BB12_T2,rolling_min
17,BB12_T3,rolling_min
17,BB12_T4,rolling_min
17,BB12_T5,rolling_min
17,BB12_T6,rolling_min
17,BB12_T7,rolling_min
17,BB12_T8,rolling_min
17,BB12_T9,rolling_min
17,BB13_T1,ema
17,BB13_T10,ema
17,BB13_T11,ema
17,BB13_T12,ema
17,BB13_T2,ema
17,BB13_T3,ema
17,BB13_T4,ema
17,BB13_T5,ema
17,BB13_T6,ema
17,BB13_T7,ema
17,BB13_T8,ema
17,BB13_T9,ema
17,BB14_T1,rolling_max
17,BB14_T10,ema
17,BB14_T11,ema
17,BB14_T12,ema
17,BB14_T2,ema
17,BB14_T3,ema
17,BB14_T4,ema
17,BB14_T5,ema
17,BB14_T6,ema
17,BB14_T7,ema
17,BB14_T8,ema
17,BB14_T9,ema
17,BB15_T1,rolling_min
17,BB15_T10,ema
17,BB15_T11,ema
17,BB15_T12,ema
17,BB15_T2,ema
17,BB15_T3,ema
17,BB15_T4,ema
17,BB15_T5,ema
17,BB15_T6,ema
17,BB15_T7,ema
17,BB15_T8,ema
17,BB15_T9,ema
17,BB2_T1,momentum
17,BB2_T10,rolling_return_mean
17,BB2_T11,rolling_return_mean
17,BB2_T12,momentum
17,BB2_T2,momentum
17,BB2_T3,momentum
17,BB2_T4,momentum
17,BB2_T5,rolling_return_mean
17,BB2_T6,momentum
17,BB2_T7,momentum
17,BB2_T8,rolling_return_mean
17,BB2_T9,rolling_return_mean
17,BB3_T1,price_minus_mean
17,BB3_T10,normalized_deviation
17,BB3_T11,normalized_deviation
17,BB3_T12,normalized_deviation
17,BB3_T2,price_minus_mean
17,BB3_T3,price_minus_mean
17,BB3_T4,price_minus_mean
17,BB3_T5,price_minus_mean
17,BB3_T6,price_minus_mean
17,BB3_T7,price_minus_mean
17,BB3_T8,normalized_deviation
17,BB3_T9,normalized_deviation
17,BB4_T1,rolling_mean
17,BB4_T10,rolling_mean
17,BB4_T11,rolling_mean
17,BB4_T12,rolling_mean
17,BB4_T2,rolling_mean
17,BB4_T3,rolling_mean
17,BB4_T4,rolling_mean
17,BB4_T5,rolling_mean
17,BB4_T6,rolling_mean
17,BB4_T7,rolling_mean
17,BB4_T8,rolling_mean
17,BB4_T9,rolling_mean
17,BB5_T1,ema
17,BB5_T10,ema
17,BB5_T11,ema
17,BB5_T12,ema
17,BB5_T2,ema
17,BB5_T3,ema
17,BB5_T4,ema
17,BB5_T5,ema
17,BB5_T6,ema
17,BB5_T7,ema
17,BB5_T8,ema
17,BB5_T9,ema
17,BB6_T1,rolling_mean
17,BB6_T10,rolling_mean
17,BB6_T11,rolling_mean
17,BB6_T12,rolling_mean
17,BB6_T2,rolling_mean
17,BB6_T3,rolling_mean
17,BB6_T4,rolling_mean
17,BB6_T5,rolling_mean
17,BB6_T6,rolling_mean
17,BB6_T7,rolling_mean
17,BB6_T8,rolling_mean
17,BB6_T9,rolling_mean
17,BB7_T1,rolling_max
17,BB7_T10,rolling_max
17,BB7_T11,rolling_max
17,BB7_T12,rolling_max
17,BB7_T2,rolling_max
17,BB7_T3,rolling_max
17,BB7_T4,rolling_max
17,BB7_T5,rolling_max
17,BB7_T6,rolling_max
17,BB7_T7,rolling_max
17,BB7_T8,rolling_max
17,BB7_T9,rolling_max
17,BB8_T1,rolling_min
17,BB8_T10,rolling_min
17,BB8_T11,rolling_min
17,BB8_T12,rolling_min
17,BB8_T2,rolling_min
17,BB8_T3,rolling_min
17,BB8_T4,rolling_min
17,BB8_T5,rolling_min
17,BB8_T6,rolling_min
17,BB8_T7,rolling_min
17,BB8_T8,rolling_min
17,BB8_T9,rolling_min
17,BB9_T1,rolling_std
17,BB9_T10,rolling_std
17,BB9_T11,rolling_std
17,BB9_T12,rolling_std
17,BB9_T2,rolling_std
17,BB9_T3,rolling_std
17,BB9_T4,rolling_std
17,BB9_T5,rolling_std
17,BB9_T6,rolling_std
17,BB9_T7,rolling_std
17,BB9_T8,rolling_std
17,BB9_T9,rolling_std
17,PB1_T1,normalized_deviation
17,PB1_T10,z_score
17,PB1_T11,z_score
17,PB1_T12,distance_from_low
17,PB1_T2,normalized_deviation
17,PB1_T3,normalized_deviation
17,PB1_T4,normalized_deviation
17,PB1_T5,normalized_deviation
17,PB1_T6,z_score
17,PB1_T7,z_score
17,PB1_T8,z_score
17,PB1_T9,z_score
17,PB10_T1,ema
17,PB10_T10,ema
17,PB10_T11,ema
17,PB10_T12,rolling_min
17,PB10_T2,ema
17,PB10_T3,ema
17,PB10_T4,ema
17,PB10_T5,ema
17,PB10_T6,ema
17,PB10_T7,ema
17,PB10_T8,ema
17,PB10_T9,ema
17,PB11_T1,ema
17,PB11_T10,ema
17,PB11_T11,ema
17,PB11_T12,rolling_min
17,PB11_T2,ema
17,PB11_T3,ema
17,PB11_T4,ema
17,PB11_T5,ema
17,PB11_T6,ema
17,PB11_T7,rolling_min
17,PB11_T8,rolling_min
17,PB11_T9,ema
17,PB12_T1,normalized_deviation
17,PB12_T10,z_score
17,PB12_T11,z_score
17,PB12_T12,distance_from_low
17,PB12_T2,normalized_deviation
17,PB12_T3,normalized_deviation
17,PB12_T4,normalized_deviation
17,PB12_T5,normalized_deviation
17,PB12_T6,z_score
17,PB12_T7,z_score
17,PB12_T8,z_score
17,PB12_T9,z_score
17,PB13_T1,normalized_deviation
17,PB13_T10,z_score
17,PB13_T11,z_score
17,PB13_T12,distance_from_low
17,PB13_T2,normalized_deviation
17,PB13_T3,normalized_deviation
17,PB13_T4,normalized_deviation
17,PB13_T5,normalized_deviation
17,PB13_T6,z_score
17,PB13_T7,z_score
17,PB13_T8,z_score
17,PB13_T9,z_score
17,PB14_T1,z_score
17,PB14_T10,z_score
17,PB14_T11,z_score
17,PB14_T12,distance_from_low
17,PB14_T2,z_score
17,PB14_T3,z_score
17,PB14_T4,z_score
17,PB14_T5,z_score
17,PB14_T6,z_score
17,PB14_T7,z_score
17,PB14_T8,z_score
17,PB14_T9,z_score
17,PB15_T1,z_score
17,PB15_T10,z_score
17,PB15_T11,z_score
17,PB15_T12,distance_from_low
17,PB15_T2,z_score
17,PB15_T3,z_score
17,PB15_T4,z_score
17,PB15_T5,z_score
17,PB15_T6,z_score
17,PB15_T7,z_score
17,PB15_T8,z_score
17,PB15_T9,z_score
17,PB16_T1,z_score
17,PB16_T10,z_score
17,PB16_T11,z_score
17,PB16_T12,distance_from_low
17,PB16_T2,z_score
17,PB16_T3,z_score
17,PB16_T4,z_score
17,PB16_T5,z_score
17,PB16_T6,z_score
17,PB16_T7,z_score
17,PB16_T8,z_score
17,PB16_T9,z_score
17,PB17_T1,z_score
17,PB17_T10,z_score
17,PB17_T11,z_score
17,PB17_T12,distance_from_low
17,PB17_T2,z_score
17,PB17_T3,z_score
17,PB17_T4,z_score
17,PB17_T5,z_score
17,PB17_T6,z_score
17,PB17_T7,z_score
17,PB17_T8,z_score
17,PB17_T9,z_score
17,PB18_T1,z_score
17,PB18_T10,z_score
17,PB18_T11,z_score
17,PB18_T12,distance_from_low
17,PB18_T2,z_score
17,PB18_T3,z_score
17,PB18_T4,z_score
17,PB18_T5,z_score
17,PB18_T6,z_score
17,PB18_T7,z_score
17,PB18_T8,z_score
17,PB18_T9,z_score
17,PB2_T1,z_score
17,PB2_T10,z_score
17,PB2_T11,z_score
17,PB2_T12,distance_from_low
17,PB2_T2,z_score
17,PB2_T3,z_score
17,PB2_T4,z_score
17,PB2_T5,z_score
17,PB2_T6,z_score
17,PB2_T7,z_score
17,PB2_T8,z_score
17,PB2_T9,z_score
17,PB3_T1,z_score
17,PB3_T10,rolling_mean
17,PB3_T11,rolling_mean
17,PB3_T12,rolling_mean
17,PB3_T2,z_score
17,PB3_T3,z_score
17,PB3_T4,z_score
17,PB3_T5,z_score
17,PB3_T6,z_score
17,PB3_T7,z_score
17,PB3_T8,z_score
17,PB3_T9,rolling_median
17,PB4_T1,normalized_deviation
17,PB4_T10,z_score
17,PB4_T11,z_score
17,PB4_T12,distance_from_low
17,PB4_T2,normalized_deviation
17,PB4_T3,normalized_deviation
17,PB4_T4,normalized_deviation
17,PB4_T5,normalized_deviation
17,PB4_T6,z_score
17,PB4_T7,z_score
17,PB4_T8,z_score
17,PB4_T9,z_score
17,PB5_T1,normalized_deviation
17,PB5_T10,z_score
17,PB5_T11,z_score
17,PB5_T12,distance_from_low
17,PB5_T2,normalized_deviation
17,PB5_T3,normalized_deviation
17,PB5_T4,normalized_deviation
17,PB5_T5,normalized_deviation
17,PB5_T6,z_score
17,PB5_T7,z_score
17,PB5_T8,z_score
17,PB5_T9,z_score
17,PB6_T1,price_minus_mean
17,PB6_T10,momentum
17,PB6_T11,momentum
17,PB6_T12,upside_volatility
17,PB6_T2,rolling_return_mean
17,PB6_T3,rolling_return_mean
17,PB6_T4,rolling_return_mean
17,PB6_T5,rolling_return_mean
17,PB6_T6,rolling_return_mean
17,PB6_T7,momentum
17,PB6_T8,rolling_return_mean
17,PB6_T9,momentum
17,PB7_T1,z_score
17,PB7_T10,z_score
17,PB7_T11,z_score
17,PB7_T12,distance_from_low
17,PB7_T2,z_score
17,PB7_T3,z_score
17,PB7_T4,z_score
17,PB7_T5,z_score
17,PB7_T6,z_score
17,PB7_T7,z_score
17,PB7_T8,z_score
17,PB7_T9,z_score
17,PB8_T1,z_score
17,PB8_T10,z_score
17,PB8_T11,z_score
17,PB8_T12,distance_from_low
17,PB8_T2,z_score
17,PB8_T3,z_score
17,PB8_T4,z_score
17,PB8_T5,z_score
17,PB8_T6,z_score
17,PB8_T7,z_score
17,PB8_T8,z_score
17,PB8_T9,z_score
17,PB9_T1,ema
17,PB9_T10,ema
17,PB9_T11,ema
17,PB9_T12,rolling_return_mean
17,PB9_T2,ema
17,PB9_T3,ema
17,PB9_T4,ema
17,PB9_T5,ema
17,PB9_T6,ema
17,PB9_T7,rolling_min
17,PB9_T8,ema
17,PB9_T9,ema
18,BB1_T1,rolling_mean
18,BB1_T10,rolling_mean
18,BB1_T11,rolling_mean
18,BB1_T12,rolling_mean
18,BB1_T2,rolling_mean
18,BB1_T3,rolling_mean
18,BB1_T4,rolling_mean
18,BB1_T5,rolling_mean
18,BB1_T6,rolling_mean
18,BB1_T7,rolling_mean
18,BB1_T8,rolling_mean
18,BB1_T9,rolling_mean
18,BB10_T1,z_score
18,BB10_T10,z_score
18,BB10_T11,z_score
18,BB10_T12,z_score
18,BB10_T2,z_score
18,BB10_T3,z_score
18,BB10_T4,z_score
18,BB10_T5,z_score
18,BB10_T6,z_score
18,BB10_T7,z_score
18,BB10_T8,z_score
18,BB10_T9,z_score
18,BB11_T1,rolling_max
18,BB11_T10,rolling_max
18,BB11_T11,rolling_max
18,BB11_T12,rolling_max
18,BB11_T2,rolling_max
18,BB11_T3,rolling_max
18,BB11_T4,rolling_max
18,BB11_T5,rolling_max
18,BB11_T6,rolling_max
18,BB11_T7,rolling_max
18,BB11_T8,rolling_max
18,BB11_T9,rolling_max
18,BB12_T1,rolling_min
18,BB12_T10,rolling_min
18,BB12_T11,rolling_min
18,BB12_T12,rolling_min
18,BB12_T2,rolling_min
18,BB12_T3,rolling_min
18,BB12_T4,rolling_min
18,BB12_T5,rolling_min
18,BB12_T6,rolling_min
18,BB12_T7,rolling_min
18,BB12_T8,rolling_min
18,BB12_T9,rolling_min
18,BB13_T1,ema
18,BB13_T10,ema
18,BB13_T11,ema
18,BB13_T12,ema
18,BB13_T2,ema
18,BB13_T3,ema
18,BB13_T4,ema
18,BB13_T5,ema
18,BB13_T6,ema
18,BB13_T7,ema
18,BB13_T8,ema
18,BB13_T9,ema
18,BB14_T1,rolling_max
18,BB14_T10,ema
18,BB14_T11,ema
18,BB14_T12,ema
18,BB14_T2,ema
18,BB14_T3,ema
18,BB14_T4,ema
18,BB14_T5,ema
18,BB14_T6,ema
18,BB14_T7,ema
18,BB14_T8,ema
18,BB14_T9,ema
18,BB15_T1,rolling_min
18,BB15_T10,ema
18,BB15_T11,ema
18,BB15_T12,ema
18,BB15_T2,ema
18,BB15_T3,ema
18,BB15_T4,ema
18,BB15_T5,ema
18,BB15_T6,ema
18,BB15_T7,ema
18,BB15_T8,ema
18,BB15_T9,ema
18,BB2_T1,momentum
18,BB2_T10,momentum
18,BB2_T11,rolling_return_mean
18,BB2_T12,momentum
18,BB2_T2,momentum
18,BB2_T3,momentum
18,BB2_T4,momentum
18,BB2_T5,momentum
18,BB2_T6,momentum
18,BB2_T7,momentum
18,BB2_T8,rolling_return_mean
18,BB2_T9,rolling_return_mean
18,BB3_T1,price_minus_mean
18,BB3_T10,normalized_deviation
18,BB3_T11,normalized_deviation
18,BB3_T12,normalized_deviation
18,BB3_T2,price_minus_mean
18,BB3_T3,price_minus_mean
18,BB3_T4,normalized_deviation
18,BB3_T5,normalized_deviation
18,BB3_T6,normalized_deviation
18,BB3_T7,price_minus_mean
18,BB3_T8,normalized_deviation
18,BB3_T9,price_minus_mean
18,BB4_T1,rolling_mean
18,BB4_T10,rolling_mean
18,BB4_T11,rolling_mean
18,BB4_T12,rolling_mean
18,BB4_T2,rolling_mean
18,BB4_T3,rolling_mean
18,BB4_T4,rolling_mean
18,BB4_T5,rolling_mean
18,BB4_T6,rolling_mean
18,BB4_T7,rolling_mean
18,BB4_T8,rolling_mean
18,BB4_T9,rolling_mean
18,BB5_T1,ema
18,BB5_T10,ema
18,BB5_T11,ema
18,BB5_T12,ema
18,BB5_T2,ema
18,BB5_T3,ema
18,BB5_T4,ema
18,BB5_T5,ema
18,BB5_T6,ema
18,BB5_T7,ema
18,BB5_T8,ema
18,BB5_T9,ema
18,BB6_T1,rolling_mean
18,BB6_T10,rolling_mean
18,BB6_T11,rolling_mean
18,BB6_T12,rolling_mean
18,BB6_T2,rolling_mean
18,BB6_T3,rolling_mean
18,BB6_T4,rolling_mean
18,BB6_T5,rolling_mean
18,BB6_T6,rolling_mean
18,BB6_T7,rolling_mean
18,BB6_T8,rolling_mean
18,BB6_T9,rolling_mean
18,BB7_T1,rolling_max
18,BB7_T10,rolling_max
18,BB7_T11,rolling_max
18,BB7_T12,rolling_max
18,BB7_T2,rolling_max
18,BB7_T3,rolling_max
18,BB7_T4,rolling_max
18,BB7_T5,rolling_max
18,BB7_T6,rolling_max
18,BB7_T7,rolling_max
18,BB7_T8,rolling_max
18,BB7_T9,rolling_max
18,BB8_T1,rolling_min
18,BB8_T10,rolling_min
18,BB8_T11,rolling_min
18,BB8_T12,rolling_min
18,BB8_T2,rolling_min
18,BB8_T3,rolling_min
18,BB8_T4,rolling_min
18,BB8_T5,rolling_min
18,BB8_T6,rolling_min
18,BB8_T7,rolling_min
18,BB8_T8,rolling_min
18,BB8_T9,rolling_min
18,BB9_T1,rolling_std
18,BB9_T10,rolling_std
18,BB9_T11,rolling_std
18,BB9_T12,rolling_std
18,BB9_T2,rolling_std
18,BB9_T3,rolling_std
18,BB9_T4,rolling_std
18,BB9_T5,rolling_std
18,BB9_T6,rolling_std
18,BB9_T7,rolling_std
18,BB9_T8,rolling_std
18,BB9_T9,rolling_std
18,PB1_T1,normalized_deviation
18,PB1_T10,z_score
18,PB1_T11,z_score
18,PB1_T12,z_score
18,PB1_T2,price_minus_mean
18,PB1_T3,normalized_deviation
18,PB1_T4,normalized_deviation
18,PB1_T5,z_score
18,PB1_T6,z_score
18,PB1_T7,z_score
18,PB1_T8,z_score
18,PB1_T9,z_score
18,PB10_T1,ema
18,PB10_T10,ema
18,PB10_T11,ema
18,PB10_T12,ema
18,PB10_T2,ema
18,PB10_T3,ema
18,PB10_T4,ema
18,PB10_T5,ema
18,PB10_T6,ema
18,PB10_T7,ema
18,PB10_T8,ema
18,PB10_T9,ema
18,PB11_T1,ema
18,PB11_T10,ema
18,PB11_T11,ema
18,PB11_T12,rolling_variance
18,PB11_T2,ema
18,PB11_T3,ema
18,PB11_T4,ema
18,PB11_T5,ema
18,PB11_T6,ema
18,PB11_T7,ema
18,PB11_T8,ema
18,PB11_T9,ema
18,PB12_T1,normalized_deviation
18,PB12_T10,z_score
18,PB12_T11,z_score
18,PB12_T12,z_score
18,PB12_T2,price_minus_mean
18,PB12_T3,normalized_deviation
18,PB12_T4,normalized_deviation
18,PB12_T5,z_score
18,PB12_T6,z_score
18,PB12_T7,z_score
18,PB12_T8,z_score
18,PB12_T9,z_score
18,PB13_T1,normalized_deviation
18,PB13_T10,z_score
18,PB13_T11,z_score
18,PB13_T12,z_score
18,PB13_T2,price_minus_mean
18,PB13_T3,normalized_deviation
18,PB13_T4,normalized_deviation
18,PB13_T5,z_score
18,PB13_T6,z_score
18,PB13_T7,z_score
18,PB13_T8,z_score
18,PB13_T9,z_score
18,PB14_T1,z_score
18,PB14_T10,z_score
18,PB14_T11,z_score
18,PB14_T12,z_score
18,PB14_T2,z_score
18,PB14_T3,z_score
18,PB14_T4,z_score
18,PB14_T5,z_score
18,PB14_T6,z_score
18,PB14_T7,z_score
18,PB14_T8,z_score
18,PB14_T9,z_score
18,PB15_T1,z_score
18,PB15_T10,z_score
18,PB15_T11,z_score
18,PB15_T12,distance_from_low
18,PB15_T2,z_score
18,PB15_T3,z_score
18,PB15_T4,z_score
18,PB15_T5,z_score
18,PB15_T6,z_score
18,PB15_T7,z_score
18,PB15_T8,z_score
18,PB15_T9,z_score
18,PB16_T1,z_score
18,PB16_T10,z_score
18,PB16_T11,z_score
18,PB16_T12,distance_from_low
18,PB16_T2,z_score
18,PB16_T3,z_score
18,PB16_T4,z_score
18,PB16_T5,z_score
18,PB16_T6,z_score
18,PB16_T7,z_score
18,PB16_T8,z_score
18,PB16_T9,z_score
18,PB17_T1,z_score
18,PB17_T10,z_score
18,PB17_T11,z_score
18,PB17_T12,distance_from_low
18,PB17_T2,z_score
18,PB17_T3,z_score
18,PB17_T4,z_score
18,PB17_T5,z_score
18,PB17_T6,z_score
18,PB17_T7,z_score
18,PB17_T8,z_score
18,PB17_T9,z_score
18,PB18_T1,z_score
18,PB18_T10,z_score
18,PB18_T11,z_score
18,PB18_T12,distance_from_low
18,PB18_T2,z_score
18,PB18_T3,z_score
18,PB18_T4,z_score
18,PB18_T5,z_score
18,PB18_T6,z_score
18,PB18_T7,z_score
18,PB18_T8,z_score
18,PB18_T9,z_score
18,PB2_T1,z_score
18,PB2_T10,z_score
18,PB2_T11,ema
18,PB2_T12,momentum
18,PB2_T2,z_score
18,PB2_T3,z_score
18,PB2_T4,z_score
18,PB2_T5,z_score
18,PB2_T6,z_score
18,PB2_T7,z_score
18,PB2_T8,z_score
18,PB2_T9,z_score
18,PB3_T1,z_score
18,PB3_T10,distance_from_low
18,PB3_T11,distance_from_low
18,PB3_T12,absolute_return_mean
18,PB3_T2,z_score
18,PB3_T3,z_score
18,PB3_T4,z_score
18,PB3_T5,z_score
18,PB3_T6,z_score
18,PB3_T7,price_minus_mean
18,PB3_T8,price_minus_mean
18,PB3_T9,price_minus_mean
18,PB4_T1,normalized_deviation
18,PB4_T10,z_score
18,PB4_T11,z_score
18,PB4_T12,z_score
18,PB4_T2,price_minus_mean
18,PB4_T3,normalized_deviation
18,PB4_T4,normalized_deviation
18,PB4_T5,z_score
18,PB4_T6,z_score
18,PB4_T7,z_score
18,PB4_T8,z_score
18,PB4_T9,z_score
18,PB5_T1,normalized_deviation
18,PB5_T10,z_score
18,PB5_T11,z_score
18,PB5_T12,z_score
18,PB5_T2,price_minus_mean
18,PB5_T3,normalized_deviation
18,PB5_T4,normalized_deviation
18,PB5_T5,z_score
18,PB5_T6,z_score
18,PB5_T7,z_score
18,PB5_T8,z_score
18,PB5_T9,z_score
18,PB6_T1,normalized_deviation
18,PB6_T10,momentum
18,PB6_T11,momentum
18,PB6_T12,rolling_variance
18,PB6_T2,momentum
18,PB6_T3,momentum
18,PB6_T4,rolling_return_mean
18,PB6_T5,rolling_return_mean
18,PB6_T6,rolling_return_mean
18,PB6_T7,rolling_return_mean
18,PB6_T8,rolling_return_mean
18,PB6_T9,rolling_return_mean
18,PB7_T1,z_score
18,PB7_T10,z_score
18,PB7_T11,z_score
18,PB7_T12,distance_from_low
18,PB7_T2,z_score
18,PB7_T3,z_score
18,PB7_T4,z_score
18,PB7_T5,z_score
18,PB7_T6,z_score
18,PB7_T7,z_score
18,PB7_T8,z_score
18,PB7_T9,z_score
18,PB8_T1,z_score
18,PB8_T10,z_score
18,PB8_T11,z_score
18,PB8_T12,distance_from_low
18,PB8_T2,z_score
18,PB8_T3,z_score
18,PB8_T4,z_score
18,PB8_T5,z_score
18,PB8_T6,z_score
18,PB8_T7,z_score
18,PB8_T8,z_score
18,PB8_T9,z_score
18,PB9_T1,ema
18,PB9_T10,ema
18,PB9_T11,momentum
18,PB9_T12,distance_from_low
18,PB9_T2,ema
18,PB9_T3,ema
18,PB9_T4,ema
18,PB9_T5,ema
18,PB9_T6,ema
18,PB9_T7,ema
18,PB9_T8,ema
18,PB9_T9,ema
19,BB1_T1,ema
19,BB1_T10,rolling_mean
19,BB1_T11,rolling_mean
19,BB1_T12,rolling_mean
19,BB1_T2,rolling_mean
19,BB1_T3,rolling_mean
19,BB1_T4,rolling_mean
19,BB1_T5,rolling_mean
19,BB1_T6,rolling_mean
19,BB1_T7,rolling_mean
19,BB1_T8,rolling_mean
19,BB1_T9,rolling_mean
19,BB10_T1,z_score
19,BB10_T10,z_score
19,BB10_T11,z_score
19,BB10_T12,z_score
19,BB10_T2,z_score
19,BB10_T3,z_score
19,BB10_T4,z_score
19,BB10_T5,z_score
19,BB10_T6,z_score
19,BB10_T7,z_score
19,BB10_T8,z_score
19,BB10_T9,z_score
19,BB11_T1,rolling_max
19,BB11_T10,rolling_max
19,BB11_T11,rolling_max
19,BB11_T12,rolling_max
19,BB11_T2,rolling_max
19,BB11_T3,rolling_max
19,BB11_T4,rolling_max
19,BB11_T5,rolling_max
19,BB11_T6,rolling_max
19,BB11_T7,rolling_max
19,BB11_T8,rolling_max
19,BB11_T9,rolling_max
19,BB12_T1,rolling_min
19,BB12_T10,rolling_min
19,BB12_T11,rolling_min
19,BB12_T12,rolling_min
19,BB12_T2,rolling_min
19,BB12_T3,rolling_min
19,BB12_T4,rolling_min
19,BB12_T5,rolling_min
19,BB12_T6,rolling_min
19,BB12_T7,rolling_min
19,BB12_T8,rolling_min
19,BB12_T9,rolling_min
19,BB13_T1,ema
19,BB13_T10,ema
19,BB13_T11,ema
19,BB13_T12,ema
19,BB13_T2,ema
19,BB13_T3,ema
19,BB13_T4,ema
19,BB13_T5,ema
19,BB13_T6,ema
19,BB13_T7,ema
19,BB13_T8,ema
19,BB13_T9,ema
19,BB14_T1,rolling_max
19,BB14_T10,ema
19,BB14_T11,ema
19,BB14_T12,ema
19,BB14_T2,ema
19,BB14_T3,ema
19,BB14_T4,ema
19,BB14_T5,ema
19,BB14_T6,ema
19,BB14_T7,ema
19,BB14_T8,ema
19,BB14_T9,ema
19,BB15_T1,rolling_min
19,BB15_T10,ema
19,BB15_T11,ema
19,BB15_T12,ema
19,BB15_T2,ema
19,BB15_T3,ema
19,BB15_T4,ema
19,BB15_T5,ema
19,BB15_T6,ema
19,BB15_T7,ema
19,BB15_T8,ema
19,BB15_T9,ema
19,BB2_T1,rolling_return_mean
19,BB2_T10,momentum
19,BB2_T11,momentum
19,BB2_T12,momentum
19,BB2_T2,rolling_return_mean
19,BB2_T3,momentum
19,BB2_T4,momentum
19,BB2_T5,momentum
19,BB2_T6,rolling_return_mean
19,BB2_T7,rolling_return_mean
19,BB2_T8,rolling_return_mean
19,BB2_T9,momentum
19,BB3_T1,normalized_deviation
19,BB3_T10,normalized_deviation
19,BB3_T11,normalized_deviation
19,BB3_T12,normalized_deviation
19,BB3_T2,normalized_deviation
19,BB3_T3,normalized_deviation
19,BB3_T4,normalized_deviation
19,BB3_T5,normalized_deviation
19,BB3_T6,normalized_deviation
19,BB3_T7,normalized_deviation
19,BB3_T8,normalized_deviation
19,BB3_T9,normalized_deviation
19,BB4_T1,rolling_mean
19,BB4_T10,rolling_mean
19,BB4_T11,rolling_mean
19,BB4_T12,rolling_mean
19,BB4_T2,rolling_mean
19,BB4_T3,rolling_mean
19,BB4_T4,rolling_mean
19,BB4_T5,rolling_mean
19,BB4_T6,rolling_mean
19,BB4_T7,rolling_mean
19,BB4_T8,rolling_mean
19,BB4_T9,rolling_mean
19,BB5_T1,ema
19,BB5_T10,ema
19,BB5_T11,ema
19,BB5_T12,ema
19,BB5_T2,ema
19,BB5_T3,ema
19,BB5_T4,ema
19,BB5_T5,ema
19,BB5_T6,ema
19,BB5_T7,ema
19,BB5_T8,ema
19,BB5_T9,ema
19,BB6_T1,rolling_mean
19,BB6_T10,rolling_mean
19,BB6_T11,rolling_mean
19,BB6_T12,rolling_mean
19,BB6_T2,rolling_mean
19,BB6_T3,rolling_mean
19,BB6_T4,rolling_mean
19,BB6_T5,rolling_mean
19,BB6_T6,rolling_mean
19,BB6_T7,rolling_mean
19,BB6_T8,rolling_mean
19,BB6_T9,rolling_mean
19,BB7_T1,rolling_max
19,BB7_T10,rolling_max
19,BB7_T11,rolling_max
19,BB7_T12,rolling_max
19,BB7_T2,rolling_max
19,BB7_T3,rolling_max
19,BB7_T4,rolling_max
19,BB7_T5,rolling_max
19,BB7_T6,rolling_max
19,BB7_T7,rolling_max
19,BB7_T8,rolling_max
19,BB7_T9,rolling_max
19,BB8_T1,rolling_min
19,BB8_T10,rolling_min
19,BB8_T11,rolling_min
19,BB8_T12,rolling_min
19,BB8_T2,rolling_min
19,BB8_T3,rolling_min
19,BB8_T4,rolling_min
19,BB8_T5,rolling_min
19,BB8_T6,rolling_min
19,BB8_T7,rolling_min
19,BB8_T8,rolling_min
19,BB8_T9,rolling_min
19,BB9_T1,rolling_std
19,BB9_T10,rolling_std
19,BB9_T11,rolling_std
19,BB9_T12,rolling_std
19,BB9_T2,rolling_std
19,BB9_T3,rolling_std
19,BB9_T4,rolling_std
19,BB9_T5,rolling_std
19,BB9_T6,rolling_std
19,BB9_T7,rolling_std
19,BB9_T8,rolling_std
19,BB9_T9,rolling_std
19,PB1_T1,normalized_deviation
19,PB1_T10,distance_from_low
19,PB1_T11,normalized_deviation
19,PB1_T12,z_score
19,PB1_T2,normalized_deviation
19,PB1_T3,normalized_deviation
19,PB1_T4,normalized_deviation
19,PB1_T5,normalized_deviation
19,PB1_T6,z_score
19,PB1_T7,price_minus_mean
19,PB1_T8,price_minus_mean
19,PB1_T9,price_minus_mean
19,PB10_T1,ema
19,PB10_T10,ema
19,PB10_T11,upside_volatility
19,PB10_T12,absolute_return_mean
19,PB10_T2,ema
19,PB10_T3,ema
19,PB10_T4,ema
19,PB10_T5,ema
19,PB10_T6,ema
19,PB10_T7,ema
19,PB10_T8,ema
19,PB10_T9,ema
19,PB11_T1,ema
19,PB11_T10,downside_volatility
19,PB11_T11,downside_volatility
19,PB11_T12,z_score
19,PB11_T2,ema
19,PB11_T3,ema
19,PB11_T4,ema
19,PB11_T5,ema
19,PB11_T6,ema
19,PB11_T7,ema
19,PB11_T8,rolling_min
19,PB11_T9,downside_volatility
19,PB12_T1,normalized_deviation
19,PB12_T10,distance_from_low
19,PB12_T11,normalized_deviation
19,PB12_T12,z_score
19,PB12_T2,normalized_deviation
19,PB12_T3,normalized_deviation
19,PB12_T4,normalized_deviation
19,PB12_T5,normalized_deviation
19,PB12_T6,z_score
19,PB12_T7,price_minus_mean
19,PB12_T8,price_minus_mean
19,PB12_T9,price_minus_mean
19,PB13_T1,normalized_deviation
19,PB13_T10,distance_from_low
19,PB13_T11,normalized_deviation
19,PB13_T12,z_score
19,PB13_T2,normalized_deviation
19,PB13_T3,normalized_deviation
19,PB13_T4,normalized_deviation
19,PB13_T5,normalized_deviation
19,PB13_T6,z_score
19,PB13_T7,price_minus_mean
19,PB13_T8,price_minus_mean
19,PB13_T9,price_minus_mean
19,PB14_T1,z_score
19,PB14_T10,normalized_deviation
19,PB14_T11,normalized_deviation
19,PB14_T12,z_score
19,PB14_T2,z_score
19,PB14_T3,z_score
19,PB14_T4,z_score
19,PB14_T5,z_score
19,PB14_T6,z_score
19,PB14_T7,z_score
19,PB14_T8,z_score
19,PB14_T9,z_score
19,PB15_T1,z_score
19,PB15_T10,distance_from_low
19,PB15_T11,distance_from_low
19,PB15_T12,distance_from_low
19,PB15_T2,z_score
19,PB15_T3,z_score
19,PB15_T4,z_score
19,PB15_T5,z_score
19,PB15_T6,z_score
19,PB15_T7,z_score
19,PB15_T8,z_score
19,PB15_T9,z_score
19,PB16_T1,z_score
19,PB16_T10,distance_from_low
19,PB16_T11,distance_from_low
19,PB16_T12,distance_from_low
19,PB16_T2,z_score
19,PB16_T3,z_score
19,PB16_T4,z_score
19,PB16_T5,z_score
19,PB16_T6,z_score
19,PB16_T7,z_score
19,PB16_T8,z_score
19,PB16_T9,z_score
19,PB17_T1,z_score
19,PB17_T10,distance_from_low
19,PB17_T11,distance_from_low
19,PB17_T12,distance_from_low
19,PB17_T2,z_score
19,PB17_T3,z_score
19,PB17_T4,z_score
19,PB17_T5,z_score
19,PB17_T6,z_score
19,PB17_T7,z_score
19,PB17_T8,z_score
19,PB17_T9,z_score
19,PB18_T1,z_score
19,PB18_T10,z_score
19,PB18_T11,z_score
19,PB18_T12,distance_from_low
19,PB18_T2,z_score
19,PB18_T3,z_score
19,PB18_T4,z_score
19,PB18_T5,z_score
19,PB18_T6,z_score
19,PB18_T7,z_score
19,PB18_T8,z_score
19,PB18_T9,z_score
19,PB2_T1,z_score
19,PB2_T10,distance_from_low
19,PB2_T11,distance_from_low
19,PB2_T12,ema
19,PB2_T2,z_score
19,PB2_T3,z_score
19,PB2_T4,z_score
19,PB2_T5,z_score
19,PB2_T6,z_score
19,PB2_T7,z_score
19,PB2_T8,z_score
19,PB2_T9,distance_from_low
19,PB3_T1,z_score
19,PB3_T10,z_score
19,PB3_T11,z_score
19,PB3_T12,z_score
19,PB3_T2,z_score
19,PB3_T3,z_score
19,PB3_T4,z_score
19,PB3_T5,z_score
19,PB3_T6,z_score
19,PB3_T7,z_score
19,PB3_T8,z_score
19,PB3_T9,z_score
19,PB4_T1,normalized_deviation
19,PB4_T10,distance_from_low
19,PB4_T11,normalized_deviation
19,PB4_T12,z_score
19,PB4_T2,normalized_deviation
19,PB4_T3,normalized_deviation
19,PB4_T4,normalized_deviation
19,PB4_T5,normalized_deviation
19,PB4_T6,z_score
19,PB4_T7,price_minus_mean
19,PB4_T8,price_minus_mean
19,PB4_T9,price_minus_mean
19,PB5_T1,normalized_deviation
19,PB5_T10,distance_from_low
19,PB5_T11,normalized_deviation
19,PB5_T12,z_score
19,PB5_T2,normalized_deviation
19,PB5_T3,normalized_deviation
19,PB5_T4,normalized_deviation
19,PB5_T5,normalized_deviation
19,PB5_T6,z_score
19,PB5_T7,price_minus_mean
19,PB5_T8,price_minus_mean
19,PB5_T9,price_minus_mean
19,PB6_T1,price_minus_mean
19,PB6_T10,rolling_return_mean
19,PB6_T11,momentum
19,PB6_T12,downside_volatility
19,PB6_T2,rolling_return_mean
19,PB6_T3,rolling_return_mean
19,PB6_T4,rolling_return_mean
19,PB6_T5,momentum
19,PB6_T6,momentum
19,PB6_T7,momentum
19,PB6_T8,rolling_return_mean
19,PB6_T9,rolling_return_mean
19,PB7_T1,z_score
19,PB7_T10,z_score
19,PB7_T11,z_score
19,PB7_T12,distance_from_low
19,PB7_T2,z_score
19,PB7_T3,z_score
19,PB7_T4,z_score
19,PB7_T5,z_score
19,PB7_T6,z_score
19,PB7_T7,z_score
19,PB7_T8,z_score
19,PB7_T9,z_score
19,PB8_T1,z_score
19,PB8_T10,distance_from_low
19,PB8_T11,distance_from_low
19,PB8_T12,distance_from_low
19,PB8_T2,z_score
19,PB8_T3,z_score
19,PB8_T4,z_score
19,PB8_T5,z_score
19,PB8_T6,z_score
19,PB8_T7,z_score
19,PB8_T8,z_score
19,PB8_T9,z_score
19,PB9_T1,ema
19,PB9_T10,z_score
19,PB9_T11,z_score
19,PB9_T12,distance_from_high
19,PB9_T2,ema
19,PB9_T3,ema
19,PB9_T4,ema
19,PB9_T5,ema
19,PB9_T6,ema
19,PB9_T7,ema
19,PB9_T8,downside_volatility
19,PB9_T9,downside_volatility
20,BB1_T1,rolling_mean
20,BB1_T10,rolling_mean
20,BB1_T11,rolling_mean
20,BB1_T12,rolling_mean
20,BB1_T2,rolling_mean
20,BB1_T3,rolling_mean
20,BB1_T4,rolling_mean
20,BB1_T5,rolling_mean
20,BB1_T6,rolling_mean
20,BB1_T7,rolling_mean
20,BB1_T8,rolling_mean
20,BB1_T9,rolling_mean
20,BB10_T1,z_score
20,BB10_T10,z_score
20,BB10_T11,z_score
20,BB10_T12,z_score
20,BB10_T2,z_score
20,BB10_T3,z_score
20,BB10_T4,z_score
20,BB10_T5,z_score
20,BB10_T6,z_score
20,BB10_T7,z_score
20,BB10_T8,z_score
20,BB10_T9,z_score
20,BB11_T1,rolling_max
20,BB11_T10,rolling_max
20,BB11_T11,rolling_max
20,BB11_T12,rolling_max
20,BB11_T2,rolling_max
20,BB11_T3,rolling_max
20,BB11_T4,rolling_max
20,BB11_T5,rolling_max
20,BB11_T6,rolling_max
20,BB11_T7,rolling_max
20,BB11_T8,rolling_max
20,BB11_T9,rolling_max
20,BB12_T1,rolling_min
20,BB12_T10,rolling_min
20,BB12_T11,rolling_min
20,BB12_T12,rolling_min
20,BB12_T2,rolling_min
20,BB12_T3,rolling_min
20,BB12_T4,rolling_min
20,BB12_T5,rolling_min
20,BB12_T6,rolling_min
20,BB12_T7,rolling_min
20,BB12_T8,rolling_min
20,BB12_T9,rolling_min
20,BB13_T1,ema
20,BB13_T10,ema
20,BB13_T11,ema
20,BB13_T12,ema
20,BB13_T2,ema
20,BB13_T3,ema
20,BB13_T4,ema
20,BB13_T5,ema
20,BB13_T6,ema
20,BB13_T7,ema
20,BB13_T8,ema
20,BB13_T9,ema
20,BB14_T1,rolling_max
20,BB14_T10,ema
20,BB14_T11,ema
20,BB14_T12,ema
20,BB14_T2,ema
20,BB14_T3,ema
20,BB14_T4,ema
20,BB14_T5,ema
20,BB14_T6,ema
20,BB14_T7,ema
20,BB14_T8,ema
20,BB14_T9,ema
20,BB15_T1,rolling_min
20,BB15_T10,ema
20,BB15_T11,ema
20,BB15_T12,ema
20,BB15_T2,ema
20,BB15_T3,ema
20,BB15_T4,ema
20,BB15_T5,ema
20,BB15_T6,ema
20,BB15_T7,ema
20,BB15_T8,ema
20,BB15_T9,ema
20,BB2_T1,momentum
20,BB2_T10,rolling_return_mean
20,BB2_T11,rolling_return_mean
20,BB2_T12,momentum
20,BB2_T2,momentum
20,BB2_T3,momentum
20,BB2_T4,momentum
20,BB2_T5,momentum
20,BB2_T6,momentum
20,BB2_T7,momentum
20,BB2_T8,rolling_return_mean
20,BB2_T9,rolling_return_mean
20,BB3_T1,normalized_deviation
20,BB3_T10,price_minus_mean
20,BB3_T11,normalized_deviation
20,BB3_T12,normalized_deviation
20,BB3_T2,normalized_deviation
20,BB3_T3,normalized_deviation
20,BB3_T4,price_minus_mean
20,BB3_T5,price_minus_mean
20,BB3_T6,price_minus_mean
20,BB3_T7,price_minus_mean
20,BB3_T8,price_minus_mean
20,BB3_T9,price_minus_mean
20,BB4_T1,rolling_mean
20,BB4_T10,rolling_mean
20,BB4_T11,rolling_mean
20,BB4_T12,rolling_mean
20,BB4_T2,rolling_mean
20,BB4_T3,rolling_mean
20,BB4_T4,rolling_mean
20,BB4_T5,rolling_mean
20,BB4_T6,rolling_mean
20,BB4_T7,rolling_mean
20,BB4_T8,rolling_mean
20,BB4_T9,rolling_mean
20,BB5_T1,ema
20,BB5_T10,ema
20,BB5_T11,ema
20,BB5_T12,ema
20,BB5_T2,ema
20,BB5_T3,ema
20,BB5_T4,ema
20,BB5_T5,ema
20,BB5_T6,ema
20,BB5_T7,ema
20,BB5_T8,ema
20,BB5_T9,ema
20,BB6_T1,rolling_mean
20,BB6_T10,rolling_mean
20,BB6_T11,rolling_mean
20,BB6_T12,rolling_mean
20,BB6_T2,rolling_mean
20,BB6_T3,rolling_mean
20,BB6_T4,rolling_mean
20,BB6_T5,rolling_mean
20,BB6_T6,rolling_mean
20,BB6_T7,rolling_mean
20,BB6_T8,rolling_mean
20,BB6_T9,rolling_mean
20,BB7_T1,rolling_max
20,BB7_T10,rolling_max
20,BB7_T11,rolling_max
20,BB7_T12,rolling_max
20,BB7_T2,rolling_max
20,BB7_T3,rolling_max
20,BB7_T4,rolling_max
20,BB7_T5,rolling_max
20,BB7_T6,rolling_max
20,BB7_T7,rolling_max
20,BB7_T8,rolling_max
20,BB7_T9,rolling_max
20,BB8_T1,rolling_min
20,BB8_T10,rolling_min
20,BB8_T11,rolling_min
20,BB8_T12,rolling_min
20,BB8_T2,rolling_min
20,BB8_T3,rolling_min
20,BB8_T4,rolling_min
20,BB8_T5,rolling_min
20,BB8_T6,rolling_min
20,BB8_T7,rolling_min
20,BB8_T8,rolling_min
20,BB8_T9,rolling_min
20,BB9_T1,rolling_std
20,BB9_T10,rolling_std
20,BB9_T11,rolling_std
20,BB9_T12,rolling_std
20,BB9_T2,rolling_std
20,BB9_T3,rolling_std
20,BB9_T4,rolling_std
20,BB9_T5,rolling_std
20,BB9_T6,rolling_std
20,BB9_T7,rolling_std
20,BB9_T8,rolling_std
20,BB9_T9,rolling_std
20,PB1_T1,price_minus_mean
20,PB1_T10,z_score
20,PB1_T11,z_score
20,PB1_T12,distance_from_high
20,PB1_T2,price_minus_mean
20,PB1_T3,price_minus_mean
20,PB1_T4,price_minus_mean
20,PB1_T5,price_minus_mean
20,PB1_T6,price_minus_mean
20,PB1_T7,price_minus_mean
20,PB1_T8,price_minus_mean
20,PB1_T9,price_minus_mean
20,PB10_T1,ema
20,PB10_T10,rolling_max
20,PB10_T11,rolling_max
20,PB10_T12,ema
20,PB10_T2,ema
20,PB10_T3,ema
20,PB10_T4,ema
20,PB10_T5,ema
20,PB10_T6,ema
20,PB10_T7,ema
20,PB10_T8,rolling_max
20,PB10_T9,rolling_max
20,PB11_T1,ema
20,PB11_T10,ema
20,PB11_T11,ema
20,PB11_T12,ema
20,PB11_T2,ema
20,PB11_T3,ema
20,PB11_T4,ema
20,PB11_T5,ema
20,PB11_T6,ema
20,PB11_T7,ema
20,PB11_T8,ema
20,PB11_T9,ema
20,PB12_T1,price_minus_mean
20,PB12_T10,z_score
20,PB12_T11,z_score
20,PB12_T12,distance_from_high
20,PB12_T2,price_minus_mean
20,PB12_T3,price_minus_mean
20,PB12_T4,price_minus_mean
20,PB12_T5,price_minus_mean
20,PB12_T6,price_minus_mean
20,PB12_T7,price_minus_mean
20,PB12_T8,price_minus_mean
20,PB12_T9,price_minus_mean
20,PB13_T1,price_minus_mean
20,PB13_T10,z_score
20,PB13_T11,z_score
20,PB13_T12,distance_from_high
20,PB13_T2,price_minus_mean
20,PB13_T3,price_minus_mean
20,PB13_T4,price_minus_mean
20,PB13_T5,price_minus_mean
20,PB13_T6,price_minus_mean
20,PB13_T7,price_minus_mean
20,PB13_T8,price_minus_mean
20,PB13_T9,price_minus_mean
20,PB14_T1,z_score
20,PB14_T10,z_score
20,PB14_T11,z_score
20,PB14_T12,distance_from_high
20,PB14_T2,z_score
20,PB14_T3,z_score
20,PB14_T4,z_score
20,PB14_T5,z_score
20,PB14_T6,z_score
20,PB14_T7,z_score
20,PB14_T8,z_score
20,PB14_T9,z_score
20,PB15_T1,z_score
20,PB15_T10,z_score
20,PB15_T11,z_score
20,PB15_T12,distance_from_high
20,PB15_T2,z_score
20,PB15_T3,z_score
20,PB15_T4,z_score
20,PB15_T5,z_score
20,PB15_T6,z_score
20,PB15_T7,z_score
20,PB15_T8,z_score
20,PB15_T9,z_score
20,PB16_T1,z_score
20,PB16_T10,z_score
20,PB16_T11,z_score
20,PB16_T12,distance_from_high
20,PB16_T2,z_score
20,PB16_T3,z_score
20,PB16_T4,z_score
20,PB16_T5,z_score
20,PB16_T6,z_score
20,PB16_T7,z_score
20,PB16_T8,z_score
20,PB16_T9,z_score
20,PB17_T1,z_score
20,PB17_T10,z_score
20,PB17_T11,z_score
20,PB17_T12,distance_from_high
20,PB17_T2,z_score
20,PB17_T3,z_score
20,PB17_T4,z_score
20,PB17_T5,z_score
20,PB17_T6,z_score
20,PB17_T7,z_score
20,PB17_T8,z_score
20,PB17_T9,z_score
20,PB18_T1,z_score
20,PB18_T10,z_score
20,PB18_T11,z_score
20,PB18_T12,distance_from_high
20,PB18_T2,z_score
20,PB18_T3,z_score
20,PB18_T4,z_score
20,PB18_T5,z_score
20,PB18_T6,z_score
20,PB18_T7,z_score
20,PB18_T8,z_score
20,PB18_T9,z_score
20,PB2_T1,z_score
20,PB2_T10,momentum
20,PB2_T11,momentum
20,PB2_T12,rolling_return_mean
20,PB2_T2,z_score
20,PB2_T3,z_score
20,PB2_T4,z_score
20,PB2_T5,z_score
20,PB2_T6,z_score
20,PB2_T7,z_score
20,PB2_T8,z_score
20,PB2_T9,z_score
20,PB3_T1,z_score
20,PB3_T10,price_minus_mean
20,PB3_T11,price_minus_mean
20,PB3_T12,z_score
20,PB3_T2,z_score
20,PB3_T3,z_score
20,PB3_T4,z_score
20,PB3_T5,z_score
20,PB3_T6,z_score
20,PB3_T7,z_score
20,PB3_T8,z_score
20,PB3_T9,price_minus_mean
20,PB4_T1,price_minus_mean
20,PB4_T10,z_score
20,PB4_T11,z_score
20,PB4_T12,distance_from_high
20,PB4_T2,price_minus_mean
20,PB4_T3,price_minus_mean
20,PB4_T4,price_minus_mean
20,PB4_T5,price_minus_mean
20,PB4_T6,price_minus_mean
20,PB4_T7,price_minus_mean
20,PB4_T8,price_minus_mean
20,PB4_T9,price_minus_mean
20,PB5_T1,price_minus_mean
20,PB5_T10,z_score
20,PB5_T11,z_score
20,PB5_T12,distance_from_high
20,PB5_T2,price_minus_mean
20,PB5_T3,price_minus_mean
20,PB5_T4,price_minus_mean
20,PB5_T5,price_minus_mean
20,PB5_T6,price_minus_mean
20,PB5_T7,price_minus_mean
20,PB5_T8,price_minus_mean
20,PB5_T9,price_minus_mean
20,PB6_T1,normalized_deviation
20,PB6_T10,rolling_return_mean
20,PB6_T11,rolling_return_mean
20,PB6_T12,ema
20,PB6_T2,rolling_return_mean
20,PB6_T3,rolling_return_mean
20,PB6_T4,rolling_return_mean
20,PB6_T5,rolling_return_mean
20,PB6_T6,rolling_return_mean
20,PB6_T7,momentum
20,PB6_T8,normalized_deviation
20,PB6_T9,rolling_return_mean
20,PB7_T1,z_score
20,PB7_T10,z_score
20,PB7_T11,z_score
20,PB7_T12,distance_from_high
20,PB7_T2,z_score
20,PB7_T3,z_score
20,PB7_T4,z_score
20,PB7_T5,z_score
20,PB7_T6,z_score
20,PB7_T7,z_score
20,PB7_T8,z_score
20,PB7_T9,z_score
20,PB8_T1,z_score
20,PB8_T10,z_score
20,PB8_T11,z_score
20,PB8_T12,distance_from_high
20,PB8_T2,z_score
20,PB8_T3,z_score
20,PB8_T4,z_score
20,PB8_T5,z_score
20,PB8_T6,z_score
20,PB8_T7,z_score
20,PB8_T8,z_score
20,PB8_T9,z_score
20,PB9_T1,ema
20,PB9_T10,distance_from_high
20,PB9_T11,distance_from_high
20,PB9_T12,price_minus_mean
20,PB9_T2,ema
20,PB9_T3,ema
20,PB9_T4,ema
20,PB9_T5,ema
20,PB9_T6,ema
20,PB9_T7,ema
20,PB9_T8,rolling_max
20,PB9_T9,rolling_max
21,BB1_T1,ema
21,BB1_T10,rolling_mean
21,BB1_T11,rolling_mean
21,BB1_T12,ema
21,BB1_T2,rolling_mean
21,BB1_T3,rolling_mean
21,BB1_T4,rolling_mean
21,BB1_T5,rolling_mean
21,BB1_T6,rolling_mean
21,BB1_T7,rolling_mean
21,BB1_T8,rolling_mean
21,BB1_T9,rolling_mean
21,BB10_T1,z_score
21,BB10_T10,z_score
21,BB10_T11,z_score
21,BB10_T12,z_score
21,BB10_T2,z_score
21,BB10_T3,z_score
21,BB10_T4,z_score
21,BB10_T5,z_score
21,BB10_T6,z_score
21,BB10_T7,z_score
21,BB10_T8,z_score
21,BB10_T9,z_score
21,BB11_T1,rolling_max
21,BB11_T10,rolling_max
21,BB11_T11,rolling_max
21,BB11_T12,rolling_max
21,BB11_T2,rolling_max
21,BB11_T3,rolling_max
21,BB11_T4,rolling_max
21,BB11_T5,rolling_max
21,BB11_T6,rolling_max
21,BB11_T7,rolling_max
21,BB11_T8,rolling_max
21,BB11_T9,rolling_max
21,BB12_T1,rolling_min
21,BB12_T10,rolling_min
21,BB12_T11,rolling_min
21,BB12_T12,rolling_min
21,BB12_T2,rolling_min
21,BB12_T3,rolling_min
21,BB12_T4,rolling_min
21,BB12_T5,rolling_min
21,BB12_T6,rolling_min
21,BB12_T7,rolling_min
21,BB12_T8,rolling_min
21,BB12_T9,rolling_min
21,BB13_T1,ema
21,BB13_T10,ema
21,BB13_T11,ema
21,BB13_T12,ema
21,BB13_T2,ema
21,BB13_T3,ema
21,BB13_T4,ema
21,BB13_T5,ema
21,BB13_T6,ema
21,BB13_T7,ema
21,BB13_T8,ema
21,BB13_T9,ema
21,BB14_T1,rolling_max
21,BB14_T10,ema
21,BB14_T11,ema
21,BB14_T12,ema
21,BB14_T2,ema
21,BB14_T3,ema
21,BB14_T4,ema
21,BB14_T5,ema
21,BB14_T6,ema
21,BB14_T7,ema
21,BB14_T8,ema
21,BB14_T9,ema
21,BB15_T1,rolling_min
21,BB15_T10,ema
21,BB15_T11,ema
21,BB15_T12,ema
21,BB15_T2,ema
21,BB15_T3,ema
21,BB15_T4,ema
21,BB15_T5,ema
21,BB15_T6,ema
21,BB15_T7,ema
21,BB15_T8,ema
21,BB15_T9,ema
21,BB2_T1,momentum
21,BB2_T10,momentum
21,BB2_T11,momentum
21,BB2_T12,momentum
21,BB2_T2,momentum
21,BB2_T3,rolling_return_mean
21,BB2_T4,momentum
21,BB2_T5,momentum
21,BB2_T6,momentum
21,BB2_T7,momentum
21,BB2_T8,rolling_return_mean
21,BB2_T9,momentum
21,BB3_T1,normalized_deviation
21,BB3_T10,normalized_deviation
21,BB3_T11,normalized_deviation
21,BB3_T12,normalized_deviation
21,BB3_T2,normalized_deviation
21,BB3_T3,normalized_deviation
21,BB3_T4,normalized_deviation
21,BB3_T5,normalized_deviation
21,BB3_T6,normalized_deviation
21,BB3_T7,normalized_deviation
21,BB3_T8,normalized_deviation
21,BB3_T9,normalized_deviation
21,BB4_T1,rolling_mean
21,BB4_T10,rolling_mean
21,BB4_T11,rolling_mean
21,BB4_T12,rolling_mean
21,BB4_T2,rolling_mean
21,BB4_T3,rolling_mean
21,BB4_T4,rolling_mean
21,BB4_T5,rolling_mean
21,BB4_T6,rolling_mean
21,BB4_T7,rolling_mean
21,BB4_T8,rolling_mean
21,BB4_T9,rolling_mean
21,BB5_T1,ema
21,BB5_T10,ema
21,BB5_T11,ema
21,BB5_T12,ema
21,BB5_T2,ema
21,BB5_T3,ema
21,BB5_T4,ema
21,BB5_T5,ema
21,BB5_T6,ema
21,BB5_T7,ema
21,BB5_T8,ema
21,BB5_T9,ema
21,BB6_T1,rolling_mean
21,BB6_T10,rolling_mean
21,BB6_T11,rolling_mean
21,BB6_T12,rolling_mean
21,BB6_T2,rolling_mean
21,BB6_T3,rolling_mean
21,BB6_T4,rolling_mean
21,BB6_T5,rolling_mean
21,BB6_T6,rolling_mean
21,BB6_T7,rolling_mean
21,BB6_T8,rolling_mean
21,BB6_T9,rolling_mean
21,BB7_T1,rolling_max
21,BB7_T10,rolling_max
21,BB7_T11,rolling_max
21,BB7_T12,rolling_max
21,BB7_T2,rolling_max
21,BB7_T3,rolling_max
21,BB7_T4,rolling_max
21,BB7_T5,rolling_max
21,BB7_T6,rolling_max
21,BB7_T7,rolling_max
21,BB7_T8,rolling_max
21,BB7_T9,rolling_max
21,BB8_T1,rolling_min
21,BB8_T10,rolling_min
21,BB8_T11,rolling_min
21,BB8_T12,rolling_min
21,BB8_T2,rolling_min
21,BB8_T3,rolling_min
21,BB8_T4,rolling_min
21,BB8_T5,rolling_min
21,BB8_T6,rolling_min
21,BB8_T7,rolling_min
21,BB8_T8,rolling_min
21,BB8_T9,rolling_min
21,BB9_T1,rolling_std
21,BB9_T10,rolling_std
21,BB9_T11,rolling_std
21,BB9_T12,rolling_std
21,BB9_T2,rolling_std
21,BB9_T3,rolling_std
21,BB9_T4,rolling_std
21,BB9_T5,rolling_std
21,BB9_T6,rolling_std
21,BB9_T7,rolling_std
21,BB9_T8,rolling_std
21,BB9_T9,rolling_std
21,PB1_T1,price_minus_mean
21,PB1_T10,price_minus_mean
21,PB1_T11,price_minus_mean
21,PB1_T12,z_score
21,PB1_T2,price_minus_mean
21,PB1_T3,normalized_deviation
21,PB1_T4,normalized_deviation
21,PB1_T5,normalized_deviation
21,PB1_T6,normalized_deviation
21,PB1_T7,normalized_deviation
21,PB1_T8,price_minus_mean
21,PB1_T9,price_minus_mean
21,PB10_T1,ema
21,PB10_T10,ema
21,PB10_T11,ema
21,PB10_T12,ema
21,PB10_T2,ema
21,PB10_T3,ema
21,PB10_T4,ema
21,PB10_T5,ema
21,PB10_T6,ema
21,PB10_T7,ema
21,PB10_T8,ema
21,PB10_T9,ema
21,PB11_T1,ema
21,PB11_T10,rolling_min
21,PB11_T11,ema
21,PB11_T12,rolling_return_mean
21,PB11_T2,ema
21,PB11_T3,ema
21,PB11_T4,ema
21,PB11_T5,ema
21,PB11_T6,ema
21,PB11_T7,rolling_min
21,PB11_T8,rolling_min
21,PB11_T9,rolling_min
21,PB12_T1,price_minus_mean
21,PB12_T10,price_minus_mean
21,PB12_T11,price_minus_mean
21,PB12_T12,z_score
21,PB12_T2,price_minus_mean
21,PB12_T3,normalized_deviation
21,PB12_T4,normalized_deviation
21,PB12_T5,normalized_deviation
21,PB12_T6,normalized_deviation
21,PB12_T7,normalized_deviation
21,PB12_T8,price_minus_mean
21,PB12_T9,price_minus_mean
21,PB13_T1,price_minus_mean
21,PB13_T10,price_minus_mean
21,PB13_T11,price_minus_mean
21,PB13_T12,z_score
21,PB13_T2,price_minus_mean
21,PB13_T3,normalized_deviation
21,PB13_T4,normalized_deviation
21,PB13_T5,normalized_deviation
21,PB13_T6,normalized_deviation
21,PB13_T7,normalized_deviation
21,PB13_T8,price_minus_mean
21,PB13_T9,price_minus_mean
21,PB14_T1,z_score
21,PB14_T10,z_score
21,PB14_T11,z_score
21,PB14_T12,z_score
21,PB14_T2,z_score
21,PB14_T3,z_score
21,PB14_T4,z_score
21,PB14_T5,z_score
21,PB14_T6,z_score
21,PB14_T7,z_score
21,PB14_T8,z_score
21,PB14_T9,z_score
21,PB15_T1,z_score
21,PB15_T10,z_score
21,PB15_T11,z_score
21,PB15_T12,distance_from_low
21,PB15_T2,z_score
21,PB15_T3,z_score
21,PB15_T4,z_score
21,PB15_T5,z_score
21,PB15_T6,z_score
21,PB15_T7,z_score
21,PB15_T8,z_score
21,PB15_T9,z_score
21,PB16_T1,z_score
21,PB16_T10,z_score
21,PB16_T11,z_score
21,PB16_T12,distance_from_low
21,PB16_T2,z_score
21,PB16_T3,z_score
21,PB16_T4,z_score
21,PB16_T5,z_score
21,PB16_T6,z_score
21,PB16_T7,z_score
21,PB16_T8,z_score
21,PB16_T9,z_score
21,PB17_T1,z_score
21,PB17_T10,z_score
21,PB17_T11,z_score
21,PB17_T12,distance_from_low
21,PB17_T2,z_score
21,PB17_T3,z_score
21,PB17_T4,z_score
21,PB17_T5,z_score
21,PB17_T6,z_score
21,PB17_T7,z_score
21,PB17_T8,z_score
21,PB17_T9,z_score
21,PB18_T1,z_score
21,PB18_T10,z_score
21,PB18_T11,z_score
21,PB18_T12,distance_from_low
21,PB18_T2,z_score
21,PB18_T3,z_score
21,PB18_T4,z_score
21,PB18_T5,z_score
21,PB18_T6,z_score
21,PB18_T7,z_score
21,PB18_T8,z_score
21,PB18_T9,z_score
21,PB2_T1,z_score
21,PB2_T10,rolling_median
21,PB2_T11,rolling_median
21,PB2_T12,rolling_median
21,PB2_T2,z_score
21,PB2_T3,z_score
21,PB2_T4,z_score
21,PB2_T5,z_score
21,PB2_T6,z_score
21,PB2_T7,z_score
21,PB2_T8,z_score
21,PB2_T9,realized_variance
21,PB3_T1,z_score
21,PB3_T10,price_minus_mean
21,PB3_T11,z_score
21,PB3_T12,z_score
21,PB3_T2,z_score
21,PB3_T3,z_score
21,PB3_T4,z_score
21,PB3_T5,z_score
21,PB3_T6,z_score
21,PB3_T7,z_score
21,PB3_T8,z_score
21,PB3_T9,z_score
21,PB4_T1,price_minus_mean
21,PB4_T10,price_minus_mean
21,PB4_T11,price_minus_mean
21,PB4_T12,z_score
21,PB4_T2,price_minus_mean
21,PB4_T3,normalized_deviation
21,PB4_T4,normalized_deviation
21,PB4_T5,normalized_deviation
21,PB4_T6,normalized_deviation
21,PB4_T7,normalized_deviation
21,PB4_T8,price_minus_mean
21,PB4_T9,price_minus_mean
21,PB5_T1,price_minus_mean
21,PB5_T10,price_minus_mean
21,PB5_T11,price_minus_mean
21,PB5_T12,z_score
21,PB5_T2,price_minus_mean
21,PB5_T3,normalized_deviation
21,PB5_T4,normalized_deviation
21,PB5_T5,normalized_deviation
21,PB5_T6,normalized_deviation
21,PB5_T7,normalized_deviation
21,PB5_T8,price_minus_mean
21,PB5_T9,price_minus_mean
21,PB6_T1,normalized_deviation
21,PB6_T10,normalized_deviation
21,PB6_T11,normalized_deviation
21,PB6_T12,rolling_return_mean
21,PB6_T2,momentum
21,PB6_T3,rolling_return_mean
21,PB6_T4,rolling_return_mean
21,PB6_T5,momentum
21,PB6_T6,momentum
21,PB6_T7,rolling_return_mean
21,PB6_T8,momentum
21,PB6_T9,rolling_return_mean
21,PB7_T1,z_score
21,PB7_T10,z_score
21,PB7_T11,z_score
21,PB7_T12,distance_from_low
21,PB7_T2,z_score
21,PB7_T3,z_score
21,PB7_T4,z_score
21,PB7_T5,z_score
21,PB7_T6,z_score
21,PB7_T7,z_score
21,PB7_T8,z_score
21,PB7_T9,z_score
21,PB8_T1,z_score
21,PB8_T10,z_score
21,PB8_T11,z_score
21,PB8_T12,distance_from_low
21,PB8_T2,z_score
21,PB8_T3,z_score
21,PB8_T4,z_score
21,PB8_T5,z_score
21,PB8_T6,z_score
21,PB8_T7,z_score
21,PB8_T8,z_score
21,PB8_T9,z_score
21,PB9_T1,ema
21,PB9_T10,rolling_min
21,PB9_T11,downside_volatility
21,PB9_T12,distance_from_high
21,PB9_T2,ema
21,PB9_T3,ema
21,PB9_T4,ema
21,PB9_T5,ema
21,PB9_T6,ema
21,PB9_T7,ema
21,PB9_T8,rolling_min
21,PB9_T9,rolling_min
22,BB1_T1,rolling_mean
22,BB1_T10,rolling_mean
22,BB1_T11,rolling_mean
22,BB1_T12,ema
22,BB1_T2,rolling_mean
22,BB1_T3,rolling_mean
22,BB1_T4,rolling_mean
22,BB1_T5,rolling_mean
22,BB1_T6,rolling_mean
22,BB1_T7,rolling_mean
22,BB1_T8,rolling_mean
22,BB1_T9,rolling_mean
22,BB10_T1,z_score
22,BB10_T10,z_score
22,BB10_T11,z_score
22,BB10_T12,z_score
22,BB10_T2,z_score
22,BB10_T3,z_score
22,BB10_T4,z_score
22,BB10_T5,z_score
22,BB10_T6,z_score
22,BB10_T7,z_score
22,BB10_T8,z_score
22,BB10_T9,z_score
22,BB11_T1,rolling_max
22,BB11_T10,rolling_max
22,BB11_T11,rolling_max
22,BB11_T12,rolling_max
22,BB11_T2,rolling_max
22,BB11_T3,rolling_max
22,BB11_T4,rolling_max
22,BB11_T5,rolling_max
22,BB11_T6,rolling_max
22,BB11_T7,rolling_max
22,BB11_T8,rolling_max
22,BB11_T9,rolling_max
22,BB12_T1,rolling_min
22,BB12_T10,rolling_min
22,BB12_T11,rolling_min
22,BB12_T12,rolling_min
22,BB12_T2,rolling_min
22,BB12_T3,rolling_min
22,BB12_T4,rolling_min
22,BB12_T5,rolling_min
22,BB12_T6,rolling_min
22,BB12_T7,rolling_min
22,BB12_T8,rolling_min
22,BB12_T9,rolling_min
22,BB13_T1,ema
22,BB13_T10,ema
22,BB13_T11,ema
22,BB13_T12,ema
22,BB13_T2,ema
22,BB13_T3,ema
22,BB13_T4,ema
22,BB13_T5,ema
22,BB13_T6,ema
22,BB13_T7,ema
22,BB13_T8,ema
22,BB13_T9,ema
22,BB14_T1,rolling_max
22,BB14_T10,ema
22,BB14_T11,ema
22,BB14_T12,ema
22,BB14_T2,ema
22,BB14_T3,ema
22,BB14_T4,ema
22,BB14_T5,ema
22,BB14_T6,ema
22,BB14_T7,ema
22,BB14_T8,ema
22,BB14_T9,ema
22,BB15_T1,rolling_min
22,BB15_T10,ema
22,BB15_T11,ema
22,BB15_T12,ema
22,BB15_T2,ema
22,BB15_T3,ema
22,BB15_T4,ema
22,BB15_T5,ema
22,BB15_T6,ema
22,BB15_T7,ema
22,BB15_T8,ema
22,BB15_T9,ema
22,BB2_T1,momentum
22,BB2_T10,momentum
22,BB2_T11,momentum
22,BB2_T12,momentum
22,BB2_T2,momentum
22,BB2_T3,momentum
22,BB2_T4,rolling_return_mean
22,BB2_T5,rolling_return_mean
22,BB2_T6,momentum
22,BB2_T7,rolling_return_mean
22,BB2_T8,momentum
22,BB2_T9,rolling_return_mean
22,BB3_T1,price_minus_mean
22,BB3_T10,normalized_deviation
22,BB3_T11,normalized_deviation
22,BB3_T12,price_minus_mean
22,BB3_T2,price_minus_mean
22,BB3_T3,price_minus_mean
22,BB3_T4,price_minus_mean
22,BB3_T5,normalized_deviation
22,BB3_T6,normalized_deviation
22,BB3_T7,normalized_deviation
22,BB3_T8,normalized_deviation
22,BB3_T9,normalized_deviation
22,BB4_T1,rolling_mean
22,BB4_T10,rolling_mean
22,BB4_T11,rolling_mean
22,BB4_T12,rolling_mean
22,BB4_T2,rolling_mean
22,BB4_T3,rolling_mean
22,BB4_T4,rolling_mean
22,BB4_T5,rolling_mean
22,BB4_T6,rolling_mean
22,BB4_T7,rolling_mean
22,BB4_T8,rolling_mean
22,BB4_T9,rolling_mean
22,BB5_T1,ema
22,BB5_T10,ema
22,BB5_T11,ema
22,BB5_T12,ema
22,BB5_T2,ema
22,BB5_T3,ema
22,BB5_T4,ema
22,BB5_T5,ema
22,BB5_T6,ema
22,BB5_T7,ema
22,BB5_T8,ema
22,BB5_T9,ema
22,BB6_T1,rolling_mean
22,BB6_T10,rolling_mean
22,BB6_T11,rolling_mean
22,BB6_T12,rolling_mean
22,BB6_T2,rolling_mean
22,BB6_T3,rolling_mean
22,BB6_T4,rolling_mean
22,BB6_T5,rolling_mean
22,BB6_T6,rolling_mean
22,BB6_T7,rolling_mean
22,BB6_T8,rolling_mean
22,BB6_T9,rolling_mean
22,BB7_T1,rolling_max
22,BB7_T10,rolling_max
22,BB7_T11,rolling_max
22,BB7_T12,rolling_max
22,BB7_T2,rolling_max
22,BB7_T3,rolling_max
22,BB7_T4,rolling_max
22,BB7_T5,rolling_max
22,BB7_T6,rolling_max
22,BB7_T7,rolling_max
22,BB7_T8,rolling_max
22,BB7_T9,rolling_max
22,BB8_T1,rolling_min
22,BB8_T10,rolling_min
22,BB8_T11,rolling_min
22,BB8_T12,rolling_min
22,BB8_T2,rolling_min
22,BB8_T3,rolling_min
22,BB8_T4,rolling_min
22,BB8_T5,rolling_min
22,BB8_T6,rolling_min
22,BB8_T7,rolling_min
22,BB8_T8,rolling_min
22,BB8_T9,rolling_min
22,BB9_T1,rolling_std
22,BB9_T10,rolling_std
22,BB9_T11,rolling_std
22,BB9_T12,rolling_std
22,BB9_T2,rolling_std
22,BB9_T3,rolling_std
22,BB9_T4,rolling_std
22,BB9_T5,rolling_std
22,BB9_T6,rolling_std
22,BB9_T7,rolling_std
22,BB9_T8,rolling_std
22,BB9_T9,rolling_std
22,PB1_T1,price_minus_mean
22,PB1_T10,price_minus_mean
22,PB1_T11,z_score
22,PB1_T12,z_score
22,PB1_T2,price_minus_mean
22,PB1_T3,price_minus_mean
22,PB1_T4,price_minus_mean
22,PB1_T5,price_minus_mean
22,PB1_T6,price_minus_mean
22,PB1_T7,normalized_deviation
22,PB1_T8,price_minus_mean
22,PB1_T9,price_minus_mean
22,PB10_T1,ema
22,PB10_T10,ema
22,PB10_T11,ema
22,PB10_T12,ema
22,PB10_T2,ema
22,PB10_T3,ema
22,PB10_T4,ema
22,PB10_T5,ema
22,PB10_T6,ema
22,PB10_T7,ema
22,PB10_T8,ema
22,PB10_T9,ema
22,PB11_T1,ema
22,PB11_T10,ema
22,PB11_T11,rolling_min
22,PB11_T12,rolling_min
22,PB11_T2,ema
22,PB11_T3,ema
22,PB11_T4,ema
22,PB11_T5,ema
22,PB11_T6,ema
22,PB11_T7,ema
22,PB11_T8,rolling_min
22,PB11_T9,rolling_min
22,PB12_T1,price_minus_mean
22,PB12_T10,price_minus_mean
22,PB12_T11,z_score
22,PB12_T12,z_score
22,PB12_T2,price_minus_mean
22,PB12_T3,price_minus_mean
22,PB12_T4,price_minus_mean
22,PB12_T5,price_minus_mean
22,PB12_T6,price_minus_mean
22,PB12_T7,normalized_deviation
22,PB12_T8,price_minus_mean
22,PB12_T9,price_minus_mean
22,PB13_T1,price_minus_mean
22,PB13_T10,price_minus_mean
22,PB13_T11,z_score
22,PB13_T12,z_score
22,PB13_T2,price_minus_mean
22,PB13_T3,price_minus_mean
22,PB13_T4,price_minus_mean
22,PB13_T5,price_minus_mean
22,PB13_T6,price_minus_mean
22,PB13_T7,normalized_deviation
22,PB13_T8,price_minus_mean
22,PB13_T9,price_minus_mean
22,PB14_T1,z_score
22,PB14_T10,z_score
22,PB14_T11,z_score
22,PB14_T12,z_score
22,PB14_T2,z_score
22,PB14_T3,z_score
22,PB14_T4,z_score
22,PB14_T5,z_score
22,PB14_T6,z_score
22,PB14_T7,z_score
22,PB14_T8,z_score
22,PB14_T9,z_score
22,PB15_T1,z_score
22,PB15_T10,z_score
22,PB15_T11,z_score
22,PB15_T12,z_score
22,PB15_T2,z_score
22,PB15_T3,z_score
22,PB15_T4,z_score
22,PB15_T5,z_score
22,PB15_T6,z_score
22,PB15_T7,z_score
22,PB15_T8,z_score
22,PB15_T9,z_score
22,PB16_T1,z_score
22,PB16_T10,z_score
22,PB16_T11,z_score
22,PB16_T12,z_score
22,PB16_T2,z_score
22,PB16_T3,z_score
22,PB16_T4,z_score
22,PB16_T5,z_score
22,PB16_T6,z_score
22,PB16_T7,z_score
22,PB16_T8,z_score
22,PB16_T9,z_score
22,PB17_T1,z_score
22,PB17_T10,z_score
22,PB17_T11,z_score
22,PB17_T12,z_score
22,PB17_T2,z_score
22,PB17_T3,z_score
22,PB17_T4,z_score
22,PB17_T5,z_score
22,PB17_T6,z_score
22,PB17_T7,z_score
22,PB17_T8,z_score
22,PB17_T9,z_score
22,PB18_T1,z_score
22,PB18_T10,distance_from_low
22,PB18_T11,z_score
22,PB18_T12,z_score
22,PB18_T2,z_score
22,PB18_T3,z_score
22,PB18_T4,z_score
22,PB18_T5,z_score
22,PB18_T6,z_score
22,PB18_T7,z_score
22,PB18_T8,z_score
22,PB18_T9,z_score
22,PB2_T1,z_score
22,PB2_T10,distance_from_low
22,PB2_T11,distance_from_low
22,PB2_T12,z_score
22,PB2_T2,z_score
22,PB2_T3,z_score
22,PB2_T4,z_score
22,PB2_T5,z_score
22,PB2_T6,z_score
22,PB2_T7,z_score
22,PB2_T8,z_score
22,PB2_T9,distance_from_low
22,PB3_T1,z_score
22,PB3_T10,price_minus_mean
22,PB3_T11,normalized_deviation
22,PB3_T12,momentum
22,PB3_T2,z_score
22,PB3_T3,z_score
22,PB3_T4,z_score
22,PB3_T5,z_score
22,PB3_T6,z_score
22,PB3_T7,z_score
22,PB3_T8,z_score
22,PB3_T9,z_score
22,PB4_T1,price_minus_mean
22,PB4_T10,price_minus_mean
22,PB4_T11,z_score
22,PB4_T12,z_score
22,PB4_T2,price_minus_mean
22,PB4_T3,price_minus_mean
22,PB4_T4,price_minus_mean
22,PB4_T5,price_minus_mean
22,PB4_T6,price_minus_mean
22,PB4_T7,normalized_deviation
22,PB4_T8,price_minus_mean
22,PB4_T9,price_minus_mean
22,PB5_T1,price_minus_mean
22,PB5_T10,price_minus_mean
22,PB5_T11,z_score
22,PB5_T12,z_score
22,PB5_T2,price_minus_mean
22,PB5_T3,price_minus_mean
22,PB5_T4,price_minus_mean
22,PB5_T5,price_minus_mean
22,PB5_T6,price_minus_mean
22,PB5_T7,normalized_deviation
22,PB5_T8,price_minus_mean
22,PB5_T9,price_minus_mean
22,PB6_T1,price_minus_mean
22,PB6_T10,distance_from_high
22,PB6_T11,distance_from_high
22,PB6_T12,rolling_std
22,PB6_T2,momentum
22,PB6_T3,rolling_return_mean
22,PB6_T4,rolling_return_mean
22,PB6_T5,rolling_return_mean
22,PB6_T6,rolling_return_mean
22,PB6_T7,rolling_return_mean
22,PB6_T8,rolling_return_mean
22,PB6_T9,rolling_return_mean
22,PB7_T1,z_score
22,PB7_T10,distance_from_low
22,PB7_T11,z_score
22,PB7_T12,z_score
22,PB7_T2,z_score
22,PB7_T3,z_score
22,PB7_T4,z_score
22,PB7_T5,z_score
22,PB7_T6,z_score
22,PB7_T7,z_score
22,PB7_T8,z_score
22,PB7_T9,z_score
22,PB8_T1,z_score
22,PB8_T10,distance_from_low
22,PB8_T11,z_score
22,PB8_T12,z_score
22,PB8_T2,z_score
22,PB8_T3,z_score
22,PB8_T4,z_score
22,PB8_T5,z_score
22,PB8_T6,z_score
22,PB8_T7,z_score
22,PB8_T8,z_score
22,PB8_T9,z_score
22,PB9_T1,ema
22,PB9_T10,ema
22,PB9_T11,ema
22,PB9_T12,distance_from_high
22,PB9_T2,ema
22,PB9_T3,ema
22,PB9_T4,ema
22,PB9_T5,ema
22,PB9_T6,ema
22,PB9_T7,ema
22,PB9_T8,ema
22,PB9_T9,ema
23,BB1_T1,ema
23,BB1_T10,rolling_mean
23,BB1_T11,rolling_mean
23,BB1_T12,rolling_mean
23,BB1_T2,rolling_mean
23,BB1_T3,rolling_mean
23,BB1_T4,rolling_mean
23,BB1_T5,rolling_mean
23,BB1_T6,rolling_mean
23,BB1_T7,rolling_mean
23,BB1_T8,rolling_mean
23,BB1_T9,rolling_mean
23,BB10_T1,z_score
23,BB10_T10,z_score
23,BB10_T11,z_score
23,BB10_T12,z_score
23,BB10_T2,z_score
23,BB10_T3,z_score
23,BB10_T4,z_score
23,BB10_T5,z_score
23,BB10_T6,z_score
23,BB10_T7,z_score
23,BB10_T8,z_score
23,BB10_T9,z_score
23,BB11_T1,rolling_max
23,BB11_T10,rolling_max
23,BB11_T11,rolling_max
23,BB11_T12,rolling_max
23,BB11_T2,rolling_max
23,BB11_T3,rolling_max
23,BB11_T4,rolling_max
23,BB11_T5,rolling_max
23,BB11_T6,rolling_max
23,BB11_T7,rolling_max
23,BB11_T8,rolling_max
23,BB11_T9,rolling_max
23,BB12_T1,rolling_min
23,BB12_T10,rolling_min
23,BB12_T11,rolling_min
23,BB12_T12,rolling_min
23,BB12_T2,rolling_min
23,BB12_T3,rolling_min
23,BB12_T4,rolling_min
23,BB12_T5,rolling_min
23,BB12_T6,rolling_min
23,BB12_T7,rolling_min
23,BB12_T8,rolling_min
23,BB12_T9,rolling_min
23,BB13_T1,ema
23,BB13_T10,ema
23,BB13_T11,ema
23,BB13_T12,ema
23,BB13_T2,ema
23,BB13_T3,ema
23,BB13_T4,ema
23,BB13_T5,ema
23,BB13_T6,ema
23,BB13_T7,ema
23,BB13_T8,ema
23,BB13_T9,ema
23,BB14_T1,rolling_max
23,BB14_T10,ema
23,BB14_T11,ema
23,BB14_T12,ema
23,BB14_T2,rolling_max
23,BB14_T3,ema
23,BB14_T4,ema
23,BB14_T5,ema
23,BB14_T6,ema
23,BB14_T7,ema
23,BB14_T8,ema
23,BB14_T9,ema
23,BB15_T1,rolling_min
23,BB15_T10,ema
23,BB15_T11,ema
23,BB15_T12,ema
23,BB15_T2,ema
23,BB15_T3,ema
23,BB15_T4,ema
23,BB15_T5,ema
23,BB15_T6,ema
23,BB15_T7,ema
23,BB15_T8,ema
23,BB15_T9,ema
23,BB2_T1,rolling_return_mean
23,BB2_T10,momentum
23,BB2_T11,rolling_return_mean
23,BB2_T12,momentum
23,BB2_T2,rolling_return_mean
23,BB2_T3,rolling_return_mean
23,BB2_T4,momentum
23,BB2_T5,rolling_return_mean
23,BB2_T6,rolling_return_mean
23,BB2_T7,rolling_return_mean
23,BB2_T8,momentum
23,BB2_T9,momentum
23,BB3_T1,normalized_deviation
23,BB3_T10,normalized_deviation
23,BB3_T11,normalized_deviation
23,BB3_T12,normalized_deviation
23,BB3_T2,normalized_deviation
23,BB3_T3,normalized_deviation
23,BB3_T4,normalized_deviation
23,BB3_T5,normalized_deviation
23,BB3_T6,normalized_deviation
23,BB3_T7,normalized_deviation
23,BB3_T8,normalized_deviation
23,BB3_T9,normalized_deviation
23,BB4_T1,rolling_mean
23,BB4_T10,rolling_mean
23,BB4_T11,rolling_mean
23,BB4_T12,rolling_mean
23,BB4_T2,rolling_mean
23,BB4_T3,rolling_mean
23,BB4_T4,rolling_mean
23,BB4_T5,rolling_mean
23,BB4_T6,rolling_mean
23,BB4_T7,rolling_mean
23,BB4_T8,rolling_mean
23,BB4_T9,rolling_mean
23,BB5_T1,ema
23,BB5_T10,ema
23,BB5_T11,ema
23,BB5_T12,ema
23,BB5_T2,ema
23,BB5_T3,ema
23,BB5_T4,ema
23,BB5_T5,ema
23,BB5_T6,ema
23,BB5_T7,ema
23,BB5_T8,ema
23,BB5_T9,ema
23,BB6_T1,rolling_mean
23,BB6_T10,rolling_mean
23,BB6_T11,rolling_mean
23,BB6_T12,rolling_mean
23,BB6_T2,rolling_mean
23,BB6_T3,rolling_mean
23,BB6_T4,rolling_mean
23,BB6_T5,rolling_mean
23,BB6_T6,rolling_mean
23,BB6_T7,rolling_mean
23,BB6_T8,rolling_mean
23,BB6_T9,rolling_mean
23,BB7_T1,rolling_max
23,BB7_T10,rolling_max
23,BB7_T11,rolling_max
23,BB7_T12,rolling_max
23,BB7_T2,rolling_max
23,BB7_T3,rolling_max
23,BB7_T4,rolling_max
23,BB7_T5,rolling_max
23,BB7_T6,rolling_max
23,BB7_T7,rolling_max
23,BB7_T8,rolling_max
23,BB7_T9,rolling_max
23,BB8_T1,rolling_min
23,BB8_T10,rolling_min
23,BB8_T11,rolling_min
23,BB8_T12,rolling_min
23,BB8_T2,rolling_min
23,BB8_T3,rolling_min
23,BB8_T4,rolling_min
23,BB8_T5,rolling_min
23,BB8_T6,rolling_min
23,BB8_T7,rolling_min
23,BB8_T8,rolling_min
23,BB8_T9,rolling_min
23,BB9_T1,rolling_std
23,BB9_T10,rolling_std
23,BB9_T11,rolling_std
23,BB9_T12,rolling_std
23,BB9_T2,rolling_std
23,BB9_T3,rolling_std
23,BB9_T4,rolling_std
23,BB9_T5,rolling_std
23,BB9_T6,rolling_std
23,BB9_T7,rolling_std
23,BB9_T8,rolling_std
23,BB9_T9,rolling_std
23,PB1_T1,price_minus_mean
23,PB1_T10,z_score
23,PB1_T11,z_score
23,PB1_T12,z_score
23,PB1_T2,price_minus_mean
23,PB1_T3,price_minus_mean
23,PB1_T4,price_minus_mean
23,PB1_T5,price_minus_mean
23,PB1_T6,price_minus_mean
23,PB1_T7,z_score
23,PB1_T8,normalized_deviation
23,PB1_T9,z_score
23,PB10_T1,ema
23,PB10_T10,ema
23,PB10_T11,rolling_max
23,PB10_T12,rolling_max
23,PB10_T2,ema
23,PB10_T3,ema
23,PB10_T4,ema
23,PB10_T5,ema
23,PB10_T6,ema
23,PB10_T7,ema
23,PB10_T8,ema
23,PB10_T9,ema
23,PB11_T1,ema
23,PB11_T10,ema
23,PB11_T11,ema
23,PB11_T12,ema
23,PB11_T2,ema
23,PB11_T3,ema
23,PB11_T4,ema
23,PB11_T5,ema
23,PB11_T6,ema
23,PB11_T7,ema
23,PB11_T8,ema
23,PB11_T9,ema
23,PB12_T1,price_minus_mean
23,PB12_T10,z_score
23,PB12_T11,z_score
23,PB12_T12,z_score
23,PB12_T2,price_minus_mean
23,PB12_T3,price_minus_mean
23,PB12_T4,price_minus_mean
23,PB12_T5,price_minus_mean
23,PB12_T6,price_minus_mean
23,PB12_T7,z_score
23,PB12_T8,normalized_deviation
23,PB12_T9,z_score
23,PB13_T1,price_minus_mean
23,PB13_T10,z_score
23,PB13_T11,z_score
23,PB13_T12,z_score
23,PB13_T2,price_minus_mean
23,PB13_T3,price_minus_mean
23,PB13_T4,price_minus_mean
23,PB13_T5,price_minus_mean
23,PB13_T6,price_minus_mean
23,PB13_T7,z_score
23,PB13_T8,normalized_deviation
23,PB13_T9,z_score
23,PB14_T1,z_score
23,PB14_T10,z_score
23,PB14_T11,z_score
23,PB14_T12,price_minus_mean
23,PB14_T2,z_score
23,PB14_T3,z_score
23,PB14_T4,z_score
23,PB14_T5,z_score
23,PB14_T6,z_score
23,PB14_T7,z_score
23,PB14_T8,z_score
23,PB14_T9,z_score
23,PB15_T1,z_score
23,PB15_T10,z_score
23,PB15_T11,z_score
23,PB15_T12,distance_from_high
23,PB15_T2,z_score
23,PB15_T3,z_score
23,PB15_T4,z_score
23,PB15_T5,z_score
23,PB15_T6,z_score
23,PB15_T7,z_score
23,PB15_T8,z_score
23,PB15_T9,z_score
23,PB16_T1,z_score
23,PB16_T10,z_score
23,PB16_T11,z_score
23,PB16_T12,distance_from_high
23,PB16_T2,z_score
23,PB16_T3,z_score
23,PB16_T4,z_score
23,PB16_T5,z_score
23,PB16_T6,z_score
23,PB16_T7,z_score
23,PB16_T8,z_score
23,PB16_T9,z_score
23,PB17_T1,z_score
23,PB17_T10,z_score
23,PB17_T11,z_score
23,PB17_T12,distance_from_high
23,PB17_T2,z_score
23,PB17_T3,z_score
23,PB17_T4,z_score
23,PB17_T5,z_score
23,PB17_T6,z_score
23,PB17_T7,z_score
23,PB17_T8,z_score
23,PB17_T9,z_score
23,PB18_T1,z_score
23,PB18_T10,z_score
23,PB18_T11,z_score
23,PB18_T12,distance_from_high
23,PB18_T2,z_score
23,PB18_T3,z_score
23,PB18_T4,z_score
23,PB18_T5,z_score
23,PB18_T6,z_score
23,PB18_T7,z_score
23,PB18_T8,z_score
23,PB18_T9,z_score
23,PB2_T1,z_score
23,PB2_T10,z_score
23,PB2_T11,upside_volatility
23,PB2_T12,z_score
23,PB2_T2,z_score
23,PB2_T3,z_score
23,PB2_T4,z_score
23,PB2_T5,z_score
23,PB2_T6,z_score
23,PB2_T7,z_score
23,PB2_T8,z_score
23,PB2_T9,z_score
23,PB3_T1,z_score
23,PB3_T10,z_score
23,PB3_T11,z_score
23,PB3_T12,absolute_return_mean
23,PB3_T2,z_score
23,PB3_T3,z_score
23,PB3_T4,z_score
23,PB3_T5,z_score
23,PB3_T6,z_score
23,PB3_T7,z_score
23,PB3_T8,z_score
23,PB3_T9,z_score
23,PB4_T1,price_minus_mean
23,PB4_T10,z_score
23,PB4_T11,z_score
23,PB4_T12,z_score
23,PB4_T2,price_minus_mean
23,PB4_T3,price_minus_mean
23,PB4_T4,price_minus_mean
23,PB4_T5,price_minus_mean
23,PB4_T6,price_minus_mean
23,PB4_T7,z_score
23,PB4_T8,normalized_deviation
23,PB4_T9,z_score
23,PB5_T1,price_minus_mean
23,PB5_T10,z_score
23,PB5_T11,z_score
23,PB5_T12,z_score
23,PB5_T2,price_minus_mean
23,PB5_T3,price_minus_mean
23,PB5_T4,price_minus_mean
23,PB5_T5,price_minus_mean
23,PB5_T6,price_minus_mean
23,PB5_T7,z_score
23,PB5_T8,normalized_deviation
23,PB5_T9,z_score
23,PB6_T1,price_minus_mean
23,PB6_T10,rolling_return_mean
23,PB6_T11,rolling_variance
23,PB6_T12,rolling_variance
23,PB6_T2,momentum
23,PB6_T3,rolling_return_mean
23,PB6_T4,rolling_return_mean
23,PB6_T5,rolling_return_mean
23,PB6_T6,rolling_return_mean
23,PB6_T7,rolling_return_mean
23,PB6_T8,rolling_return_mean
23,PB6_T9,rolling_return_mean
23,PB7_T1,z_score
23,PB7_T10,z_score
23,PB7_T11,z_score
23,PB7_T12,distance_from_high
23,PB7_T2,z_score
23,PB7_T3,z_score
23,PB7_T4,z_score
23,PB7_T5,z_score
23,PB7_T6,z_score
23,PB7_T7,z_score
23,PB7_T8,z_score
23,PB7_T9,z_score
23,PB8_T1,z_score
23,PB8_T10,z_score
23,PB8_T11,z_score
23,PB8_T12,distance_from_high
23,PB8_T2,z_score
23,PB8_T3,z_score
23,PB8_T4,z_score
23,PB8_T5,z_score
23,PB8_T6,z_score
23,PB8_T7,z_score
23,PB8_T8,z_score
23,PB8_T9,z_score
23,PB9_T1,ema
23,PB9_T10,ema
23,PB9_T11,rolling_max
23,PB9_T12,rolling_max
23,PB9_T2,ema
23,PB9_T3,ema
23,PB9_T4,ema
23,PB9_T5,ema
23,PB9_T6,ema
23,PB9_T7,ema
23,PB9_T8,ema
23,PB9_T9,ema
24,BB1_T1,ema
24,BB1_T10,rolling_mean
24,BB1_T11,rolling_mean
24,BB1_T12,rolling_mean
24,BB1_T2,rolling_mean
24,BB1_T3,rolling_mean
24,BB1_T4,rolling_mean
24,BB1_T5,rolling_mean
24,BB1_T6,rolling_mean
24,BB1_T7,rolling_mean
24,BB1_T8,rolling_mean
24,BB1_T9,rolling_mean
24,BB10_T1,z_score
24,BB10_T10,z_score
24,BB10_T11,z_score
24,BB10_T12,z_score
24,BB10_T2,z_score
24,BB10_T3,z_score
24,BB10_T4,z_score
24,BB10_T5,z_score
24,BB10_T6,z_score
24,BB10_T7,z_score
24,BB10_T8,z_score
24,BB10_T9,z_score
24,BB11_T1,rolling_max
24,BB11_T10,rolling_max
24,BB11_T11,rolling_max
24,BB11_T12,rolling_max
24,BB11_T2,rolling_max
24,BB11_T3,rolling_max
24,BB11_T4,rolling_max
24,BB11_T5,rolling_max
24,BB11_T6,rolling_max
24,BB11_T7,rolling_max
24,BB11_T8,rolling_max
24,BB11_T9,rolling_max
24,BB12_T1,rolling_min
24,BB12_T10,rolling_min
24,BB12_T11,rolling_min
24,BB12_T12,rolling_min
24,BB12_T2,rolling_min
24,BB12_T3,rolling_min
24,BB12_T4,rolling_min
24,BB12_T5,rolling_min
24,BB12_T6,rolling_min
24,BB12_T7,rolling_min
24,BB12_T8,rolling_min
24,BB12_T9,rolling_min
24,BB13_T1,ema
24,BB13_T10,ema
24,BB13_T11,ema
24,BB13_T12,ema
24,BB13_T2,ema
24,BB13_T3,ema
24,BB13_T4,ema
24,BB13_T5,ema
24,BB13_T6,ema
24,BB13_T7,ema
24,BB13_T8,ema
24,BB13_T9,ema
24,BB14_T1,rolling_max
24,BB14_T10,ema
24,BB14_T11,ema
24,BB14_T12,ema
24,BB14_T2,ema
24,BB14_T3,ema
24,BB14_T4,ema
24,BB14_T5,ema
24,BB14_T6,ema
24,BB14_T7,ema
24,BB14_T8,ema
24,BB14_T9,ema
24,BB15_T1,rolling_min
24,BB15_T10,ema
24,BB15_T11,ema
24,BB15_T12,ema
24,BB15_T2,ema
24,BB15_T3,ema
24,BB15_T4,ema
24,BB15_T5,ema
24,BB15_T6,ema
24,BB15_T7,ema
24,BB15_T8,ema
24,BB15_T9,ema
24,BB2_T1,momentum
24,BB2_T10,momentum
24,BB2_T11,momentum
24,BB2_T12,rolling_return_mean
24,BB2_T2,momentum
24,BB2_T3,momentum
24,BB2_T4,momentum
24,BB2_T5,momentum
24,BB2_T6,momentum
24,BB2_T7,momentum
24,BB2_T8,rolling_return_mean
24,BB2_T9,momentum
24,BB3_T1,normalized_deviation
24,BB3_T10,price_minus_mean
24,BB3_T11,price_minus_mean
24,BB3_T12,price_minus_mean
24,BB3_T2,price_minus_mean
24,BB3_T3,price_minus_mean
24,BB3_T4,price_minus_mean
24,BB3_T5,price_minus_mean
24,BB3_T6,price_minus_mean
24,BB3_T7,price_minus_mean
24,BB3_T8,normalized_deviation
24,BB3_T9,normalized_deviation
24,BB4_T1,rolling_mean
24,BB4_T10,rolling_mean
24,BB4_T11,rolling_mean
24,BB4_T12,rolling_mean
24,BB4_T2,rolling_mean
24,BB4_T3,rolling_mean
24,BB4_T4,rolling_mean
24,BB4_T5,rolling_mean
24,BB4_T6,rolling_mean
24,BB4_T7,rolling_mean
24,BB4_T8,rolling_mean
24,BB4_T9,rolling_mean
24,BB5_T1,ema
24,BB5_T10,ema
24,BB5_T11,ema
24,BB5_T12,ema
24,BB5_T2,ema
24,BB5_T3,ema
24,BB5_T4,ema
24,BB5_T5,ema
24,BB5_T6,ema
24,BB5_T7,ema
24,BB5_T8,ema
24,BB5_T9,ema
24,BB6_T1,rolling_mean
24,BB6_T10,rolling_mean
24,BB6_T11,rolling_mean
24,BB6_T12,rolling_mean
24,BB6_T2,rolling_mean
24,BB6_T3,rolling_mean
24,BB6_T4,rolling_mean
24,BB6_T5,rolling_mean
24,BB6_T6,rolling_mean
24,BB6_T7,rolling_mean
24,BB6_T8,rolling_mean
24,BB6_T9,rolling_mean
24,BB7_T1,rolling_max
24,BB7_T10,rolling_max
24,BB7_T11,rolling_max
24,BB7_T12,rolling_max
24,BB7_T2,rolling_max
24,BB7_T3,rolling_max
24,BB7_T4,rolling_max
24,BB7_T5,rolling_max
24,BB7_T6,rolling_max
24,BB7_T7,rolling_max
24,BB7_T8,rolling_max
24,BB7_T9,rolling_max
24,BB8_T1,rolling_min
24,BB8_T10,rolling_min
24,BB8_T11,rolling_min
24,BB8_T12,rolling_min
24,BB8_T2,rolling_min
24,BB8_T3,rolling_min
24,BB8_T4,rolling_min
24,BB8_T5,rolling_min
24,BB8_T6,rolling_min
24,BB8_T7,rolling_min
24,BB8_T8,rolling_min
24,BB8_T9,rolling_min
24,BB9_T1,rolling_std
24,BB9_T10,rolling_std
24,BB9_T11,rolling_std
24,BB9_T12,rolling_std
24,BB9_T2,rolling_std
24,BB9_T3,rolling_std
24,BB9_T4,rolling_std
24,BB9_T5,rolling_std
24,BB9_T6,rolling_std
24,BB9_T7,rolling_std
24,BB9_T8,rolling_std
24,BB9_T9,rolling_std
24,PB1_T1,normalized_deviation
24,PB1_T10,z_score
24,PB1_T11,z_score
24,PB1_T12,distance_from_high
24,PB1_T2,price_minus_mean
24,PB1_T3,normalized_deviation
24,PB1_T4,price_minus_mean
24,PB1_T5,price_minus_mean
24,PB1_T6,price_minus_mean
24,PB1_T7,z_score
24,PB1_T8,z_score
24,PB1_T9,z_score
24,PB10_T1,ema
24,PB10_T10,rolling_max
24,PB10_T11,rolling_max
24,PB10_T12,downside_volatility
24,PB10_T2,ema
24,PB10_T3,ema
24,PB10_T4,ema
24,PB10_T5,ema
24,PB10_T6,ema
24,PB10_T7,ema
24,PB10_T8,rolling_max
24,PB10_T9,rolling_max
24,PB11_T1,ema
24,PB11_T10,ema
24,PB11_T11,ema
24,PB11_T12,rolling_return_mean
24,PB11_T2,ema
24,PB11_T3,ema
24,PB11_T4,ema
24,PB11_T5,ema
24,PB11_T6,ema
24,PB11_T7,ema
24,PB11_T8,ema
24,PB11_T9,ema
24,PB12_T1,normalized_deviation
24,PB12_T10,z_score
24,PB12_T11,z_score
24,PB12_T12,distance_from_high
24,PB12_T2,price_minus_mean
24,PB12_T3,normalized_deviation
24,PB12_T4,price_minus_mean
24,PB12_T5,price_minus_mean
24,PB12_T6,price_minus_mean
24,PB12_T7,z_score
24,PB12_T8,z_score
24,PB12_T9,z_score
24,PB13_T1,normalized_deviation
24,PB13_T10,z_score
24,PB13_T11,z_score
24,PB13_T12,distance_from_high
24,PB13_T2,price_minus_mean
24,PB13_T3,normalized_deviation
24,PB13_T4,price_minus_mean
24,PB13_T5,price_minus_mean
24,PB13_T6,price_minus_mean
24,PB13_T7,z_score
24,PB13_T8,z_score
24,PB13_T9,z_score
24,PB14_T1,z_score
24,PB14_T10,z_score
24,PB14_T11,z_score
24,PB14_T12,distance_from_high
24,PB14_T2,z_score
24,PB14_T3,z_score
24,PB14_T4,z_score
24,PB14_T5,z_score
24,PB14_T6,z_score
24,PB14_T7,z_score
24,PB14_T8,z_score
24,PB14_T9,z_score
24,PB15_T1,z_score
24,PB15_T10,z_score
24,PB15_T11,z_score
24,PB15_T12,distance_from_high
24,PB15_T2,z_score
24,PB15_T3,z_score
24,PB15_T4,z_score
24,PB15_T5,z_score
24,PB15_T6,z_score
24,PB15_T7,z_score
24,PB15_T8,z_score
24,PB15_T9,z_score
24,PB16_T1,z_score
24,PB16_T10,z_score
24,PB16_T11,z_score
24,PB16_T12,distance_from_high
24,PB16_T2,z_score
24,PB16_T3,z_score
24,PB16_T4,z_score
24,PB16_T5,z_score
24,PB16_T6,z_score
24,PB16_T7,z_score
24,PB16_T8,z_score
24,PB16_T9,z_score
24,PB17_T1,z_score
24,PB17_T10,z_score
24,PB17_T11,z_score
24,PB17_T12,distance_from_high
24,PB17_T2,z_score
24,PB17_T3,z_score
24,PB17_T4,z_score
24,PB17_T5,z_score
24,PB17_T6,z_score
24,PB17_T7,z_score
24,PB17_T8,z_score
24,PB17_T9,z_score
24,PB18_T1,z_score
24,PB18_T10,z_score
24,PB18_T11,z_score
24,PB18_T12,distance_from_high
24,PB18_T2,z_score
24,PB18_T3,z_score
24,PB18_T4,z_score
24,PB18_T5,z_score
24,PB18_T6,z_score
24,PB18_T7,z_score
24,PB18_T8,z_score
24,PB18_T9,z_score
24,PB2_T1,z_score
24,PB2_T10,z_score
24,PB2_T11,z_score
24,PB2_T12,absolute_return_mean
24,PB2_T2,z_score
24,PB2_T3,z_score
24,PB2_T4,z_score
24,PB2_T5,z_score
24,PB2_T6,z_score
24,PB2_T7,z_score
24,PB2_T8,z_score
24,PB2_T9,z_score
24,PB3_T1,z_score
24,PB3_T10,z_score
24,PB3_T11,distance_from_high
24,PB3_T12,absolute_return_mean
24,PB3_T2,z_score
24,PB3_T3,z_score
24,PB3_T4,z_score
24,PB3_T5,z_score
24,PB3_T6,z_score
24,PB3_T7,z_score
24,PB3_T8,z_score
24,PB3_T9,z_score
24,PB4_T1,normalized_deviation
24,PB4_T10,z_score
24,PB4_T11,z_score
24,PB4_T12,distance_from_high
24,PB4_T2,price_minus_mean
24,PB4_T3,normalized_deviation
24,PB4_T4,price_minus_mean
24,PB4_T5,price_minus_mean
24,PB4_T6,price_minus_mean
24,PB4_T7,z_score
24,PB4_T8,z_score
24,PB4_T9,z_score
24,PB5_T1,normalized_deviation
24,PB5_T10,z_score
24,PB5_T11,z_score
24,PB5_T12,distance_from_high
24,PB5_T2,price_minus_mean
24,PB5_T3,normalized_deviation
24,PB5_T4,price_minus_mean
24,PB5_T5,price_minus_mean
24,PB5_T6,price_minus_mean
24,PB5_T7,z_score
24,PB5_T8,z_score
24,PB5_T9,z_score
24,PB6_T1,price_minus_mean
24,PB6_T10,distance_from_low
24,PB6_T11,distance_from_low
24,PB6_T12,rolling_mean
24,PB6_T2,momentum
24,PB6_T3,rolling_return_mean
24,PB6_T4,rolling_return_mean
24,PB6_T5,rolling_return_mean
24,PB6_T6,rolling_return_mean
24,PB6_T7,momentum
24,PB6_T8,momentum
24,PB6_T9,momentum
24,PB7_T1,z_score
24,PB7_T10,z_score
24,PB7_T11,z_score
24,PB7_T12,distance_from_high
24,PB7_T2,z_score
24,PB7_T3,z_score
24,PB7_T4,z_score
24,PB7_T5,z_score
24,PB7_T6,z_score
24,PB7_T7,z_score
24,PB7_T8,z_score
24,PB7_T9,z_score
24,PB8_T1,z_score
24,PB8_T10,z_score
24,PB8_T11,z_score
24,PB8_T12,distance_from_high
24,PB8_T2,z_score
24,PB8_T3,z_score
24,PB8_T4,z_score
24,PB8_T5,z_score
24,PB8_T6,z_score
24,PB8_T7,z_score
24,PB8_T8,z_score
24,PB8_T9,z_score
24,PB9_T1,ema
24,PB9_T10,distance_from_high
24,PB9_T11,distance_from_high
24,PB9_T12,z_score
24,PB9_T2,ema
24,PB9_T3,ema
24,PB9_T4,ema
24,PB9_T5,ema
24,PB9_T6,ema
24,PB9_T7,ema
24,PB9_T8,rolling_max
24,PB9_T9,rolling_max
25,BB1_T1,ema
25,BB1_T10,rolling_mean
25,BB1_T11,rolling_mean
25,BB1_T12,rolling_mean
25,BB1_T2,rolling_mean
25,BB1_T3,rolling_mean
25,BB1_T4,rolling_mean
25,BB1_T5,rolling_mean
25,BB1_T6,rolling_mean
25,BB1_T7,rolling_mean
25,BB1_T8,rolling_mean
25,BB1_T9,rolling_mean
25,BB10_T1,z_score
25,BB10_T10,z_score
25,BB10_T11,z_score
25,BB10_T12,z_score
25,BB10_T2,z_score
25,BB10_T3,z_score
25,BB10_T4,z_score
25,BB10_T5,z_score
25,BB10_T6,z_score
25,BB10_T7,z_score
25,BB10_T8,z_score
25,BB10_T9,z_score
25,BB11_T1,rolling_max
25,BB11_T10,rolling_max
25,BB11_T11,rolling_max
25,BB11_T12,rolling_max
25,BB11_T2,rolling_max
25,BB11_T3,rolling_max
25,BB11_T4,rolling_max
25,BB11_T5,rolling_max
25,BB11_T6,rolling_max
25,BB11_T7,rolling_max
25,BB11_T8,rolling_max
25,BB11_T9,rolling_max
25,BB12_T1,rolling_min
25,BB12_T10,rolling_min
25,BB12_T11,rolling_min
25,BB12_T12,rolling_min
25,BB12_T2,rolling_min
25,BB12_T3,rolling_min
25,BB12_T4,rolling_min
25,BB12_T5,rolling_min
25,BB12_T6,rolling_min
25,BB12_T7,rolling_min
25,BB12_T8,rolling_min
25,BB12_T9,rolling_min
25,BB13_T1,ema
25,BB13_T10,ema
25,BB13_T11,ema
25,BB13_T12,ema
25,BB13_T2,ema
25,BB13_T3,ema
25,BB13_T4,ema
25,BB13_T5,ema
25,BB13_T6,ema
25,BB13_T7,ema
25,BB13_T8,ema
25,BB13_T9,ema
25,BB14_T1,rolling_max
25,BB14_T10,ema
25,BB14_T11,ema
25,BB14_T12,ema
25,BB14_T2,ema
25,BB14_T3,ema
25,BB14_T4,ema
25,BB14_T5,ema
25,BB14_T6,ema
25,BB14_T7,ema
25,BB14_T8,ema
25,BB14_T9,ema
25,BB15_T1,rolling_min
25,BB15_T10,ema
25,BB15_T11,ema
25,BB15_T12,ema
25,BB15_T2,ema
25,BB15_T3,ema
25,BB15_T4,ema
25,BB15_T5,ema
25,BB15_T6,ema
25,BB15_T7,ema
25,BB15_T8,ema
25,BB15_T9,ema
25,BB2_T1,rolling_return_mean
25,BB2_T10,momentum
25,BB2_T11,momentum
25,BB2_T12,momentum
25,BB2_T2,rolling_return_mean
25,BB2_T3,momentum
25,BB2_T4,momentum
25,BB2_T5,momentum
25,BB2_T6,momentum
25,BB2_T7,momentum
25,BB2_T8,momentum
25,BB2_T9,momentum
25,BB3_T1,price_minus_mean
25,BB3_T10,normalized_deviation
25,BB3_T11,normalized_deviation
25,BB3_T12,normalized_deviation
25,BB3_T2,price_minus_mean
25,BB3_T3,price_minus_mean
25,BB3_T4,price_minus_mean
25,BB3_T5,price_minus_mean
25,BB3_T6,price_minus_mean
25,BB3_T7,normalized_deviation
25,BB3_T8,normalized_deviation
25,BB3_T9,normalized_deviation
25,BB4_T1,rolling_mean
25,BB4_T10,rolling_mean
25,BB4_T11,rolling_mean
25,BB4_T12,rolling_mean
25,BB4_T2,rolling_mean
25,BB4_T3,rolling_mean
25,BB4_T4,rolling_mean
25,BB4_T5,rolling_mean
25,BB4_T6,rolling_mean
25,BB4_T7,rolling_mean
25,BB4_T8,rolling_mean
25,BB4_T9,rolling_mean
25,BB5_T1,ema
25,BB5_T10,ema
25,BB5_T11,ema
25,BB5_T12,ema
25,BB5_T2,ema
25,BB5_T3,ema
25,BB5_T4,ema
25,BB5_T5,ema
25,BB5_T6,ema
25,BB5_T7,ema
25,BB5_T8,ema
25,BB5_T9,ema
25,BB6_T1,rolling_mean
25,BB6_T10,rolling_mean
25,BB6_T11,rolling_mean
25,BB6_T12,rolling_mean
25,BB6_T2,rolling_mean
25,BB6_T3,rolling_mean
25,BB6_T4,rolling_mean
25,BB6_T5,rolling_mean
25,BB6_T6,rolling_mean
25,BB6_T7,rolling_mean
25,BB6_T8,rolling_mean
25,BB6_T9,rolling_mean
25,BB7_T1,rolling_max
25,BB7_T10,rolling_max
25,BB7_T11,rolling_max
25,BB7_T12,rolling_max
25,BB7_T2,rolling_max
25,BB7_T3,rolling_max
25,BB7_T4,rolling_max
25,BB7_T5,rolling_max
25,BB7_T6,rolling_max
25,BB7_T7,rolling_max
25,BB7_T8,rolling_max
25,BB7_T9,rolling_max
25,BB8_T1,rolling_min
25,BB8_T10,rolling_min
25,BB8_T11,rolling_min
25,BB8_T12,rolling_min
25,BB8_T2,rolling_min
25,BB8_T3,rolling_min
25,BB8_T4,rolling_min
25,BB8_T5,rolling_min
25,BB8_T6,rolling_min
25,BB8_T7,rolling_min
25,BB8_T8,rolling_min
25,BB8_T9,rolling_min
25,BB9_T1,rolling_std
25,BB9_T10,rolling_std
25,BB9_T11,rolling_std
25,BB9_T12,rolling_std
25,BB9_T2,rolling_std
25,BB9_T3,rolling_std
25,BB9_T4,rolling_std
25,BB9_T5,rolling_std
25,BB9_T6,rolling_std
25,BB9_T7,rolling_std
25,BB9_T8,rolling_std
25,BB9_T9,rolling_std
25,PB1_T1,normalized_deviation
25,PB1_T10,z_score
25,PB1_T11,z_score
25,PB1_T12,z_score
25,PB1_T2,normalized_deviation
25,PB1_T3,normalized_deviation
25,PB1_T4,normalized_deviation
25,PB1_T5,normalized_deviation
25,PB1_T6,normalized_deviation
25,PB1_T7,normalized_deviation
25,PB1_T8,price_minus_mean
25,PB1_T9,price_minus_mean
25,PB10_T1,ema
25,PB10_T10,rolling_max
25,PB10_T11,rolling_max
25,PB10_T12,rolling_max
25,PB10_T2,ema
25,PB10_T3,ema
25,PB10_T4,ema
25,PB10_T5,ema
25,PB10_T6,ema
25,PB10_T7,rolling_max
25,PB10_T8,rolling_max
25,PB10_T9,rolling_max
25,PB11_T1,ema
25,PB11_T10,ema
25,PB11_T11,ema
25,PB11_T12,ema
25,PB11_T2,ema
25,PB11_T3,ema
25,PB11_T4,ema
25,PB11_T5,ema
25,PB11_T6,ema
25,PB11_T7,ema
25,PB11_T8,ema
25,PB11_T9,ema
25,PB12_T1,normalized_deviation
25,PB12_T10,z_score
25,PB12_T11,z_score
25,PB12_T12,z_score
25,PB12_T2,normalized_deviation
25,PB12_T3,normalized_deviation
25,PB12_T4,normalized_deviation
25,PB12_T5,normalized_deviation
25,PB12_T6,normalized_deviation
25,PB12_T7,normalized_deviation
25,PB12_T8,price_minus_mean
25,PB12_T9,price_minus_mean
25,PB13_T1,normalized_deviation
25,PB13_T10,z_score
25,PB13_T11,z_score
25,PB13_T12,z_score
25,PB13_T2,normalized_deviation
25,PB13_T3,normalized_deviation
25,PB13_T4,normalized_deviation
25,PB13_T5,normalized_deviation
25,PB13_T6,normalized_deviation
25,PB13_T7,normalized_deviation
25,PB13_T8,price_minus_mean
25,PB13_T9,price_minus_mean
25,PB14_T1,z_score
25,PB14_T10,z_score
25,PB14_T11,z_score
25,PB14_T12,z_score
25,PB14_T2,z_score
25,PB14_T3,z_score
25,PB14_T4,z_score
25,PB14_T5,z_score
25,PB14_T6,z_score
25,PB14_T7,z_score
25,PB14_T8,z_score
25,PB14_T9,z_score
25,PB15_T1,z_score
25,PB15_T10,distance_from_high
25,PB15_T11,distance_from_high
25,PB15_T12,distance_from_high
25,PB15_T2,z_score
25,PB15_T3,z_score
25,PB15_T4,z_score
25,PB15_T5,z_score
25,PB15_T6,z_score
25,PB15_T7,z_score
25,PB15_T8,distance_from_high
25,PB15_T9,distance_from_high
25,PB16_T1,z_score
25,PB16_T10,distance_from_high
25,PB16_T11,distance_from_high
25,PB16_T12,distance_from_high
25,PB16_T2,z_score
25,PB16_T3,z_score
25,PB16_T4,z_score
25,PB16_T5,z_score
25,PB16_T6,z_score
25,PB16_T7,z_score
25,PB16_T8,distance_from_high
25,PB16_T9,distance_from_high
25,PB17_T1,z_score
25,PB17_T10,distance_from_high
25,PB17_T11,distance_from_high
25,PB17_T12,distance_from_high
25,PB17_T2,z_score
25,PB17_T3,z_score
25,PB17_T4,z_score
25,PB17_T5,z_score
25,PB17_T6,z_score
25,PB17_T7,z_score
25,PB17_T8,distance_from_high
25,PB17_T9,distance_from_high
25,PB18_T1,z_score
25,PB18_T10,distance_from_high
25,PB18_T11,z_score
25,PB18_T12,distance_from_high
25,PB18_T2,z_score
25,PB18_T3,z_score
25,PB18_T4,z_score
25,PB18_T5,z_score
25,PB18_T6,z_score
25,PB18_T7,z_score
25,PB18_T8,z_score
25,PB18_T9,distance_from_high
25,PB2_T1,z_score
25,PB2_T10,z_score
25,PB2_T11,z_score
25,PB2_T12,z_score
25,PB2_T2,z_score
25,PB2_T3,z_score
25,PB2_T4,z_score
25,PB2_T5,z_score
25,PB2_T6,z_score
25,PB2_T7,z_score
25,PB2_T8,z_score
25,PB2_T9,distance_from_high
25,PB3_T1,z_score
25,PB3_T10,distance_from_high
25,PB3_T11,rolling_return_mean
25,PB3_T12,ema
25,PB3_T2,z_score
25,PB3_T3,z_score
25,PB3_T4,z_score
25,PB3_T5,z_score
25,PB3_T6,z_score
25,PB3_T7,z_score
25,PB3_T8,z_score
25,PB3_T9,z_score
25,PB4_T1,normalized_deviation
25,PB4_T10,z_score
25,PB4_T11,z_score
25,PB4_T12,z_score
25,PB4_T2,normalized_deviation
25,PB4_T3,normalized_deviation
25,PB4_T4,normalized_deviation
25,PB4_T5,normalized_deviation
25,PB4_T6,normalized_deviation
25,PB4_T7,normalized_deviation
25,PB4_T8,price_minus_mean
25,PB4_T9,price_minus_mean
25,PB5_T1,normalized_deviation
25,PB5_T10,z_score
25,PB5_T11,z_score
25,PB5_T12,z_score
25,PB5_T2,normalized_deviation
25,PB5_T3,normalized_deviation
25,PB5_T4,normalized_deviation
25,PB5_T5,normalized_deviation
25,PB5_T6,normalized_deviation
25,PB5_T7,normalized_deviation
25,PB5_T8,price_minus_mean
25,PB5_T9,price_minus_mean
25,PB6_T1,normalized_deviation
25,PB6_T10,distance_from_low
25,PB6_T11,rolling_std
25,PB6_T12,rolling_variance
25,PB6_T2,rolling_return_mean
25,PB6_T3,momentum
25,PB6_T4,rolling_return_mean
25,PB6_T5,momentum
25,PB6_T6,momentum
25,PB6_T7,momentum
25,PB6_T8,momentum
25,PB6_T9,distance_from_low
25,PB7_T1,z_score
25,PB7_T10,distance_from_high
25,PB7_T11,z_score
25,PB7_T12,distance_from_high
25,PB7_T2,z_score
25,PB7_T3,z_score
25,PB7_T4,z_score
25,PB7_T5,z_score
25,PB7_T6,z_score
25,PB7_T7,z_score
25,PB7_T8,z_score
25,PB7_T9,distance_from_high
25,PB8_T1,z_score
25,PB8_T10,distance_from_high
25,PB8_T11,distance_from_high
25,PB8_T12,distance_from_high
25,PB8_T2,z_score
25,PB8_T3,z_score
25,PB8_T4,z_score
25,PB8_T5,z_score
25,PB8_T6,z_score
25,PB8_T7,z_score
25,PB8_T8,distance_from_high
25,PB8_T9,distance_from_high
25,PB9_T1,ema
25,PB9_T10,rolling_max
25,PB9_T11,rolling_max
25,PB9_T12,rolling_max
25,PB9_T2,ema
25,PB9_T3,ema
25,PB9_T4,ema
25,PB9_T5,ema
25,PB9_T6,ema
25,PB9_T7,rolling_max
25,PB9_T8,rolling_max
25,PB9_T9,rolling_max
26,BB1_T1,ema
26,BB1_T10,rolling_mean
26,BB1_T11,rolling_mean
26,BB1_T12,rolling_mean
26,BB1_T2,ema
26,BB1_T3,rolling_mean
26,BB1_T4,rolling_mean
26,BB1_T5,rolling_mean
26,BB1_T6,rolling_mean
26,BB1_T7,rolling_mean
26,BB1_T8,rolling_mean
26,BB1_T9,rolling_mean
26,BB10_T1,z_score
26,BB10_T10,z_score
26,BB10_T11,z_score
26,BB10_T12,z_score
26,BB10_T2,z_score
26,BB10_T3,z_score
26,BB10_T4,z_score
26,BB10_T5,z_score
26,BB10_T6,z_score
26,BB10_T7,z_score
26,BB10_T8,z_score
26,BB10_T9,z_score
26,BB11_T1,rolling_max
26,BB11_T10,rolling_max
26,BB11_T11,rolling_max
26,BB11_T12,rolling_max
26,BB11_T2,rolling_max
26,BB11_T3,rolling_max
26,BB11_T4,rolling_max
26,BB11_T5,rolling_max
26,BB11_T6,rolling_max
26,BB11_T7,rolling_max
26,BB11_T8,rolling_max
26,BB11_T9,rolling_max
26,BB12_T1,rolling_min
26,BB12_T10,rolling_min
26,BB12_T11,rolling_min
26,BB12_T12,rolling_min
26,BB12_T2,rolling_min
26,BB12_T3,rolling_min
26,BB12_T4,rolling_min
26,BB12_T5,rolling_min
26,BB12_T6,rolling_min
26,BB12_T7,rolling_min
26,BB12_T8,rolling_min
26,BB12_T9,rolling_min
26,BB13_T1,ema
26,BB13_T10,ema
26,BB13_T11,ema
26,BB13_T12,ema
26,BB13_T2,ema
26,BB13_T3,ema
26,BB13_T4,ema
26,BB13_T5,ema
26,BB13_T6,ema
26,BB13_T7,ema
26,BB13_T8,ema
26,BB13_T9,ema
26,BB14_T1,rolling_max
26,BB14_T10,ema
26,BB14_T11,ema
26,BB14_T12,ema
26,BB14_T2,ema
26,BB14_T3,ema
26,BB14_T4,ema
26,BB14_T5,ema
26,BB14_T6,ema
26,BB14_T7,ema
26,BB14_T8,ema
26,BB14_T9,ema
26,BB15_T1,rolling_min
26,BB15_T10,ema
26,BB15_T11,ema
26,BB15_T12,ema
26,BB15_T2,ema
26,BB15_T3,ema
26,BB15_T4,ema
26,BB15_T5,ema
26,BB15_T6,ema
26,BB15_T7,ema
26,BB15_T8,ema
26,BB15_T9,ema
26,BB2_T1,momentum
26,BB2_T10,momentum
26,BB2_T11,momentum
26,BB2_T12,momentum
26,BB2_T2,momentum
26,BB2_T3,momentum
26,BB2_T4,momentum
26,BB2_T5,momentum
26,BB2_T6,momentum
26,BB2_T7,rolling_return_mean
26,BB2_T8,rolling_return_mean
26,BB2_T9,rolling_return_mean
26,BB3_T1,price_minus_mean
26,BB3_T10,normalized_deviation
26,BB3_T11,normalized_deviation
26,BB3_T12,normalized_deviation
26,BB3_T2,price_minus_mean
26,BB3_T3,price_minus_mean
26,BB3_T4,price_minus_mean
26,BB3_T5,price_minus_mean
26,BB3_T6,price_minus_mean
26,BB3_T7,price_minus_mean
26,BB3_T8,normalized_deviation
26,BB3_T9,normalized_deviation
26,BB4_T1,rolling_mean
26,BB4_T10,rolling_mean
26,BB4_T11,rolling_mean
26,BB4_T12,rolling_mean
26,BB4_T2,rolling_mean
26,BB4_T3,rolling_mean
26,BB4_T4,rolling_mean
26,BB4_T5,rolling_mean
26,BB4_T6,rolling_mean
26,BB4_T7,rolling_mean
26,BB4_T8,rolling_mean
26,BB4_T9,rolling_mean
26,BB5_T1,ema
26,BB5_T10,ema
26,BB5_T11,ema
26,BB5_T12,ema
26,BB5_T2,ema
26,BB5_T3,ema
26,BB5_T4,ema
26,BB5_T5,ema
26,BB5_T6,ema
26,BB5_T7,ema
26,BB5_T8,ema
26,BB5_T9,ema
26,BB6_T1,rolling_mean
26,BB6_T10,rolling_mean
26,BB6_T11,rolling_mean
26,BB6_T12,rolling_mean
26,BB6_T2,rolling_mean
26,BB6_T3,rolling_mean
26,BB6_T4,rolling_mean
26,BB6_T5,rolling_mean
26,BB6_T6,rolling_mean
26,BB6_T7,rolling_mean
26,BB6_T8,rolling_mean
26,BB6_T9,rolling_mean
26,BB7_T1,rolling_max
26,BB7_T10,rolling_max
26,BB7_T11,rolling_max
26,BB7_T12,rolling_max
26,BB7_T2,rolling_max
26,BB7_T3,rolling_max
26,BB7_T4,rolling_max
26,BB7_T5,rolling_max
26,BB7_T6,rolling_max
26,BB7_T7,rolling_max
26,BB7_T8,rolling_max
26,BB7_T9,rolling_max
26,BB8_T1,rolling_min
26,BB8_T10,rolling_min
26,BB8_T11,rolling_min
26,BB8_T12,rolling_min
26,BB8_T2,rolling_min
26,BB8_T3,rolling_min
26,BB8_T4,rolling_min
26,BB8_T5,rolling_min
26,BB8_T6,rolling_min
26,BB8_T7,rolling_min
26,BB8_T8,rolling_min
26,BB8_T9,rolling_min
26,BB9_T1,rolling_std
26,BB9_T10,rolling_std
26,BB9_T11,rolling_std
26,BB9_T12,rolling_std
26,BB9_T2,rolling_std
26,BB9_T3,rolling_std
26,BB9_T4,rolling_std
26,BB9_T5,rolling_std
26,BB9_T6,rolling_std
26,BB9_T7,rolling_std
26,BB9_T8,rolling_std
26,BB9_T9,rolling_std
26,PB1_T1,normalized_deviation
26,PB1_T10,price_minus_mean
26,PB1_T11,normalized_deviation
26,PB1_T12,rolling_mean
26,PB1_T2,normalized_deviation
26,PB1_T3,normalized_deviation
26,PB1_T4,normalized_deviation
26,PB1_T5,normalized_deviation
26,PB1_T6,normalized_deviation
26,PB1_T7,normalized_deviation
26,PB1_T8,price_minus_mean
26,PB1_T9,price_minus_mean
26,PB10_T1,ema
26,PB10_T10,ema
26,PB10_T11,ema
26,PB10_T12,ema
26,PB10_T2,ema
26,PB10_T3,ema
26,PB10_T4,ema
26,PB10_T5,ema
26,PB10_T6,ema
26,PB10_T7,ema
26,PB10_T8,ema
26,PB10_T9,ema
26,PB11_T1,ema
26,PB11_T10,downside_volatility
26,PB11_T11,momentum
26,PB11_T12,ema
26,PB11_T2,ema
26,PB11_T3,ema
26,PB11_T4,ema
26,PB11_T5,ema
26,PB11_T6,ema
26,PB11_T7,rolling_min
26,PB11_T8,rolling_min
26,PB11_T9,rolling_min
26,PB12_T1,normalized_deviation
26,PB12_T10,price_minus_mean
26,PB12_T11,normalized_deviation
26,PB12_T12,rolling_mean
26,PB12_T2,normalized_deviation
26,PB12_T3,normalized_deviation
26,PB12_T4,normalized_deviation
26,PB12_T5,normalized_deviation
26,PB12_T6,normalized_deviation
26,PB12_T7,normalized_deviation
26,PB12_T8,price_minus_mean
26,PB12_T9,price_minus_mean
26,PB13_T1,normalized_deviation
26,PB13_T10,price_minus_mean
26,PB13_T11,normalized_deviation
26,PB13_T12,rolling_mean
26,PB13_T2,normalized_deviation
26,PB13_T3,normalized_deviation
26,PB13_T4,normalized_deviation
26,PB13_T5,normalized_deviation
26,PB13_T6,normalized_deviation
26,PB13_T7,normalized_deviation
26,PB13_T8,price_minus_mean
26,PB13_T9,price_minus_mean
26,PB14_T1,z_score
26,PB14_T10,z_score
26,PB14_T11,z_score
26,PB14_T12,rolling_mean
26,PB14_T2,z_score
26,PB14_T3,z_score
26,PB14_T4,z_score
26,PB14_T5,z_score
26,PB14_T6,z_score
26,PB14_T7,z_score
26,PB14_T8,z_score
26,PB14_T9,z_score
26,PB15_T1,z_score
26,PB15_T10,z_score
26,PB15_T11,z_score
26,PB15_T12,price_minus_mean
26,PB15_T2,z_score
26,PB15_T3,z_score
26,PB15_T4,z_score
26,PB15_T5,z_score
26,PB15_T6,z_score
26,PB15_T7,z_score
26,PB15_T8,z_score
26,PB15_T9,z_score
26,PB16_T1,z_score
26,PB16_T10,z_score
26,PB16_T11,z_score
26,PB16_T12,price_minus_mean
26,PB16_T2,z_score
26,PB16_T3,z_score
26,PB16_T4,z_score
26,PB16_T5,z_score
26,PB16_T6,z_score
26,PB16_T7,z_score
26,PB16_T8,z_score
26,PB16_T9,z_score
26,PB17_T1,z_score
26,PB17_T10,z_score
26,PB17_T11,z_score
26,PB17_T12,price_minus_mean
26,PB17_T2,z_score
26,PB17_T3,z_score
26,PB17_T4,z_score
26,PB17_T5,z_score
26,PB17_T6,z_score
26,PB17_T7,z_score
26,PB17_T8,z_score
26,PB17_T9,z_score
26,PB18_T1,z_score
26,PB18_T10,z_score
26,PB18_T11,z_score
26,PB18_T12,normalized_deviation
26,PB18_T2,z_score
26,PB18_T3,z_score
26,PB18_T4,z_score
26,PB18_T5,z_score
26,PB18_T6,z_score
26,PB18_T7,z_score
26,PB18_T8,z_score
26,PB18_T9,z_score
26,PB2_T1,z_score
26,PB2_T10,ema
26,PB2_T11,downside_volatility
26,PB2_T12,rolling_mean
26,PB2_T2,z_score
26,PB2_T3,z_score
26,PB2_T4,z_score
26,PB2_T5,z_score
26,PB2_T6,z_score
26,PB2_T7,z_score
26,PB2_T8,z_score
26,PB2_T9,z_score
26,PB3_T1,z_score
26,PB3_T10,z_score
26,PB3_T11,z_score
26,PB3_T12,rolling_max
26,PB3_T2,z_score
26,PB3_T3,z_score
26,PB3_T4,z_score
26,PB3_T5,z_score
26,PB3_T6,z_score
26,PB3_T7,z_score
26,PB3_T8,normalized_deviation
26,PB3_T9,z_score
26,PB4_T1,normalized_deviation
26,PB4_T10,price_minus_mean
26,PB4_T11,normalized_deviation
26,PB4_T12,rolling_mean
26,PB4_T2,normalized_deviation
26,PB4_T3,normalized_deviation
26,PB4_T4,normalized_deviation
26,PB4_T5,normalized_deviation
26,PB4_T6,normalized_deviation
26,PB4_T7,normalized_deviation
26,PB4_T8,price_minus_mean
26,PB4_T9,price_minus_mean
26,PB5_T1,normalized_deviation
26,PB5_T10,price_minus_mean
26,PB5_T11,normalized_deviation
26,PB5_T12,rolling_mean
26,PB5_T2,normalized_deviation
26,PB5_T3,normalized_deviation
26,PB5_T4,normalized_deviation
26,PB5_T5,normalized_deviation
26,PB5_T6,normalized_deviation
26,PB5_T7,normalized_deviation
26,PB5_T8,price_minus_mean
26,PB5_T9,price_minus_mean
26,PB6_T1,normalized_deviation
26,PB6_T10,momentum
26,PB6_T11,momentum
26,PB6_T12,ema
26,PB6_T2,momentum
26,PB6_T3,momentum
26,PB6_T4,momentum
26,PB6_T5,momentum
26,PB6_T6,momentum
26,PB6_T7,rolling_return_mean
26,PB6_T8,momentum
26,PB6_T9,momentum
26,PB7_T1,z_score
26,PB7_T10,z_score
26,PB7_T11,z_score
26,PB7_T12,normalized_deviation
26,PB7_T2,z_score
26,PB7_T3,z_score
26,PB7_T4,z_score
26,PB7_T5,z_score
26,PB7_T6,z_score
26,PB7_T7,z_score
26,PB7_T8,z_score
26,PB7_T9,z_score
26,PB8_T1,z_score
26,PB8_T10,z_score
26,PB8_T11,z_score
26,PB8_T12,normalized_deviation
26,PB8_T2,z_score
26,PB8_T3,z_score
26,PB8_T4,z_score
26,PB8_T5,z_score
26,PB8_T6,z_score
26,PB8_T7,z_score
26,PB8_T8,z_score
26,PB8_T9,z_score
26,PB9_T1,ema
26,PB9_T10,momentum
26,PB9_T11,distance_from_high
26,PB9_T12,price_minus_mean
26,PB9_T2,ema
26,PB9_T3,ema
26,PB9_T4,ema
26,PB9_T5,ema
26,PB9_T6,ema
26,PB9_T7,ema
26,PB9_T8,rolling_min
26,PB9_T9,rolling_min
27,BB1_T1,ema
27,BB1_T10,ema
27,BB1_T11,ema
27,BB1_T12,ema
27,BB1_T2,rolling_mean
27,BB1_T3,rolling_mean
27,BB1_T4,rolling_mean
27,BB1_T5,rolling_mean
27,BB1_T6,rolling_mean
27,BB1_T7,rolling_mean
27,BB1_T8,rolling_mean
27,BB1_T9,rolling_mean
27,BB10_T1,z_score
27,BB10_T10,z_score
27,BB10_T11,z_score
27,BB10_T12,z_score
27,BB10_T2,z_score
27,BB10_T3,z_score
27,BB10_T4,z_score
27,BB10_T5,z_score
27,BB10_T6,z_score
27,BB10_T7,z_score
27,BB10_T8,z_score
27,BB10_T9,z_score
27,BB11_T1,rolling_max
27,BB11_T10,rolling_max
27,BB11_T11,rolling_max
27,BB11_T12,rolling_max
27,BB11_T2,rolling_max
27,BB11_T3,rolling_max
27,BB11_T4,rolling_max
27,BB11_T5,rolling_max
27,BB11_T6,rolling_max
27,BB11_T7,rolling_max
27,BB11_T8,rolling_max
27,BB11_T9,rolling_max
27,BB12_T1,rolling_min
27,BB12_T10,rolling_min
27,BB12_T11,rolling_min
27,BB12_T12,rolling_min
27,BB12_T2,rolling_min
27,BB12_T3,rolling_min
27,BB12_T4,rolling_min
27,BB12_T5,rolling_min
27,BB12_T6,rolling_min
27,BB12_T7,rolling_min
27,BB12_T8,rolling_min
27,BB12_T9,rolling_min
27,BB13_T1,ema
27,BB13_T10,ema
27,BB13_T11,ema
27,BB13_T12,ema
27,BB13_T2,ema
27,BB13_T3,ema
27,BB13_T4,ema
27,BB13_T5,ema
27,BB13_T6,ema
27,BB13_T7,ema
27,BB13_T8,ema
27,BB13_T9,ema
27,BB14_T1,rolling_max
27,BB14_T10,ema
27,BB14_T11,ema
27,BB14_T12,ema
27,BB14_T2,ema
27,BB14_T3,ema
27,BB14_T4,ema
27,BB14_T5,ema
27,BB14_T6,ema
27,BB14_T7,ema
27,BB14_T8,ema
27,BB14_T9,ema
27,BB15_T1,rolling_min
27,BB15_T10,ema
27,BB15_T11,ema
27,BB15_T12,ema
27,BB15_T2,ema
27,BB15_T3,ema
27,BB15_T4,ema
27,BB15_T5,ema
27,BB15_T6,ema
27,BB15_T7,ema
27,BB15_T8,ema
27,BB15_T9,ema
27,BB2_T1,momentum
27,BB2_T10,rolling_return_mean
27,BB2_T11,rolling_return_mean
27,BB2_T12,momentum
27,BB2_T2,rolling_return_mean
27,BB2_T3,momentum
27,BB2_T4,momentum
27,BB2_T5,momentum
27,BB2_T6,rolling_return_mean
27,BB2_T7,rolling_return_mean
27,BB2_T8,rolling_return_mean
27,BB2_T9,rolling_return_mean
27,BB3_T1,normalized_deviation
27,BB3_T10,normalized_deviation
27,BB3_T11,normalized_deviation
27,BB3_T12,normalized_deviation
27,BB3_T2,price_minus_mean
27,BB3_T3,price_minus_mean
27,BB3_T4,normalized_deviation
27,BB3_T5,normalized_deviation
27,BB3_T6,normalized_deviation
27,BB3_T7,normalized_deviation
27,BB3_T8,normalized_deviation
27,BB3_T9,normalized_deviation
27,BB4_T1,rolling_mean
27,BB4_T10,rolling_mean
27,BB4_T11,rolling_mean
27,BB4_T12,rolling_mean
27,BB4_T2,rolling_mean
27,BB4_T3,rolling_mean
27,BB4_T4,rolling_mean
27,BB4_T5,rolling_mean
27,BB4_T6,rolling_mean
27,BB4_T7,rolling_mean
27,BB4_T8,rolling_mean
27,BB4_T9,rolling_mean
27,BB5_T1,ema
27,BB5_T10,ema
27,BB5_T11,ema
27,BB5_T12,ema
27,BB5_T2,ema
27,BB5_T3,ema
27,BB5_T4,ema
27,BB5_T5,ema
27,BB5_T6,ema
27,BB5_T7,ema
27,BB5_T8,ema
27,BB5_T9,ema
27,BB6_T1,rolling_mean
27,BB6_T10,rolling_mean
27,BB6_T11,rolling_mean
27,BB6_T12,rolling_mean
27,BB6_T2,rolling_mean
27,BB6_T3,rolling_mean
27,BB6_T4,rolling_mean
27,BB6_T5,rolling_mean
27,BB6_T6,rolling_mean
27,BB6_T7,rolling_mean
27,BB6_T8,rolling_mean
27,BB6_T9,rolling_mean
27,BB7_T1,rolling_max
27,BB7_T10,rolling_max
27,BB7_T11,rolling_max
27,BB7_T12,rolling_max
27,BB7_T2,rolling_max
27,BB7_T3,rolling_max
27,BB7_T4,rolling_max
27,BB7_T5,rolling_max
27,BB7_T6,rolling_max
27,BB7_T7,rolling_max
27,BB7_T8,rolling_max
27,BB7_T9,rolling_max
27,BB8_T1,rolling_min
27,BB8_T10,rolling_min
27,BB8_T11,rolling_min
27,BB8_T12,rolling_min
27,BB8_T2,rolling_min
27,BB8_T3,rolling_min
27,BB8_T4,rolling_min
27,BB8_T5,rolling_min
27,BB8_T6,rolling_min
27,BB8_T7,rolling_min
27,BB8_T8,rolling_min
27,BB8_T9,rolling_min
27,BB9_T1,rolling_std
27,BB9_T10,rolling_std
27,BB9_T11,rolling_std
27,BB9_T12,rolling_std
27,BB9_T2,rolling_std
27,BB9_T3,rolling_std
27,BB9_T4,rolling_std
27,BB9_T5,rolling_std
27,BB9_T6,rolling_std
27,BB9_T7,rolling_std
27,BB9_T8,rolling_std
27,BB9_T9,rolling_std
27,PB1_T1,price_minus_mean
27,PB1_T10,normalized_deviation
27,PB1_T11,normalized_deviation
27,PB1_T12,distance_from_high
27,PB1_T2,price_minus_mean
27,PB1_T3,normalized_deviation
27,PB1_T4,normalized_deviation
27,PB1_T5,normalized_deviation
27,PB1_T6,normalized_deviation
27,PB1_T7,price_minus_mean
27,PB1_T8,price_minus_mean
27,PB1_T9,normalized_deviation
27,PB10_T1,ema
27,PB10_T10,rolling_max
27,PB10_T11,rolling_max
27,PB10_T12,rolling_median
27,PB10_T2,ema
27,PB10_T3,ema
27,PB10_T4,ema
27,PB10_T5,ema
27,PB10_T6,ema
27,PB10_T7,ema
27,PB10_T8,ema
27,PB10_T9,rolling_max
27,PB11_T1,ema
27,PB11_T10,ema
27,PB11_T11,ema
27,PB11_T12,rolling_mean
27,PB11_T2,ema
27,PB11_T3,ema
27,PB11_T4,ema
27,PB11_T5,ema
27,PB11_T6,ema
27,PB11_T7,ema
27,PB11_T8,ema
27,PB11_T9,ema
27,PB12_T1,price_minus_mean
27,PB12_T10,normalized_deviation
27,PB12_T11,normalized_deviation
27,PB12_T12,distance_from_high
27,PB12_T2,price_minus_mean
27,PB12_T3,normalized_deviation
27,PB12_T4,normalized_deviation
27,PB12_T5,normalized_deviation
27,PB12_T6,normalized_deviation
27,PB12_T7,price_minus_mean
27,PB12_T8,price_minus_mean
27,PB12_T9,normalized_deviation
27,PB13_T1,price_minus_mean
27,PB13_T10,normalized_deviation
27,PB13_T11,normalized_deviation
27,PB13_T12,distance_from_high
27,PB13_T2,price_minus_mean
27,PB13_T3,normalized_deviation
27,PB13_T4,normalized_deviation
27,PB13_T5,normalized_deviation
27,PB13_T6,normalized_deviation
27,PB13_T7,price_minus_mean
27,PB13_T8,price_minus_mean
27,PB13_T9,normalized_deviation
27,PB14_T1,z_score
27,PB14_T10,z_score
27,PB14_T11,z_score
27,PB14_T12,distance_from_high
27,PB14_T2,z_score
27,PB14_T3,z_score
27,PB14_T4,z_score
27,PB14_T5,z_score
27,PB14_T6,z_score
27,PB14_T7,z_score
27,PB14_T8,z_score
27,PB14_T9,z_score
27,PB15_T1,z_score
27,PB15_T10,z_score
27,PB15_T11,z_score
27,PB15_T12,distance_from_high
27,PB15_T2,z_score
27,PB15_T3,z_score
27,PB15_T4,z_score
27,PB15_T5,z_score
27,PB15_T6,z_score
27,PB15_T7,z_score
27,PB15_T8,z_score
27,PB15_T9,z_score
27,PB16_T1,z_score
27,PB16_T10,z_score
27,PB16_T11,z_score
27,PB16_T12,distance_from_high
27,PB16_T2,z_score
27,PB16_T3,z_score
27,PB16_T4,z_score
27,PB16_T5,z_score
27,PB16_T6,z_score
27,PB16_T7,z_score
27,PB16_T8,z_score
27,PB16_T9,z_score
27,PB17_T1,z_score
27,PB17_T10,z_score
27,PB17_T11,z_score
27,PB17_T12,distance_from_high
27,PB17_T2,z_score
27,PB17_T3,z_score
27,PB17_T4,z_score
27,PB17_T5,z_score
27,PB17_T6,z_score
27,PB17_T7,z_score
27,PB17_T8,z_score
27,PB17_T9,z_score
27,PB18_T1,z_score
27,PB18_T10,z_score
27,PB18_T11,z_score
27,PB18_T12,distance_from_high
27,PB18_T2,z_score
27,PB18_T3,z_score
27,PB18_T4,z_score
27,PB18_T5,z_score
27,PB18_T6,z_score
27,PB18_T7,z_score
27,PB18_T8,z_score
27,PB18_T9,z_score
27,PB2_T1,z_score
27,PB2_T10,z_score
27,PB2_T11,z_score
27,PB2_T12,distance_from_high
27,PB2_T2,z_score
27,PB2_T3,z_score
27,PB2_T4,z_score
27,PB2_T5,z_score
27,PB2_T6,z_score
27,PB2_T7,z_score
27,PB2_T8,z_score
27,PB2_T9,z_score
27,PB3_T1,z_score
27,PB3_T10,z_score
27,PB3_T11,rolling_mean
27,PB3_T12,distance_from_low
27,PB3_T2,z_score
27,PB3_T3,z_score
27,PB3_T4,z_score
27,PB3_T5,z_score
27,PB3_T6,z_score
27,PB3_T7,z_score
27,PB3_T8,normalized_deviation
27,PB3_T9,normalized_deviation
27,PB4_T1,price_minus_mean
27,PB4_T10,normalized_deviation
27,PB4_T11,normalized_deviation
27,PB4_T12,distance_from_high
27,PB4_T2,price_minus_mean
27,PB4_T3,normalized_deviation
27,PB4_T4,normalized_deviation
27,PB4_T5,normalized_deviation
27,PB4_T6,normalized_deviation
27,PB4_T7,price_minus_mean
27,PB4_T8,price_minus_mean
27,PB4_T9,normalized_deviation
27,PB5_T1,price_minus_mean
27,PB5_T10,normalized_deviation
27,PB5_T11,normalized_deviation
27,PB5_T12,distance_from_high
27,PB5_T2,price_minus_mean
27,PB5_T3,normalized_deviation
27,PB5_T4,normalized_deviation
27,PB5_T5,normalized_deviation
27,PB5_T6,normalized_deviation
27,PB5_T7,price_minus_mean
27,PB5_T8,price_minus_mean
27,PB5_T9,normalized_deviation
27,PB6_T1,price_minus_mean
27,PB6_T10,momentum
27,PB6_T11,momentum
27,PB6_T12,absolute_return_mean
27,PB6_T2,momentum
27,PB6_T3,momentum
27,PB6_T4,rolling_return_mean
27,PB6_T5,rolling_return_mean
27,PB6_T6,momentum
27,PB6_T7,momentum
27,PB6_T8,rolling_return_mean
27,PB6_T9,momentum
27,PB7_T1,z_score
27,PB7_T10,z_score
27,PB7_T11,z_score
27,PB7_T12,distance_from_high
27,PB7_T2,z_score
27,PB7_T3,z_score
27,PB7_T4,z_score
27,PB7_T5,z_score
27,PB7_T6,z_score
27,PB7_T7,z_score
27,PB7_T8,z_score
27,PB7_T9,z_score
27,PB8_T1,z_score
27,PB8_T10,z_score
27,PB8_T11,z_score
27,PB8_T12,distance_from_high
27,PB8_T2,z_score
27,PB8_T3,z_score
27,PB8_T4,z_score
27,PB8_T5,z_score
27,PB8_T6,z_score
27,PB8_T7,z_score
27,PB8_T8,z_score
27,PB8_T9,z_score
27,PB9_T1,ema
27,PB9_T10,normalized_deviation
27,PB9_T11,normalized_deviation
27,PB9_T12,distance_from_high
27,PB9_T2,ema
27,PB9_T3,ema
27,PB9_T4,ema
27,PB9_T5,ema
27,PB9_T6,ema
27,PB9_T7,ema
27,PB9_T8,ema
27,PB9_T9,rolling_max
28,BB1_T1,rolling_mean
28,BB1_T10,rolling_mean
28,BB1_T11,rolling_mean
28,BB1_T12,rolling_mean
28,BB1_T2,rolling_mean
28,BB1_T3,rolling_mean
28,BB1_T4,rolling_mean
28,BB1_T5,rolling_mean
28,BB1_T6,rolling_mean
28,BB1_T7,rolling_mean
28,BB1_T8,rolling_mean
28,BB1_T9,rolling_mean
28,BB10_T1,z_score
28,BB10_T10,z_score
28,BB10_T11,z_score
28,BB10_T12,z_score
28,BB10_T2,z_score
28,BB10_T3,z_score
28,BB10_T4,z_score
28,BB10_T5,z_score
28,BB10_T6,z_score
28,BB10_T7,z_score
28,BB10_T8,z_score
28,BB10_T9,z_score
28,BB11_T1,rolling_max
28,BB11_T10,rolling_max
28,BB11_T11,rolling_max
28,BB11_T12,rolling_max
28,BB11_T2,rolling_max
28,BB11_T3,rolling_max
28,BB11_T4,rolling_max
28,BB11_T5,rolling_max
28,BB11_T6,rolling_max
28,BB11_T7,rolling_max
28,BB11_T8,rolling_max
28,BB11_T9,rolling_max
28,BB12_T1,rolling_min
28,BB12_T10,rolling_min
28,BB12_T11,rolling_min
28,BB12_T12,rolling_min
28,BB12_T2,rolling_min
28,BB12_T3,rolling_min
28,BB12_T4,rolling_min
28,BB12_T5,rolling_min
28,BB12_T6,rolling_min
28,BB12_T7,rolling_min
28,BB12_T8,rolling_min
28,BB12_T9,rolling_min
28,BB13_T1,ema
28,BB13_T10,ema
28,BB13_T11,ema
28,BB13_T12,ema
28,BB13_T2,ema
28,BB13_T3,ema
28,BB13_T4,ema
28,BB13_T5,ema
28,BB13_T6,ema
28,BB13_T7,ema
28,BB13_T8,ema
28,BB13_T9,ema
28,BB14_T1,rolling_max
28,BB14_T10,ema
28,BB14_T11,ema
28,BB14_T12,ema
28,BB14_T2,ema
28,BB14_T3,ema
28,BB14_T4,ema
28,BB14_T5,ema
28,BB14_T6,ema
28,BB14_T7,ema
28,BB14_T8,ema
28,BB14_T9,ema
28,BB15_T1,rolling_min
28,BB15_T10,ema
28,BB15_T11,ema
28,BB15_T12,ema
28,BB15_T2,ema
28,BB15_T3,ema
28,BB15_T4,ema
28,BB15_T5,ema
28,BB15_T6,ema
28,BB15_T7,ema
28,BB15_T8,ema
28,BB15_T9,ema
28,BB2_T1,rolling_return_mean
28,BB2_T10,momentum
28,BB2_T11,momentum
28,BB2_T12,momentum
28,BB2_T2,rolling_return_mean
28,BB2_T3,rolling_return_mean
28,BB2_T4,rolling_return_mean
28,BB2_T5,rolling_return_mean
28,BB2_T6,rolling_return_mean
28,BB2_T7,rolling_return_mean
28,BB2_T8,rolling_return_mean
28,BB2_T9,rolling_return_mean
28,BB3_T1,price_minus_mean
28,BB3_T10,price_minus_mean
28,BB3_T11,price_minus_mean
28,BB3_T12,normalized_deviation
28,BB3_T2,price_minus_mean
28,BB3_T3,price_minus_mean
28,BB3_T4,price_minus_mean
28,BB3_T5,price_minus_mean
28,BB3_T6,price_minus_mean
28,BB3_T7,price_minus_mean
28,BB3_T8,price_minus_mean
28,BB3_T9,price_minus_mean
28,BB4_T1,rolling_mean
28,BB4_T10,rolling_mean
28,BB4_T11,rolling_mean
28,BB4_T12,rolling_mean
28,BB4_T2,rolling_mean
28,BB4_T3,rolling_mean
28,BB4_T4,rolling_mean
28,BB4_T5,rolling_mean
28,BB4_T6,rolling_mean
28,BB4_T7,rolling_mean
28,BB4_T8,rolling_mean
28,BB4_T9,rolling_mean
28,BB5_T1,ema
28,BB5_T10,ema
28,BB5_T11,ema
28,BB5_T12,ema
28,BB5_T2,ema
28,BB5_T3,ema
28,BB5_T4,ema
28,BB5_T5,ema
28,BB5_T6,ema
28,BB5_T7,ema
28,BB5_T8,ema
28,BB5_T9,ema
28,BB6_T1,rolling_mean
28,BB6_T10,rolling_mean
28,BB6_T11,rolling_mean
28,BB6_T12,rolling_mean
28,BB6_T2,rolling_mean
28,BB6_T3,rolling_mean
28,BB6_T4,rolling_mean
28,BB6_T5,rolling_mean
28,BB6_T6,rolling_mean
28,BB6_T7,rolling_mean
28,BB6_T8,rolling_mean
28,BB6_T9,rolling_mean
28,BB7_T1,rolling_max
28,BB7_T10,rolling_max
28,BB7_T11,rolling_max
28,BB7_T12,rolling_max
28,BB7_T2,rolling_max
28,BB7_T3,rolling_max
28,BB7_T4,rolling_max
28,BB7_T5,rolling_max
28,BB7_T6,rolling_max
28,BB7_T7,rolling_max
28,BB7_T8,rolling_max
28,BB7_T9,rolling_max
28,BB8_T1,rolling_min
28,BB8_T10,rolling_min
28,BB8_T11,rolling_min
28,BB8_T12,rolling_min
28,BB8_T2,rolling_min
28,BB8_T3,rolling_min
28,BB8_T4,rolling_min
28,BB8_T5,rolling_min
28,BB8_T6,rolling_min
28,BB8_T7,rolling_min
28,BB8_T8,rolling_min
28,BB8_T9,rolling_min
28,BB9_T1,rolling_std
28,BB9_T10,rolling_std
28,BB9_T11,rolling_std
28,BB9_T12,rolling_std
28,BB9_T2,rolling_std
28,BB9_T3,rolling_std
28,BB9_T4,rolling_std
28,BB9_T5,rolling_std
28,BB9_T6,rolling_std
28,BB9_T7,rolling_std
28,BB9_T8,rolling_std
28,BB9_T9,rolling_std
28,PB1_T1,price_minus_mean
28,PB1_T10,normalized_deviation
28,PB1_T11,z_score
28,PB1_T12,distance_from_high
28,PB1_T2,price_minus_mean
28,PB1_T3,price_minus_mean
28,PB1_T4,price_minus_mean
28,PB1_T5,price_minus_mean
28,PB1_T6,price_minus_mean
28,PB1_T7,price_minus_mean
28,PB1_T8,z_score
28,PB1_T9,z_score
28,PB10_T1,ema
28,PB10_T10,ema
28,PB10_T11,ema
28,PB10_T12,rolling_max
28,PB10_T2,ema
28,PB10_T3,ema
28,PB10_T4,ema
28,PB10_T5,ema
28,PB10_T6,ema
28,PB10_T7,ema
28,PB10_T8,ema
28,PB10_T9,ema
28,PB11_T1,ema
28,PB11_T10,ema
28,PB11_T11,ema
28,PB11_T12,ema
28,PB11_T2,ema
28,PB11_T3,ema
28,PB11_T4,ema
28,PB11_T5,ema
28,PB11_T6,ema
28,PB11_T7,ema
28,PB11_T8,ema
28,PB11_T9,ema
28,PB12_T1,price_minus_mean
28,PB12_T10,normalized_deviation
28,PB12_T11,z_score
28,PB12_T12,distance_from_high
28,PB12_T2,price_minus_mean
28,PB12_T3,price_minus_mean
28,PB12_T4,price_minus_mean
28,PB12_T5,price_minus_mean
28,PB12_T6,price_minus_mean
28,PB12_T7,price_minus_mean
28,PB12_T8,z_score
28,PB12_T9,z_score
28,PB13_T1,price_minus_mean
28,PB13_T10,normalized_deviation
28,PB13_T11,z_score
28,PB13_T12,distance_from_high
28,PB13_T2,price_minus_mean
28,PB13_T3,price_minus_mean
28,PB13_T4,price_minus_mean
28,PB13_T5,price_minus_mean
28,PB13_T6,price_minus_mean
28,PB13_T7,price_minus_mean
28,PB13_T8,z_score
28,PB13_T9,z_score
28,PB14_T1,z_score
28,PB14_T10,z_score
28,PB14_T11,z_score
28,PB14_T12,distance_from_high
28,PB14_T2,z_score
28,PB14_T3,z_score
28,PB14_T4,z_score
28,PB14_T5,z_score
28,PB14_T6,z_score
28,PB14_T7,z_score
28,PB14_T8,z_score
28,PB14_T9,z_score
28,PB15_T1,z_score
28,PB15_T10,distance_from_high
28,PB15_T11,distance_from_high
28,PB15_T12,distance_from_high
28,PB15_T2,z_score
28,PB15_T3,z_score
28,PB15_T4,z_score
28,PB15_T5,z_score
28,PB15_T6,z_score
28,PB15_T7,z_score
28,PB15_T8,z_score
28,PB15_T9,z_score
28,PB16_T1,z_score
28,PB16_T10,distance_from_high
28,PB16_T11,distance_from_high
28,PB16_T12,distance_from_high
28,PB16_T2,z_score
28,PB16_T3,z_score
28,PB16_T4,z_score
28,PB16_T5,z_score
28,PB16_T6,z_score
28,PB16_T7,z_score
28,PB16_T8,z_score
28,PB16_T9,z_score
28,PB17_T1,z_score
28,PB17_T10,distance_from_high
28,PB17_T11,distance_from_high
28,PB17_T12,distance_from_high
28,PB17_T2,z_score
28,PB17_T3,z_score
28,PB17_T4,z_score
28,PB17_T5,z_score
28,PB17_T6,z_score
28,PB17_T7,z_score
28,PB17_T8,z_score
28,PB17_T9,z_score
28,PB18_T1,z_score
28,PB18_T10,z_score
28,PB18_T11,z_score
28,PB18_T12,z_score
28,PB18_T2,z_score
28,PB18_T3,z_score
28,PB18_T4,z_score
28,PB18_T5,z_score
28,PB18_T6,z_score
28,PB18_T7,z_score
28,PB18_T8,z_score
28,PB18_T9,z_score
28,PB2_T1,z_score
28,PB2_T10,z_score
28,PB2_T11,rolling_std
28,PB2_T12,downside_volatility
28,PB2_T2,z_score
28,PB2_T3,z_score
28,PB2_T4,z_score
28,PB2_T5,z_score
28,PB2_T6,z_score
28,PB2_T7,z_score
28,PB2_T8,z_score
28,PB2_T9,z_score
28,PB3_T1,z_score
28,PB3_T10,normalized_deviation
28,PB3_T11,normalized_deviation
28,PB3_T12,rolling_mean
28,PB3_T2,z_score
28,PB3_T3,z_score
28,PB3_T4,z_score
28,PB3_T5,z_score
28,PB3_T6,z_score
28,PB3_T7,z_score
28,PB3_T8,z_score
28,PB3_T9,z_score
28,PB4_T1,price_minus_mean
28,PB4_T10,normalized_deviation
28,PB4_T11,z_score
28,PB4_T12,distance_from_high
28,PB4_T2,price_minus_mean
28,PB4_T3,price_minus_mean
28,PB4_T4,price_minus_mean
28,PB4_T5,price_minus_mean
28,PB4_T6,price_minus_mean
28,PB4_T7,price_minus_mean
28,PB4_T8,z_score
28,PB4_T9,z_score
28,PB5_T1,price_minus_mean
28,PB5_T10,normalized_deviation
28,PB5_T11,z_score
28,PB5_T12,distance_from_high
28,PB5_T2,price_minus_mean
28,PB5_T3,price_minus_mean
28,PB5_T4,price_minus_mean
28,PB5_T5,price_minus_mean
28,PB5_T6,price_minus_mean
28,PB5_T7,price_minus_mean
28,PB5_T8,z_score
28,PB5_T9,z_score
28,PB6_T1,price_minus_mean
28,PB6_T10,distance_from_low
28,PB6_T11,distance_from_low
28,PB6_T12,rolling_return_mean
28,PB6_T2,rolling_return_mean
28,PB6_T3,momentum
28,PB6_T4,momentum
28,PB6_T5,rolling_return_mean
28,PB6_T6,momentum
28,PB6_T7,momentum
28,PB6_T8,momentum
28,PB6_T9,rolling_return_mean
28,PB7_T1,z_score
28,PB7_T10,z_score
28,PB7_T11,distance_from_high
28,PB7_T12,distance_from_high
28,PB7_T2,z_score
28,PB7_T3,z_score
28,PB7_T4,z_score
28,PB7_T5,z_score
28,PB7_T6,z_score
28,PB7_T7,z_score
28,PB7_T8,z_score
28,PB7_T9,z_score
28,PB8_T1,z_score
28,PB8_T10,distance_from_high
28,PB8_T11,distance_from_high
28,PB8_T12,distance_from_high
28,PB8_T2,z_score
28,PB8_T3,z_score
28,PB8_T4,z_score
28,PB8_T5,z_score
28,PB8_T6,z_score
28,PB8_T7,z_score
28,PB8_T8,z_score
28,PB8_T9,z_score
28,PB9_T1,ema
28,PB9_T10,ema
28,PB9_T11,distance_from_high
28,PB9_T12,distance_from_high
28,PB9_T2,ema
28,PB9_T3,ema
28,PB9_T4,ema
28,PB9_T5,ema
28,PB9_T6,ema
28,PB9_T7,ema
28,PB9_T8,ema
28,PB9_T9,ema
29,BB1_T1,ema
29,BB1_T10,rolling_mean
29,BB1_T11,rolling_mean
29,BB1_T12,rolling_mean
29,BB1_T2,ema
29,BB1_T3,rolling_mean
29,BB1_T4,rolling_mean
29,BB1_T5,rolling_mean
29,BB1_T6,rolling_mean
29,BB1_T7,rolling_mean
29,BB1_T8,rolling_mean
29,BB1_T9,rolling_mean
29,BB10_T1,z_score
29,BB10_T10,z_score
29,BB10_T11,z_score
29,BB10_T12,z_score
29,BB10_T2,z_score
29,BB10_T3,z_score
29,BB10_T4,z_score
29,BB10_T5,z_score
29,BB10_T6,z_score
29,BB10_T7,z_score
29,BB10_T8,z_score
29,BB10_T9,z_score
29,BB11_T1,rolling_max
29,BB11_T10,rolling_max
29,BB11_T11,rolling_max
29,BB11_T12,rolling_max
29,BB11_T2,rolling_max
29,BB11_T3,rolling_max
29,BB11_T4,rolling_max
29,BB11_T5,rolling_max
29,BB11_T6,rolling_max
29,BB11_T7,rolling_max
29,BB11_T8,rolling_max
29,BB11_T9,rolling_max
29,BB12_T1,rolling_min
29,BB12_T10,rolling_min
29,BB12_T11,rolling_min
29,BB12_T12,rolling_min
29,BB12_T2,rolling_min
29,BB12_T3,rolling_min
29,BB12_T4,rolling_min
29,BB12_T5,rolling_min
29,BB12_T6,rolling_min
29,BB12_T7,rolling_min
29,BB12_T8,rolling_min
29,BB12_T9,rolling_min
29,BB13_T1,ema
29,BB13_T10,ema
29,BB13_T11,ema
29,BB13_T12,ema
29,BB13_T2,ema
29,BB13_T3,ema
29,BB13_T4,ema
29,BB13_T5,ema
29,BB13_T6,ema
29,BB13_T7,ema
29,BB13_T8,ema
29,BB13_T9,ema
29,BB14_T1,rolling_max
29,BB14_T10,ema
29,BB14_T11,ema
29,BB14_T12,ema
29,BB14_T2,rolling_max
29,BB14_T3,ema
29,BB14_T4,ema
29,BB14_T5,ema
29,BB14_T6,ema
29,BB14_T7,ema
29,BB14_T8,ema
29,BB14_T9,ema
29,BB15_T1,rolling_min
29,BB15_T10,ema
29,BB15_T11,ema
29,BB15_T12,ema
29,BB15_T2,rolling_min
29,BB15_T3,ema
29,BB15_T4,ema
29,BB15_T5,ema
29,BB15_T6,ema
29,BB15_T7,ema
29,BB15_T8,ema
29,BB15_T9,ema
29,BB2_T1,rolling_return_mean
29,BB2_T10,momentum
29,BB2_T11,momentum
29,BB2_T12,momentum
29,BB2_T2,rolling_return_mean
29,BB2_T3,rolling_return_mean
29,BB2_T4,rolling_return_mean
29,BB2_T5,momentum
29,BB2_T6,momentum
29,BB2_T7,momentum
29,BB2_T8,momentum
29,BB2_T9,momentum
29,BB3_T1,normalized_deviation
29,BB3_T10,normalized_deviation
29,BB3_T11,normalized_deviation
29,BB3_T12,normalized_deviation
29,BB3_T2,normalized_deviation
29,BB3_T3,normalized_deviation
29,BB3_T4,normalized_deviation
29,BB3_T5,normalized_deviation
29,BB3_T6,normalized_deviation
29,BB3_T7,normalized_deviation
29,BB3_T8,normalized_deviation
29,BB3_T9,normalized_deviation
29,BB4_T1,rolling_mean
29,BB4_T10,rolling_mean
29,BB4_T11,rolling_mean
29,BB4_T12,rolling_mean
29,BB4_T2,rolling_mean
29,BB4_T3,rolling_mean
29,BB4_T4,rolling_mean
29,BB4_T5,rolling_mean
29,BB4_T6,rolling_mean
29,BB4_T7,rolling_mean
29,BB4_T8,rolling_mean
29,BB4_T9,rolling_mean
29,BB5_T1,ema
29,BB5_T10,ema
29,BB5_T11,ema
29,BB5_T12,ema
29,BB5_T2,ema
29,BB5_T3,ema
29,BB5_T4,ema
29,BB5_T5,ema
29,BB5_T6,ema
29,BB5_T7,ema
29,BB5_T8,ema
29,BB5_T9,ema
29,BB6_T1,rolling_mean
29,BB6_T10,rolling_mean
29,BB6_T11,rolling_mean
29,BB6_T12,rolling_mean
29,BB6_T2,rolling_mean
29,BB6_T3,rolling_mean
29,BB6_T4,rolling_mean
29,BB6_T5,rolling_mean
29,BB6_T6,rolling_mean
29,BB6_T7,rolling_mean
29,BB6_T8,rolling_mean
29,BB6_T9,rolling_mean
29,BB7_T1,rolling_max
29,BB7_T10,rolling_max
29,BB7_T11,rolling_max
29,BB7_T12,rolling_max
29,BB7_T2,rolling_max
29,BB7_T3,rolling_max
29,BB7_T4,rolling_max
29,BB7_T5,rolling_max
29,BB7_T6,rolling_max
29,BB7_T7,rolling_max
29,BB7_T8,rolling_max
29,BB7_T9,rolling_max
29,BB8_T1,rolling_min
29,BB8_T10,rolling_min
29,BB8_T11,rolling_min
29,BB8_T12,ema
29,BB8_T2,rolling_min
29,BB8_T3,rolling_min
29,BB8_T4,rolling_min
29,BB8_T5,rolling_min
29,BB8_T6,rolling_min
29,BB8_T7,rolling_min
29,BB8_T8,rolling_min
29,BB8_T9,rolling_min
29,BB9_T1,rolling_std
29,BB9_T10,rolling_std
29,BB9_T11,rolling_std
29,BB9_T12,rolling_std
29,BB9_T2,rolling_std
29,BB9_T3,rolling_std
29,BB9_T4,rolling_std
29,BB9_T5,rolling_std
29,BB9_T6,rolling_std
29,BB9_T7,rolling_std
29,BB9_T8,rolling_std
29,BB9_T9,rolling_std
29,PB1_T1,normalized_deviation
29,PB1_T10,z_score
29,PB1_T11,z_score
29,PB1_T12,z_score
29,PB1_T2,normalized_deviation
29,PB1_T3,normalized_deviation
29,PB1_T4,price_minus_mean
29,PB1_T5,normalized_deviation
29,PB1_T6,normalized_deviation
29,PB1_T7,price_minus_mean
29,PB1_T8,price_minus_mean
29,PB1_T9,z_score
29,PB10_T1,ema
29,PB10_T10,ema
29,PB10_T11,ema
29,PB10_T12,rolling_max
29,PB10_T2,ema
29,PB10_T3,ema
29,PB10_T4,ema
29,PB10_T5,ema
29,PB10_T6,ema
29,PB10_T7,ema
29,PB10_T8,ema
29,PB10_T9,ema
29,PB11_T1,ema
29,PB11_T10,ema
29,PB11_T11,ema
29,PB11_T12,rolling_return_mean
29,PB11_T2,ema
29,PB11_T3,rolling_min
29,PB11_T4,rolling_min
29,PB11_T5,rolling_min
29,PB11_T6,rolling_min
29,PB11_T7,ema
29,PB11_T8,ema
29,PB11_T9,ema
29,PB12_T1,normalized_deviation
29,PB12_T10,z_score
29,PB12_T11,z_score
29,PB12_T12,z_score
29,PB12_T2,normalized_deviation
29,PB12_T3,normalized_deviation
29,PB12_T4,price_minus_mean
29,PB12_T5,normalized_deviation
29,PB12_T6,normalized_deviation
29,PB12_T7,price_minus_mean
29,PB12_T8,price_minus_mean
29,PB12_T9,z_score
29,PB13_T1,normalized_deviation
29,PB13_T10,z_score
29,PB13_T11,z_score
29,PB13_T12,z_score
29,PB13_T2,normalized_deviation
29,PB13_T3,normalized_deviation
29,PB13_T4,price_minus_mean
29,PB13_T5,normalized_deviation
29,PB13_T6,normalized_deviation
29,PB13_T7,price_minus_mean
29,PB13_T8,price_minus_mean
29,PB13_T9,z_score
29,PB14_T1,z_score
29,PB14_T10,z_score
29,PB14_T11,z_score
29,PB14_T12,z_score
29,PB14_T2,z_score
29,PB14_T3,z_score
29,PB14_T4,z_score
29,PB14_T5,z_score
29,PB14_T6,z_score
29,PB14_T7,z_score
29,PB14_T8,z_score
29,PB14_T9,z_score
29,PB15_T1,z_score
29,PB15_T10,z_score
29,PB15_T11,z_score
29,PB15_T12,distance_from_high
29,PB15_T2,z_score
29,PB15_T3,z_score
29,PB15_T4,z_score
29,PB15_T5,z_score
29,PB15_T6,z_score
29,PB15_T7,z_score
29,PB15_T8,z_score
29,PB15_T9,z_score
29,PB16_T1,z_score
29,PB16_T10,z_score
29,PB16_T11,z_score
29,PB16_T12,distance_from_high
29,PB16_T2,z_score
29,PB16_T3,z_score
29,PB16_T4,z_score
29,PB16_T5,z_score
29,PB16_T6,z_score
29,PB16_T7,z_score
29,PB16_T8,z_score
29,PB16_T9,z_score
29,PB17_T1,z_score
29,PB17_T10,z_score
29,PB17_T11,z_score
29,PB17_T12,distance_from_high
29,PB17_T2,z_score
29,PB17_T3,z_score
29,PB17_T4,z_score
29,PB17_T5,z_score
29,PB17_T6,z_score
29,PB17_T7,z_score
29,PB17_T8,z_score
29,PB17_T9,z_score
29,PB18_T1,z_score
29,PB18_T10,z_score
29,PB18_T11,z_score
29,PB18_T12,z_score
29,PB18_T2,z_score
29,PB18_T3,z_score
29,PB18_T4,z_score
29,PB18_T5,z_score
29,PB18_T6,z_score
29,PB18_T7,z_score
29,PB18_T8,z_score
29,PB18_T9,z_score
29,PB2_T1,z_score
29,PB2_T10,z_score
29,PB2_T11,z_score
29,PB2_T12,rolling_max
29,PB2_T2,z_score
29,PB2_T3,z_score
29,PB2_T4,z_score
29,PB2_T5,z_score
29,PB2_T6,z_score
29,PB2_T7,z_score
29,PB2_T8,z_score
29,PB2_T9,z_score
29,PB3_T1,z_score
29,PB3_T10,z_score
29,PB3_T11,z_score
29,PB3_T12,downside_volatility
29,PB3_T2,z_score
29,PB3_T3,z_score
29,PB3_T4,z_score
29,PB3_T5,z_score
29,PB3_T6,z_score
29,PB3_T7,z_score
29,PB3_T8,z_score
29,PB3_T9,z_score
29,PB4_T1,normalized_deviation
29,PB4_T10,z_score
29,PB4_T11,z_score
29,PB4_T12,z_score
29,PB4_T2,normalized_deviation
29,PB4_T3,normalized_deviation
29,PB4_T4,price_minus_mean
29,PB4_T5,normalized_deviation
29,PB4_T6,normalized_deviation
29,PB4_T7,price_minus_mean
29,PB4_T8,price_minus_mean
29,PB4_T9,z_score
29,PB5_T1,normalized_deviation
29,PB5_T10,z_score
29,PB5_T11,z_score
29,PB5_T12,z_score
29,PB5_T2,normalized_deviation
29,PB5_T3,normalized_deviation
29,PB5_T4,price_minus_mean
29,PB5_T5,normalized_deviation
29,PB5_T6,normalized_deviation
29,PB5_T7,price_minus_mean
29,PB5_T8,price_minus_mean
29,PB5_T9,z_score
29,PB6_T1,price_minus_mean
29,PB6_T10,rolling_return_mean
29,PB6_T11,momentum
29,PB6_T12,ema
29,PB6_T2,price_minus_mean
29,PB6_T3,rolling_return_mean
29,PB6_T4,rolling_return_mean
29,PB6_T5,rolling_return_mean
29,PB6_T6,rolling_return_mean
29,PB6_T7,rolling_return_mean
29,PB6_T8,momentum
29,PB6_T9,rolling_return_mean
29,PB7_T1,z_score
29,PB7_T10,z_score
29,PB7_T11,z_score
29,PB7_T12,z_score
29,PB7_T2,z_score
29,PB7_T3,z_score
29,PB7_T4,z_score
29,PB7_T5,z_score
29,PB7_T6,z_score
29,PB7_T7,z_score
29,PB7_T8,z_score
29,PB7_T9,z_score
29,PB8_T1,z_score
29,PB8_T10,z_score
29,PB8_T11,z_score
29,PB8_T12,z_score
29,PB8_T2,z_score
29,PB8_T3,z_score
29,PB8_T4,z_score
29,PB8_T5,z_score
29,PB8_T6,z_score
29,PB8_T7,z_score
29,PB8_T8,z_score
29,PB8_T9,z_score
29,PB9_T1,ema
29,PB9_T10,ema
29,PB9_T11,distance_from_high
29,PB9_T12,distance_from_low
29,PB9_T2,ema
29,PB9_T3,ema
29,PB9_T4,ema
29,PB9_T5,ema
29,PB9_T6,ema
29,PB9_T7,ema
29,PB9_T8,ema
29,PB9_T9,ema
30,BB1_T1,ema
30,BB1_T10,rolling_mean
30,BB1_T11,rolling_mean
30,BB1_T12,rolling_mean
30,BB1_T2,rolling_mean
30,BB1_T3,rolling_mean
30,BB1_T4,rolling_mean
30,BB1_T5,rolling_mean
30,BB1_T6,rolling_mean
30,BB1_T7,rolling_mean
30,BB1_T8,rolling_mean
30,BB1_T9,rolling_mean
30,BB10_T1,z_score
30,BB10_T10,z_score
30,BB10_T11,z_score
30,BB10_T12,z_score
30,BB10_T2,z_score
30,BB10_T3,z_score
30,BB10_T4,z_score
30,BB10_T5,z_score
30,BB10_T6,z_score
30,BB10_T7,z_score
30,BB10_T8,z_score
30,BB10_T9,z_score
30,BB11_T1,rolling_max
30,BB11_T10,rolling_max
30,BB11_T11,rolling_max
30,BB11_T12,rolling_max
30,BB11_T2,rolling_max
30,BB11_T3,rolling_max
30,BB11_T4,rolling_max
30,BB11_T5,rolling_max
30,BB11_T6,rolling_max
30,BB11_T7,rolling_max
30,BB11_T8,rolling_max
30,BB11_T9,rolling_max
30,BB12_T1,rolling_min
30,BB12_T10,rolling_min
30,BB12_T11,rolling_min
30,BB12_T12,rolling_min
30,BB12_T2,rolling_min
30,BB12_T3,rolling_min
30,BB12_T4,rolling_min
30,BB12_T5,rolling_min
30,BB12_T6,rolling_min
30,BB12_T7,rolling_min
30,BB12_T8,rolling_min
30,BB12_T9,rolling_min
30,BB13_T1,ema
30,BB13_T10,ema
30,BB13_T11,ema
30,BB13_T12,ema
30,BB13_T2,ema
30,BB13_T3,ema
30,BB13_T4,ema
30,BB13_T5,ema
30,BB13_T6,ema
30,BB13_T7,ema
30,BB13_T8,ema
30,BB13_T9,ema
30,BB14_T1,rolling_max
30,BB14_T10,ema
30,BB14_T11,ema
30,BB14_T12,ema
30,BB14_T2,ema
30,BB14_T3,ema
30,BB14_T4,ema
30,BB14_T5,ema
30,BB14_T6,ema
30,BB14_T7,ema
30,BB14_T8,ema
30,BB14_T9,ema
30,BB15_T1,rolling_min
30,BB15_T10,ema
30,BB15_T11,ema
30,BB15_T12,ema
30,BB15_T2,ema
30,BB15_T3,ema
30,BB15_T4,ema
30,BB15_T5,ema
30,BB15_T6,ema
30,BB15_T7,ema
30,BB15_T8,ema
30,BB15_T9,ema
30,BB2_T1,rolling_return_mean
30,BB2_T10,momentum
30,BB2_T11,momentum
30,BB2_T12,momentum
30,BB2_T2,rolling_return_mean
30,BB2_T3,rolling_return_mean
30,BB2_T4,rolling_return_mean
30,BB2_T5,rolling_return_mean
30,BB2_T6,rolling_return_mean
30,BB2_T7,rolling_return_mean
30,BB2_T8,momentum
30,BB2_T9,rolling_return_mean
30,BB3_T1,price_minus_mean
30,BB3_T10,price_minus_mean
30,BB3_T11,price_minus_mean
30,BB3_T12,price_minus_mean
30,BB3_T2,price_minus_mean
30,BB3_T3,normalized_deviation
30,BB3_T4,price_minus_mean
30,BB3_T5,price_minus_mean
30,BB3_T6,price_minus_mean
30,BB3_T7,price_minus_mean
30,BB3_T8,price_minus_mean
30,BB3_T9,price_minus_mean
30,BB4_T1,rolling_mean
30,BB4_T10,rolling_mean
30,BB4_T11,rolling_mean
30,BB4_T12,rolling_mean
30,BB4_T2,rolling_mean
30,BB4_T3,rolling_mean
30,BB4_T4,rolling_mean
30,BB4_T5,rolling_mean
30,BB4_T6,rolling_mean
30,BB4_T7,rolling_mean
30,BB4_T8,rolling_mean
30,BB4_T9,rolling_mean
30,BB5_T1,ema
30,BB5_T10,ema
30,BB5_T11,ema
30,BB5_T12,ema
30,BB5_T2,ema
30,BB5_T3,ema
30,BB5_T4,ema
30,BB5_T5,ema
30,BB5_T6,ema
30,BB5_T7,ema
30,BB5_T8,ema
30,BB5_T9,ema
30,BB6_T1,rolling_mean
30,BB6_T10,rolling_mean
30,BB6_T11,rolling_mean
30,BB6_T12,rolling_mean
30,BB6_T2,rolling_mean
30,BB6_T3,rolling_mean
30,BB6_T4,rolling_mean
30,BB6_T5,rolling_mean
30,BB6_T6,rolling_mean
30,BB6_T7,rolling_mean
30,BB6_T8,rolling_mean
30,BB6_T9,rolling_mean
30,BB7_T1,rolling_max
30,BB7_T10,rolling_max
30,BB7_T11,rolling_max
30,BB7_T12,rolling_max
30,BB7_T2,rolling_max
30,BB7_T3,rolling_max
30,BB7_T4,rolling_max
30,BB7_T5,rolling_max
30,BB7_T6,rolling_max
30,BB7_T7,rolling_max
30,BB7_T8,rolling_max
30,BB7_T9,rolling_max
30,BB8_T1,rolling_min
30,BB8_T10,rolling_min
30,BB8_T11,rolling_min
30,BB8_T12,rolling_min
30,BB8_T2,rolling_min
30,BB8_T3,rolling_min
30,BB8_T4,rolling_min
30,BB8_T5,rolling_min
30,BB8_T6,rolling_min
30,BB8_T7,rolling_min
30,BB8_T8,rolling_min
30,BB8_T9,rolling_min
30,BB9_T1,rolling_std
30,BB9_T10,rolling_std
30,BB9_T11,rolling_std
30,BB9_T12,rolling_std
30,BB9_T2,rolling_std
30,BB9_T3,rolling_std
30,BB9_T4,rolling_std
30,BB9_T5,rolling_std
30,BB9_T6,rolling_std
30,BB9_T7,rolling_std
30,BB9_T8,rolling_std
30,BB9_T9,rolling_std
30,PB1_T1,normalized_deviation
30,PB1_T10,z_score
30,PB1_T11,z_score
30,PB1_T12,z_score
30,PB1_T2,normalized_deviation
30,PB1_T3,price_minus_mean
30,PB1_T4,price_minus_mean
30,PB1_T5,price_minus_mean
30,PB1_T6,price_minus_mean
30,PB1_T7,price_minus_mean
30,PB1_T8,z_score
30,PB1_T9,z_score
30,PB10_T1,ema
30,PB10_T10,ema
30,PB10_T11,ema
30,PB10_T12,absolute_return_mean
30,PB10_T2,ema
30,PB10_T3,ema
30,PB10_T4,ema
30,PB10_T5,ema
30,PB10_T6,ema
30,PB10_T7,ema
30,PB10_T8,ema
30,PB10_T9,ema
30,PB11_T1,ema
30,PB11_T10,ema
30,PB11_T11,rolling_min
30,PB11_T12,rolling_min
30,PB11_T2,ema
30,PB11_T3,ema
30,PB11_T4,ema
30,PB11_T5,ema
30,PB11_T6,ema
30,PB11_T7,rolling_min
30,PB11_T8,ema
30,PB11_T9,ema
30,PB12_T1,normalized_deviation
30,PB12_T10,z_score
30,PB12_T11,z_score
30,PB12_T12,z_score
30,PB12_T2,normalized_deviation
30,PB12_T3,price_minus_mean
30,PB12_T4,price_minus_mean
30,PB12_T5,price_minus_mean
30,PB12_T6,price_minus_mean
30,PB12_T7,price_minus_mean
30,PB12_T8,z_score
30,PB12_T9,z_score
30,PB13_T1,normalized_deviation
30,PB13_T10,z_score
30,PB13_T11,z_score
30,PB13_T12,z_score
30,PB13_T2,normalized_deviation
30,PB13_T3,price_minus_mean
30,PB13_T4,price_minus_mean
30,PB13_T5,price_minus_mean
30,PB13_T6,price_minus_mean
30,PB13_T7,price_minus_mean
30,PB13_T8,z_score
30,PB13_T9,z_score
30,PB14_T1,z_score
30,PB14_T10,z_score
30,PB14_T11,z_score
30,PB14_T12,z_score
30,PB14_T2,z_score
30,PB14_T3,z_score
30,PB14_T4,z_score
30,PB14_T5,z_score
30,PB14_T6,z_score
30,PB14_T7,z_score
30,PB14_T8,z_score
30,PB14_T9,z_score
30,PB15_T1,z_score
30,PB15_T10,z_score
30,PB15_T11,z_score
30,PB15_T12,distance_from_low
30,PB15_T2,z_score
30,PB15_T3,z_score
30,PB15_T4,z_score
30,PB15_T5,z_score
30,PB15_T6,z_score
30,PB15_T7,z_score
30,PB15_T8,z_score
30,PB15_T9,z_score
30,PB16_T1,z_score
30,PB16_T10,z_score
30,PB16_T11,z_score
30,PB16_T12,distance_from_low
30,PB16_T2,z_score
30,PB16_T3,z_score
30,PB16_T4,z_score
30,PB16_T5,z_score
30,PB16_T6,z_score
30,PB16_T7,z_score
30,PB16_T8,z_score
30,PB16_T9,z_score
30,PB17_T1,z_score
30,PB17_T10,z_score
30,PB17_T11,z_score
30,PB17_T12,distance_from_low
30,PB17_T2,z_score
30,PB17_T3,z_score
30,PB17_T4,z_score
30,PB17_T5,z_score
30,PB17_T6,z_score
30,PB17_T7,z_score
30,PB17_T8,z_score
30,PB17_T9,z_score
30,PB18_T1,z_score
30,PB18_T10,z_score
30,PB18_T11,z_score
30,PB18_T12,z_score
30,PB18_T2,z_score
30,PB18_T3,z_score
30,PB18_T4,z_score
30,PB18_T5,z_score
30,PB18_T6,z_score
30,PB18_T7,z_score
30,PB18_T8,z_score
30,PB18_T9,z_score
30,PB2_T1,z_score
30,PB2_T10,z_score
30,PB2_T11,z_score
30,PB2_T12,z_score
30,PB2_T2,z_score
30,PB2_T3,z_score
30,PB2_T4,z_score
30,PB2_T5,z_score
30,PB2_T6,z_score
30,PB2_T7,z_score
30,PB2_T8,z_score
30,PB2_T9,z_score
30,PB3_T1,z_score
30,PB3_T10,z_score
30,PB3_T11,z_score
30,PB3_T12,z_score
30,PB3_T2,z_score
30,PB3_T3,z_score
30,PB3_T4,z_score
30,PB3_T5,z_score
30,PB3_T6,z_score
30,PB3_T7,z_score
30,PB3_T8,z_score
30,PB3_T9,price_minus_mean
30,PB4_T1,normalized_deviation
30,PB4_T10,z_score
30,PB4_T11,z_score
30,PB4_T12,z_score
30,PB4_T2,normalized_deviation
30,PB4_T3,price_minus_mean
30,PB4_T4,price_minus_mean
30,PB4_T5,price_minus_mean
30,PB4_T6,price_minus_mean
30,PB4_T7,price_minus_mean
30,PB4_T8,z_score
30,PB4_T9,z_score
30,PB5_T1,normalized_deviation
30,PB5_T10,z_score
30,PB5_T11,z_score
30,PB5_T12,z_score
30,PB5_T2,normalized_deviation
30,PB5_T3,price_minus_mean
30,PB5_T4,price_minus_mean
30,PB5_T5,price_minus_mean
30,PB5_T6,price_minus_mean
30,PB5_T7,price_minus_mean
30,PB5_T8,z_score
30,PB5_T9,z_score
30,PB6_T1,normalized_deviation
30,PB6_T10,rolling_return_mean
30,PB6_T11,rolling_return_mean
30,PB6_T12,normalized_deviation
30,PB6_T2,rolling_return_mean
30,PB6_T3,momentum
30,PB6_T4,rolling_return_mean
30,PB6_T5,rolling_return_mean
30,PB6_T6,rolling_return_mean
30,PB6_T7,momentum
30,PB6_T8,rolling_return_mean
30,PB6_T9,rolling_return_mean
30,PB7_T1,z_score
30,PB7_T10,z_score
30,PB7_T11,z_score
30,PB7_T12,z_score
30,PB7_T2,z_score
30,PB7_T3,z_score
30,PB7_T4,z_score
30,PB7_T5,z_score
30,PB7_T6,z_score
30,PB7_T7,z_score
30,PB7_T8,z_score
30,PB7_T9,z_score
30,PB8_T1,z_score
30,PB8_T10,z_score
30,PB8_T11,z_score
30,PB8_T12,distance_from_low
30,PB8_T2,z_score
30,PB8_T3,z_score
30,PB8_T4,z_score
30,PB8_T5,z_score
30,PB8_T6,z_score
30,PB8_T7,z_score
30,PB8_T8,z_score
30,PB8_T9,z_score
30,PB9_T1,ema
30,PB9_T10,ema
30,PB9_T11,rolling_min
30,PB9_T12,z_score
30,PB9_T2,ema
30,PB9_T3,ema
30,PB9_T4,ema
30,PB9_T5,ema
30,PB9_T6,ema
30,PB9_T7,ema
30,PB9_T8,ema
30,PB9_T9,ema
31,BB1_T1,ema
31,BB1_T10,rolling_mean
31,BB1_T11,rolling_mean
31,BB1_T12,rolling_mean
31,BB1_T2,rolling_mean
31,BB1_T3,rolling_mean
31,BB1_T4,rolling_mean
31,BB1_T5,rolling_mean
31,BB1_T6,rolling_mean
31,BB1_T7,rolling_mean
31,BB1_T8,rolling_mean
31,BB1_T9,rolling_mean
31,BB10_T1,z_score
31,BB10_T10,z_score
31,BB10_T11,z_score
31,BB10_T12,z_score
31,BB10_T2,z_score
31,BB10_T3,z_score
31,BB10_T4,z_score
31,BB10_T5,z_score
31,BB10_T6,z_score
31,BB10_T7,z_score
31,BB10_T8,z_score
31,BB10_T9,z_score
31,BB11_T1,rolling_max
31,BB11_T10,rolling_max
31,BB11_T11,rolling_max
31,BB11_T12,rolling_max
31,BB11_T2,rolling_max
31,BB11_T3,rolling_max
31,BB11_T4,rolling_max
31,BB11_T5,rolling_max
31,BB11_T6,rolling_max
31,BB11_T7,rolling_max
31,BB11_T8,rolling_max
31,BB11_T9,rolling_max
31,BB12_T1,rolling_min
31,BB12_T10,rolling_min
31,BB12_T11,rolling_min
31,BB12_T12,rolling_min
31,BB12_T2,rolling_min
31,BB12_T3,rolling_min
31,BB12_T4,rolling_min
31,BB12_T5,rolling_min
31,BB12_T6,rolling_min
31,BB12_T7,rolling_min
31,BB12_T8,rolling_min
31,BB12_T9,rolling_min
31,BB13_T1,ema
31,BB13_T10,ema
31,BB13_T11,ema
31,BB13_T12,ema
31,BB13_T2,ema
31,BB13_T3,ema
31,BB13_T4,ema
31,BB13_T5,ema
31,BB13_T6,ema
31,BB13_T7,ema
31,BB13_T8,ema
31,BB13_T9,ema
31,BB14_T1,rolling_max
31,BB14_T10,ema
31,BB14_T11,ema
31,BB14_T12,ema
31,BB14_T2,ema
31,BB14_T3,ema
31,BB14_T4,ema
31,BB14_T5,ema
31,BB14_T6,ema
31,BB14_T7,ema
31,BB14_T8,ema
31,BB14_T9,ema
31,BB15_T1,rolling_min
31,BB15_T10,ema
31,BB15_T11,ema
31,BB15_T12,ema
31,BB15_T2,ema
31,BB15_T3,ema
31,BB15_T4,ema
31,BB15_T5,ema
31,BB15_T6,ema
31,BB15_T7,ema
31,BB15_T8,ema
31,BB15_T9,ema
31,BB2_T1,momentum
31,BB2_T10,rolling_return_mean
31,BB2_T11,momentum
31,BB2_T12,momentum
31,BB2_T2,momentum
31,BB2_T3,momentum
31,BB2_T4,momentum
31,BB2_T5,momentum
31,BB2_T6,momentum
31,BB2_T7,rolling_return_mean
31,BB2_T8,momentum
31,BB2_T9,momentum
31,BB3_T1,normalized_deviation
31,BB3_T10,normalized_deviation
31,BB3_T11,normalized_deviation
31,BB3_T12,price_minus_mean
31,BB3_T2,normalized_deviation
31,BB3_T3,normalized_deviation
31,BB3_T4,normalized_deviation
31,BB3_T5,normalized_deviation
31,BB3_T6,normalized_deviation
31,BB3_T7,normalized_deviation
31,BB3_T8,normalized_deviation
31,BB3_T9,normalized_deviation
31,BB4_T1,rolling_mean
31,BB4_T10,rolling_mean
31,BB4_T11,rolling_mean
31,BB4_T12,rolling_mean
31,BB4_T2,rolling_mean
31,BB4_T3,rolling_mean
31,BB4_T4,rolling_mean
31,BB4_T5,rolling_mean
31,BB4_T6,rolling_mean
31,BB4_T7,rolling_mean
31,BB4_T8,rolling_mean
31,BB4_T9,rolling_mean
31,BB5_T1,ema
31,BB5_T10,ema
31,BB5_T11,ema
31,BB5_T12,ema
31,BB5_T2,ema
31,BB5_T3,ema
31,BB5_T4,ema
31,BB5_T5,ema
31,BB5_T6,ema
31,BB5_T7,ema
31,BB5_T8,ema
31,BB5_T9,ema
31,BB6_T1,rolling_mean
31,BB6_T10,rolling_mean
31,BB6_T11,rolling_mean
31,BB6_T12,rolling_mean
31,BB6_T2,rolling_mean
31,BB6_T3,rolling_mean
31,BB6_T4,rolling_mean
31,BB6_T5,rolling_mean
31,BB6_T6,rolling_mean
31,BB6_T7,rolling_mean
31,BB6_T8,rolling_mean
31,BB6_T9,rolling_mean
31,BB7_T1,rolling_max
31,BB7_T10,rolling_max
31,BB7_T11,rolling_max
31,BB7_T12,rolling_max
31,BB7_T2,rolling_max
31,BB7_T3,rolling_max
31,BB7_T4,rolling_max
31,BB7_T5,rolling_max
31,BB7_T6,rolling_max
31,BB7_T7,rolling_max
31,BB7_T8,rolling_max
31,BB7_T9,rolling_max
31,BB8_T1,rolling_min
31,BB8_T10,rolling_min
31,BB8_T11,rolling_min
31,BB8_T12,rolling_min
31,BB8_T2,rolling_min
31,BB8_T3,rolling_min
31,BB8_T4,rolling_min
31,BB8_T5,rolling_min
31,BB8_T6,rolling_min
31,BB8_T7,rolling_min
31,BB8_T8,rolling_min
31,BB8_T9,rolling_min
31,BB9_T1,rolling_std
31,BB9_T10,rolling_std
31,BB9_T11,rolling_std
31,BB9_T12,rolling_std
31,BB9_T2,rolling_std
31,BB9_T3,rolling_std
31,BB9_T4,rolling_std
31,BB9_T5,rolling_std
31,BB9_T6,rolling_std
31,BB9_T7,rolling_std
31,BB9_T8,rolling_std
31,BB9_T9,rolling_std
31,PB1_T1,price_minus_mean
31,PB1_T10,z_score
31,PB1_T11,z_score
31,PB1_T12,z_score
31,PB1_T2,price_minus_mean
31,PB1_T3,price_minus_mean
31,PB1_T4,price_minus_mean
31,PB1_T5,normalized_deviation
31,PB1_T6,normalized_deviation
31,PB1_T7,normalized_deviation
31,PB1_T8,normalized_deviation
31,PB1_T9,z_score
31,PB10_T1,ema
31,PB10_T10,ema
31,PB10_T11,ema
31,PB10_T12,ema
31,PB10_T2,ema
31,PB10_T3,ema
31,PB10_T4,ema
31,PB10_T5,ema
31,PB10_T6,ema
31,PB10_T7,ema
31,PB10_T8,ema
31,PB10_T9,ema
31,PB11_T1,ema
31,PB11_T10,rolling_return_mean
31,PB11_T11,momentum
31,PB11_T12,rolling_variance
31,PB11_T2,ema
31,PB11_T3,ema
31,PB11_T4,ema
31,PB11_T5,ema
31,PB11_T6,ema
31,PB11_T7,ema
31,PB11_T8,ema
31,PB11_T9,ema
31,PB12_T1,price_minus_mean
31,PB12_T10,z_score
31,PB12_T11,z_score
31,PB12_T12,z_score
31,PB12_T2,price_minus_mean
31,PB12_T3,price_minus_mean
31,PB12_T4,price_minus_mean
31,PB12_T5,normalized_deviation
31,PB12_T6,normalized_deviation
31,PB12_T7,normalized_deviation
31,PB12_T8,normalized_deviation
31,PB12_T9,z_score
31,PB13_T1,price_minus_mean
31,PB13_T10,z_score
31,PB13_T11,z_score
31,PB13_T12,z_score
31,PB13_T2,price_minus_mean
31,PB13_T3,price_minus_mean
31,PB13_T4,price_minus_mean
31,PB13_T5,normalized_deviation
31,PB13_T6,normalized_deviation
31,PB13_T7,normalized_deviation
31,PB13_T8,normalized_deviation
31,PB13_T9,z_score
31,PB14_T1,z_score
31,PB14_T10,z_score
31,PB14_T11,z_score
31,PB14_T12,z_score
31,PB14_T2,z_score
31,PB14_T3,z_score
31,PB14_T4,z_score
31,PB14_T5,z_score
31,PB14_T6,z_score
31,PB14_T7,z_score
31,PB14_T8,z_score
31,PB14_T9,z_score
31,PB15_T1,z_score
31,PB15_T10,z_score
31,PB15_T11,distance_from_low
31,PB15_T12,ema
31,PB15_T2,z_score
31,PB15_T3,z_score
31,PB15_T4,z_score
31,PB15_T5,z_score
31,PB15_T6,z_score
31,PB15_T7,z_score
31,PB15_T8,z_score
31,PB15_T9,z_score
31,PB16_T1,z_score
31,PB16_T10,z_score
31,PB16_T11,distance_from_low
31,PB16_T12,ema
31,PB16_T2,z_score
31,PB16_T3,z_score
31,PB16_T4,z_score
31,PB16_T5,z_score
31,PB16_T6,z_score
31,PB16_T7,z_score
31,PB16_T8,z_score
31,PB16_T9,z_score
31,PB17_T1,z_score
31,PB17_T10,z_score
31,PB17_T11,distance_from_low
31,PB17_T12,ema
31,PB17_T2,z_score
31,PB17_T3,z_score
31,PB17_T4,z_score
31,PB17_T5,z_score
31,PB17_T6,z_score
31,PB17_T7,z_score
31,PB17_T8,z_score
31,PB17_T9,z_score
31,PB18_T1,z_score
31,PB18_T10,z_score
31,PB18_T11,z_score
31,PB18_T12,rolling_min
31,PB18_T2,z_score
31,PB18_T3,z_score
31,PB18_T4,z_score
31,PB18_T5,z_score
31,PB18_T6,z_score
31,PB18_T7,z_score
31,PB18_T8,z_score
31,PB18_T9,z_score
31,PB2_T1,z_score
31,PB2_T10,z_score
31,PB2_T11,distance_from_low
31,PB2_T12,absolute_return_mean
31,PB2_T2,z_score
31,PB2_T3,z_score
31,PB2_T4,z_score
31,PB2_T5,z_score
31,PB2_T6,z_score
31,PB2_T7,z_score
31,PB2_T8,z_score
31,PB2_T9,z_score
31,PB3_T1,z_score
31,PB3_T10,z_score
31,PB3_T11,z_score
31,PB3_T12,ema
31,PB3_T2,z_score
31,PB3_T3,z_score
31,PB3_T4,z_score
31,PB3_T5,z_score
31,PB3_T6,z_score
31,PB3_T7,price_minus_mean
31,PB3_T8,z_score
31,PB3_T9,z_score
31,PB4_T1,price_minus_mean
31,PB4_T10,z_score
31,PB4_T11,z_score
31,PB4_T12,z_score
31,PB4_T2,price_minus_mean
31,PB4_T3,price_minus_mean
31,PB4_T4,price_minus_mean
31,PB4_T5,normalized_deviation
31,PB4_T6,normalized_deviation
31,PB4_T7,normalized_deviation
31,PB4_T8,normalized_deviation
31,PB4_T9,z_score
31,PB5_T1,price_minus_mean
31,PB5_T10,z_score
31,PB5_T11,z_score
31,PB5_T12,z_score
31,PB5_T2,price_minus_mean
31,PB5_T3,price_minus_mean
31,PB5_T4,price_minus_mean
31,PB5_T5,normalized_deviation
31,PB5_T6,normalized_deviation
31,PB5_T7,normalized_deviation
31,PB5_T8,normalized_deviation
31,PB5_T9,z_score
31,PB6_T1,normalized_deviation
31,PB6_T10,rolling_return_mean
31,PB6_T11,rolling_return_mean
31,PB6_T12,rolling_min
31,PB6_T2,rolling_return_mean
31,PB6_T3,rolling_return_mean
31,PB6_T4,rolling_return_mean
31,PB6_T5,rolling_return_mean
31,PB6_T6,rolling_return_mean
31,PB6_T7,momentum
31,PB6_T8,momentum
31,PB6_T9,rolling_return_mean
31,PB7_T1,z_score
31,PB7_T10,z_score
31,PB7_T11,z_score
31,PB7_T12,rolling_min
31,PB7_T2,z_score
31,PB7_T3,z_score
31,PB7_T4,z_score
31,PB7_T5,z_score
31,PB7_T6,z_score
31,PB7_T7,z_score
31,PB7_T8,z_score
31,PB7_T9,z_score
31,PB8_T1,z_score
31,PB8_T10,z_score
31,PB8_T11,z_score
31,PB8_T12,rolling_min
31,PB8_T2,z_score
31,PB8_T3,z_score
31,PB8_T4,z_score
31,PB8_T5,z_score
31,PB8_T6,z_score
31,PB8_T7,z_score
31,PB8_T8,z_score
31,PB8_T9,z_score
31,PB9_T1,ema
31,PB9_T10,distance_from_low
31,PB9_T11,z_score
31,PB9_T12,distance_from_low
31,PB9_T2,ema
31,PB9_T3,ema
31,PB9_T4,ema
31,PB9_T5,ema
31,PB9_T6,ema
31,PB9_T7,ema
31,PB9_T8,ema
31,PB9_T9,ema
32,BB1_T1,ema
32,BB1_T10,rolling_mean
32,BB1_T11,rolling_mean
32,BB1_T12,rolling_mean
32,BB1_T2,rolling_mean
32,BB1_T3,rolling_mean
32,BB1_T4,rolling_mean
32,BB1_T5,rolling_mean
32,BB1_T6,rolling_mean
32,BB1_T7,rolling_mean
32,BB1_T8,rolling_mean
32,BB1_T9,rolling_mean
32,BB10_T1,z_score
32,BB10_T10,z_score
32,BB10_T11,z_score
32,BB10_T12,z_score
32,BB10_T2,z_score
32,BB10_T3,z_score
32,BB10_T4,z_score
32,BB10_T5,z_score
32,BB10_T6,z_score
32,BB10_T7,z_score
32,BB10_T8,z_score
32,BB10_T9,z_score
32,BB11_T1,rolling_max
32,BB11_T10,rolling_max
32,BB11_T11,rolling_max
32,BB11_T12,rolling_max
32,BB11_T2,rolling_max
32,BB11_T3,rolling_max
32,BB11_T4,rolling_max
32,BB11_T5,rolling_max
32,BB11_T6,rolling_max
32,BB11_T7,rolling_max
32,BB11_T8,rolling_max
32,BB11_T9,rolling_max
32,BB12_T1,rolling_min
32,BB12_T10,rolling_min
32,BB12_T11,rolling_min
32,BB12_T12,rolling_min
32,BB12_T2,rolling_min
32,BB12_T3,rolling_min
32,BB12_T4,rolling_min
32,BB12_T5,rolling_min
32,BB12_T6,rolling_min
32,BB12_T7,rolling_min
32,BB12_T8,rolling_min
32,BB12_T9,rolling_min
32,BB13_T1,ema
32,BB13_T10,ema
32,BB13_T11,ema
32,BB13_T12,ema
32,BB13_T2,ema
32,BB13_T3,ema
32,BB13_T4,ema
32,BB13_T5,ema
32,BB13_T6,ema
32,BB13_T7,ema
32,BB13_T8,ema
32,BB13_T9,ema
32,BB14_T1,rolling_max
32,BB14_T10,ema
32,BB14_T11,ema
32,BB14_T12,ema
32,BB14_T2,ema
32,BB14_T3,ema
32,BB14_T4,ema
32,BB14_T5,ema
32,BB14_T6,ema
32,BB14_T7,ema
32,BB14_T8,ema
32,BB14_T9,ema
32,BB15_T1,rolling_min
32,BB15_T10,ema
32,BB15_T11,ema
32,BB15_T12,ema
32,BB15_T2,ema
32,BB15_T3,ema
32,BB15_T4,ema
32,BB15_T5,ema
32,BB15_T6,ema
32,BB15_T7,ema
32,BB15_T8,ema
32,BB15_T9,ema
32,BB2_T1,rolling_return_mean
32,BB2_T10,rolling_return_mean
32,BB2_T11,rolling_return_mean
32,BB2_T12,rolling_return_mean
32,BB2_T2,rolling_return_mean
32,BB2_T3,rolling_return_mean
32,BB2_T4,rolling_return_mean
32,BB2_T5,rolling_return_mean
32,BB2_T6,momentum
32,BB2_T7,rolling_return_mean
32,BB2_T8,momentum
32,BB2_T9,momentum
32,BB3_T1,normalized_deviation
32,BB3_T10,normalized_deviation
32,BB3_T11,normalized_deviation
32,BB3_T12,normalized_deviation
32,BB3_T2,normalized_deviation
32,BB3_T3,normalized_deviation
32,BB3_T4,price_minus_mean
32,BB3_T5,price_minus_mean
32,BB3_T6,price_minus_mean
32,BB3_T7,price_minus_mean
32,BB3_T8,normalized_deviation
32,BB3_T9,normalized_deviation
32,BB4_T1,rolling_mean
32,BB4_T10,rolling_mean
32,BB4_T11,rolling_mean
32,BB4_T12,rolling_mean
32,BB4_T2,rolling_mean
32,BB4_T3,rolling_mean
32,BB4_T4,rolling_mean
32,BB4_T5,rolling_mean
32,BB4_T6,rolling_mean
32,BB4_T7,rolling_mean
32,BB4_T8,rolling_mean
32,BB4_T9,rolling_mean
32,BB5_T1,ema
32,BB5_T10,ema
32,BB5_T11,ema
32,BB5_T12,ema
32,BB5_T2,ema
32,BB5_T3,ema
32,BB5_T4,ema
32,BB5_T5,ema
32,BB5_T6,ema
32,BB5_T7,ema
32,BB5_T8,ema
32,BB5_T9,ema
32,BB6_T1,rolling_mean
32,BB6_T10,rolling_mean
32,BB6_T11,rolling_mean
32,BB6_T12,rolling_mean
32,BB6_T2,rolling_mean
32,BB6_T3,rolling_mean
32,BB6_T4,rolling_mean
32,BB6_T5,rolling_mean
32,BB6_T6,rolling_mean
32,BB6_T7,rolling_mean
32,BB6_T8,rolling_mean
32,BB6_T9,rolling_mean
32,BB7_T1,rolling_max
32,BB7_T10,rolling_max
32,BB7_T11,rolling_max
32,BB7_T12,rolling_max
32,BB7_T2,rolling_max
32,BB7_T3,rolling_max
32,BB7_T4,rolling_max
32,BB7_T5,rolling_max
32,BB7_T6,rolling_max
32,BB7_T7,rolling_max
32,BB7_T8,rolling_max
32,BB7_T9,rolling_max
32,BB8_T1,rolling_min
32,BB8_T10,rolling_min
32,BB8_T11,rolling_min
32,BB8_T12,rolling_min
32,BB8_T2,rolling_min
32,BB8_T3,rolling_min
32,BB8_T4,rolling_min
32,BB8_T5,rolling_min
32,BB8_T6,rolling_min
32,BB8_T7,rolling_min
32,BB8_T8,rolling_min
32,BB8_T9,rolling_min
32,BB9_T1,rolling_std
32,BB9_T10,rolling_std
32,BB9_T11,rolling_std
32,BB9_T12,rolling_std
32,BB9_T2,rolling_std
32,BB9_T3,rolling_std
32,BB9_T4,rolling_std
32,BB9_T5,rolling_std
32,BB9_T6,rolling_std
32,BB9_T7,rolling_std
32,BB9_T8,rolling_std
32,BB9_T9,rolling_std
32,PB1_T1,normalized_deviation
32,PB1_T10,price_minus_mean
32,PB1_T11,price_minus_mean
32,PB1_T12,distance_from_high
32,PB1_T2,normalized_deviation
32,PB1_T3,normalized_deviation
32,PB1_T4,normalized_deviation
32,PB1_T5,price_minus_mean
32,PB1_T6,price_minus_mean
32,PB1_T7,z_score
32,PB1_T8,z_score
32,PB1_T9,z_score
32,PB10_T1,ema
32,PB10_T10,ema
32,PB10_T11,ema
32,PB10_T12,rolling_max
32,PB10_T2,ema
32,PB10_T3,ema
32,PB10_T4,ema
32,PB10_T5,ema
32,PB10_T6,ema
32,PB10_T7,ema
32,PB10_T8,ema
32,PB10_T9,ema
32,PB11_T1,ema
32,PB11_T10,ema
32,PB11_T11,ema
32,PB11_T12,ema
32,PB11_T2,ema
32,PB11_T3,ema
32,PB11_T4,ema
32,PB11_T5,ema
32,PB11_T6,ema
32,PB11_T7,ema
32,PB11_T8,ema
32,PB11_T9,ema
32,PB12_T1,normalized_deviation
32,PB12_T10,price_minus_mean
32,PB12_T11,price_minus_mean
32,PB12_T12,distance_from_high
32,PB12_T2,normalized_deviation
32,PB12_T3,normalized_deviation
32,PB12_T4,normalized_deviation
32,PB12_T5,price_minus_mean
32,PB12_T6,price_minus_mean
32,PB12_T7,z_score
32,PB12_T8,z_score
32,PB12_T9,z_score
32,PB13_T1,normalized_deviation
32,PB13_T10,price_minus_mean
32,PB13_T11,price_minus_mean
32,PB13_T12,distance_from_high
32,PB13_T2,normalized_deviation
32,PB13_T3,normalized_deviation
32,PB13_T4,normalized_deviation
32,PB13_T5,price_minus_mean
32,PB13_T6,price_minus_mean
32,PB13_T7,z_score
32,PB13_T8,z_score
32,PB13_T9,z_score
32,PB14_T1,z_score
32,PB14_T10,price_minus_mean
32,PB14_T11,price_minus_mean
32,PB14_T12,distance_from_high
32,PB14_T2,z_score
32,PB14_T3,z_score
32,PB14_T4,z_score
32,PB14_T5,z_score
32,PB14_T6,z_score
32,PB14_T7,z_score
32,PB14_T8,z_score
32,PB14_T9,z_score
32,PB15_T1,z_score
32,PB15_T10,z_score
32,PB15_T11,z_score
32,PB15_T12,distance_from_high
32,PB15_T2,z_score
32,PB15_T3,z_score
32,PB15_T4,z_score
32,PB15_T5,z_score
32,PB15_T6,z_score
32,PB15_T7,z_score
32,PB15_T8,z_score
32,PB15_T9,z_score
32,PB16_T1,z_score
32,PB16_T10,z_score
32,PB16_T11,z_score
32,PB16_T12,distance_from_high
32,PB16_T2,z_score
32,PB16_T3,z_score
32,PB16_T4,z_score
32,PB16_T5,z_score
32,PB16_T6,z_score
32,PB16_T7,z_score
32,PB16_T8,z_score
32,PB16_T9,z_score
32,PB17_T1,z_score
32,PB17_T10,z_score
32,PB17_T11,z_score
32,PB17_T12,distance_from_high
32,PB17_T2,z_score
32,PB17_T3,z_score
32,PB17_T4,z_score
32,PB17_T5,z_score
32,PB17_T6,z_score
32,PB17_T7,z_score
32,PB17_T8,z_score
32,PB17_T9,z_score
32,PB18_T1,z_score
32,PB18_T10,z_score
32,PB18_T11,z_score
32,PB18_T12,z_score
32,PB18_T2,z_score
32,PB18_T3,z_score
32,PB18_T4,z_score
32,PB18_T5,z_score
32,PB18_T6,z_score
32,PB18_T7,z_score
32,PB18_T8,z_score
32,PB18_T9,z_score
32,PB2_T1,z_score
32,PB2_T10,ema
32,PB2_T11,z_score
32,PB2_T12,upside_volatility
32,PB2_T2,z_score
32,PB2_T3,z_score
32,PB2_T4,z_score
32,PB2_T5,z_score
32,PB2_T6,z_score
32,PB2_T7,z_score
32,PB2_T8,z_score
32,PB2_T9,z_score
32,PB3_T1,z_score
32,PB3_T10,price_minus_mean
32,PB3_T11,downside_volatility
32,PB3_T12,rolling_median
32,PB3_T2,z_score
32,PB3_T3,z_score
32,PB3_T4,z_score
32,PB3_T5,z_score
32,PB3_T6,z_score
32,PB3_T7,z_score
32,PB3_T8,price_minus_mean
32,PB3_T9,z_score
32,PB4_T1,normalized_deviation
32,PB4_T10,price_minus_mean
32,PB4_T11,price_minus_mean
32,PB4_T12,distance_from_high
32,PB4_T2,normalized_deviation
32,PB4_T3,normalized_deviation
32,PB4_T4,normalized_deviation
32,PB4_T5,price_minus_mean
32,PB4_T6,price_minus_mean
32,PB4_T7,z_score
32,PB4_T8,z_score
32,PB4_T9,z_score
32,PB5_T1,normalized_deviation
32,PB5_T10,price_minus_mean
32,PB5_T11,price_minus_mean
32,PB5_T12,distance_from_high
32,PB5_T2,normalized_deviation
32,PB5_T3,normalized_deviation
32,PB5_T4,normalized_deviation
32,PB5_T5,price_minus_mean
32,PB5_T6,price_minus_mean
32,PB5_T7,z_score
32,PB5_T8,z_score
32,PB5_T9,z_score
32,PB6_T1,normalized_deviation
32,PB6_T10,rolling_return_mean
32,PB6_T11,distance_from_high
32,PB6_T12,ema
32,PB6_T2,rolling_return_mean
32,PB6_T3,rolling_return_mean
32,PB6_T4,rolling_return_mean
32,PB6_T5,rolling_return_mean
32,PB6_T6,momentum
32,PB6_T7,rolling_return_mean
32,PB6_T8,rolling_return_mean
32,PB6_T9,rolling_return_mean
32,PB7_T1,z_score
32,PB7_T10,z_score
32,PB7_T11,z_score
32,PB7_T12,z_score
32,PB7_T2,z_score
32,PB7_T3,z_score
32,PB7_T4,z_score
32,PB7_T5,z_score
32,PB7_T6,z_score
32,PB7_T7,z_score
32,PB7_T8,z_score
32,PB7_T9,z_score
32,PB8_T1,z_score
32,PB8_T10,z_score
32,PB8_T11,z_score
32,PB8_T12,distance_from_high
32,PB8_T2,z_score
32,PB8_T3,z_score
32,PB8_T4,z_score
32,PB8_T5,z_score
32,PB8_T6,z_score
32,PB8_T7,z_score
32,PB8_T8,z_score
32,PB8_T9,z_score
32,PB9_T1,ema
32,PB9_T10,z_score
32,PB9_T11,price_minus_mean
32,PB9_T12,z_score
32,PB9_T2,ema
32,PB9_T3,ema
32,PB9_T4,ema
32,PB9_T5,ema
32,PB9_T6,ema
32,PB9_T7,ema
32,PB9_T8,ema
32,PB9_T9,rolling_return_mean
33,BB1_T1,rolling_mean
33,BB1_T10,rolling_mean
33,BB1_T11,rolling_mean
33,BB1_T12,rolling_mean
33,BB1_T2,rolling_mean
33,BB1_T3,rolling_mean
33,BB1_T4,rolling_mean
33,BB1_T5,rolling_mean
33,BB1_T6,rolling_mean
33,BB1_T7,rolling_mean
33,BB1_T8,rolling_mean
33,BB1_T9,rolling_mean
33,BB10_T1,z_score
33,BB10_T10,z_score
33,BB10_T11,z_score
33,BB10_T12,z_score
33,BB10_T2,z_score
33,BB10_T3,z_score
33,BB10_T4,z_score
33,BB10_T5,z_score
33,BB10_T6,z_score
33,BB10_T7,z_score
33,BB10_T8,z_score
33,BB10_T9,z_score
33,BB11_T1,rolling_max
33,BB11_T10,rolling_max
33,BB11_T11,rolling_max
33,BB11_T12,rolling_max
33,BB11_T2,rolling_max
33,BB11_T3,rolling_max
33,BB11_T4,rolling_max
33,BB11_T5,rolling_max
33,BB11_T6,rolling_max
33,BB11_T7,rolling_max
33,BB11_T8,rolling_max
33,BB11_T9,rolling_max
33,BB12_T1,rolling_min
33,BB12_T10,rolling_min
33,BB12_T11,rolling_min
33,BB12_T12,rolling_min
33,BB12_T2,rolling_min
33,BB12_T3,rolling_min
33,BB12_T4,rolling_min
33,BB12_T5,rolling_min
33,BB12_T6,rolling_min
33,BB12_T7,rolling_min
33,BB12_T8,rolling_min
33,BB12_T9,rolling_min
33,BB13_T1,ema
33,BB13_T10,ema
33,BB13_T11,ema
33,BB13_T12,ema
33,BB13_T2,ema
33,BB13_T3,ema
33,BB13_T4,ema
33,BB13_T5,ema
33,BB13_T6,ema
33,BB13_T7,ema
33,BB13_T8,ema
33,BB13_T9,ema
33,BB14_T1,rolling_max
33,BB14_T10,ema
33,BB14_T11,ema
33,BB14_T12,ema
33,BB14_T2,ema
33,BB14_T3,ema
33,BB14_T4,ema
33,BB14_T5,ema
33,BB14_T6,ema
33,BB14_T7,ema
33,BB14_T8,ema
33,BB14_T9,ema
33,BB15_T1,rolling_min
33,BB15_T10,ema
33,BB15_T11,ema
33,BB15_T12,ema
33,BB15_T2,ema
33,BB15_T3,ema
33,BB15_T4,ema
33,BB15_T5,ema
33,BB15_T6,ema
33,BB15_T7,ema
33,BB15_T8,ema
33,BB15_T9,ema
33,BB2_T1,rolling_return_mean
33,BB2_T10,rolling_return_mean
33,BB2_T11,rolling_return_mean
33,BB2_T12,rolling_return_mean
33,BB2_T2,rolling_return_mean
33,BB2_T3,rolling_return_mean
33,BB2_T4,rolling_return_mean
33,BB2_T5,rolling_return_mean
33,BB2_T6,rolling_return_mean
33,BB2_T7,rolling_return_mean
33,BB2_T8,rolling_return_mean
33,BB2_T9,rolling_return_mean
33,BB3_T1,normalized_deviation
33,BB3_T10,price_minus_mean
33,BB3_T11,price_minus_mean
33,BB3_T12,price_minus_mean
33,BB3_T2,normalized_deviation
33,BB3_T3,normalized_deviation
33,BB3_T4,normalized_deviation
33,BB3_T5,normalized_deviation
33,BB3_T6,normalized_deviation
33,BB3_T7,price_minus_mean
33,BB3_T8,price_minus_mean
33,BB3_T9,price_minus_mean
33,BB4_T1,rolling_mean
33,BB4_T10,rolling_mean
33,BB4_T11,rolling_mean
33,BB4_T12,rolling_mean
33,BB4_T2,rolling_mean
33,BB4_T3,rolling_mean
33,BB4_T4,rolling_mean
33,BB4_T5,rolling_mean
33,BB4_T6,rolling_mean
33,BB4_T7,rolling_mean
33,BB4_T8,rolling_mean
33,BB4_T9,rolling_mean
33,BB5_T1,ema
33,BB5_T10,ema
33,BB5_T11,ema
33,BB5_T12,ema
33,BB5_T2,ema
33,BB5_T3,ema
33,BB5_T4,ema
33,BB5_T5,ema
33,BB5_T6,ema
33,BB5_T7,ema
33,BB5_T8,ema
33,BB5_T9,ema
33,BB6_T1,rolling_mean
33,BB6_T10,rolling_mean
33,BB6_T11,rolling_mean
33,BB6_T12,rolling_mean
33,BB6_T2,rolling_mean
33,BB6_T3,rolling_mean
33,BB6_T4,rolling_mean
33,BB6_T5,rolling_mean
33,BB6_T6,rolling_mean
33,BB6_T7,rolling_mean
33,BB6_T8,rolling_mean
33,BB6_T9,rolling_mean
33,BB7_T1,rolling_max
33,BB7_T10,rolling_max
33,BB7_T11,rolling_max
33,BB7_T12,rolling_max
33,BB7_T2,rolling_max
33,BB7_T3,rolling_max
33,BB7_T4,rolling_max
33,BB7_T5,rolling_max
33,BB7_T6,rolling_max
33,BB7_T7,rolling_max
33,BB7_T8,rolling_max
33,BB7_T9,rolling_max
33,BB8_T1,rolling_min
33,BB8_T10,rolling_min
33,BB8_T11,rolling_min
33,BB8_T12,rolling_min
33,BB8_T2,rolling_min
33,BB8_T3,rolling_min
33,BB8_T4,rolling_min
33,BB8_T5,rolling_min
33,BB8_T6,rolling_min
33,BB8_T7,rolling_min
33,BB8_T8,rolling_min
33,BB8_T9,rolling_min
33,BB9_T1,rolling_std
33,BB9_T10,rolling_std
33,BB9_T11,rolling_std
33,BB9_T12,rolling_std
33,BB9_T2,rolling_std
33,BB9_T3,rolling_std
33,BB9_T4,rolling_std
33,BB9_T5,rolling_std
33,BB9_T6,rolling_std
33,BB9_T7,rolling_std
33,BB9_T8,rolling_std
33,BB9_T9,rolling_std
33,PB1_T1,normalized_deviation
33,PB1_T10,z_score
33,PB1_T11,z_score
33,PB1_T12,z_score
33,PB1_T2,price_minus_mean
33,PB1_T3,normalized_deviation
33,PB1_T4,normalized_deviation
33,PB1_T5,normalized_deviation
33,PB1_T6,z_score
33,PB1_T7,z_score
33,PB1_T8,normalized_deviation
33,PB1_T9,z_score
33,PB10_T1,ema
33,PB10_T10,ema
33,PB10_T11,ema
33,PB10_T12,absolute_return_mean
33,PB10_T2,ema
33,PB10_T3,ema
33,PB10_T4,ema
33,PB10_T5,ema
33,PB10_T6,ema
33,PB10_T7,ema
33,PB10_T8,ema
33,PB10_T9,ema
33,PB11_T1,ema
33,PB11_T10,ema
33,PB11_T11,ema
33,PB11_T12,rolling_min
33,PB11_T2,ema
33,PB11_T3,ema
33,PB11_T4,ema
33,PB11_T5,ema
33,PB11_T6,ema
33,PB11_T7,ema
33,PB11_T8,ema
33,PB11_T9,ema
33,PB12_T1,normalized_deviation
33,PB12_T10,z_score
33,PB12_T11,z_score
33,PB12_T12,z_score
33,PB12_T2,price_minus_mean
33,PB12_T3,normalized_deviation
33,PB12_T4,normalized_deviation
33,PB12_T5,normalized_deviation
33,PB12_T6,z_score
33,PB12_T7,z_score
33,PB12_T8,normalized_deviation
33,PB12_T9,z_score
33,PB13_T1,normalized_deviation
33,PB13_T10,z_score
33,PB13_T11,z_score
33,PB13_T12,z_score
33,PB13_T2,price_minus_mean
33,PB13_T3,normalized_deviation
33,PB13_T4,normalized_deviation
33,PB13_T5,normalized_deviation
33,PB13_T6,z_score
33,PB13_T7,z_score
33,PB13_T8,normalized_deviation
33,PB13_T9,z_score
33,PB14_T1,z_score
33,PB14_T10,z_score
33,PB14_T11,z_score
33,PB14_T12,z_score
33,PB14_T2,z_score
33,PB14_T3,z_score
33,PB14_T4,z_score
33,PB14_T5,z_score
33,PB14_T6,z_score
33,PB14_T7,z_score
33,PB14_T8,z_score
33,PB14_T9,z_score
33,PB15_T1,z_score
33,PB15_T10,z_score
33,PB15_T11,z_score
33,PB15_T12,distance_from_low
33,PB15_T2,z_score
33,PB15_T3,z_score
33,PB15_T4,z_score
33,PB15_T5,z_score
33,PB15_T6,z_score
33,PB15_T7,z_score
33,PB15_T8,z_score
33,PB15_T9,z_score
33,PB16_T1,z_score
33,PB16_T10,z_score
33,PB16_T11,z_score
33,PB16_T12,distance_from_low
33,PB16_T2,z_score
33,PB16_T3,z_score
33,PB16_T4,z_score
33,PB16_T5,z_score
33,PB16_T6,z_score
33,PB16_T7,z_score
33,PB16_T8,z_score
33,PB16_T9,z_score
33,PB17_T1,z_score
33,PB17_T10,z_score
33,PB17_T11,z_score
33,PB17_T12,distance_from_low
33,PB17_T2,z_score
33,PB17_T3,z_score
33,PB17_T4,z_score
33,PB17_T5,z_score
33,PB17_T6,z_score
33,PB17_T7,z_score
33,PB17_T8,z_score
33,PB17_T9,z_score
33,PB18_T1,z_score
33,PB18_T10,z_score
33,PB18_T11,z_score
33,PB18_T12,distance_from_low
33,PB18_T2,z_score
33,PB18_T3,z_score
33,PB18_T4,z_score
33,PB18_T5,z_score
33,PB18_T6,z_score
33,PB18_T7,z_score
33,PB18_T8,z_score
33,PB18_T9,z_score
33,PB2_T1,z_score
33,PB2_T10,rolling_median
33,PB2_T11,rolling_median
33,PB2_T12,distance_from_low
33,PB2_T2,z_score
33,PB2_T3,z_score
33,PB2_T4,z_score
33,PB2_T5,z_score
33,PB2_T6,z_score
33,PB2_T7,z_score
33,PB2_T8,z_score
33,PB2_T9,z_score
33,PB3_T1,z_score
33,PB3_T10,distance_from_low
33,PB3_T11,distance_from_low
33,PB3_T12,rolling_median
33,PB3_T2,z_score
33,PB3_T3,z_score
33,PB3_T4,z_score
33,PB3_T5,z_score
33,PB3_T6,z_score
33,PB3_T7,z_score
33,PB3_T8,normalized_deviation
33,PB3_T9,normalized_deviation
33,PB4_T1,normalized_deviation
33,PB4_T10,z_score
33,PB4_T11,z_score
33,PB4_T12,z_score
33,PB4_T2,price_minus_mean
33,PB4_T3,normalized_deviation
33,PB4_T4,normalized_deviation
33,PB4_T5,normalized_deviation
33,PB4_T6,z_score
33,PB4_T7,z_score
33,PB4_T8,normalized_deviation
33,PB4_T9,z_score
33,PB5_T1,normalized_deviation
33,PB5_T10,z_score
33,PB5_T11,z_score
33,PB5_T12,z_score
33,PB5_T2,price_minus_mean
33,PB5_T3,normalized_deviation
33,PB5_T4,normalized_deviation
33,PB5_T5,normalized_deviation
33,PB5_T6,z_score
33,PB5_T7,z_score
33,PB5_T8,normalized_deviation
33,PB5_T9,z_score
33,PB6_T1,price_minus_mean
33,PB6_T10,rolling_return_mean
33,PB6_T11,rolling_return_mean
33,PB6_T12,rolling_mean
33,PB6_T2,rolling_return_mean
33,PB6_T3,momentum
33,PB6_T4,rolling_return_mean
33,PB6_T5,rolling_return_mean
33,PB6_T6,rolling_return_mean
33,PB6_T7,momentum
33,PB6_T8,momentum
33,PB6_T9,rolling_return_mean
33,PB7_T1,z_score
33,PB7_T10,z_score
33,PB7_T11,z_score
33,PB7_T12,distance_from_low
33,PB7_T2,z_score
33,PB7_T3,z_score
33,PB7_T4,z_score
33,PB7_T5,z_score
33,PB7_T6,z_score
33,PB7_T7,z_score
33,PB7_T8,z_score
33,PB7_T9,z_score
33,PB8_T1,z_score
33,PB8_T10,z_score
33,PB8_T11,z_score
33,PB8_T12,distance_from_low
33,PB8_T2,z_score
33,PB8_T3,z_score
33,PB8_T4,z_score
33,PB8_T5,z_score
33,PB8_T6,z_score
33,PB8_T7,z_score
33,PB8_T8,z_score
33,PB8_T9,z_score
33,PB9_T1,ema
33,PB9_T10,ema
33,PB9_T11,ema
33,PB9_T12,distance_from_low
33,PB9_T2,ema
33,PB9_T3,ema
33,PB9_T4,ema
33,PB9_T5,ema
33,PB9_T6,ema
33,PB9_T7,ema
33,PB9_T8,ema
33,PB9_T9,ema
34,BB1_T1,ema
34,BB1_T10,rolling_mean
34,BB1_T11,rolling_mean
34,BB1_T12,rolling_mean
34,BB1_T2,rolling_mean
34,BB1_T3,rolling_mean
34,BB1_T4,rolling_mean
34,BB1_T5,rolling_mean
34,BB1_T6,rolling_mean
34,BB1_T7,rolling_mean
34,BB1_T8,rolling_mean
34,BB1_T9,rolling_mean
34,BB10_T1,z_score
34,BB10_T10,z_score
34,BB10_T11,z_score
34,BB10_T12,z_score
34,BB10_T2,z_score
34,BB10_T3,z_score
34,BB10_T4,z_score
34,BB10_T5,z_score
34,BB10_T6,z_score
34,BB10_T7,z_score
34,BB10_T8,z_score
34,BB10_T9,z_score
34,BB11_T1,rolling_max
34,BB11_T10,rolling_max
34,BB11_T11,rolling_max
34,BB11_T12,rolling_max
34,BB11_T2,rolling_max
34,BB11_T3,rolling_max
34,BB11_T4,rolling_max
34,BB11_T5,rolling_max
34,BB11_T6,rolling_max
34,BB11_T7,rolling_max
34,BB11_T8,rolling_max
34,BB11_T9,rolling_max
34,BB12_T1,rolling_min
34,BB12_T10,rolling_min
34,BB12_T11,rolling_min
34,BB12_T12,rolling_min
34,BB12_T2,rolling_min
34,BB12_T3,rolling_min
34,BB12_T4,rolling_min
34,BB12_T5,rolling_min
34,BB12_T6,rolling_min
34,BB12_T7,rolling_min
34,BB12_T8,rolling_min
34,BB12_T9,rolling_min
34,BB13_T1,ema
34,BB13_T10,ema
34,BB13_T11,ema
34,BB13_T12,ema
34,BB13_T2,ema
34,BB13_T3,ema
34,BB13_T4,ema
34,BB13_T5,ema
34,BB13_T6,ema
34,BB13_T7,ema
34,BB13_T8,ema
34,BB13_T9,ema
34,BB14_T1,rolling_max
34,BB14_T10,ema
34,BB14_T11,ema
34,BB14_T12,ema
34,BB14_T2,ema
34,BB14_T3,ema
34,BB14_T4,ema
34,BB14_T5,ema
34,BB14_T6,ema
34,BB14_T7,ema
34,BB14_T8,ema
34,BB14_T9,ema
34,BB15_T1,rolling_min
34,BB15_T10,ema
34,BB15_T11,ema
34,BB15_T12,ema
34,BB15_T2,ema
34,BB15_T3,ema
34,BB15_T4,ema
34,BB15_T5,ema
34,BB15_T6,ema
34,BB15_T7,ema
34,BB15_T8,ema
34,BB15_T9,ema
34,BB2_T1,momentum
34,BB2_T10,momentum
34,BB2_T11,momentum
34,BB2_T12,rolling_return_mean
34,BB2_T2,momentum
34,BB2_T3,momentum
34,BB2_T4,momentum
34,BB2_T5,momentum
34,BB2_T6,momentum
34,BB2_T7,rolling_return_mean
34,BB2_T8,momentum
34,BB2_T9,momentum
34,BB3_T1,price_minus_mean
34,BB3_T10,normalized_deviation
34,BB3_T11,normalized_deviation
34,BB3_T12,price_minus_mean
34,BB3_T2,price_minus_mean
34,BB3_T3,normalized_deviation
34,BB3_T4,normalized_deviation
34,BB3_T5,price_minus_mean
34,BB3_T6,normalized_deviation
34,BB3_T7,normalized_deviation
34,BB3_T8,normalized_deviation
34,BB3_T9,normalized_deviation
34,BB4_T1,rolling_mean
34,BB4_T10,rolling_mean
34,BB4_T11,rolling_mean
34,BB4_T12,rolling_mean
34,BB4_T2,rolling_mean
34,BB4_T3,rolling_mean
34,BB4_T4,rolling_mean
34,BB4_T5,rolling_mean
34,BB4_T6,rolling_mean
34,BB4_T7,rolling_mean
34,BB4_T8,rolling_mean
34,BB4_T9,rolling_mean
34,BB5_T1,ema
34,BB5_T10,ema
34,BB5_T11,ema
34,BB5_T12,ema
34,BB5_T2,ema
34,BB5_T3,ema
34,BB5_T4,ema
34,BB5_T5,ema
34,BB5_T6,ema
34,BB5_T7,ema
34,BB5_T8,ema
34,BB5_T9,ema
34,BB6_T1,rolling_mean
34,BB6_T10,rolling_mean
34,BB6_T11,rolling_mean
34,BB6_T12,rolling_mean
34,BB6_T2,rolling_mean
34,BB6_T3,rolling_mean
34,BB6_T4,rolling_mean
34,BB6_T5,rolling_mean
34,BB6_T6,rolling_mean
34,BB6_T7,rolling_mean
34,BB6_T8,rolling_mean
34,BB6_T9,rolling_mean
34,BB7_T1,rolling_max
34,BB7_T10,rolling_max
34,BB7_T11,rolling_max
34,BB7_T12,rolling_max
34,BB7_T2,rolling_max
34,BB7_T3,rolling_max
34,BB7_T4,rolling_max
34,BB7_T5,rolling_max
34,BB7_T6,rolling_max
34,BB7_T7,rolling_max
34,BB7_T8,rolling_max
34,BB7_T9,rolling_max
34,BB8_T1,rolling_min
34,BB8_T10,rolling_min
34,BB8_T11,rolling_min
34,BB8_T12,rolling_min
34,BB8_T2,rolling_min
34,BB8_T3,rolling_min
34,BB8_T4,rolling_min
34,BB8_T5,rolling_min
34,BB8_T6,rolling_min
34,BB8_T7,rolling_min
34,BB8_T8,rolling_min
34,BB8_T9,rolling_min
34,BB9_T1,rolling_std
34,BB9_T10,rolling_std
34,BB9_T11,rolling_std
34,BB9_T12,rolling_std
34,BB9_T2,rolling_std
34,BB9_T3,rolling_std
34,BB9_T4,rolling_std
34,BB9_T5,rolling_std
34,BB9_T6,rolling_std
34,BB9_T7,rolling_std
34,BB9_T8,rolling_std
34,BB9_T9,rolling_std
34,PB1_T1,normalized_deviation
34,PB1_T10,z_score
34,PB1_T11,z_score
34,PB1_T12,distance_from_low
34,PB1_T2,normalized_deviation
34,PB1_T3,normalized_deviation
34,PB1_T4,normalized_deviation
34,PB1_T5,price_minus_mean
34,PB1_T6,price_minus_mean
34,PB1_T7,z_score
34,PB1_T8,z_score
34,PB1_T9,z_score
34,PB10_T1,ema
34,PB10_T10,ema
34,PB10_T11,ema
34,PB10_T12,ema
34,PB10_T2,ema
34,PB10_T3,ema
34,PB10_T4,ema
34,PB10_T5,ema
34,PB10_T6,ema
34,PB10_T7,ema
34,PB10_T8,ema
34,PB10_T9,ema
34,PB11_T1,ema
34,PB11_T10,ema
34,PB11_T11,ema
34,PB11_T12,rolling_min
34,PB11_T2,ema
34,PB11_T3,ema
34,PB11_T4,ema
34,PB11_T5,ema
34,PB11_T6,rolling_min
34,PB11_T7,rolling_min
34,PB11_T8,ema
34,PB11_T9,ema
34,PB12_T1,normalized_deviation
34,PB12_T10,z_score
34,PB12_T11,z_score
34,PB12_T12,distance_from_low
34,PB12_T2,normalized_deviation
34,PB12_T3,normalized_deviation
34,PB12_T4,normalized_deviation
34,PB12_T5,price_minus_mean
34,PB12_T6,price_minus_mean
34,PB12_T7,z_score
34,PB12_T8,z_score
34,PB12_T9,z_score
34,PB13_T1,normalized_deviation
34,PB13_T10,z_score
34,PB13_T11,z_score
34,PB13_T12,distance_from_low
34,PB13_T2,normalized_deviation
34,PB13_T3,normalized_deviation
34,PB13_T4,normalized_deviation
34,PB13_T5,price_minus_mean
34,PB13_T6,price_minus_mean
34,PB13_T7,z_score
34,PB13_T8,z_score
34,PB13_T9,z_score
34,PB14_T1,z_score
34,PB14_T10,z_score
34,PB14_T11,z_score
34,PB14_T12,distance_from_low
34,PB14_T2,z_score
34,PB14_T3,z_score
34,PB14_T4,z_score
34,PB14_T5,z_score
34,PB14_T6,z_score
34,PB14_T7,z_score
34,PB14_T8,z_score
34,PB14_T9,z_score
34,PB15_T1,z_score
34,PB15_T10,z_score
34,PB15_T11,z_score
34,PB15_T12,distance_from_low
34,PB15_T2,z_score
34,PB15_T3,z_score
34,PB15_T4,z_score
34,PB15_T5,z_score
34,PB15_T6,z_score
34,PB15_T7,z_score
34,PB15_T8,z_score
34,PB15_T9,z_score
34,PB16_T1,z_score
34,PB16_T10,z_score
34,PB16_T11,z_score
34,PB16_T12,distance_from_low
34,PB16_T2,z_score
34,PB16_T3,z_score
34,PB16_T4,z_score
34,PB16_T5,z_score
34,PB16_T6,z_score
34,PB16_T7,z_score
34,PB16_T8,z_score
34,PB16_T9,z_score
34,PB17_T1,z_score
34,PB17_T10,z_score
34,PB17_T11,z_score
34,PB17_T12,distance_from_low
34,PB17_T2,z_score
34,PB17_T3,z_score
34,PB17_T4,z_score
34,PB17_T5,z_score
34,PB17_T6,z_score
34,PB17_T7,z_score
34,PB17_T8,z_score
34,PB17_T9,z_score
34,PB18_T1,z_score
34,PB18_T10,z_score
34,PB18_T11,z_score
34,PB18_T12,rolling_std
34,PB18_T2,z_score
34,PB18_T3,z_score
34,PB18_T4,z_score
34,PB18_T5,z_score
34,PB18_T6,z_score
34,PB18_T7,z_score
34,PB18_T8,z_score
34,PB18_T9,z_score
34,PB2_T1,z_score
34,PB2_T10,downside_volatility
34,PB2_T11,downside_volatility
34,PB2_T12,distance_from_low
34,PB2_T2,z_score
34,PB2_T3,z_score
34,PB2_T4,z_score
34,PB2_T5,z_score
34,PB2_T6,z_score
34,PB2_T7,z_score
34,PB2_T8,z_score
34,PB2_T9,z_score
34,PB3_T1,z_score
34,PB3_T10,z_score
34,PB3_T11,z_score
34,PB3_T12,price_minus_mean
34,PB3_T2,z_score
34,PB3_T3,z_score
34,PB3_T4,z_score
34,PB3_T5,z_score
34,PB3_T6,z_score
34,PB3_T7,z_score
34,PB3_T8,normalized_deviation
34,PB3_T9,normalized_deviation
34,PB4_T1,normalized_deviation
34,PB4_T10,z_score
34,PB4_T11,z_score
34,PB4_T12,distance_from_low
34,PB4_T2,normalized_deviation
34,PB4_T3,normalized_deviation
34,PB4_T4,normalized_deviation
34,PB4_T5,price_minus_mean
34,PB4_T6,price_minus_mean
34,PB4_T7,z_score
34,PB4_T8,z_score
34,PB4_T9,z_score
34,PB5_T1,normalized_deviation
34,PB5_T10,z_score
34,PB5_T11,z_score
34,PB5_T12,distance_from_low
34,PB5_T2,normalized_deviation
34,PB5_T3,normalized_deviation
34,PB5_T4,normalized_deviation
34,PB5_T5,price_minus_mean
34,PB5_T6,price_minus_mean
34,PB5_T7,z_score
34,PB5_T8,z_score
34,PB5_T9,z_score
34,PB6_T1,price_minus_mean
34,PB6_T10,distance_from_high
34,PB6_T11,distance_from_high
34,PB6_T12,rolling_std
34,PB6_T2,price_minus_mean
34,PB6_T3,rolling_return_mean
34,PB6_T4,rolling_return_mean
34,PB6_T5,rolling_return_mean
34,PB6_T6,rolling_return_mean
34,PB6_T7,rolling_return_mean
34,PB6_T8,rolling_return_mean
34,PB6_T9,rolling_return_mean
34,PB7_T1,z_score
34,PB7_T10,z_score
34,PB7_T11,z_score
34,PB7_T12,rolling_std
34,PB7_T2,z_score
34,PB7_T3,z_score
34,PB7_T4,z_score
34,PB7_T5,z_score
34,PB7_T6,z_score
34,PB7_T7,z_score
34,PB7_T8,z_score
34,PB7_T9,z_score
34,PB8_T1,z_score
34,PB8_T10,z_score
34,PB8_T11,z_score
34,PB8_T12,rolling_std
34,PB8_T2,z_score
34,PB8_T3,z_score
34,PB8_T4,z_score
34,PB8_T5,z_score
34,PB8_T6,z_score
34,PB8_T7,z_score
34,PB8_T8,z_score
34,PB8_T9,z_score
34,PB9_T1,ema
34,PB9_T10,distance_from_low
34,PB9_T11,z_score
34,PB9_T12,price_minus_mean
34,PB9_T2,ema
34,PB9_T3,ema
34,PB9_T4,ema
34,PB9_T5,ema
34,PB9_T6,ema
34,PB9_T7,ema
34,PB9_T8,ema
34,PB9_T9,ema
35,BB1_T1,ema
35,BB1_T10,rolling_mean
35,BB1_T11,rolling_mean
35,BB1_T12,rolling_mean
35,BB1_T2,ema
35,BB1_T3,rolling_mean
35,BB1_T4,rolling_mean
35,BB1_T5,rolling_mean
35,BB1_T6,rolling_mean
35,BB1_T7,rolling_mean
35,BB1_T8,rolling_mean
35,BB1_T9,rolling_mean
35,BB10_T1,z_score
35,BB10_T10,z_score
35,BB10_T11,z_score
35,BB10_T12,z_score
35,BB10_T2,z_score
35,BB10_T3,z_score
35,BB10_T4,z_score
35,BB10_T5,z_score
35,BB10_T6,z_score
35,BB10_T7,z_score
35,BB10_T8,z_score
35,BB10_T9,z_score
35,BB11_T1,rolling_max
35,BB11_T10,rolling_max
35,BB11_T11,rolling_max
35,BB11_T12,rolling_max
35,BB11_T2,rolling_max
35,BB11_T3,rolling_max
35,BB11_T4,rolling_max
35,BB11_T5,rolling_max
35,BB11_T6,rolling_max
35,BB11_T7,rolling_max
35,BB11_T8,rolling_max
35,BB11_T9,rolling_max
35,BB12_T1,rolling_min
35,BB12_T10,rolling_min
35,BB12_T11,rolling_min
35,BB12_T12,rolling_min
35,BB12_T2,rolling_min
35,BB12_T3,rolling_min
35,BB12_T4,rolling_min
35,BB12_T5,rolling_min
35,BB12_T6,rolling_min
35,BB12_T7,rolling_min
35,BB12_T8,rolling_min
35,BB12_T9,rolling_min
35,BB13_T1,ema
35,BB13_T10,ema
35,BB13_T11,ema
35,BB13_T12,ema
35,BB13_T2,ema
35,BB13_T3,ema
35,BB13_T4,ema
35,BB13_T5,ema
35,BB13_T6,ema
35,BB13_T7,ema
35,BB13_T8,ema
35,BB13_T9,ema
35,BB14_T1,rolling_max
35,BB14_T10,ema
35,BB14_T11,ema
35,BB14_T12,ema
35,BB14_T2,ema
35,BB14_T3,ema
35,BB14_T4,ema
35,BB14_T5,ema
35,BB14_T6,ema
35,BB14_T7,ema
35,BB14_T8,ema
35,BB14_T9,ema
35,BB15_T1,rolling_min
35,BB15_T10,ema
35,BB15_T11,ema
35,BB15_T12,ema
35,BB15_T2,ema
35,BB15_T3,ema
35,BB15_T4,ema
35,BB15_T5,ema
35,BB15_T6,ema
35,BB15_T7,ema
35,BB15_T8,ema
35,BB15_T9,ema
35,BB2_T1,rolling_return_mean
35,BB2_T10,momentum
35,BB2_T11,momentum
35,BB2_T12,momentum
35,BB2_T2,rolling_return_mean
35,BB2_T3,rolling_return_mean
35,BB2_T4,rolling_return_mean
35,BB2_T5,rolling_return_mean
35,BB2_T6,rolling_return_mean
35,BB2_T7,momentum
35,BB2_T8,momentum
35,BB2_T9,rolling_return_mean
35,BB3_T1,normalized_deviation
35,BB3_T10,normalized_deviation
35,BB3_T11,normalized_deviation
35,BB3_T12,normalized_deviation
35,BB3_T2,normalized_deviation
35,BB3_T3,normalized_deviation
35,BB3_T4,normalized_deviation
35,BB3_T5,normalized_deviation
35,BB3_T6,normalized_deviation
35,BB3_T7,normalized_deviation
35,BB3_T8,normalized_deviation
35,BB3_T9,normalized_deviation
35,BB4_T1,rolling_mean
35,BB4_T10,rolling_mean
35,BB4_T11,rolling_mean
35,BB4_T12,rolling_mean
35,BB4_T2,rolling_mean
35,BB4_T3,rolling_mean
35,BB4_T4,rolling_mean
35,BB4_T5,rolling_mean
35,BB4_T6,rolling_mean
35,BB4_T7,rolling_mean
35,BB4_T8,rolling_mean
35,BB4_T9,rolling_mean
35,BB5_T1,ema
35,BB5_T10,ema
35,BB5_T11,ema
35,BB5_T12,ema
35,BB5_T2,ema
35,BB5_T3,ema
35,BB5_T4,ema
35,BB5_T5,ema
35,BB5_T6,ema
35,BB5_T7,ema
35,BB5_T8,ema
35,BB5_T9,ema
35,BB6_T1,rolling_mean
35,BB6_T10,rolling_mean
35,BB6_T11,rolling_mean
35,BB6_T12,rolling_mean
35,BB6_T2,rolling_mean
35,BB6_T3,rolling_mean
35,BB6_T4,rolling_mean
35,BB6_T5,rolling_mean
35,BB6_T6,rolling_mean
35,BB6_T7,rolling_mean
35,BB6_T8,rolling_mean
35,BB6_T9,rolling_mean
35,BB7_T1,rolling_max
35,BB7_T10,rolling_max
35,BB7_T11,rolling_max
35,BB7_T12,rolling_max
35,BB7_T2,rolling_max
35,BB7_T3,rolling_max
35,BB7_T4,rolling_max
35,BB7_T5,rolling_max
35,BB7_T6,rolling_max
35,BB7_T7,rolling_max
35,BB7_T8,rolling_max
35,BB7_T9,rolling_max
35,BB8_T1,rolling_min
35,BB8_T10,rolling_min
35,BB8_T11,rolling_min
35,BB8_T12,rolling_min
35,BB8_T2,rolling_min
35,BB8_T3,rolling_min
35,BB8_T4,rolling_min
35,BB8_T5,rolling_min
35,BB8_T6,rolling_min
35,BB8_T7,rolling_min
35,BB8_T8,rolling_min
35,BB8_T9,rolling_min
35,BB9_T1,rolling_std
35,BB9_T10,rolling_std
35,BB9_T11,rolling_std
35,BB9_T12,rolling_std
35,BB9_T2,rolling_std
35,BB9_T3,rolling_std
35,BB9_T4,rolling_std
35,BB9_T5,rolling_std
35,BB9_T6,rolling_std
35,BB9_T7,rolling_std
35,BB9_T8,rolling_std
35,BB9_T9,rolling_std
35,PB1_T1,normalized_deviation
35,PB1_T10,z_score
35,PB1_T11,z_score
35,PB1_T12,distance_from_high
35,PB1_T2,normalized_deviation
35,PB1_T3,price_minus_mean
35,PB1_T4,normalized_deviation
35,PB1_T5,price_minus_mean
35,PB1_T6,price_minus_mean
35,PB1_T7,price_minus_mean
35,PB1_T8,normalized_deviation
35,PB1_T9,z_score
35,PB10_T1,ema
35,PB10_T10,rolling_max
35,PB10_T11,rolling_max
35,PB10_T12,rolling_std
35,PB10_T2,ema
35,PB10_T3,ema
35,PB10_T4,rolling_max
35,PB10_T5,rolling_max
35,PB10_T6,rolling_max
35,PB10_T7,rolling_max
35,PB10_T8,rolling_max
35,PB10_T9,rolling_max
35,PB11_T1,ema
35,PB11_T10,ema
35,PB11_T11,downside_volatility
35,PB11_T12,rolling_max
35,PB11_T2,ema
35,PB11_T3,ema
35,PB11_T4,ema
35,PB11_T5,ema
35,PB11_T6,ema
35,PB11_T7,ema
35,PB11_T8,ema
35,PB11_T9,ema
35,PB12_T1,normalized_deviation
35,PB12_T10,z_score
35,PB12_T11,z_score
35,PB12_T12,distance_from_high
35,PB12_T2,normalized_deviation
35,PB12_T3,price_minus_mean
35,PB12_T4,normalized_deviation
35,PB12_T5,price_minus_mean
35,PB12_T6,price_minus_mean
35,PB12_T7,price_minus_mean
35,PB12_T8,normalized_deviation
35,PB12_T9,z_score
35,PB13_T1,normalized_deviation
35,PB13_T10,z_score
35,PB13_T11,z_score
35,PB13_T12,distance_from_high
35,PB13_T2,normalized_deviation
35,PB13_T3,price_minus_mean
35,PB13_T4,normalized_deviation
35,PB13_T5,price_minus_mean
35,PB13_T6,price_minus_mean
35,PB13_T7,price_minus_mean
35,PB13_T8,normalized_deviation
35,PB13_T9,z_score
35,PB14_T1,z_score
35,PB14_T10,z_score
35,PB14_T11,z_score
35,PB14_T12,distance_from_high
35,PB14_T2,z_score
35,PB14_T3,z_score
35,PB14_T4,z_score
35,PB14_T5,z_score
35,PB14_T6,z_score
35,PB14_T7,z_score
35,PB14_T8,z_score
35,PB14_T9,z_score
35,PB15_T1,z_score
35,PB15_T10,z_score
35,PB15_T11,z_score
35,PB15_T12,distance_from_high
35,PB15_T2,z_score
35,PB15_T3,z_score
35,PB15_T4,z_score
35,PB15_T5,z_score
35,PB15_T6,z_score
35,PB15_T7,z_score
35,PB15_T8,z_score
35,PB15_T9,z_score
35,PB16_T1,z_score
35,PB16_T10,z_score
35,PB16_T11,z_score
35,PB16_T12,distance_from_high
35,PB16_T2,z_score
35,PB16_T3,z_score
35,PB16_T4,z_score
35,PB16_T5,z_score
35,PB16_T6,z_score
35,PB16_T7,z_score
35,PB16_T8,z_score
35,PB16_T9,z_score
35,PB17_T1,z_score
35,PB17_T10,z_score
35,PB17_T11,z_score
35,PB17_T12,distance_from_high
35,PB17_T2,z_score
35,PB17_T3,z_score
35,PB17_T4,z_score
35,PB17_T5,z_score
35,PB17_T6,z_score
35,PB17_T7,z_score
35,PB17_T8,z_score
35,PB17_T9,z_score
35,PB18_T1,z_score
35,PB18_T10,z_score
35,PB18_T11,z_score
35,PB18_T12,distance_from_high
35,PB18_T2,z_score
35,PB18_T3,z_score
35,PB18_T4,z_score
35,PB18_T5,z_score
35,PB18_T6,z_score
35,PB18_T7,z_score
35,PB18_T8,z_score
35,PB18_T9,z_score
35,PB2_T1,z_score
35,PB2_T10,z_score
35,PB2_T11,z_score
35,PB2_T12,rolling_std
35,PB2_T2,z_score
35,PB2_T3,z_score
35,PB2_T4,z_score
35,PB2_T5,z_score
35,PB2_T6,z_score
35,PB2_T7,z_score
35,PB2_T8,z_score
35,PB2_T9,distance_from_high
35,PB3_T1,z_score
35,PB3_T10,distance_from_low
35,PB3_T11,distance_from_low
35,PB3_T12,distance_from_high
35,PB3_T2,z_score
35,PB3_T3,z_score
35,PB3_T4,z_score
35,PB3_T5,z_score
35,PB3_T6,z_score
35,PB3_T7,z_score
35,PB3_T8,price_minus_mean
35,PB3_T9,price_minus_mean
35,PB4_T1,normalized_deviation
35,PB4_T10,z_score
35,PB4_T11,z_score
35,PB4_T12,distance_from_high
35,PB4_T2,normalized_deviation
35,PB4_T3,price_minus_mean
35,PB4_T4,normalized_deviation
35,PB4_T5,price_minus_mean
35,PB4_T6,price_minus_mean
35,PB4_T7,price_minus_mean
35,PB4_T8,normalized_deviation
35,PB4_T9,z_score
35,PB5_T1,normalized_deviation
35,PB5_T10,z_score
35,PB5_T11,z_score
35,PB5_T12,distance_from_high
35,PB5_T2,normalized_deviation
35,PB5_T3,price_minus_mean
35,PB5_T4,normalized_deviation
35,PB5_T5,price_minus_mean
35,PB5_T6,price_minus_mean
35,PB5_T7,price_minus_mean
35,PB5_T8,normalized_deviation
35,PB5_T9,z_score
35,PB6_T1,normalized_deviation
35,PB6_T10,rolling_return_mean
35,PB6_T11,price_minus_mean
35,PB6_T12,rolling_std
35,PB6_T2,rolling_return_mean
35,PB6_T3,momentum
35,PB6_T4,momentum
35,PB6_T5,rolling_return_mean
35,PB6_T6,rolling_return_mean
35,PB6_T7,rolling_return_mean
35,PB6_T8,rolling_return_mean
35,PB6_T9,rolling_return_mean
35,PB7_T1,z_score
35,PB7_T10,z_score
35,PB7_T11,z_score
35,PB7_T12,distance_from_high
35,PB7_T2,z_score
35,PB7_T3,z_score
35,PB7_T4,z_score
35,PB7_T5,z_score
35,PB7_T6,z_score
35,PB7_T7,z_score
35,PB7_T8,z_score
35,PB7_T9,z_score
35,PB8_T1,z_score
35,PB8_T10,z_score
35,PB8_T11,z_score
35,PB8_T12,distance_from_high
35,PB8_T2,z_score
35,PB8_T3,z_score
35,PB8_T4,z_score
35,PB8_T5,z_score
35,PB8_T6,z_score
35,PB8_T7,z_score
35,PB8_T8,z_score
35,PB8_T9,z_score
35,PB9_T1,ema
35,PB9_T10,downside_volatility
35,PB9_T11,rolling_max
35,PB9_T12,price_minus_mean
35,PB9_T2,ema
35,PB9_T3,ema
35,PB9_T4,ema
35,PB9_T5,ema
35,PB9_T6,ema
35,PB9_T7,ema
35,PB9_T8,rolling_max
35,PB9_T9,rolling_max
36,BB1_T1,rolling_mean
36,BB1_T10,rolling_mean
36,BB1_T11,rolling_mean
36,BB1_T12,rolling_mean
36,BB1_T2,rolling_mean
36,BB1_T3,rolling_mean
36,BB1_T4,rolling_mean
36,BB1_T5,rolling_mean
36,BB1_T6,rolling_mean
36,BB1_T7,rolling_mean
36,BB1_T8,rolling_mean
36,BB1_T9,rolling_mean
36,BB10_T1,z_score
36,BB10_T10,z_score
36,BB10_T11,z_score
36,BB10_T12,z_score
36,BB10_T2,z_score
36,BB10_T3,z_score
36,BB10_T4,z_score
36,BB10_T5,z_score
36,BB10_T6,z_score
36,BB10_T7,z_score
36,BB10_T8,z_score
36,BB10_T9,z_score
36,BB11_T1,rolling_max
36,BB11_T10,rolling_max
36,BB11_T11,rolling_max
36,BB11_T12,rolling_max
36,BB11_T2,rolling_max
36,BB11_T3,rolling_max
36,BB11_T4,rolling_max
36,BB11_T5,rolling_max
36,BB11_T6,rolling_max
36,BB11_T7,rolling_max
36,BB11_T8,rolling_max
36,BB11_T9,rolling_max
36,BB12_T1,rolling_min
36,BB12_T10,rolling_min
36,BB12_T11,rolling_min
36,BB12_T12,rolling_min
36,BB12_T2,rolling_min
36,BB12_T3,rolling_min
36,BB12_T4,rolling_min
36,BB12_T5,rolling_min
36,BB12_T6,rolling_min
36,BB12_T7,rolling_min
36,BB12_T8,rolling_min
36,BB12_T9,rolling_min
36,BB13_T1,ema
36,BB13_T10,ema
36,BB13_T11,ema
36,BB13_T12,ema
36,BB13_T2,ema
36,BB13_T3,ema
36,BB13_T4,ema
36,BB13_T5,ema
36,BB13_T6,ema
36,BB13_T7,ema
36,BB13_T8,ema
36,BB13_T9,ema
36,BB14_T1,rolling_max
36,BB14_T10,ema
36,BB14_T11,ema
36,BB14_T12,ema
36,BB14_T2,ema
36,BB14_T3,ema
36,BB14_T4,ema
36,BB14_T5,ema
36,BB14_T6,ema
36,BB14_T7,ema
36,BB14_T8,ema
36,BB14_T9,ema
36,BB15_T1,rolling_min
36,BB15_T10,ema
36,BB15_T11,ema
36,BB15_T12,ema
36,BB15_T2,ema
36,BB15_T3,ema
36,BB15_T4,ema
36,BB15_T5,ema
36,BB15_T6,ema
36,BB15_T7,ema
36,BB15_T8,ema
36,BB15_T9,ema
36,BB2_T1,rolling_return_mean
36,BB2_T10,rolling_return_mean
36,BB2_T11,momentum
36,BB2_T12,momentum
36,BB2_T2,rolling_return_mean
36,BB2_T3,rolling_return_mean
36,BB2_T4,rolling_return_mean
36,BB2_T5,rolling_return_mean
36,BB2_T6,rolling_return_mean
36,BB2_T7,rolling_return_mean
36,BB2_T8,rolling_return_mean
36,BB2_T9,rolling_return_mean
36,BB3_T1,normalized_deviation
36,BB3_T10,normalized_deviation
36,BB3_T11,normalized_deviation
36,BB3_T12,normalized_deviation
36,BB3_T2,price_minus_mean
36,BB3_T3,price_minus_mean
36,BB3_T4,price_minus_mean
36,BB3_T5,price_minus_mean
36,BB3_T6,price_minus_mean
36,BB3_T7,normalized_deviation
36,BB3_T8,normalized_deviation
36,BB3_T9,normalized_deviation
36,BB4_T1,rolling_mean
36,BB4_T10,rolling_mean
36,BB4_T11,rolling_mean
36,BB4_T12,rolling_mean
36,BB4_T2,rolling_mean
36,BB4_T3,rolling_mean
36,BB4_T4,rolling_mean
36,BB4_T5,rolling_mean
36,BB4_T6,rolling_mean
36,BB4_T7,rolling_mean
36,BB4_T8,rolling_mean
36,BB4_T9,rolling_mean
36,BB5_T1,ema
36,BB5_T10,ema
36,BB5_T11,ema
36,BB5_T12,ema
36,BB5_T2,ema
36,BB5_T3,ema
36,BB5_T4,ema
36,BB5_T5,ema
36,BB5_T6,ema
36,BB5_T7,ema
36,BB5_T8,ema
36,BB5_T9,ema
36,BB6_T1,rolling_mean
36,BB6_T10,rolling_mean
36,BB6_T11,rolling_mean
36,BB6_T12,rolling_mean
36,BB6_T2,rolling_mean
36,BB6_T3,rolling_mean
36,BB6_T4,rolling_mean
36,BB6_T5,rolling_mean
36,BB6_T6,rolling_mean
36,BB6_T7,rolling_mean
36,BB6_T8,rolling_mean
36,BB6_T9,rolling_mean
36,BB7_T1,rolling_max
36,BB7_T10,rolling_max
36,BB7_T11,rolling_max
36,BB7_T12,rolling_max
36,BB7_T2,rolling_max
36,BB7_T3,rolling_max
36,BB7_T4,rolling_max
36,BB7_T5,rolling_max
36,BB7_T6,rolling_max
36,BB7_T7,rolling_max
36,BB7_T8,rolling_max
36,BB7_T9,rolling_max
36,BB8_T1,rolling_min
36,BB8_T10,rolling_min
36,BB8_T11,rolling_min
36,BB8_T12,rolling_min
36,BB8_T2,rolling_min
36,BB8_T3,rolling_min
36,BB8_T4,rolling_min
36,BB8_T5,rolling_min
36,BB8_T6,rolling_min
36,BB8_T7,rolling_min
36,BB8_T8,rolling_min
36,BB8_T9,rolling_min
36,BB9_T1,rolling_std
36,BB9_T10,rolling_std
36,BB9_T11,rolling_std
36,BB9_T12,rolling_std
36,BB9_T2,rolling_std
36,BB9_T3,rolling_std
36,BB9_T4,rolling_std
36,BB9_T5,rolling_std
36,BB9_T6,rolling_std
36,BB9_T7,rolling_std
36,BB9_T8,rolling_std
36,BB9_T9,rolling_std
36,PB1_T1,normalized_deviation
36,PB1_T10,z_score
36,PB1_T11,z_score
36,PB1_T12,z_score
36,PB1_T2,price_minus_mean
36,PB1_T3,normalized_deviation
36,PB1_T4,price_minus_mean
36,PB1_T5,price_minus_mean
36,PB1_T6,price_minus_mean
36,PB1_T7,normalized_deviation
36,PB1_T8,normalized_deviation
36,PB1_T9,normalized_deviation
36,PB10_T1,ema
36,PB10_T10,rolling_max
36,PB10_T11,rolling_max
36,PB10_T12,rolling_max
36,PB10_T2,ema
36,PB10_T3,ema
36,PB10_T4,ema
36,PB10_T5,ema
36,PB10_T6,ema
36,PB10_T7,ema
36,PB10_T8,ema
36,PB10_T9,ema
36,PB11_T1,ema
36,PB11_T10,ema
36,PB11_T11,ema
36,PB11_T12,ema
36,PB11_T2,ema
36,PB11_T3,ema
36,PB11_T4,ema
36,PB11_T5,ema
36,PB11_T6,ema
36,PB11_T7,ema
36,PB11_T8,ema
36,PB11_T9,ema
36,PB12_T1,normalized_deviation
36,PB12_T10,z_score
36,PB12_T11,z_score
36,PB12_T12,z_score
36,PB12_T2,price_minus_mean
36,PB12_T3,normalized_deviation
36,PB12_T4,price_minus_mean
36,PB12_T5,price_minus_mean
36,PB12_T6,price_minus_mean
36,PB12_T7,normalized_deviation
36,PB12_T8,normalized_deviation
36,PB12_T9,normalized_deviation
36,PB13_T1,normalized_deviation
36,PB13_T10,z_score
36,PB13_T11,z_score
36,PB13_T12,z_score
36,PB13_T2,price_minus_mean
36,PB13_T3,normalized_deviation
36,PB13_T4,price_minus_mean
36,PB13_T5,price_minus_mean
36,PB13_T6,price_minus_mean
36,PB13_T7,normalized_deviation
36,PB13_T8,normalized_deviation
36,PB13_T9,normalized_deviation
36,PB14_T1,z_score
36,PB14_T10,z_score
36,PB14_T11,z_score
36,PB14_T12,z_score
36,PB14_T2,z_score
36,PB14_T3,z_score
36,PB14_T4,z_score
36,PB14_T5,z_score
36,PB14_T6,z_score
36,PB14_T7,z_score
36,PB14_T8,z_score
36,PB14_T9,z_score
36,PB15_T1,z_score
36,PB15_T10,z_score
36,PB15_T11,z_score
36,PB15_T12,distance_from_high
36,PB15_T2,z_score
36,PB15_T3,z_score
36,PB15_T4,z_score
36,PB15_T5,z_score
36,PB15_T6,z_score
36,PB15_T7,z_score
36,PB15_T8,z_score
36,PB15_T9,z_score
36,PB16_T1,z_score
36,PB16_T10,z_score
36,PB16_T11,z_score
36,PB16_T12,distance_from_high
36,PB16_T2,z_score
36,PB16_T3,z_score
36,PB16_T4,z_score
36,PB16_T5,z_score
36,PB16_T6,z_score
36,PB16_T7,z_score
36,PB16_T8,z_score
36,PB16_T9,z_score
36,PB17_T1,z_score
36,PB17_T10,z_score
36,PB17_T11,z_score
36,PB17_T12,distance_from_high
36,PB17_T2,z_score
36,PB17_T3,z_score
36,PB17_T4,z_score
36,PB17_T5,z_score
36,PB17_T6,z_score
36,PB17_T7,z_score
36,PB17_T8,z_score
36,PB17_T9,z_score
36,PB18_T1,z_score
36,PB18_T10,z_score
36,PB18_T11,z_score
36,PB18_T12,distance_from_high
36,PB18_T2,z_score
36,PB18_T3,z_score
36,PB18_T4,z_score
36,PB18_T5,z_score
36,PB18_T6,z_score
36,PB18_T7,z_score
36,PB18_T8,z_score
36,PB18_T9,z_score
36,PB2_T1,z_score
36,PB2_T10,z_score
36,PB2_T11,z_score
36,PB2_T12,downside_volatility
36,PB2_T2,z_score
36,PB2_T3,z_score
36,PB2_T4,z_score
36,PB2_T5,z_score
36,PB2_T6,z_score
36,PB2_T7,z_score
36,PB2_T8,z_score
36,PB2_T9,z_score
36,PB3_T1,z_score
36,PB3_T10,price_minus_mean
36,PB3_T11,normalized_deviation
36,PB3_T12,ema
36,PB3_T2,z_score
36,PB3_T3,z_score
36,PB3_T4,z_score
36,PB3_T5,z_score
36,PB3_T6,z_score
36,PB3_T7,z_score
36,PB3_T8,z_score
36,PB3_T9,z_score
36,PB4_T1,normalized_deviation
36,PB4_T10,z_score
36,PB4_T11,z_score
36,PB4_T12,z_score
36,PB4_T2,price_minus_mean
36,PB4_T3,normalized_deviation
36,PB4_T4,price_minus_mean
36,PB4_T5,price_minus_mean
36,PB4_T6,price_minus_mean
36,PB4_T7,normalized_deviation
36,PB4_T8,normalized_deviation
36,PB4_T9,normalized_deviation
36,PB5_T1,normalized_deviation
36,PB5_T10,z_score
36,PB5_T11,z_score
36,PB5_T12,z_score
36,PB5_T2,price_minus_mean
36,PB5_T3,normalized_deviation
36,PB5_T4,price_minus_mean
36,PB5_T5,price_minus_mean
36,PB5_T6,price_minus_mean
36,PB5_T7,normalized_deviation
36,PB5_T8,normalized_deviation
36,PB5_T9,normalized_deviation
36,PB6_T1,normalized_deviation
36,PB6_T10,price_minus_mean
36,PB6_T11,momentum
36,PB6_T12,rolling_std
36,PB6_T2,momentum
36,PB6_T3,momentum
36,PB6_T4,momentum
36,PB6_T5,rolling_return_mean
36,PB6_T6,rolling_return_mean
36,PB6_T7,momentum
36,PB6_T8,momentum
36,PB6_T9,rolling_return_mean
36,PB7_T1,z_score
36,PB7_T10,z_score
36,PB7_T11,z_score
36,PB7_T12,distance_from_high
36,PB7_T2,z_score
36,PB7_T3,z_score
36,PB7_T4,z_score
36,PB7_T5,z_score
36,PB7_T6,z_score
36,PB7_T7,z_score
36,PB7_T8,z_score
36,PB7_T9,z_score
36,PB8_T1,z_score
36,PB8_T10,z_score
36,PB8_T11,z_score
36,PB8_T12,distance_from_high
36,PB8_T2,z_score
36,PB8_T3,z_score
36,PB8_T4,z_score
36,PB8_T5,z_score
36,PB8_T6,z_score
36,PB8_T7,z_score
36,PB8_T8,z_score
36,PB8_T9,z_score
36,PB9_T1,ema
36,PB9_T10,ema
36,PB9_T11,ema
36,PB9_T12,rolling_max
36,PB9_T2,ema
36,PB9_T3,ema
36,PB9_T4,ema
36,PB9_T5,ema
36,PB9_T6,ema
36,PB9_T7,ema
36,PB9_T8,ema
36,PB9_T9,ema
37,BB1_T1,ema
37,BB1_T10,rolling_mean
37,BB1_T11,rolling_mean
37,BB1_T12,rolling_mean
37,BB1_T2,rolling_mean
37,BB1_T3,rolling_mean
37,BB1_T4,rolling_mean
37,BB1_T5,rolling_mean
37,BB1_T6,rolling_mean
37,BB1_T7,rolling_mean
37,BB1_T8,rolling_mean
37,BB1_T9,rolling_mean
37,BB10_T1,z_score
37,BB10_T10,z_score
37,BB10_T11,z_score
37,BB10_T12,z_score
37,BB10_T2,z_score
37,BB10_T3,z_score
37,BB10_T4,z_score
37,BB10_T5,z_score
37,BB10_T6,z_score
37,BB10_T7,z_score
37,BB10_T8,z_score
37,BB10_T9,z_score
37,BB11_T1,rolling_max
37,BB11_T10,rolling_max
37,BB11_T11,rolling_max
37,BB11_T12,rolling_max
37,BB11_T2,rolling_max
37,BB11_T3,rolling_max
37,BB11_T4,rolling_max
37,BB11_T5,rolling_max
37,BB11_T6,rolling_max
37,BB11_T7,rolling_max
37,BB11_T8,rolling_max
37,BB11_T9,rolling_max
37,BB12_T1,rolling_min
37,BB12_T10,rolling_min
37,BB12_T11,rolling_min
37,BB12_T12,rolling_min
37,BB12_T2,rolling_min
37,BB12_T3,rolling_min
37,BB12_T4,rolling_min
37,BB12_T5,rolling_min
37,BB12_T6,rolling_min
37,BB12_T7,rolling_min
37,BB12_T8,rolling_min
37,BB12_T9,rolling_min
37,BB13_T1,ema
37,BB13_T10,ema
37,BB13_T11,ema
37,BB13_T12,ema
37,BB13_T2,ema
37,BB13_T3,ema
37,BB13_T4,ema
37,BB13_T5,ema
37,BB13_T6,ema
37,BB13_T7,ema
37,BB13_T8,ema
37,BB13_T9,ema
37,BB14_T1,rolling_max
37,BB14_T10,ema
37,BB14_T11,ema
37,BB14_T12,ema
37,BB14_T2,ema
37,BB14_T3,ema
37,BB14_T4,ema
37,BB14_T5,ema
37,BB14_T6,ema
37,BB14_T7,ema
37,BB14_T8,ema
37,BB14_T9,ema
37,BB15_T1,rolling_min
37,BB15_T10,ema
37,BB15_T11,ema
37,BB15_T12,ema
37,BB15_T2,ema
37,BB15_T3,ema
37,BB15_T4,ema
37,BB15_T5,ema
37,BB15_T6,ema
37,BB15_T7,ema
37,BB15_T8,ema
37,BB15_T9,ema
37,BB2_T1,momentum
37,BB2_T10,rolling_return_mean
37,BB2_T11,rolling_return_mean
37,BB2_T12,momentum
37,BB2_T2,momentum
37,BB2_T3,momentum
37,BB2_T4,momentum
37,BB2_T5,momentum
37,BB2_T6,momentum
37,BB2_T7,momentum
37,BB2_T8,rolling_return_mean
37,BB2_T9,rolling_return_mean
37,BB3_T1,price_minus_mean
37,BB3_T10,normalized_deviation
37,BB3_T11,price_minus_mean
37,BB3_T12,normalized_deviation
37,BB3_T2,price_minus_mean
37,BB3_T3,normalized_deviation
37,BB3_T4,normalized_deviation
37,BB3_T5,price_minus_mean
37,BB3_T6,price_minus_mean
37,BB3_T7,normalized_deviation
37,BB3_T8,normalized_deviation
37,BB3_T9,normalized_deviation
37,BB4_T1,rolling_mean
37,BB4_T10,rolling_mean
37,BB4_T11,rolling_mean
37,BB4_T12,rolling_mean
37,BB4_T2,rolling_mean
37,BB4_T3,rolling_mean
37,BB4_T4,rolling_mean
37,BB4_T5,rolling_mean
37,BB4_T6,rolling_mean
37,BB4_T7,rolling_mean
37,BB4_T8,rolling_mean
37,BB4_T9,rolling_mean
37,BB5_T1,ema
37,BB5_T10,ema
37,BB5_T11,ema
37,BB5_T12,ema
37,BB5_T2,ema
37,BB5_T3,ema
37,BB5_T4,ema
37,BB5_T5,ema
37,BB5_T6,ema
37,BB5_T7,ema
37,BB5_T8,ema
37,BB5_T9,ema
37,BB6_T1,rolling_mean
37,BB6_T10,rolling_mean
37,BB6_T11,rolling_mean
37,BB6_T12,rolling_mean
37,BB6_T2,rolling_mean
37,BB6_T3,rolling_mean
37,BB6_T4,rolling_mean
37,BB6_T5,rolling_mean
37,BB6_T6,rolling_mean
37,BB6_T7,rolling_mean
37,BB6_T8,rolling_mean
37,BB6_T9,rolling_mean
37,BB7_T1,rolling_max
37,BB7_T10,rolling_max
37,BB7_T11,rolling_max
37,BB7_T12,rolling_max
37,BB7_T2,rolling_max
37,BB7_T3,rolling_max
37,BB7_T4,rolling_max
37,BB7_T5,rolling_max
37,BB7_T6,rolling_max
37,BB7_T7,rolling_max
37,BB7_T8,rolling_max
37,BB7_T9,rolling_max
37,BB8_T1,rolling_min
37,BB8_T10,rolling_min
37,BB8_T11,ema
37,BB8_T12,rolling_mean
37,BB8_T2,rolling_min
37,BB8_T3,rolling_min
37,BB8_T4,rolling_min
37,BB8_T5,rolling_min
37,BB8_T6,rolling_min
37,BB8_T7,rolling_min
37,BB8_T8,rolling_min
37,BB8_T9,rolling_min
37,BB9_T1,rolling_std
37,BB9_T10,rolling_std
37,BB9_T11,rolling_std
37,BB9_T12,rolling_std
37,BB9_T2,rolling_std
37,BB9_T3,rolling_std
37,BB9_T4,rolling_std
37,BB9_T5,rolling_std
37,BB9_T6,rolling_std
37,BB9_T7,rolling_std
37,BB9_T8,rolling_std
37,BB9_T9,rolling_std
37,PB1_T1,price_minus_mean
37,PB1_T10,z_score
37,PB1_T11,z_score
37,PB1_T12,z_score
37,PB1_T2,price_minus_mean
37,PB1_T3,price_minus_mean
37,PB1_T4,price_minus_mean
37,PB1_T5,price_minus_mean
37,PB1_T6,price_minus_mean
37,PB1_T7,price_minus_mean
37,PB1_T8,z_score
37,PB1_T9,z_score
37,PB10_T1,ema
37,PB10_T10,ema
37,PB10_T11,ema
37,PB10_T12,rolling_std
37,PB10_T2,ema
37,PB10_T3,ema
37,PB10_T4,ema
37,PB10_T5,ema
37,PB10_T6,ema
37,PB10_T7,ema
37,PB10_T8,ema
37,PB10_T9,ema
37,PB11_T1,ema
37,PB11_T10,ema
37,PB11_T11,distance_from_low
37,PB11_T12,ema
37,PB11_T2,ema
37,PB11_T3,rolling_min
37,PB11_T4,rolling_min
37,PB11_T5,rolling_min
37,PB11_T6,rolling_min
37,PB11_T7,rolling_min
37,PB11_T8,rolling_min
37,PB11_T9,rolling_min
37,PB12_T1,price_minus_mean
37,PB12_T10,z_score
37,PB12_T11,z_score
37,PB12_T12,z_score
37,PB12_T2,price_minus_mean
37,PB12_T3,price_minus_mean
37,PB12_T4,price_minus_mean
37,PB12_T5,price_minus_mean
37,PB12_T6,price_minus_mean
37,PB12_T7,price_minus_mean
37,PB12_T8,z_score
37,PB12_T9,z_score
37,PB13_T1,price_minus_mean
37,PB13_T10,z_score
37,PB13_T11,z_score
37,PB13_T12,z_score
37,PB13_T2,price_minus_mean
37,PB13_T3,price_minus_mean
37,PB13_T4,price_minus_mean
37,PB13_T5,price_minus_mean
37,PB13_T6,price_minus_mean
37,PB13_T7,price_minus_mean
37,PB13_T8,z_score
37,PB13_T9,z_score
37,PB14_T1,z_score
37,PB14_T10,z_score
37,PB14_T11,z_score
37,PB14_T12,z_score
37,PB14_T2,z_score
37,PB14_T3,z_score
37,PB14_T4,z_score
37,PB14_T5,z_score
37,PB14_T6,z_score
37,PB14_T7,z_score
37,PB14_T8,z_score
37,PB14_T9,z_score
37,PB15_T1,z_score
37,PB15_T10,z_score
37,PB15_T11,z_score
37,PB15_T12,price_minus_mean
37,PB15_T2,z_score
37,PB15_T3,z_score
37,PB15_T4,z_score
37,PB15_T5,z_score
37,PB15_T6,z_score
37,PB15_T7,z_score
37,PB15_T8,z_score
37,PB15_T9,z_score
37,PB16_T1,z_score
37,PB16_T10,z_score
37,PB16_T11,z_score
37,PB16_T12,price_minus_mean
37,PB16_T2,z_score
37,PB16_T3,z_score
37,PB16_T4,z_score
37,PB16_T5,z_score
37,PB16_T6,z_score
37,PB16_T7,z_score
37,PB16_T8,z_score
37,PB16_T9,z_score
37,PB17_T1,z_score
37,PB17_T10,z_score
37,PB17_T11,z_score
37,PB17_T12,price_minus_mean
37,PB17_T2,z_score
37,PB17_T3,z_score
37,PB17_T4,z_score
37,PB17_T5,z_score
37,PB17_T6,z_score
37,PB17_T7,z_score
37,PB17_T8,z_score
37,PB17_T9,z_score
37,PB18_T1,z_score
37,PB18_T10,z_score
37,PB18_T11,z_score
37,PB18_T12,z_score
37,PB18_T2,z_score
37,PB18_T3,z_score
37,PB18_T4,z_score
37,PB18_T5,z_score
37,PB18_T6,z_score
37,PB18_T7,z_score
37,PB18_T8,z_score
37,PB18_T9,z_score
37,PB2_T1,z_score
37,PB2_T10,z_score
37,PB2_T11,z_score
37,PB2_T12,rolling_mean
37,PB2_T2,z_score
37,PB2_T3,z_score
37,PB2_T4,z_score
37,PB2_T5,z_score
37,PB2_T6,z_score
37,PB2_T7,z_score
37,PB2_T8,z_score
37,PB2_T9,z_score
37,PB3_T1,z_score
37,PB3_T10,distance_from_low
37,PB3_T11,distance_from_low
37,PB3_T12,rolling_median
37,PB3_T2,z_score
37,PB3_T3,z_score
37,PB3_T4,z_score
37,PB3_T5,z_score
37,PB3_T6,z_score
37,PB3_T7,normalized_deviation
37,PB3_T8,z_score
37,PB3_T9,z_score
37,PB4_T1,price_minus_mean
37,PB4_T10,z_score
37,PB4_T11,z_score
37,PB4_T12,z_score
37,PB4_T2,price_minus_mean
37,PB4_T3,price_minus_mean
37,PB4_T4,price_minus_mean
37,PB4_T5,price_minus_mean
37,PB4_T6,price_minus_mean
37,PB4_T7,price_minus_mean
37,PB4_T8,z_score
37,PB4_T9,z_score
37,PB5_T1,price_minus_mean
37,PB5_T10,z_score
37,PB5_T11,z_score
37,PB5_T12,z_score
37,PB5_T2,price_minus_mean
37,PB5_T3,price_minus_mean
37,PB5_T4,price_minus_mean
37,PB5_T5,price_minus_mean
37,PB5_T6,price_minus_mean
37,PB5_T7,price_minus_mean
37,PB5_T8,z_score
37,PB5_T9,z_score
37,PB6_T1,normalized_deviation
37,PB6_T10,momentum
37,PB6_T11,momentum
37,PB6_T12,rolling_max
37,PB6_T2,rolling_return_mean
37,PB6_T3,rolling_return_mean
37,PB6_T4,rolling_return_mean
37,PB6_T5,rolling_return_mean
37,PB6_T6,rolling_return_mean
37,PB6_T7,rolling_return_mean
37,PB6_T8,momentum
37,PB6_T9,rolling_return_mean
37,PB7_T1,z_score
37,PB7_T10,z_score
37,PB7_T11,z_score
37,PB7_T12,price_minus_mean
37,PB7_T2,z_score
37,PB7_T3,z_score
37,PB7_T4,z_score
37,PB7_T5,z_score
37,PB7_T6,z_score
37,PB7_T7,z_score
37,PB7_T8,z_score
37,PB7_T9,z_score
37,PB8_T1,z_score
37,PB8_T10,z_score
37,PB8_T11,z_score
37,PB8_T12,price_minus_mean
37,PB8_T2,z_score
37,PB8_T3,z_score
37,PB8_T4,z_score
37,PB8_T5,z_score
37,PB8_T6,z_score
37,PB8_T7,z_score
37,PB8_T8,z_score
37,PB8_T9,z_score
37,PB9_T1,ema
37,PB9_T10,distance_from_low
37,PB9_T11,distance_from_low
37,PB9_T12,distance_from_high
37,PB9_T2,ema
37,PB9_T3,ema
37,PB9_T4,ema
37,PB9_T5,ema
37,PB9_T6,ema
37,PB9_T7,ema
37,PB9_T8,ema
37,PB9_T9,ema
38,BB1_T1,rolling_mean
38,BB1_T10,rolling_mean
38,BB1_T11,rolling_mean
38,BB1_T12,rolling_mean
38,BB1_T2,rolling_mean
38,BB1_T3,rolling_mean
38,BB1_T4,rolling_mean
38,BB1_T5,rolling_mean
38,BB1_T6,rolling_mean
38,BB1_T7,rolling_mean
38,BB1_T8,rolling_mean
38,BB1_T9,rolling_mean
38,BB10_T1,z_score
38,BB10_T10,z_score
38,BB10_T11,z_score
38,BB10_T12,z_score
38,BB10_T2,z_score
38,BB10_T3,z_score
38,BB10_T4,z_score
38,BB10_T5,z_score
38,BB10_T6,z_score
38,BB10_T7,z_score
38,BB10_T8,z_score
38,BB10_T9,z_score
38,BB11_T1,rolling_max
38,BB11_T10,rolling_max
38,BB11_T11,rolling_max
38,BB11_T12,rolling_max
38,BB11_T2,rolling_max
38,BB11_T3,rolling_max
38,BB11_T4,rolling_max
38,BB11_T5,rolling_max
38,BB11_T6,rolling_max
38,BB11_T7,rolling_max
38,BB11_T8,rolling_max
38,BB11_T9,rolling_max
38,BB12_T1,rolling_min
38,BB12_T10,rolling_min
38,BB12_T11,rolling_min
38,BB12_T12,rolling_min
38,BB12_T2,rolling_min
38,BB12_T3,rolling_min
38,BB12_T4,rolling_min
38,BB12_T5,rolling_min
38,BB12_T6,rolling_min
38,BB12_T7,rolling_min
38,BB12_T8,rolling_min
38,BB12_T9,rolling_min
38,BB13_T1,ema
38,BB13_T10,ema
38,BB13_T11,ema
38,BB13_T12,ema
38,BB13_T2,ema
38,BB13_T3,ema
38,BB13_T4,ema
38,BB13_T5,ema
38,BB13_T6,ema
38,BB13_T7,ema
38,BB13_T8,ema
38,BB13_T9,ema
38,BB14_T1,rolling_max
38,BB14_T10,ema
38,BB14_T11,ema
38,BB14_T12,ema
38,BB14_T2,ema
38,BB14_T3,ema
38,BB14_T4,ema
38,BB14_T5,ema
38,BB14_T6,ema
38,BB14_T7,ema
38,BB14_T8,ema
38,BB14_T9,ema
38,BB15_T1,rolling_min
38,BB15_T10,ema
38,BB15_T11,ema
38,BB15_T12,ema
38,BB15_T2,ema
38,BB15_T3,ema
38,BB15_T4,ema
38,BB15_T5,ema
38,BB15_T6,ema
38,BB15_T7,ema
38,BB15_T8,ema
38,BB15_T9,ema
38,BB2_T1,rolling_return_mean
38,BB2_T10,momentum
38,BB2_T11,momentum
38,BB2_T12,momentum
38,BB2_T2,rolling_return_mean
38,BB2_T3,rolling_return_mean
38,BB2_T4,rolling_return_mean
38,BB2_T5,rolling_return_mean
38,BB2_T6,rolling_return_mean
38,BB2_T7,rolling_return_mean
38,BB2_T8,rolling_return_mean
38,BB2_T9,rolling_return_mean
38,BB3_T1,normalized_deviation
38,BB3_T10,normalized_deviation
38,BB3_T11,normalized_deviation
38,BB3_T12,normalized_deviation
38,BB3_T2,price_minus_mean
38,BB3_T3,price_minus_mean
38,BB3_T4,price_minus_mean
38,BB3_T5,price_minus_mean
38,BB3_T6,price_minus_mean
38,BB3_T7,price_minus_mean
38,BB3_T8,price_minus_mean
38,BB3_T9,normalized_deviation
38,BB4_T1,rolling_mean
38,BB4_T10,rolling_mean
38,BB4_T11,rolling_mean
38,BB4_T12,rolling_mean
38,BB4_T2,rolling_mean
38,BB4_T3,rolling_mean
38,BB4_T4,rolling_mean
38,BB4_T5,rolling_mean
38,BB4_T6,rolling_mean
38,BB4_T7,rolling_mean
38,BB4_T8,rolling_mean
38,BB4_T9,rolling_mean
38,BB5_T1,ema
38,BB5_T10,ema
38,BB5_T11,ema
38,BB5_T12,ema
38,BB5_T2,ema
38,BB5_T3,ema
38,BB5_T4,ema
38,BB5_T5,ema
38,BB5_T6,ema
38,BB5_T7,ema
38,BB5_T8,ema
38,BB5_T9,ema
38,BB6_T1,rolling_mean
38,BB6_T10,rolling_mean
38,BB6_T11,rolling_mean
38,BB6_T12,rolling_mean
38,BB6_T2,rolling_mean
38,BB6_T3,rolling_mean
38,BB6_T4,rolling_mean
38,BB6_T5,rolling_mean
38,BB6_T6,rolling_mean
38,BB6_T7,rolling_mean
38,BB6_T8,rolling_mean
38,BB6_T9,rolling_mean
38,BB7_T1,rolling_max
38,BB7_T10,rolling_max
38,BB7_T11,rolling_max
38,BB7_T12,rolling_max
38,BB7_T2,rolling_max
38,BB7_T3,rolling_max
38,BB7_T4,rolling_max
38,BB7_T5,rolling_max
38,BB7_T6,rolling_max
38,BB7_T7,rolling_max
38,BB7_T8,rolling_max
38,BB7_T9,rolling_max
38,BB8_T1,rolling_min
38,BB8_T10,rolling_min
38,BB8_T11,rolling_min
38,BB8_T12,rolling_min
38,BB8_T2,rolling_min
38,BB8_T3,rolling_min
38,BB8_T4,rolling_min
38,BB8_T5,rolling_min
38,BB8_T6,rolling_min
38,BB8_T7,rolling_min
38,BB8_T8,rolling_min
38,BB8_T9,rolling_min
38,BB9_T1,rolling_std
38,BB9_T10,rolling_std
38,BB9_T11,rolling_std
38,BB9_T12,rolling_std
38,BB9_T2,rolling_std
38,BB9_T3,rolling_std
38,BB9_T4,rolling_std
38,BB9_T5,rolling_std
38,BB9_T6,rolling_std
38,BB9_T7,rolling_std
38,BB9_T8,rolling_std
38,BB9_T9,rolling_std
38,PB1_T1,normalized_deviation
38,PB1_T10,z_score
38,PB1_T11,price_minus_mean
38,PB1_T12,distance_from_low
38,PB1_T2,price_minus_mean
38,PB1_T3,price_minus_mean
38,PB1_T4,normalized_deviation
38,PB1_T5,normalized_deviation
38,PB1_T6,normalized_deviation
38,PB1_T7,normalized_deviation
38,PB1_T8,normalized_deviation
38,PB1_T9,price_minus_mean
38,PB10_T1,ema
38,PB10_T10,ema
38,PB10_T11,ema
38,PB10_T12,ema
38,PB10_T2,ema
38,PB10_T3,ema
38,PB10_T4,ema
38,PB10_T5,ema
38,PB10_T6,ema
38,PB10_T7,ema
38,PB10_T8,ema
38,PB10_T9,ema
38,PB11_T1,ema
38,PB11_T10,ema
38,PB11_T11,ema
38,PB11_T12,upside_volatility
38,PB11_T2,ema
38,PB11_T3,ema
38,PB11_T4,ema
38,PB11_T5,ema
38,PB11_T6,ema
38,PB11_T7,ema
38,PB11_T8,ema
38,PB11_T9,ema
38,PB12_T1,normalized_deviation
38,PB12_T10,z_score
38,PB12_T11,price_minus_mean
38,PB12_T12,distance_from_low
38,PB12_T2,price_minus_mean
38,PB12_T3,normalized_deviation
38,PB12_T4,normalized_deviation
38,PB12_T5,normalized_deviation
38,PB12_T6,normalized_deviation
38,PB12_T7,normalized_deviation
38,PB12_T8,normalized_deviation
38,PB12_T9,price_minus_mean
38,PB13_T1,normalized_deviation
38,PB13_T10,z_score
38,PB13_T11,price_minus_mean
38,PB13_T12,distance_from_low
38,PB13_T2,price_minus_mean
38,PB13_T3,normalized_deviation
38,PB13_T4,normalized_deviation
38,PB13_T5,normalized_deviation
38,PB13_T6,normalized_deviation
38,PB13_T7,normalized_deviation
38,PB13_T8,normalized_deviation
38,PB13_T9,price_minus_mean
38,PB14_T1,z_score
38,PB14_T10,z_score
38,PB14_T11,price_minus_mean
38,PB14_T12,distance_from_low
38,PB14_T2,z_score
38,PB14_T3,z_score
38,PB14_T4,z_score
38,PB14_T5,z_score
38,PB14_T6,z_score
38,PB14_T7,z_score
38,PB14_T8,z_score
38,PB14_T9,z_score
38,PB15_T1,z_score
38,PB15_T10,z_score
38,PB15_T11,z_score
38,PB15_T12,distance_from_low
38,PB15_T2,z_score
38,PB15_T3,z_score
38,PB15_T4,z_score
38,PB15_T5,z_score
38,PB15_T6,z_score
38,PB15_T7,z_score
38,PB15_T8,z_score
38,PB15_T9,z_score
38,PB16_T1,z_score
38,PB16_T10,z_score
38,PB16_T11,z_score
38,PB16_T12,distance_from_low
38,PB16_T2,z_score
38,PB16_T3,z_score
38,PB16_T4,z_score
38,PB16_T5,z_score
38,PB16_T6,z_score
38,PB16_T7,z_score
38,PB16_T8,z_score
38,PB16_T9,z_score
38,PB17_T1,z_score
38,PB17_T10,z_score
38,PB17_T11,z_score
38,PB17_T12,distance_from_low
38,PB17_T2,z_score
38,PB17_T3,z_score
38,PB17_T4,z_score
38,PB17_T5,z_score
38,PB17_T6,z_score
38,PB17_T7,z_score
38,PB17_T8,z_score
38,PB17_T9,z_score
38,PB18_T1,z_score
38,PB18_T10,z_score
38,PB18_T11,z_score
38,PB18_T12,distance_from_low
38,PB18_T2,z_score
38,PB18_T3,z_score
38,PB18_T4,z_score
38,PB18_T5,z_score
38,PB18_T6,z_score
38,PB18_T7,z_score
38,PB18_T8,z_score
38,PB18_T9,z_score
38,PB2_T1,z_score
38,PB2_T10,z_score
38,PB2_T11,z_score
38,PB2_T12,rolling_std
38,PB2_T2,z_score
38,PB2_T3,z_score
38,PB2_T4,z_score
38,PB2_T5,z_score
38,PB2_T6,z_score
38,PB2_T7,z_score
38,PB2_T8,z_score
38,PB2_T9,z_score
38,PB3_T1,z_score
38,PB3_T10,ema
38,PB3_T11,ema
38,PB3_T12,absolute_return_mean
38,PB3_T2,z_score
38,PB3_T3,z_score
38,PB3_T4,z_score
38,PB3_T5,z_score
38,PB3_T6,z_score
38,PB3_T7,normalized_deviation
38,PB3_T8,normalized_deviation
38,PB3_T9,distance_from_low
38,PB4_T1,normalized_deviation
38,PB4_T10,z_score
38,PB4_T11,price_minus_mean
38,PB4_T12,distance_from_low
38,PB4_T2,price_minus_mean
38,PB4_T3,price_minus_mean
38,PB4_T4,normalized_deviation
38,PB4_T5,normalized_deviation
38,PB4_T6,normalized_deviation
38,PB4_T7,normalized_deviation
38,PB4_T8,normalized_deviation
38,PB4_T9,price_minus_mean
38,PB5_T1,normalized_deviation
38,PB5_T10,z_score
38,PB5_T11,price_minus_mean
38,PB5_T12,distance_from_low
38,PB5_T2,price_minus_mean
38,PB5_T3,normalized_deviation
38,PB5_T4,normalized_deviation
38,PB5_T5,normalized_deviation
38,PB5_T6,normalized_deviation
38,PB5_T7,normalized_deviation
38,PB5_T8,normalized_deviation
38,PB5_T9,price_minus_mean
38,PB6_T1,normalized_deviation
38,PB6_T10,momentum
38,PB6_T11,momentum
38,PB6_T12,realized_variance
38,PB6_T2,rolling_return_mean
38,PB6_T3,rolling_return_mean
38,PB6_T4,momentum
38,PB6_T5,momentum
38,PB6_T6,momentum
38,PB6_T7,momentum
38,PB6_T8,rolling_return_mean
38,PB6_T9,rolling_return_mean
38,PB7_T1,z_score
38,PB7_T10,z_score
38,PB7_T11,z_score
38,PB7_T12,distance_from_low
38,PB7_T2,z_score
38,PB7_T3,z_score
38,PB7_T4,z_score
38,PB7_T5,z_score
38,PB7_T6,z_score
38,PB7_T7,z_score
38,PB7_T8,z_score
38,PB7_T9,z_score
38,PB8_T1,z_score
38,PB8_T10,z_score
38,PB8_T11,z_score
38,PB8_T12,distance_from_low
38,PB8_T2,z_score
38,PB8_T3,z_score
38,PB8_T4,z_score
38,PB8_T5,z_score
38,PB8_T6,z_score
38,PB8_T7,z_score
38,PB8_T8,z_score
38,PB8_T9,z_score
38,PB9_T1,ema
38,PB9_T10,ema
38,PB9_T11,momentum
38,PB9_T12,distance_from_low
38,PB9_T2,ema
38,PB9_T3,ema
38,PB9_T4,ema
38,PB9_T5,ema
38,PB9_T6,ema
38,PB9_T7,ema
38,PB9_T8,ema
38,PB9_T9,ema
39,BB1_T1,ema
39,BB1_T10,rolling_mean
39,BB1_T11,rolling_mean
39,BB1_T12,rolling_mean
39,BB1_T2,rolling_mean
39,BB1_T3,rolling_mean
39,BB1_T4,rolling_mean
39,BB1_T5,rolling_mean
39,BB1_T6,rolling_mean
39,BB1_T7,rolling_mean
39,BB1_T8,rolling_mean
39,BB1_T9,rolling_mean
39,BB10_T1,z_score
39,BB10_T10,z_score
39,BB10_T11,z_score
39,BB10_T12,z_score
39,BB10_T2,z_score
39,BB10_T3,z_score
39,BB10_T4,z_score
39,BB10_T5,z_score
39,BB10_T6,z_score
39,BB10_T7,z_score
39,BB10_T8,z_score
39,BB10_T9,z_score
39,BB11_T1,rolling_max
39,BB11_T10,rolling_max
39,BB11_T11,rolling_max
39,BB11_T12,rolling_max
39,BB11_T2,rolling_max
39,BB11_T3,rolling_max
39,BB11_T4,rolling_max
39,BB11_T5,rolling_max
39,BB11_T6,rolling_max
39,BB11_T7,rolling_max
39,BB11_T8,rolling_max
39,BB11_T9,rolling_max
39,BB12_T1,rolling_min
39,BB12_T10,rolling_min
39,BB12_T11,rolling_min
39,BB12_T12,rolling_min
39,BB12_T2,rolling_min
39,BB12_T3,rolling_min
39,BB12_T4,rolling_min
39,BB12_T5,rolling_min
39,BB12_T6,rolling_min
39,BB12_T7,rolling_min
39,BB12_T8,rolling_min
39,BB12_T9,rolling_min
39,BB13_T1,ema
39,BB13_T10,ema
39,BB13_T11,ema
39,BB13_T12,ema
39,BB13_T2,ema
39,BB13_T3,ema
39,BB13_T4,ema
39,BB13_T5,ema
39,BB13_T6,ema
39,BB13_T7,ema
39,BB13_T8,ema
39,BB13_T9,ema
39,BB14_T1,rolling_max
39,BB14_T10,ema
39,BB14_T11,ema
39,BB14_T12,ema
39,BB14_T2,ema
39,BB14_T3,ema
39,BB14_T4,ema
39,BB14_T5,ema
39,BB14_T6,ema
39,BB14_T7,ema
39,BB14_T8,ema
39,BB14_T9,ema
39,BB15_T1,rolling_min
39,BB15_T10,ema
39,BB15_T11,ema
39,BB15_T12,ema
39,BB15_T2,ema
39,BB15_T3,ema
39,BB15_T4,ema
39,BB15_T5,ema
39,BB15_T6,ema
39,BB15_T7,ema
39,BB15_T8,ema
39,BB15_T9,ema
39,BB2_T1,rolling_return_mean
39,BB2_T10,rolling_return_mean
39,BB2_T11,rolling_return_mean
39,BB2_T12,rolling_return_mean
39,BB2_T2,momentum
39,BB2_T3,rolling_return_mean
39,BB2_T4,rolling_return_mean
39,BB2_T5,rolling_return_mean
39,BB2_T6,rolling_return_mean
39,BB2_T7,momentum
39,BB2_T8,rolling_return_mean
39,BB2_T9,momentum
39,BB3_T1,normalized_deviation
39,BB3_T10,price_minus_mean
39,BB3_T11,price_minus_mean
39,BB3_T12,price_minus_mean
39,BB3_T2,normalized_deviation
39,BB3_T3,normalized_deviation
39,BB3_T4,normalized_deviation
39,BB3_T5,normalized_deviation
39,BB3_T6,normalized_deviation
39,BB3_T7,price_minus_mean
39,BB3_T8,price_minus_mean
39,BB3_T9,price_minus_mean
39,BB4_T1,rolling_mean
39,BB4_T10,rolling_mean
39,BB4_T11,rolling_mean
39,BB4_T12,rolling_mean
39,BB4_T2,rolling_mean
39,BB4_T3,rolling_mean
39,BB4_T4,rolling_mean
39,BB4_T5,rolling_mean
39,BB4_T6,rolling_mean
39,BB4_T7,rolling_mean
39,BB4_T8,rolling_mean
39,BB4_T9,rolling_mean
39,BB5_T1,ema
39,BB5_T10,ema
39,BB5_T11,ema
39,BB5_T12,ema
39,BB5_T2,ema
39,BB5_T3,ema
39,BB5_T4,ema
39,BB5_T5,ema
39,BB5_T6,ema
39,BB5_T7,ema
39,BB5_T8,ema
39,BB5_T9,ema
39,BB6_T1,rolling_mean
39,BB6_T10,rolling_mean
39,BB6_T11,rolling_mean
39,BB6_T12,rolling_mean
39,BB6_T2,rolling_mean
39,BB6_T3,rolling_mean
39,BB6_T4,rolling_mean
39,BB6_T5,rolling_mean
39,BB6_T6,rolling_mean
39,BB6_T7,rolling_mean
39,BB6_T8,rolling_mean
39,BB6_T9,rolling_mean
39,BB7_T1,rolling_max
39,BB7_T10,rolling_max
39,BB7_T11,rolling_max
39,BB7_T12,rolling_max
39,BB7_T2,rolling_max
39,BB7_T3,rolling_max
39,BB7_T4,rolling_max
39,BB7_T5,rolling_max
39,BB7_T6,rolling_max
39,BB7_T7,rolling_max
39,BB7_T8,rolling_max
39,BB7_T9,rolling_max
39,BB8_T1,rolling_min
39,BB8_T10,rolling_min
39,BB8_T11,rolling_min
39,BB8_T12,rolling_min
39,BB8_T2,rolling_min
39,BB8_T3,rolling_min
39,BB8_T4,rolling_min
39,BB8_T5,rolling_min
39,BB8_T6,rolling_min
39,BB8_T7,rolling_min
39,BB8_T8,rolling_min
39,BB8_T9,rolling_min
39,BB9_T1,rolling_std
39,BB9_T10,rolling_std
39,BB9_T11,rolling_std
39,BB9_T12,rolling_std
39,BB9_T2,rolling_std
39,BB9_T3,rolling_std
39,BB9_T4,rolling_std
39,BB9_T5,rolling_std
39,BB9_T6,rolling_std
39,BB9_T7,rolling_std
39,BB9_T8,rolling_std
39,BB9_T9,rolling_std
39,PB1_T1,normalized_deviation
39,PB1_T10,normalized_deviation
39,PB1_T11,price_minus_mean
39,PB1_T12,z_score
39,PB1_T2,normalized_deviation
39,PB1_T3,normalized_deviation
39,PB1_T4,normalized_deviation
39,PB1_T5,normalized_deviation
39,PB1_T6,normalized_deviation
39,PB1_T7,normalized_deviation
39,PB1_T8,normalized_deviation
39,PB1_T9,normalized_deviation
39,PB10_T1,ema
39,PB10_T10,rolling_variance
39,PB10_T11,rolling_std
39,PB10_T12,rolling_min
39,PB10_T2,ema
39,PB10_T3,ema
39,PB10_T4,ema
39,PB10_T5,ema
39,PB10_T6,ema
39,PB10_T7,ema
39,PB10_T8,ema
39,PB10_T9,rolling_max
39,PB11_T1,ema
39,PB11_T10,ema
39,PB11_T11,ema
39,PB11_T12,rolling_min
39,PB11_T2,ema
39,PB11_T3,ema
39,PB11_T4,ema
39,PB11_T5,ema
39,PB11_T6,ema
39,PB11_T7,ema
39,PB11_T8,ema
39,PB11_T9,ema
39,PB12_T1,normalized_deviation
39,PB12_T10,normalized_deviation
39,PB12_T11,price_minus_mean
39,PB12_T12,z_score
39,PB12_T2,normalized_deviation
39,PB12_T3,normalized_deviation
39,PB12_T4,normalized_deviation
39,PB12_T5,normalized_deviation
39,PB12_T6,normalized_deviation
39,PB12_T7,normalized_deviation
39,PB12_T8,normalized_deviation
39,PB12_T9,normalized_deviation
39,PB13_T1,normalized_deviation
39,PB13_T10,normalized_deviation
39,PB13_T11,price_minus_mean
39,PB13_T12,z_score
39,PB13_T2,normalized_deviation
39,PB13_T3,normalized_deviation
39,PB13_T4,normalized_deviation
39,PB13_T5,normalized_deviation
39,PB13_T6,normalized_deviation
39,PB13_T7,normalized_deviation
39,PB13_T8,normalized_deviation
39,PB13_T9,normalized_deviation
39,PB14_T1,z_score
39,PB14_T10,normalized_deviation
39,PB14_T11,distance_from_high
39,PB14_T12,normalized_deviation
39,PB14_T2,z_score
39,PB14_T3,z_score
39,PB14_T4,z_score
39,PB14_T5,z_score
39,PB14_T6,z_score
39,PB14_T7,z_score
39,PB14_T8,z_score
39,PB14_T9,normalized_deviation
39,PB15_T1,z_score
39,PB15_T10,z_score
39,PB15_T11,z_score
39,PB15_T12,z_score
39,PB15_T2,z_score
39,PB15_T3,z_score
39,PB15_T4,z_score
39,PB15_T5,z_score
39,PB15_T6,z_score
39,PB15_T7,z_score
39,PB15_T8,z_score
39,PB15_T9,z_score
39,PB16_T1,z_score
39,PB16_T10,z_score
39,PB16_T11,z_score
39,PB16_T12,z_score
39,PB16_T2,z_score
39,PB16_T3,z_score
39,PB16_T4,z_score
39,PB16_T5,z_score
39,PB16_T6,z_score
39,PB16_T7,z_score
39,PB16_T8,z_score
39,PB16_T9,z_score
39,PB17_T1,z_score
39,PB17_T10,z_score
39,PB17_T11,z_score
39,PB17_T12,z_score
39,PB17_T2,z_score
39,PB17_T3,z_score
39,PB17_T4,z_score
39,PB17_T5,z_score
39,PB17_T6,z_score
39,PB17_T7,z_score
39,PB17_T8,z_score
39,PB17_T9,z_score
39,PB18_T1,z_score
39,PB18_T10,z_score
39,PB18_T11,z_score
39,PB18_T12,normalized_deviation
39,PB18_T2,z_score
39,PB18_T3,z_score
39,PB18_T4,z_score
39,PB18_T5,z_score
39,PB18_T6,z_score
39,PB18_T7,z_score
39,PB18_T8,z_score
39,PB18_T9,z_score
39,PB2_T1,z_score
39,PB2_T10,normalized_deviation
39,PB2_T11,momentum
39,PB2_T12,momentum
39,PB2_T2,z_score
39,PB2_T3,z_score
39,PB2_T4,z_score
39,PB2_T5,z_score
39,PB2_T6,z_score
39,PB2_T7,z_score
39,PB2_T8,z_score
39,PB2_T9,normalized_deviation
39,PB3_T1,z_score
39,PB3_T10,z_score
39,PB3_T11,price_minus_mean
39,PB3_T12,distance_from_high
39,PB3_T2,z_score
39,PB3_T3,z_score
39,PB3_T4,z_score
39,PB3_T5,z_score
39,PB3_T6,z_score
39,PB3_T7,z_score
39,PB3_T8,z_score
39,PB3_T9,z_score
39,PB4_T1,normalized_deviation
39,PB4_T10,normalized_deviation
39,PB4_T11,price_minus_mean
39,PB4_T12,z_score
39,PB4_T2,normalized_deviation
39,PB4_T3,normalized_deviation
39,PB4_T4,normalized_deviation
39,PB4_T5,normalized_deviation
39,PB4_T6,normalized_deviation
39,PB4_T7,normalized_deviation
39,PB4_T8,normalized_deviation
39,PB4_T9,normalized_deviation
39,PB5_T1,normalized_deviation
39,PB5_T10,normalized_deviation
39,PB5_T11,price_minus_mean
39,PB5_T12,z_score
39,PB5_T2,normalized_deviation
39,PB5_T3,normalized_deviation
39,PB5_T4,normalized_deviation
39,PB5_T5,normalized_deviation
39,PB5_T6,normalized_deviation
39,PB5_T7,normalized_deviation
39,PB5_T8,normalized_deviation
39,PB5_T9,normalized_deviation
39,PB6_T1,normalized_deviation
39,PB6_T10,momentum
39,PB6_T11,rolling_min
39,PB6_T12,downside_volatility
39,PB6_T2,momentum
39,PB6_T3,momentum
39,PB6_T4,momentum
39,PB6_T5,momentum
39,PB6_T6,momentum
39,PB6_T7,momentum
39,PB6_T8,price_minus_mean
39,PB6_T9,distance_from_low
39,PB7_T1,z_score
39,PB7_T10,z_score
39,PB7_T11,z_score
39,PB7_T12,z_score
39,PB7_T2,z_score
39,PB7_T3,z_score
39,PB7_T4,z_score
39,PB7_T5,z_score
39,PB7_T6,z_score
39,PB7_T7,z_score
39,PB7_T8,z_score
39,PB7_T9,z_score
39,PB8_T1,z_score
39,PB8_T10,z_score
39,PB8_T11,z_score
39,PB8_T12,z_score
39,PB8_T2,z_score
39,PB8_T3,z_score
39,PB8_T4,z_score
39,PB8_T5,z_score
39,PB8_T6,z_score
39,PB8_T7,z_score
39,PB8_T8,z_score
39,PB8_T9,z_score
39,PB9_T1,ema
39,PB9_T10,distance_from_low
39,PB9_T11,z_score
39,PB9_T12,normalized_deviation
39,PB9_T2,ema
39,PB9_T3,ema
39,PB9_T4,ema
39,PB9_T5,ema
39,PB9_T6,ema
39,PB9_T7,ema
39,PB9_T8,normalized_deviation
39,PB9_T9,distance_from_low
40,BB1_T1,ema
40,BB1_T10,ema
40,BB1_T11,rolling_mean
40,BB1_T12,rolling_mean
40,BB1_T2,rolling_mean
40,BB1_T3,rolling_mean
40,BB1_T4,rolling_mean
40,BB1_T5,rolling_mean
40,BB1_T6,rolling_mean
40,BB1_T7,rolling_mean
40,BB1_T8,rolling_mean
40,BB1_T9,rolling_mean
40,BB10_T1,z_score
40,BB10_T10,z_score
40,BB10_T11,z_score
40,BB10_T12,z_score
40,BB10_T2,z_score
40,BB10_T3,z_score
40,BB10_T4,z_score
40,BB10_T5,z_score
40,BB10_T6,z_score
40,BB10_T7,z_score
40,BB10_T8,z_score
40,BB10_T9,z_score
40,BB11_T1,rolling_max
40,BB11_T10,rolling_max
40,BB11_T11,rolling_max
40,BB11_T12,rolling_max
40,BB11_T2,rolling_max
40,BB11_T3,rolling_max
40,BB11_T4,rolling_max
40,BB11_T5,rolling_max
40,BB11_T6,rolling_max
40,BB11_T7,rolling_max
40,BB11_T8,rolling_max
40,BB11_T9,rolling_max
40,BB12_T1,rolling_min
40,BB12_T10,rolling_min
40,BB12_T11,rolling_min
40,BB12_T12,rolling_min
40,BB12_T2,rolling_min
40,BB12_T3,rolling_min
40,BB12_T4,rolling_min
40,BB12_T5,rolling_min
40,BB12_T6,rolling_min
40,BB12_T7,rolling_min
40,BB12_T8,rolling_min
40,BB12_T9,rolling_min
40,BB13_T1,ema
40,BB13_T10,ema
40,BB13_T11,ema
40,BB13_T12,ema
40,BB13_T2,ema
40,BB13_T3,ema
40,BB13_T4,ema
40,BB13_T5,ema
40,BB13_T6,ema
40,BB13_T7,ema
40,BB13_T8,ema
40,BB13_T9,ema
40,BB14_T1,rolling_max
40,BB14_T10,ema
40,BB14_T11,ema
40,BB14_T12,ema
40,BB14_T2,ema
40,BB14_T3,ema
40,BB14_T4,ema
40,BB14_T5,ema
40,BB14_T6,ema
40,BB14_T7,ema
40,BB14_T8,ema
40,BB14_T9,ema
40,BB15_T1,rolling_min
40,BB15_T10,ema
40,BB15_T11,ema
40,BB15_T12,ema
40,BB15_T2,ema
40,BB15_T3,ema
40,BB15_T4,ema
40,BB15_T5,ema
40,BB15_T6,ema
40,BB15_T7,ema
40,BB15_T8,ema
40,BB15_T9,ema
40,BB2_T1,momentum
40,BB2_T10,rolling_return_mean
40,BB2_T11,momentum
40,BB2_T12,rolling_return_mean
40,BB2_T2,momentum
40,BB2_T3,rolling_return_mean
40,BB2_T4,momentum
40,BB2_T5,momentum
40,BB2_T6,momentum
40,BB2_T7,rolling_return_mean
40,BB2_T8,rolling_return_mean
40,BB2_T9,rolling_return_mean
40,BB3_T1,normalized_deviation
40,BB3_T10,normalized_deviation
40,BB3_T11,normalized_deviation
40,BB3_T12,normalized_deviation
40,BB3_T2,normalized_deviation
40,BB3_T3,normalized_deviation
40,BB3_T4,normalized_deviation
40,BB3_T5,normalized_deviation
40,BB3_T6,normalized_deviation
40,BB3_T7,normalized_deviation
40,BB3_T8,normalized_deviation
40,BB3_T9,normalized_deviation
40,BB4_T1,rolling_mean
40,BB4_T10,rolling_mean
40,BB4_T11,rolling_mean
40,BB4_T12,rolling_mean
40,BB4_T2,rolling_mean
40,BB4_T3,rolling_mean
40,BB4_T4,rolling_mean
40,BB4_T5,rolling_mean
40,BB4_T6,rolling_mean
40,BB4_T7,rolling_mean
40,BB4_T8,rolling_mean
40,BB4_T9,rolling_mean
40,BB5_T1,ema
40,BB5_T10,ema
40,BB5_T11,ema
40,BB5_T12,ema
40,BB5_T2,ema
40,BB5_T3,ema
40,BB5_T4,ema
40,BB5_T5,ema
40,BB5_T6,ema
40,BB5_T7,ema
40,BB5_T8,ema
40,BB5_T9,ema
40,BB6_T1,rolling_mean
40,BB6_T10,rolling_mean
40,BB6_T11,rolling_mean
40,BB6_T12,rolling_mean
40,BB6_T2,rolling_mean
40,BB6_T3,rolling_mean
40,BB6_T4,rolling_mean
40,BB6_T5,rolling_mean
40,BB6_T6,rolling_mean
40,BB6_T7,rolling_mean
40,BB6_T8,rolling_mean
40,BB6_T9,rolling_mean
40,BB7_T1,rolling_max
40,BB7_T10,rolling_max
40,BB7_T11,rolling_max
40,BB7_T12,rolling_max
40,BB7_T2,rolling_max
40,BB7_T3,rolling_max
40,BB7_T4,rolling_max
40,BB7_T5,rolling_max
40,BB7_T6,rolling_max
40,BB7_T7,rolling_max
40,BB7_T8,rolling_max
40,BB7_T9,rolling_max
40,BB8_T1,rolling_min
40,BB8_T10,rolling_min
40,BB8_T11,rolling_min
40,BB8_T12,ema
40,BB8_T2,rolling_min
40,BB8_T3,rolling_min
40,BB8_T4,rolling_min
40,BB8_T5,rolling_min
40,BB8_T6,rolling_min
40,BB8_T7,rolling_min
40,BB8_T8,rolling_min
40,BB8_T9,rolling_min
40,BB9_T1,rolling_std
40,BB9_T10,rolling_std
40,BB9_T11,rolling_std
40,BB9_T12,rolling_std
40,BB9_T2,rolling_std
40,BB9_T3,rolling_std
40,BB9_T4,rolling_std
40,BB9_T5,rolling_std
40,BB9_T6,rolling_std
40,BB9_T7,rolling_std
40,BB9_T8,rolling_std
40,BB9_T9,rolling_std
40,PB1_T1,normalized_deviation
40,PB1_T10,price_minus_mean
40,PB1_T11,price_minus_mean
40,PB1_T12,distance_from_high
40,PB1_T2,normalized_deviation
40,PB1_T3,price_minus_mean
40,PB1_T4,normalized_deviation
40,PB1_T5,normalized_deviation
40,PB1_T6,normalized_deviation
40,PB1_T7,normalized_deviation
40,PB1_T8,price_minus_mean
40,PB1_T9,price_minus_mean
40,PB10_T1,ema
40,PB10_T10,rolling_min
40,PB10_T11,rolling_min
40,PB10_T12,downside_volatility
40,PB10_T2,ema
40,PB10_T3,ema
40,PB10_T4,ema
40,PB10_T5,ema
40,PB10_T6,ema
40,PB10_T7,ema
40,PB10_T8,ema
40,PB10_T9,ema
40,PB11_T1,ema
40,PB11_T10,rolling_min
40,PB11_T11,rolling_min
40,PB11_T12,downside_volatility
40,PB11_T2,ema
40,PB11_T3,ema
40,PB11_T4,ema
40,PB11_T5,ema
40,PB11_T6,ema
40,PB11_T7,rolling_min
40,PB11_T8,rolling_min
40,PB11_T9,rolling_min
40,PB12_T1,normalized_deviation
40,PB12_T10,price_minus_mean
40,PB12_T11,price_minus_mean
40,PB12_T12,distance_from_high
40,PB12_T2,normalized_deviation
40,PB12_T3,price_minus_mean
40,PB12_T4,normalized_deviation
40,PB12_T5,normalized_deviation
40,PB12_T6,normalized_deviation
40,PB12_T7,normalized_deviation
40,PB12_T8,price_minus_mean
40,PB12_T9,price_minus_mean
40,PB13_T1,normalized_deviation
40,PB13_T10,price_minus_mean
40,PB13_T11,price_minus_mean
40,PB13_T12,distance_from_high
40,PB13_T2,normalized_deviation
40,PB13_T3,price_minus_mean
40,PB13_T4,normalized_deviation
40,PB13_T5,normalized_deviation
40,PB13_T6,normalized_deviation
40,PB13_T7,normalized_deviation
40,PB13_T8,price_minus_mean
40,PB13_T9,price_minus_mean
40,PB14_T1,z_score
40,PB14_T10,price_minus_mean
40,PB14_T11,z_score
40,PB14_T12,distance_from_high
40,PB14_T2,z_score
40,PB14_T3,z_score
40,PB14_T4,z_score
40,PB14_T5,z_score
40,PB14_T6,z_score
40,PB14_T7,z_score
40,PB14_T8,z_score
40,PB14_T9,z_score
40,PB15_T1,z_score
40,PB15_T10,z_score
40,PB15_T11,z_score
40,PB15_T12,distance_from_high
40,PB15_T2,z_score
40,PB15_T3,z_score
40,PB15_T4,z_score
40,PB15_T5,z_score
40,PB15_T6,z_score
40,PB15_T7,z_score
40,PB15_T8,z_score
40,PB15_T9,z_score
40,PB16_T1,z_score
40,PB16_T10,z_score
40,PB16_T11,z_score
40,PB16_T12,distance_from_high
40,PB16_T2,z_score
40,PB16_T3,z_score
40,PB16_T4,z_score
40,PB16_T5,z_score
40,PB16_T6,z_score
40,PB16_T7,z_score
40,PB16_T8,z_score
40,PB16_T9,z_score
40,PB17_T1,z_score
40,PB17_T10,z_score
40,PB17_T11,z_score
40,PB17_T12,distance_from_high
40,PB17_T2,z_score
40,PB17_T3,z_score
40,PB17_T4,z_score
40,PB17_T5,z_score
40,PB17_T6,z_score
40,PB17_T7,z_score
40,PB17_T8,z_score
40,PB17_T9,z_score
40,PB18_T1,z_score
40,PB18_T10,z_score
40,PB18_T11,z_score
40,PB18_T12,distance_from_high
40,PB18_T2,z_score
40,PB18_T3,z_score
40,PB18_T4,z_score
40,PB18_T5,z_score
40,PB18_T6,z_score
40,PB18_T7,z_score
40,PB18_T8,z_score
40,PB18_T9,z_score
40,PB2_T1,z_score
40,PB2_T10,z_score
40,PB2_T11,z_score
40,PB2_T12,absolute_return_mean
40,PB2_T2,z_score
40,PB2_T3,z_score
40,PB2_T4,z_score
40,PB2_T5,z_score
40,PB2_T6,z_score
40,PB2_T7,z_score
40,PB2_T8,z_score
40,PB2_T9,z_score
40,PB3_T1,z_score
40,PB3_T10,z_score
40,PB3_T11,z_score
40,PB3_T12,distance_from_high
40,PB3_T2,z_score
40,PB3_T3,z_score
40,PB3_T4,z_score
40,PB3_T5,z_score
40,PB3_T6,z_score
40,PB3_T7,z_score
40,PB3_T8,z_score
40,PB3_T9,z_score
40,PB4_T1,normalized_deviation
40,PB4_T10,price_minus_mean
40,PB4_T11,price_minus_mean
40,PB4_T12,distance_from_high
40,PB4_T2,normalized_deviation
40,PB4_T3,price_minus_mean
40,PB4_T4,normalized_deviation
40,PB4_T5,normalized_deviation
40,PB4_T6,normalized_deviation
40,PB4_T7,normalized_deviation
40,PB4_T8,price_minus_mean
40,PB4_T9,price_minus_mean
40,PB5_T1,normalized_deviation
40,PB5_T10,price_minus_mean
40,PB5_T11,price_minus_mean
40,PB5_T12,distance_from_high
40,PB5_T2,normalized_deviation
40,PB5_T3,price_minus_mean
40,PB5_T4,normalized_deviation
40,PB5_T5,normalized_deviation
40,PB5_T6,normalized_deviation
40,PB5_T7,normalized_deviation
40,PB5_T8,price_minus_mean
40,PB5_T9,price_minus_mean
40,PB6_T1,normalized_deviation
40,PB6_T10,rolling_return_mean
40,PB6_T11,momentum
40,PB6_T12,rolling_min
40,PB6_T2,rolling_return_mean
40,PB6_T3,rolling_return_mean
40,PB6_T4,rolling_return_mean
40,PB6_T5,rolling_return_mean
40,PB6_T6,rolling_return_mean
40,PB6_T7,rolling_return_mean
40,PB6_T8,rolling_return_mean
40,PB6_T9,rolling_return_mean
40,PB7_T1,z_score
40,PB7_T10,z_score
40,PB7_T11,z_score
40,PB7_T12,distance_from_high
40,PB7_T2,z_score
40,PB7_T3,z_score
40,PB7_T4,z_score
40,PB7_T5,z_score
40,PB7_T6,z_score
40,PB7_T7,z_score
40,PB7_T8,z_score
40,PB7_T9,z_score
40,PB8_T1,z_score
40,PB8_T10,z_score
40,PB8_T11,z_score
40,PB8_T12,distance_from_high
40,PB8_T2,z_score
40,PB8_T3,z_score
40,PB8_T4,z_score
40,PB8_T5,z_score
40,PB8_T6,z_score
40,PB8_T7,z_score
40,PB8_T8,z_score
40,PB8_T9,z_score
40,PB9_T1,ema
40,PB9_T10,rolling_min
40,PB9_T11,rolling_min
40,PB9_T12,distance_from_high
40,PB9_T2,ema
40,PB9_T3,ema
40,PB9_T4,ema
40,PB9_T5,ema
40,PB9_T6,ema
40,PB9_T7,ema
40,PB9_T8,ema
40,PB9_T9,rolling_min
41,BB1_T1,rolling_mean
41,BB1_T10,rolling_mean
41,BB1_T11,rolling_mean
41,BB1_T12,rolling_mean
41,BB1_T2,rolling_mean
41,BB1_T3,rolling_mean
41,BB1_T4,rolling_mean
41,BB1_T5,rolling_mean
41,BB1_T6,rolling_mean
41,BB1_T7,rolling_mean
41,BB1_T8,rolling_mean
41,BB1_T9,rolling_mean
41,BB10_T1,z_score
41,BB10_T10,z_score
41,BB10_T11,z_score
41,BB10_T12,z_score
41,BB10_T2,z_score
41,BB10_T3,z_score
41,BB10_T4,z_score
41,BB10_T5,z_score
41,BB10_T6,z_score
41,BB10_T7,z_score
41,BB10_T8,z_score
41,BB10_T9,z_score
41,BB11_T1,rolling_max
41,BB11_T10,rolling_max
41,BB11_T11,rolling_max
41,BB11_T12,rolling_max
41,BB11_T2,rolling_max
41,BB11_T3,rolling_max
41,BB11_T4,rolling_max
41,BB11_T5,rolling_max
41,BB11_T6,rolling_max
41,BB11_T7,rolling_max
41,BB11_T8,rolling_max
41,BB11_T9,rolling_max
41,BB12_T1,rolling_min
41,BB12_T10,rolling_min
41,BB12_T11,rolling_min
41,BB12_T12,rolling_min
41,BB12_T2,rolling_min
41,BB12_T3,rolling_min
41,BB12_T4,rolling_min
41,BB12_T5,rolling_min
41,BB12_T6,rolling_min
41,BB12_T7,rolling_min
41,BB12_T8,rolling_min
41,BB12_T9,rolling_min
41,BB13_T1,ema
41,BB13_T10,ema
41,BB13_T11,ema
41,BB13_T12,ema
41,BB13_T2,ema
41,BB13_T3,ema
41,BB13_T4,ema
41,BB13_T5,ema
41,BB13_T6,ema
41,BB13_T7,ema
41,BB13_T8,ema
41,BB13_T9,ema
41,BB14_T1,rolling_max
41,BB14_T10,ema
41,BB14_T11,ema
41,BB14_T12,ema
41,BB14_T2,ema
41,BB14_T3,ema
41,BB14_T4,ema
41,BB14_T5,ema
41,BB14_T6,ema
41,BB14_T7,ema
41,BB14_T8,ema
41,BB14_T9,ema
41,BB15_T1,rolling_min
41,BB15_T10,ema
41,BB15_T11,ema
41,BB15_T12,ema
41,BB15_T2,ema
41,BB15_T3,ema
41,BB15_T4,ema
41,BB15_T5,ema
41,BB15_T6,ema
41,BB15_T7,ema
41,BB15_T8,ema
41,BB15_T9,ema
41,BB2_T1,rolling_return_mean
41,BB2_T10,rolling_return_mean
41,BB2_T11,rolling_return_mean
41,BB2_T12,momentum
41,BB2_T2,rolling_return_mean
41,BB2_T3,rolling_return_mean
41,BB2_T4,rolling_return_mean
41,BB2_T5,rolling_return_mean
41,BB2_T6,rolling_return_mean
41,BB2_T7,rolling_return_mean
41,BB2_T8,momentum
41,BB2_T9,rolling_return_mean
41,BB3_T1,normalized_deviation
41,BB3_T10,normalized_deviation
41,BB3_T11,normalized_deviation
41,BB3_T12,normalized_deviation
41,BB3_T2,normalized_deviation
41,BB3_T3,normalized_deviation
41,BB3_T4,normalized_deviation
41,BB3_T5,normalized_deviation
41,BB3_T6,normalized_deviation
41,BB3_T7,normalized_deviation
41,BB3_T8,normalized_deviation
41,BB3_T9,normalized_deviation
41,BB4_T1,rolling_mean
41,BB4_T10,rolling_mean
41,BB4_T11,rolling_mean
41,BB4_T12,rolling_mean
41,BB4_T2,rolling_mean
41,BB4_T3,rolling_mean
41,BB4_T4,rolling_mean
41,BB4_T5,rolling_mean
41,BB4_T6,rolling_mean
41,BB4_T7,rolling_mean
41,BB4_T8,rolling_mean
41,BB4_T9,rolling_mean
41,BB5_T1,ema
41,BB5_T10,ema
41,BB5_T11,ema
41,BB5_T12,ema
41,BB5_T2,ema
41,BB5_T3,ema
41,BB5_T4,ema
41,BB5_T5,ema
41,BB5_T6,ema
41,BB5_T7,ema
41,BB5_T8,ema
41,BB5_T9,ema
41,BB6_T1,rolling_mean
41,BB6_T10,rolling_mean
41,BB6_T11,rolling_mean
41,BB6_T12,rolling_mean
41,BB6_T2,rolling_mean
41,BB6_T3,rolling_mean
41,BB6_T4,rolling_mean
41,BB6_T5,rolling_mean
41,BB6_T6,rolling_mean
41,BB6_T7,rolling_mean
41,BB6_T8,rolling_mean
41,BB6_T9,rolling_mean
41,BB7_T1,rolling_max
41,BB7_T10,rolling_max
41,BB7_T11,rolling_max
41,BB7_T12,rolling_max
41,BB7_T2,rolling_max
41,BB7_T3,rolling_max
41,BB7_T4,rolling_max
41,BB7_T5,rolling_max
41,BB7_T6,rolling_max
41,BB7_T7,rolling_max
41,BB7_T8,rolling_max
41,BB7_T9,rolling_max
41,BB8_T1,rolling_min
41,BB8_T10,rolling_min
41,BB8_T11,rolling_min
41,BB8_T12,rolling_min
41,BB8_T2,rolling_min
41,BB8_T3,rolling_min
41,BB8_T4,rolling_min
41,BB8_T5,rolling_min
41,BB8_T6,rolling_min
41,BB8_T7,rolling_min
41,BB8_T8,rolling_min
41,BB8_T9,rolling_min
41,BB9_T1,rolling_std
41,BB9_T10,rolling_std
41,BB9_T11,rolling_std
41,BB9_T12,rolling_std
41,BB9_T2,rolling_std
41,BB9_T3,rolling_std
41,BB9_T4,rolling_std
41,BB9_T5,rolling_std
41,BB9_T6,rolling_std
41,BB9_T7,rolling_std
41,BB9_T8,rolling_std
41,BB9_T9,rolling_std
41,PB1_T1,normalized_deviation
41,PB1_T10,z_score
41,PB1_T11,z_score
41,PB1_T12,normalized_deviation
41,PB1_T2,normalized_deviation
41,PB1_T3,price_minus_mean
41,PB1_T4,price_minus_mean
41,PB1_T5,price_minus_mean
41,PB1_T6,z_score
41,PB1_T7,z_score
41,PB1_T8,z_score
41,PB1_T9,z_score
41,PB10_T1,ema
41,PB10_T10,ema
41,PB10_T11,ema
41,PB10_T12,rolling_std
41,PB10_T2,ema
41,PB10_T3,ema
41,PB10_T4,ema
41,PB10_T5,ema
41,PB10_T6,ema
41,PB10_T7,ema
41,PB10_T8,ema
41,PB10_T9,ema
41,PB11_T1,ema
41,PB11_T10,ema
41,PB11_T11,ema
41,PB11_T12,rolling_return_mean
41,PB11_T2,ema
41,PB11_T3,ema
41,PB11_T4,ema
41,PB11_T5,ema
41,PB11_T6,ema
41,PB11_T7,ema
41,PB11_T8,ema
41,PB11_T9,ema
41,PB12_T1,normalized_deviation
41,PB12_T10,z_score
41,PB12_T11,z_score
41,PB12_T12,normalized_deviation
41,PB12_T2,normalized_deviation
41,PB12_T3,price_minus_mean
41,PB12_T4,price_minus_mean
41,PB12_T5,price_minus_mean
41,PB12_T6,z_score
41,PB12_T7,z_score
41,PB12_T8,z_score
41,PB12_T9,z_score
41,PB13_T1,price_minus_mean
41,PB13_T10,z_score
41,PB13_T11,z_score
41,PB13_T12,normalized_deviation
41,PB13_T2,normalized_deviation
41,PB13_T3,price_minus_mean
41,PB13_T4,price_minus_mean
41,PB13_T5,price_minus_mean
41,PB13_T6,z_score
41,PB13_T7,z_score
41,PB13_T8,z_score
41,PB13_T9,z_score
41,PB14_T1,z_score
41,PB14_T10,z_score
41,PB14_T11,z_score
41,PB14_T12,normalized_deviation
41,PB14_T2,z_score
41,PB14_T3,z_score
41,PB14_T4,z_score
41,PB14_T5,z_score
41,PB14_T6,z_score
41,PB14_T7,z_score
41,PB14_T8,z_score
41,PB14_T9,z_score
41,PB15_T1,z_score
41,PB15_T10,z_score
41,PB15_T11,z_score
41,PB15_T12,distance_from_high
41,PB15_T2,z_score
41,PB15_T3,z_score
41,PB15_T4,z_score
41,PB15_T5,z_score
41,PB15_T6,z_score
41,PB15_T7,z_score
41,PB15_T8,z_score
41,PB15_T9,z_score
41,PB16_T1,z_score
41,PB16_T10,z_score
41,PB16_T11,z_score
41,PB16_T12,distance_from_high
41,PB16_T2,z_score
41,PB16_T3,z_score
41,PB16_T4,z_score
41,PB16_T5,z_score
41,PB16_T6,z_score
41,PB16_T7,z_score
41,PB16_T8,z_score
41,PB16_T9,z_score
41,PB17_T1,z_score
41,PB17_T10,z_score
41,PB17_T11,z_score
41,PB17_T12,distance_from_high
41,PB17_T2,z_score
41,PB17_T3,z_score
41,PB17_T4,z_score
41,PB17_T5,z_score
41,PB17_T6,z_score
41,PB17_T7,z_score
41,PB17_T8,z_score
41,PB17_T9,z_score
41,PB18_T1,z_score
41,PB18_T10,z_score
41,PB18_T11,z_score
41,PB18_T12,distance_from_high
41,PB18_T2,z_score
41,PB18_T3,z_score
41,PB18_T4,z_score
41,PB18_T5,z_score
41,PB18_T6,z_score
41,PB18_T7,z_score
41,PB18_T8,z_score
41,PB18_T9,z_score
41,PB2_T1,z_score
41,PB2_T10,ema
41,PB2_T11,ema
41,PB2_T12,distance_from_high
41,PB2_T2,z_score
41,PB2_T3,z_score
41,PB2_T4,z_score
41,PB2_T5,z_score
41,PB2_T6,z_score
41,PB2_T7,z_score
41,PB2_T8,z_score
41,PB2_T9,z_score
41,PB3_T1,z_score
41,PB3_T10,z_score
41,PB3_T11,z_score
41,PB3_T12,z_score
41,PB3_T2,z_score
41,PB3_T3,z_score
41,PB3_T4,z_score
41,PB3_T5,z_score
41,PB3_T6,z_score
41,PB3_T7,z_score
41,PB3_T8,z_score
41,PB3_T9,z_score
41,PB4_T1,normalized_deviation
41,PB4_T10,z_score
41,PB4_T11,z_score
41,PB4_T12,normalized_deviation
41,PB4_T2,normalized_deviation
41,PB4_T3,price_minus_mean
41,PB4_T4,price_minus_mean
41,PB4_T5,price_minus_mean
41,PB4_T6,z_score
41,PB4_T7,z_score
41,PB4_T8,z_score
41,PB4_T9,z_score
41,PB5_T1,normalized_deviation
41,PB5_T10,z_score
41,PB5_T11,z_score
41,PB5_T12,normalized_deviation
41,PB5_T2,normalized_deviation
41,PB5_T3,price_minus_mean
41,PB5_T4,price_minus_mean
41,PB5_T5,price_minus_mean
41,PB5_T6,z_score
41,PB5_T7,z_score
41,PB5_T8,z_score
41,PB5_T9,z_score
41,PB6_T1,price_minus_mean
41,PB6_T10,momentum
41,PB6_T11,price_minus_mean
41,PB6_T12,momentum
41,PB6_T2,rolling_return_mean
41,PB6_T3,momentum
41,PB6_T4,momentum
41,PB6_T5,momentum
41,PB6_T6,rolling_return_mean
41,PB6_T7,rolling_return_mean
41,PB6_T8,rolling_return_mean
41,PB6_T9,momentum
41,PB7_T1,z_score
41,PB7_T10,z_score
41,PB7_T11,z_score
41,PB7_T12,distance_from_high
41,PB7_T2,z_score
41,PB7_T3,z_score
41,PB7_T4,z_score
41,PB7_T5,z_score
41,PB7_T6,z_score
41,PB7_T7,z_score
41,PB7_T8,z_score
41,PB7_T9,z_score
41,PB8_T1,z_score
41,PB8_T10,z_score
41,PB8_T11,z_score
41,PB8_T12,distance_from_high
41,PB8_T2,z_score
41,PB8_T3,z_score
41,PB8_T4,z_score
41,PB8_T5,z_score
41,PB8_T6,z_score
41,PB8_T7,z_score
41,PB8_T8,z_score
41,PB8_T9,z_score
41,PB9_T1,ema
41,PB9_T10,ema
41,PB9_T11,rolling_max
41,PB9_T12,price_minus_mean
41,PB9_T2,ema
41,PB9_T3,ema
41,PB9_T4,ema
41,PB9_T5,ema
41,PB9_T6,ema
41,PB9_T7,ema
41,PB9_T8,ema
41,PB9_T9,downside_volatility
42,BB1_T1,ema
42,BB1_T10,rolling_mean
42,BB1_T11,rolling_mean
42,BB1_T12,rolling_mean
42,BB1_T2,rolling_mean
42,BB1_T3,rolling_mean
42,BB1_T4,rolling_mean
42,BB1_T5,rolling_mean
42,BB1_T6,rolling_mean
42,BB1_T7,rolling_mean
42,BB1_T8,rolling_mean
42,BB1_T9,rolling_mean
42,BB10_T1,z_score
42,BB10_T10,z_score
42,BB10_T11,z_score
42,BB10_T12,z_score
42,BB10_T2,z_score
42,BB10_T3,z_score
42,BB10_T4,z_score
42,BB10_T5,z_score
42,BB10_T6,z_score
42,BB10_T7,z_score
42,BB10_T8,z_score
42,BB10_T9,z_score
42,BB11_T1,rolling_max
42,BB11_T10,rolling_max
42,BB11_T11,rolling_max
42,BB11_T12,rolling_max
42,BB11_T2,rolling_max
42,BB11_T3,rolling_max
42,BB11_T4,rolling_max
42,BB11_T5,rolling_max
42,BB11_T6,rolling_max
42,BB11_T7,rolling_max
42,BB11_T8,rolling_max
42,BB11_T9,rolling_max
42,BB12_T1,rolling_min
42,BB12_T10,rolling_min
42,BB12_T11,rolling_min
42,BB12_T12,rolling_min
42,BB12_T2,rolling_min
42,BB12_T3,rolling_min
42,BB12_T4,rolling_min
42,BB12_T5,rolling_min
42,BB12_T6,rolling_min
42,BB12_T7,rolling_min
42,BB12_T8,rolling_min
42,BB12_T9,rolling_min
42,BB13_T1,ema
42,BB13_T10,ema
42,BB13_T11,ema
42,BB13_T12,ema
42,BB13_T2,ema
42,BB13_T3,ema
42,BB13_T4,ema
42,BB13_T5,ema
42,BB13_T6,ema
42,BB13_T7,ema
42,BB13_T8,ema
42,BB13_T9,ema
42,BB14_T1,rolling_max
42,BB14_T10,ema
42,BB14_T11,ema
42,BB14_T12,ema
42,BB14_T2,ema
42,BB14_T3,ema
42,BB14_T4,ema
42,BB14_T5,ema
42,BB14_T6,ema
42,BB14_T7,ema
42,BB14_T8,ema
42,BB14_T9,ema
42,BB15_T1,rolling_min
42,BB15_T10,ema
42,BB15_T11,ema
42,BB15_T12,ema
42,BB15_T2,ema
42,BB15_T3,ema
42,BB15_T4,ema
42,BB15_T5,ema
42,BB15_T6,ema
42,BB15_T7,ema
42,BB15_T8,ema
42,BB15_T9,ema
42,BB2_T1,rolling_return_mean
42,BB2_T10,momentum
42,BB2_T11,momentum
42,BB2_T12,momentum
42,BB2_T2,rolling_return_mean
42,BB2_T3,rolling_return_mean
42,BB2_T4,rolling_return_mean
42,BB2_T5,momentum
42,BB2_T6,momentum
42,BB2_T7,momentum
42,BB2_T8,momentum
42,BB2_T9,rolling_return_mean
42,BB3_T1,normalized_deviation
42,BB3_T10,normalized_deviation
42,BB3_T11,normalized_deviation
42,BB3_T12,normalized_deviation
42,BB3_T2,normalized_deviation
42,BB3_T3,normalized_deviation
42,BB3_T4,normalized_deviation
42,BB3_T5,normalized_deviation
42,BB3_T6,normalized_deviation
42,BB3_T7,normalized_deviation
42,BB3_T8,normalized_deviation
42,BB3_T9,normalized_deviation
42,BB4_T1,rolling_mean
42,BB4_T10,rolling_mean
42,BB4_T11,rolling_mean
42,BB4_T12,rolling_mean
42,BB4_T2,rolling_mean
42,BB4_T3,rolling_mean
42,BB4_T4,rolling_mean
42,BB4_T5,rolling_mean
42,BB4_T6,rolling_mean
42,BB4_T7,rolling_mean
42,BB4_T8,rolling_mean
42,BB4_T9,rolling_mean
42,BB5_T1,ema
42,BB5_T10,ema
42,BB5_T11,ema
42,BB5_T12,ema
42,BB5_T2,ema
42,BB5_T3,ema
42,BB5_T4,ema
42,BB5_T5,ema
42,BB5_T6,ema
42,BB5_T7,ema
42,BB5_T8,ema
42,BB5_T9,ema
42,BB6_T1,rolling_mean
42,BB6_T10,rolling_mean
42,BB6_T11,rolling_mean
42,BB6_T12,rolling_mean
42,BB6_T2,rolling_mean
42,BB6_T3,rolling_mean
42,BB6_T4,rolling_mean
42,BB6_T5,rolling_mean
42,BB6_T6,rolling_mean
42,BB6_T7,rolling_mean
42,BB6_T8,rolling_mean
42,BB6_T9,rolling_mean
42,BB7_T1,rolling_max
42,BB7_T10,rolling_max
42,BB7_T11,rolling_max
42,BB7_T12,rolling_max
42,BB7_T2,rolling_max
42,BB7_T3,rolling_max
42,BB7_T4,rolling_max
42,BB7_T5,rolling_max
42,BB7_T6,rolling_max
42,BB7_T7,rolling_max
42,BB7_T8,rolling_max
42,BB7_T9,rolling_max
42,BB8_T1,rolling_min
42,BB8_T10,rolling_min
42,BB8_T11,rolling_min
42,BB8_T12,rolling_min
42,BB8_T2,rolling_min
42,BB8_T3,rolling_min
42,BB8_T4,rolling_min
42,BB8_T5,rolling_min
42,BB8_T6,rolling_min
42,BB8_T7,rolling_min
42,BB8_T8,rolling_min
42,BB8_T9,rolling_min
42,BB9_T1,rolling_std
42,BB9_T10,rolling_std
42,BB9_T11,rolling_std
42,BB9_T12,rolling_std
42,BB9_T2,rolling_std
42,BB9_T3,rolling_std
42,BB9_T4,rolling_std
42,BB9_T5,rolling_std
42,BB9_T6,rolling_std
42,BB9_T7,rolling_std
42,BB9_T8,rolling_std
42,BB9_T9,rolling_std
42,PB1_T1,price_minus_mean
42,PB1_T10,z_score
42,PB1_T11,z_score
42,PB1_T12,normalized_deviation
42,PB1_T2,normalized_deviation
42,PB1_T3,normalized_deviation
42,PB1_T4,normalized_deviation
42,PB1_T5,normalized_deviation
42,PB1_T6,z_score
42,PB1_T7,z_score
42,PB1_T8,price_minus_mean
42,PB1_T9,z_score
42,PB10_T1,ema
42,PB10_T10,rolling_max
42,PB10_T11,rolling_max
42,PB10_T12,ema
42,PB10_T2,ema
42,PB10_T3,ema
42,PB10_T4,rolling_max
42,PB10_T5,rolling_max
42,PB10_T6,rolling_max
42,PB10_T7,rolling_max
42,PB10_T8,rolling_max
42,PB10_T9,rolling_max
42,PB11_T1,ema
42,PB11_T10,ema
42,PB11_T11,ema
42,PB11_T12,ema
42,PB11_T2,ema
42,PB11_T3,ema
42,PB11_T4,ema
42,PB11_T5,ema
42,PB11_T6,ema
42,PB11_T7,ema
42,PB11_T8,ema
42,PB11_T9,ema
42,PB12_T1,price_minus_mean
42,PB12_T10,z_score
42,PB12_T11,z_score
42,PB12_T12,normalized_deviation
42,PB12_T2,normalized_deviation
42,PB12_T3,normalized_deviation
42,PB12_T4,normalized_deviation
42,PB12_T5,normalized_deviation
42,PB12_T6,z_score
42,PB12_T7,z_score
42,PB12_T8,price_minus_mean
42,PB12_T9,z_score
42,PB13_T1,price_minus_mean
42,PB13_T10,z_score
42,PB13_T11,z_score
42,PB13_T12,normalized_deviation
42,PB13_T2,normalized_deviation
42,PB13_T3,normalized_deviation
42,PB13_T4,normalized_deviation
42,PB13_T5,normalized_deviation
42,PB13_T6,z_score
42,PB13_T7,z_score
42,PB13_T8,price_minus_mean
42,PB13_T9,z_score
42,PB14_T1,z_score
42,PB14_T10,z_score
42,PB14_T11,z_score
42,PB14_T12,normalized_deviation
42,PB14_T2,z_score
42,PB14_T3,z_score
42,PB14_T4,z_score
42,PB14_T5,z_score
42,PB14_T6,z_score
42,PB14_T7,z_score
42,PB14_T8,z_score
42,PB14_T9,z_score
42,PB15_T1,z_score
42,PB15_T10,z_score
42,PB15_T11,distance_from_high
42,PB15_T12,distance_from_high
42,PB15_T2,z_score
42,PB15_T3,z_score
42,PB15_T4,z_score
42,PB15_T5,z_score
42,PB15_T6,z_score
42,PB15_T7,z_score
42,PB15_T8,z_score
42,PB15_T9,z_score
42,PB16_T1,z_score
42,PB16_T10,z_score
42,PB16_T11,distance_from_high
42,PB16_T12,distance_from_high
42,PB16_T2,z_score
42,PB16_T3,z_score
42,PB16_T4,z_score
42,PB16_T5,z_score
42,PB16_T6,z_score
42,PB16_T7,z_score
42,PB16_T8,z_score
42,PB16_T9,z_score
42,PB17_T1,z_score
42,PB17_T10,z_score
42,PB17_T11,distance_from_high
42,PB17_T12,distance_from_high
42,PB17_T2,z_score
42,PB17_T3,z_score
42,PB17_T4,z_score
42,PB17_T5,z_score
42,PB17_T6,z_score
42,PB17_T7,z_score
42,PB17_T8,z_score
42,PB17_T9,z_score
42,PB18_T1,z_score
42,PB18_T10,z_score
42,PB18_T11,z_score
42,PB18_T12,z_score
42,PB18_T2,z_score
42,PB18_T3,z_score
42,PB18_T4,z_score
42,PB18_T5,z_score
42,PB18_T6,z_score
42,PB18_T7,z_score
42,PB18_T8,z_score
42,PB18_T9,z_score
42,PB2_T1,z_score
42,PB2_T10,z_score
42,PB2_T11,realized_volatility
42,PB2_T12,price_minus_mean
42,PB2_T2,z_score
42,PB2_T3,z_score
42,PB2_T4,z_score
42,PB2_T5,z_score
42,PB2_T6,z_score
42,PB2_T7,z_score
42,PB2_T8,z_score
42,PB2_T9,z_score
42,PB3_T1,z_score
42,PB3_T10,absolute_return_mean
42,PB3_T11,downside_volatility
42,PB3_T12,rolling_mean
42,PB3_T2,z_score
42,PB3_T3,z_score
42,PB3_T4,z_score
42,PB3_T5,z_score
42,PB3_T6,z_score
42,PB3_T7,z_score
42,PB3_T8,price_minus_mean
42,PB3_T9,price_minus_mean
42,PB4_T1,price_minus_mean
42,PB4_T10,z_score
42,PB4_T11,z_score
42,PB4_T12,normalized_deviation
42,PB4_T2,normalized_deviation
42,PB4_T3,normalized_deviation
42,PB4_T4,normalized_deviation
42,PB4_T5,normalized_deviation
42,PB4_T6,z_score
42,PB4_T7,z_score
42,PB4_T8,price_minus_mean
42,PB4_T9,z_score
42,PB5_T1,price_minus_mean
42,PB5_T10,z_score
42,PB5_T11,z_score
42,PB5_T12,normalized_deviation
42,PB5_T2,normalized_deviation
42,PB5_T3,normalized_deviation
42,PB5_T4,normalized_deviation
42,PB5_T5,normalized_deviation
42,PB5_T6,z_score
42,PB5_T7,z_score
42,PB5_T8,price_minus_mean
42,PB5_T9,z_score
42,PB6_T1,price_minus_mean
42,PB6_T10,distance_from_low
42,PB6_T11,distance_from_low
42,PB6_T12,ema
42,PB6_T2,momentum
42,PB6_T3,momentum
42,PB6_T4,rolling_return_mean
42,PB6_T5,rolling_return_mean
42,PB6_T6,rolling_return_mean
42,PB6_T7,momentum
42,PB6_T8,rolling_return_mean
42,PB6_T9,rolling_return_mean
42,PB7_T1,z_score
42,PB7_T10,z_score
42,PB7_T11,z_score
42,PB7_T12,z_score
42,PB7_T2,z_score
42,PB7_T3,z_score
42,PB7_T4,z_score
42,PB7_T5,z_score
42,PB7_T6,z_score
42,PB7_T7,z_score
42,PB7_T8,z_score
42,PB7_T9,z_score
42,PB8_T1,z_score
42,PB8_T10,z_score
42,PB8_T11,z_score
42,PB8_T12,z_score
42,PB8_T2,z_score
42,PB8_T3,z_score
42,PB8_T4,z_score
42,PB8_T5,z_score
42,PB8_T6,z_score
42,PB8_T7,z_score
42,PB8_T8,z_score
42,PB8_T9,z_score
42,PB9_T1,ema
42,PB9_T10,price_minus_mean
42,PB9_T11,price_minus_mean
42,PB9_T12,price_minus_mean
42,PB9_T2,ema
42,PB9_T3,ema
42,PB9_T4,ema
42,PB9_T5,ema
42,PB9_T6,ema
42,PB9_T7,rolling_max
42,PB9_T8,rolling_max
42,PB9_T9,rolling_max
43,BB1_T1,ema
43,BB1_T10,rolling_mean
43,BB1_T11,rolling_mean
43,BB1_T12,rolling_mean
43,BB1_T2,rolling_mean
43,BB1_T3,rolling_mean
43,BB1_T4,rolling_mean
43,BB1_T5,rolling_mean
43,BB1_T6,rolling_mean
43,BB1_T7,rolling_mean
43,BB1_T8,rolling_mean
43,BB1_T9,rolling_mean
43,BB10_T1,z_score
43,BB10_T10,z_score
43,BB10_T11,z_score
43,BB10_T12,z_score
43,BB10_T2,z_score
43,BB10_T3,z_score
43,BB10_T4,z_score
43,BB10_T5,z_score
43,BB10_T6,z_score
43,BB10_T7,z_score
43,BB10_T8,z_score
43,BB10_T9,z_score
43,BB11_T1,rolling_max
43,BB11_T10,rolling_max
43,BB11_T11,rolling_max
43,BB11_T12,rolling_max
43,BB11_T2,rolling_max
43,BB11_T3,rolling_max
43,BB11_T4,rolling_max
43,BB11_T5,rolling_max
43,BB11_T6,rolling_max
43,BB11_T7,rolling_max
43,BB11_T8,rolling_max
43,BB11_T9,rolling_max
43,BB12_T1,rolling_min
43,BB12_T10,rolling_min
43,BB12_T11,rolling_min
43,BB12_T12,rolling_min
43,BB12_T2,rolling_min
43,BB12_T3,rolling_min
43,BB12_T4,rolling_min
43,BB12_T5,rolling_min
43,BB12_T6,rolling_min
43,BB12_T7,rolling_min
43,BB12_T8,rolling_min
43,BB12_T9,rolling_min
43,BB13_T1,ema
43,BB13_T10,ema
43,BB13_T11,ema
43,BB13_T12,ema
43,BB13_T2,ema
43,BB13_T3,ema
43,BB13_T4,ema
43,BB13_T5,ema
43,BB13_T6,ema
43,BB13_T7,ema
43,BB13_T8,ema
43,BB13_T9,ema
43,BB14_T1,rolling_max
43,BB14_T10,ema
43,BB14_T11,ema
43,BB14_T12,ema
43,BB14_T2,ema
43,BB14_T3,ema
43,BB14_T4,ema
43,BB14_T5,ema
43,BB14_T6,ema
43,BB14_T7,ema
43,BB14_T8,ema
43,BB14_T9,ema
43,BB15_T1,rolling_min
43,BB15_T10,ema
43,BB15_T11,ema
43,BB15_T12,ema
43,BB15_T2,ema
43,BB15_T3,ema
43,BB15_T4,ema
43,BB15_T5,ema
43,BB15_T6,ema
43,BB15_T7,ema
43,BB15_T8,ema
43,BB15_T9,ema
43,BB2_T1,rolling_return_mean
43,BB2_T10,rolling_return_mean
43,BB2_T11,rolling_return_mean
43,BB2_T12,rolling_return_mean
43,BB2_T2,rolling_return_mean
43,BB2_T3,rolling_return_mean
43,BB2_T4,rolling_return_mean
43,BB2_T5,rolling_return_mean
43,BB2_T6,rolling_return_mean
43,BB2_T7,rolling_return_mean
43,BB2_T8,rolling_return_mean
43,BB2_T9,rolling_return_mean
43,BB3_T1,normalized_deviation
43,BB3_T10,price_minus_mean
43,BB3_T11,normalized_deviation
43,BB3_T12,price_minus_mean
43,BB3_T2,normalized_deviation
43,BB3_T3,price_minus_mean
43,BB3_T4,price_minus_mean
43,BB3_T5,price_minus_mean
43,BB3_T6,normalized_deviation
43,BB3_T7,normalized_deviation
43,BB3_T8,normalized_deviation
43,BB3_T9,normalized_deviation
43,BB4_T1,rolling_mean
43,BB4_T10,rolling_mean
43,BB4_T11,rolling_mean
43,BB4_T12,rolling_mean
43,BB4_T2,rolling_mean
43,BB4_T3,rolling_mean
43,BB4_T4,rolling_mean
43,BB4_T5,rolling_mean
43,BB4_T6,rolling_mean
43,BB4_T7,rolling_mean
43,BB4_T8,rolling_mean
43,BB4_T9,rolling_mean
43,BB5_T1,ema
43,BB5_T10,ema
43,BB5_T11,ema
43,BB5_T12,ema
43,BB5_T2,ema
43,BB5_T3,ema
43,BB5_T4,ema
43,BB5_T5,ema
43,BB5_T6,ema
43,BB5_T7,ema
43,BB5_T8,ema
43,BB5_T9,ema
43,BB6_T1,rolling_mean
43,BB6_T10,rolling_mean
43,BB6_T11,rolling_mean
43,BB6_T12,rolling_mean
43,BB6_T2,rolling_mean
43,BB6_T3,rolling_mean
43,BB6_T4,rolling_mean
43,BB6_T5,rolling_mean
43,BB6_T6,rolling_mean
43,BB6_T7,rolling_mean
43,BB6_T8,rolling_mean
43,BB6_T9,rolling_mean
43,BB7_T1,rolling_max
43,BB7_T10,rolling_max
43,BB7_T11,rolling_max
43,BB7_T12,rolling_max
43,BB7_T2,rolling_max
43,BB7_T3,rolling_max
43,BB7_T4,rolling_max
43,BB7_T5,rolling_max
43,BB7_T6,rolling_max
43,BB7_T7,rolling_max
43,BB7_T8,rolling_max
43,BB7_T9,rolling_max
43,BB8_T1,rolling_min
43,BB8_T10,rolling_min
43,BB8_T11,rolling_min
43,BB8_T12,rolling_min
43,BB8_T2,rolling_min
43,BB8_T3,rolling_min
43,BB8_T4,rolling_min
43,BB8_T5,rolling_min
43,BB8_T6,rolling_min
43,BB8_T7,rolling_min
43,BB8_T8,rolling_min
43,BB8_T9,rolling_min
43,BB9_T1,rolling_std
43,BB9_T10,rolling_std
43,BB9_T11,rolling_std
43,BB9_T12,rolling_std
43,BB9_T2,rolling_std
43,BB9_T3,rolling_std
43,BB9_T4,rolling_std
43,BB9_T5,rolling_std
43,BB9_T6,rolling_std
43,BB9_T7,rolling_std
43,BB9_T8,rolling_std
43,BB9_T9,rolling_std
43,PB1_T1,normalized_deviation
43,PB1_T10,z_score
43,PB1_T11,z_score
43,PB1_T12,distance_from_high
43,PB1_T2,price_minus_mean
43,PB1_T3,price_minus_mean
43,PB1_T4,price_minus_mean
43,PB1_T5,price_minus_mean
43,PB1_T6,price_minus_mean
43,PB1_T7,normalized_deviation
43,PB1_T8,normalized_deviation
43,PB1_T9,normalized_deviation
43,PB10_T1,ema
43,PB10_T10,rolling_max
43,PB10_T11,rolling_max
43,PB10_T12,ema
43,PB10_T2,ema
43,PB10_T3,ema
43,PB10_T4,ema
43,PB10_T5,rolling_max
43,PB10_T6,rolling_max
43,PB10_T7,rolling_max
43,PB10_T8,rolling_max
43,PB10_T9,rolling_max
43,PB11_T1,ema
43,PB11_T10,ema
43,PB11_T11,ema
43,PB11_T12,ema
43,PB11_T2,ema
43,PB11_T3,ema
43,PB11_T4,ema
43,PB11_T5,ema
43,PB11_T6,ema
43,PB11_T7,ema
43,PB11_T8,ema
43,PB11_T9,ema
43,PB12_T1,normalized_deviation
43,PB12_T10,z_score
43,PB12_T11,z_score
43,PB12_T12,distance_from_high
43,PB12_T2,price_minus_mean
43,PB12_T3,price_minus_mean
43,PB12_T4,price_minus_mean
43,PB12_T5,price_minus_mean
43,PB12_T6,price_minus_mean
43,PB12_T7,normalized_deviation
43,PB12_T8,normalized_deviation
43,PB12_T9,normalized_deviation
43,PB13_T1,normalized_deviation
43,PB13_T10,z_score
43,PB13_T11,z_score
43,PB13_T12,distance_from_high
43,PB13_T2,price_minus_mean
43,PB13_T3,price_minus_mean
43,PB13_T4,price_minus_mean
43,PB13_T5,price_minus_mean
43,PB13_T6,price_minus_mean
43,PB13_T7,normalized_deviation
43,PB13_T8,normalized_deviation
43,PB13_T9,normalized_deviation
43,PB14_T1,z_score
43,PB14_T10,z_score
43,PB14_T11,z_score
43,PB14_T12,distance_from_high
43,PB14_T2,z_score
43,PB14_T3,z_score
43,PB14_T4,z_score
43,PB14_T5,z_score
43,PB14_T6,z_score
43,PB14_T7,z_score
43,PB14_T8,z_score
43,PB14_T9,z_score
43,PB15_T1,z_score
43,PB15_T10,z_score
43,PB15_T11,z_score
43,PB15_T12,distance_from_high
43,PB15_T2,z_score
43,PB15_T3,z_score
43,PB15_T4,z_score
43,PB15_T5,z_score
43,PB15_T6,z_score
43,PB15_T7,z_score
43,PB15_T8,z_score
43,PB15_T9,z_score
43,PB16_T1,z_score
43,PB16_T10,z_score
43,PB16_T11,z_score
43,PB16_T12,distance_from_high
43,PB16_T2,z_score
43,PB16_T3,z_score
43,PB16_T4,z_score
43,PB16_T5,z_score
43,PB16_T6,z_score
43,PB16_T7,z_score
43,PB16_T8,z_score
43,PB16_T9,z_score
43,PB17_T1,z_score
43,PB17_T10,z_score
43,PB17_T11,z_score
43,PB17_T12,distance_from_high
43,PB17_T2,z_score
43,PB17_T3,z_score
43,PB17_T4,z_score
43,PB17_T5,z_score
43,PB17_T6,z_score
43,PB17_T7,z_score
43,PB17_T8,z_score
43,PB17_T9,z_score
43,PB18_T1,z_score
43,PB18_T10,z_score
43,PB18_T11,z_score
43,PB18_T12,distance_from_high
43,PB18_T2,z_score
43,PB18_T3,z_score
43,PB18_T4,z_score
43,PB18_T5,z_score
43,PB18_T6,z_score
43,PB18_T7,z_score
43,PB18_T8,z_score
43,PB18_T9,z_score
43,PB2_T1,z_score
43,PB2_T10,rolling_variance
43,PB2_T11,z_score
43,PB2_T12,rolling_std
43,PB2_T2,z_score
43,PB2_T3,z_score
43,PB2_T4,z_score
43,PB2_T5,z_score
43,PB2_T6,z_score
43,PB2_T7,z_score
43,PB2_T8,z_score
43,PB2_T9,z_score
43,PB3_T1,z_score
43,PB3_T10,normalized_deviation
43,PB3_T11,normalized_deviation
43,PB3_T12,upside_volatility
43,PB3_T2,z_score
43,PB3_T3,z_score
43,PB3_T4,z_score
43,PB3_T5,z_score
43,PB3_T6,z_score
43,PB3_T7,z_score
43,PB3_T8,z_score
43,PB3_T9,z_score
43,PB4_T1,normalized_deviation
43,PB4_T10,z_score
43,PB4_T11,z_score
43,PB4_T12,distance_from_high
43,PB4_T2,price_minus_mean
43,PB4_T3,price_minus_mean
43,PB4_T4,price_minus_mean
43,PB4_T5,price_minus_mean
43,PB4_T6,price_minus_mean
43,PB4_T7,normalized_deviation
43,PB4_T8,normalized_deviation
43,PB4_T9,normalized_deviation
43,PB5_T1,normalized_deviation
43,PB5_T10,z_score
43,PB5_T11,z_score
43,PB5_T12,distance_from_high
43,PB5_T2,price_minus_mean
43,PB5_T3,price_minus_mean
43,PB5_T4,price_minus_mean
43,PB5_T5,price_minus_mean
43,PB5_T6,price_minus_mean
43,PB5_T7,normalized_deviation
43,PB5_T8,normalized_deviation
43,PB5_T9,normalized_deviation
43,PB6_T1,price_minus_mean
43,PB6_T10,rolling_return_mean
43,PB6_T11,rolling_return_mean
43,PB6_T12,ema
43,PB6_T2,momentum
43,PB6_T3,momentum
43,PB6_T4,momentum
43,PB6_T5,momentum
43,PB6_T6,momentum
43,PB6_T7,momentum
43,PB6_T8,momentum
43,PB6_T9,momentum
43,PB7_T1,z_score
43,PB7_T10,z_score
43,PB7_T11,z_score
43,PB7_T12,distance_from_high
43,PB7_T2,z_score
43,PB7_T3,z_score
43,PB7_T4,z_score
43,PB7_T5,z_score
43,PB7_T6,z_score
43,PB7_T7,z_score
43,PB7_T8,z_score
43,PB7_T9,z_score
43,PB8_T1,z_score
43,PB8_T10,z_score
43,PB8_T11,z_score
43,PB8_T12,distance_from_high
43,PB8_T2,z_score
43,PB8_T3,z_score
43,PB8_T4,z_score
43,PB8_T5,z_score
43,PB8_T6,z_score
43,PB8_T7,z_score
43,PB8_T8,z_score
43,PB8_T9,z_score
43,PB9_T1,ema
43,PB9_T10,ema
43,PB9_T11,distance_from_high
43,PB9_T12,price_minus_mean
43,PB9_T2,ema
43,PB9_T3,ema
43,PB9_T4,ema
43,PB9_T5,ema
43,PB9_T6,ema
43,PB9_T7,ema
43,PB9_T8,rolling_max
43,PB9_T9,rolling_max
44,BB1_T1,rolling_mean
44,BB1_T10,rolling_mean
44,BB1_T11,rolling_mean
44,BB1_T12,rolling_mean
44,BB1_T2,rolling_mean
44,BB1_T3,rolling_mean
44,BB1_T4,rolling_mean
44,BB1_T5,rolling_mean
44,BB1_T6,rolling_mean
44,BB1_T7,rolling_mean
44,BB1_T8,rolling_mean
44,BB1_T9,rolling_mean
44,BB10_T1,z_score
44,BB10_T10,z_score
44,BB10_T11,z_score
44,BB10_T12,z_score
44,BB10_T2,z_score
44,BB10_T3,z_score
44,BB10_T4,z_score
44,BB10_T5,z_score
44,BB10_T6,z_score
44,BB10_T7,z_score
44,BB10_T8,z_score
44,BB10_T9,z_score
44,BB11_T1,rolling_max
44,BB11_T10,rolling_max
44,BB11_T11,rolling_max
44,BB11_T12,rolling_max
44,BB11_T2,rolling_max
44,BB11_T3,rolling_max
44,BB11_T4,rolling_max
44,BB11_T5,rolling_max
44,BB11_T6,rolling_max
44,BB11_T7,rolling_max
44,BB11_T8,rolling_max
44,BB11_T9,rolling_max
44,BB12_T1,rolling_min
44,BB12_T10,rolling_min
44,BB12_T11,rolling_min
44,BB12_T12,rolling_min
44,BB12_T2,rolling_min
44,BB12_T3,rolling_min
44,BB12_T4,rolling_min
44,BB12_T5,rolling_min
44,BB12_T6,rolling_min
44,BB12_T7,rolling_min
44,BB12_T8,rolling_min
44,BB12_T9,rolling_min
44,BB13_T1,ema
44,BB13_T10,ema
44,BB13_T11,ema
44,BB13_T12,ema
44,BB13_T2,ema
44,BB13_T3,ema
44,BB13_T4,ema
44,BB13_T5,ema
44,BB13_T6,ema
44,BB13_T7,ema
44,BB13_T8,ema
44,BB13_T9,ema
44,BB14_T1,rolling_max
44,BB14_T10,ema
44,BB14_T11,ema
44,BB14_T12,ema
44,BB14_T2,ema
44,BB14_T3,ema
44,BB14_T4,ema
44,BB14_T5,ema
44,BB14_T6,ema
44,BB14_T7,ema
44,BB14_T8,ema
44,BB14_T9,ema
44,BB15_T1,rolling_min
44,BB15_T10,ema
44,BB15_T11,ema
44,BB15_T12,ema
44,BB15_T2,ema
44,BB15_T3,ema
44,BB15_T4,ema
44,BB15_T5,ema
44,BB15_T6,ema
44,BB15_T7,ema
44,BB15_T8,ema
44,BB15_T9,ema
44,BB2_T1,momentum
44,BB2_T10,momentum
44,BB2_T11,momentum
44,BB2_T12,momentum
44,BB2_T2,momentum
44,BB2_T3,momentum
44,BB2_T4,momentum
44,BB2_T5,momentum
44,BB2_T6,momentum
44,BB2_T7,momentum
44,BB2_T8,momentum
44,BB2_T9,momentum
44,BB3_T1,price_minus_mean
44,BB3_T10,normalized_deviation
44,BB3_T11,normalized_deviation
44,BB3_T12,normalized_deviation
44,BB3_T2,normalized_deviation
44,BB3_T3,normalized_deviation
44,BB3_T4,normalized_deviation
44,BB3_T5,normalized_deviation
44,BB3_T6,normalized_deviation
44,BB3_T7,normalized_deviation
44,BB3_T8,normalized_deviation
44,BB3_T9,normalized_deviation
44,BB4_T1,rolling_mean
44,BB4_T10,rolling_mean
44,BB4_T11,rolling_mean
44,BB4_T12,rolling_mean
44,BB4_T2,rolling_mean
44,BB4_T3,rolling_mean
44,BB4_T4,rolling_mean
44,BB4_T5,rolling_mean
44,BB4_T6,rolling_mean
44,BB4_T7,rolling_mean
44,BB4_T8,rolling_mean
44,BB4_T9,rolling_mean
44,BB5_T1,ema
44,BB5_T10,ema
44,BB5_T11,ema
44,BB5_T12,ema
44,BB5_T2,ema
44,BB5_T3,ema
44,BB5_T4,ema
44,BB5_T5,ema
44,BB5_T6,ema
44,BB5_T7,ema
44,BB5_T8,ema
44,BB5_T9,ema
44,BB6_T1,rolling_mean
44,BB6_T10,rolling_mean
44,BB6_T11,rolling_mean
44,BB6_T12,rolling_mean
44,BB6_T2,rolling_mean
44,BB6_T3,rolling_mean
44,BB6_T4,rolling_mean
44,BB6_T5,rolling_mean
44,BB6_T6,rolling_mean
44,BB6_T7,rolling_mean
44,BB6_T8,rolling_mean
44,BB6_T9,rolling_mean
44,BB7_T1,rolling_max
44,BB7_T10,rolling_max
44,BB7_T11,rolling_max
44,BB7_T12,rolling_max
44,BB7_T2,rolling_max
44,BB7_T3,rolling_max
44,BB7_T4,rolling_max
44,BB7_T5,rolling_max
44,BB7_T6,rolling_max
44,BB7_T7,rolling_max
44,BB7_T8,rolling_max
44,BB7_T9,rolling_max
44,BB8_T1,rolling_min
44,BB8_T10,rolling_min
44,BB8_T11,rolling_min
44,BB8_T12,rolling_min
44,BB8_T2,rolling_min
44,BB8_T3,rolling_min
44,BB8_T4,rolling_min
44,BB8_T5,rolling_min
44,BB8_T6,rolling_min
44,BB8_T7,rolling_min
44,BB8_T8,rolling_min
44,BB8_T9,rolling_min
44,BB9_T1,rolling_std
44,BB9_T10,rolling_std
44,BB9_T11,rolling_std
44,BB9_T12,rolling_std
44,BB9_T2,rolling_std
44,BB9_T3,rolling_std
44,BB9_T4,rolling_std
44,BB9_T5,rolling_std
44,BB9_T6,rolling_std
44,BB9_T7,rolling_std
44,BB9_T8,rolling_std
44,BB9_T9,rolling_std
44,PB1_T1,price_minus_mean
44,PB1_T10,z_score
44,PB1_T11,z_score
44,PB1_T12,z_score
44,PB1_T2,price_minus_mean
44,PB1_T3,normalized_deviation
44,PB1_T4,normalized_deviation
44,PB1_T5,price_minus_mean
44,PB1_T6,price_minus_mean
44,PB1_T7,z_score
44,PB1_T8,z_score
44,PB1_T9,z_score
44,PB10_T1,ema
44,PB10_T10,ema
44,PB10_T11,ema
44,PB10_T12,ema
44,PB10_T2,ema
44,PB10_T3,ema
44,PB10_T4,ema
44,PB10_T5,ema
44,PB10_T6,ema
44,PB10_T7,ema
44,PB10_T8,ema
44,PB10_T9,ema
44,PB11_T1,ema
44,PB11_T10,ema
44,PB11_T11,ema
44,PB11_T12,rolling_return_mean
44,PB11_T2,ema
44,PB11_T3,ema
44,PB11_T4,rolling_min
44,PB11_T5,rolling_min
44,PB11_T6,rolling_min
44,PB11_T7,rolling_min
44,PB11_T8,ema
44,PB11_T9,ema
44,PB12_T1,price_minus_mean
44,PB12_T10,z_score
44,PB12_T11,z_score
44,PB12_T12,z_score
44,PB12_T2,price_minus_mean
44,PB12_T3,normalized_deviation
44,PB12_T4,normalized_deviation
44,PB12_T5,price_minus_mean
44,PB12_T6,price_minus_mean
44,PB12_T7,z_score
44,PB12_T8,z_score
44,PB12_T9,z_score
44,PB13_T1,price_minus_mean
44,PB13_T10,z_score
44,PB13_T11,z_score
44,PB13_T12,z_score
44,PB13_T2,price_minus_mean
44,PB13_T3,normalized_deviation
44,PB13_T4,normalized_deviation
44,PB13_T5,price_minus_mean
44,PB13_T6,price_minus_mean
44,PB13_T7,z_score
44,PB13_T8,z_score
44,PB13_T9,z_score
44,PB14_T1,z_score
44,PB14_T10,z_score
44,PB14_T11,z_score
44,PB14_T12,z_score
44,PB14_T2,z_score
44,PB14_T3,z_score
44,PB14_T4,z_score
44,PB14_T5,z_score
44,PB14_T6,z_score
44,PB14_T7,z_score
44,PB14_T8,z_score
44,PB14_T9,z_score
44,PB15_T1,z_score
44,PB15_T10,z_score
44,PB15_T11,z_score
44,PB15_T12,z_score
44,PB15_T2,z_score
44,PB15_T3,z_score
44,PB15_T4,z_score
44,PB15_T5,z_score
44,PB15_T6,z_score
44,PB15_T7,z_score
44,PB15_T8,z_score
44,PB15_T9,z_score
44,PB16_T1,z_score
44,PB16_T10,z_score
44,PB16_T11,z_score
44,PB16_T12,z_score
44,PB16_T2,z_score
44,PB16_T3,z_score
44,PB16_T4,z_score
44,PB16_T5,z_score
44,PB16_T6,z_score
44,PB16_T7,z_score
44,PB16_T8,z_score
44,PB16_T9,z_score
44,PB17_T1,z_score
44,PB17_T10,z_score
44,PB17_T11,z_score
44,PB17_T12,z_score
44,PB17_T2,z_score
44,PB17_T3,z_score
44,PB17_T4,z_score
44,PB17_T5,z_score
44,PB17_T6,z_score
44,PB17_T7,z_score
44,PB17_T8,z_score
44,PB17_T9,z_score
44,PB18_T1,z_score
44,PB18_T10,z_score
44,PB18_T11,z_score
44,PB18_T12,z_score
44,PB18_T2,z_score
44,PB18_T3,z_score
44,PB18_T4,z_score
44,PB18_T5,z_score
44,PB18_T6,z_score
44,PB18_T7,z_score
44,PB18_T8,z_score
44,PB18_T9,z_score
44,PB2_T1,z_score
44,PB2_T10,z_score
44,PB2_T11,z_score
44,PB2_T12,ema
44,PB2_T2,z_score
44,PB2_T3,z_score
44,PB2_T4,z_score
44,PB2_T5,z_score
44,PB2_T6,z_score
44,PB2_T7,z_score
44,PB2_T8,downside_volatility
44,PB2_T9,momentum
44,PB3_T1,z_score
44,PB3_T10,z_score
44,PB3_T11,normalized_deviation
44,PB3_T12,rolling_variance
44,PB3_T2,z_score
44,PB3_T3,z_score
44,PB3_T4,z_score
44,PB3_T5,z_score
44,PB3_T6,z_score
44,PB3_T7,z_score
44,PB3_T8,z_score
44,PB3_T9,z_score
44,PB4_T1,price_minus_mean
44,PB4_T10,z_score
44,PB4_T11,z_score
44,PB4_T12,z_score
44,PB4_T2,price_minus_mean
44,PB4_T3,normalized_deviation
44,PB4_T4,normalized_deviation
44,PB4_T5,price_minus_mean
44,PB4_T6,price_minus_mean
44,PB4_T7,z_score
44,PB4_T8,z_score
44,PB4_T9,z_score
44,PB5_T1,price_minus_mean
44,PB5_T10,z_score
44,PB5_T11,z_score
44,PB5_T12,z_score
44,PB5_T2,price_minus_mean
44,PB5_T3,normalized_deviation
44,PB5_T4,normalized_deviation
44,PB5_T5,price_minus_mean
44,PB5_T6,price_minus_mean
44,PB5_T7,z_score
44,PB5_T8,z_score
44,PB5_T9,z_score
44,PB6_T1,price_minus_mean
44,PB6_T10,rolling_return_mean
44,PB6_T11,rolling_return_mean
44,PB6_T12,rolling_std
44,PB6_T2,rolling_return_mean
44,PB6_T3,rolling_return_mean
44,PB6_T4,rolling_return_mean
44,PB6_T5,rolling_return_mean
44,PB6_T6,momentum
44,PB6_T7,rolling_return_mean
44,PB6_T8,momentum
44,PB6_T9,momentum
44,PB7_T1,z_score
44,PB7_T10,z_score
44,PB7_T11,z_score
44,PB7_T12,z_score
44,PB7_T2,z_score
44,PB7_T3,z_score
44,PB7_T4,z_score
44,PB7_T5,z_score
44,PB7_T6,z_score
44,PB7_T7,z_score
44,PB7_T8,z_score
44,PB7_T9,z_score
44,PB8_T1,z_score
44,PB8_T10,z_score
44,PB8_T11,z_score
44,PB8_T12,z_score
44,PB8_T2,z_score
44,PB8_T3,z_score
44,PB8_T4,z_score
44,PB8_T5,z_score
44,PB8_T6,z_score
44,PB8_T7,z_score
44,PB8_T8,z_score
44,PB8_T9,z_score
44,PB9_T1,ema
44,PB9_T10,ema
44,PB9_T11,distance_from_high
44,PB9_T12,z_score
44,PB9_T2,ema
44,PB9_T3,ema
44,PB9_T4,ema
44,PB9_T5,ema
44,PB9_T6,rolling_min
44,PB9_T7,rolling_min
44,PB9_T8,ema
44,PB9_T9,absolute_return_mean
45,BB1_T1,ema
45,BB1_T10,rolling_mean
45,BB1_T11,rolling_mean
45,BB1_T12,rolling_mean
45,BB1_T2,rolling_mean
45,BB1_T3,rolling_mean
45,BB1_T4,rolling_mean
45,BB1_T5,rolling_mean
45,BB1_T6,rolling_mean
45,BB1_T7,rolling_mean
45,BB1_T8,rolling_mean
45,BB1_T9,rolling_mean
45,BB10_T1,z_score
45,BB10_T10,z_score
45,BB10_T11,z_score
45,BB10_T12,z_score
45,BB10_T2,z_score
45,BB10_T3,z_score
45,BB10_T4,z_score
45,BB10_T5,z_score
45,BB10_T6,z_score
45,BB10_T7,z_score
45,BB10_T8,z_score
45,BB10_T9,z_score
45,BB11_T1,rolling_max
45,BB11_T10,rolling_max
45,BB11_T11,rolling_max
45,BB11_T12,rolling_max
45,BB11_T2,rolling_max
45,BB11_T3,rolling_max
45,BB11_T4,rolling_max
45,BB11_T5,rolling_max
45,BB11_T6,rolling_max
45,BB11_T7,rolling_max
45,BB11_T8,rolling_max
45,BB11_T9,rolling_max
45,BB12_T1,rolling_min
45,BB12_T10,rolling_min
45,BB12_T11,rolling_min
45,BB12_T12,rolling_min
45,BB12_T2,rolling_min
45,BB12_T3,rolling_min
45,BB12_T4,rolling_min
45,BB12_T5,rolling_min
45,BB12_T6,rolling_min
45,BB12_T7,rolling_min
45,BB12_T8,rolling_min
45,BB12_T9,rolling_min
45,BB13_T1,ema
45,BB13_T10,ema
45,BB13_T11,ema
45,BB13_T12,ema
45,BB13_T2,ema
45,BB13_T3,ema
45,BB13_T4,ema
45,BB13_T5,ema
45,BB13_T6,ema
45,BB13_T7,ema
45,BB13_T8,ema
45,BB13_T9,ema
45,BB14_T1,rolling_max
45,BB14_T10,ema
45,BB14_T11,ema
45,BB14_T12,ema
45,BB14_T2,ema
45,BB14_T3,ema
45,BB14_T4,ema
45,BB14_T5,ema
45,BB14_T6,ema
45,BB14_T7,ema
45,BB14_T8,ema
45,BB14_T9,ema
45,BB15_T1,rolling_min
45,BB15_T10,ema
45,BB15_T11,ema
45,BB15_T12,ema
45,BB15_T2,ema
45,BB15_T3,ema
45,BB15_T4,ema
45,BB15_T5,ema
45,BB15_T6,ema
45,BB15_T7,ema
45,BB15_T8,ema
45,BB15_T9,ema
45,BB2_T1,rolling_return_mean
45,BB2_T10,momentum
45,BB2_T11,rolling_return_mean
45,BB2_T12,rolling_return_mean
45,BB2_T2,rolling_return_mean
45,BB2_T3,rolling_return_mean
45,BB2_T4,rolling_return_mean
45,BB2_T5,rolling_return_mean
45,BB2_T6,rolling_return_mean
45,BB2_T7,rolling_return_mean
45,BB2_T8,rolling_return_mean
45,BB2_T9,momentum
45,BB3_T1,price_minus_mean
45,BB3_T10,price_minus_mean
45,BB3_T11,price_minus_mean
45,BB3_T12,price_minus_mean
45,BB3_T2,normalized_deviation
45,BB3_T3,normalized_deviation
45,BB3_T4,normalized_deviation
45,BB3_T5,normalized_deviation
45,BB3_T6,price_minus_mean
45,BB3_T7,price_minus_mean
45,BB3_T8,price_minus_mean
45,BB3_T9,price_minus_mean
45,BB4_T1,rolling_mean
45,BB4_T10,rolling_mean
45,BB4_T11,rolling_mean
45,BB4_T12,rolling_mean
45,BB4_T2,rolling_mean
45,BB4_T3,rolling_mean
45,BB4_T4,rolling_mean
45,BB4_T5,rolling_mean
45,BB4_T6,rolling_mean
45,BB4_T7,rolling_mean
45,BB4_T8,rolling_mean
45,BB4_T9,rolling_mean
45,BB5_T1,ema
45,BB5_T10,ema
45,BB5_T11,ema
45,BB5_T12,ema
45,BB5_T2,ema
45,BB5_T3,ema
45,BB5_T4,ema
45,BB5_T5,ema
45,BB5_T6,ema
45,BB5_T7,ema
45,BB5_T8,ema
45,BB5_T9,ema
45,BB6_T1,rolling_mean
45,BB6_T10,rolling_mean
45,BB6_T11,rolling_mean
45,BB6_T12,rolling_mean
45,BB6_T2,rolling_mean
45,BB6_T3,rolling_mean
45,BB6_T4,rolling_mean
45,BB6_T5,rolling_mean
45,BB6_T6,rolling_mean
45,BB6_T7,rolling_mean
45,BB6_T8,rolling_mean
45,BB6_T9,rolling_mean
45,BB7_T1,rolling_max
45,BB7_T10,rolling_max
45,BB7_T11,rolling_max
45,BB7_T12,rolling_max
45,BB7_T2,rolling_max
45,BB7_T3,rolling_max
45,BB7_T4,rolling_max
45,BB7_T5,rolling_max
45,BB7_T6,rolling_max
45,BB7_T7,rolling_max
45,BB7_T8,rolling_max
45,BB7_T9,rolling_max
45,BB8_T1,rolling_min
45,BB8_T10,rolling_min
45,BB8_T11,rolling_min
45,BB8_T12,rolling_min
45,BB8_T2,rolling_min
45,BB8_T3,rolling_min
45,BB8_T4,rolling_min
45,BB8_T5,rolling_min
45,BB8_T6,rolling_min
45,BB8_T7,rolling_min
45,BB8_T8,rolling_min
45,BB8_T9,rolling_min
45,BB9_T1,rolling_std
45,BB9_T10,rolling_std
45,BB9_T11,rolling_std
45,BB9_T12,rolling_std
45,BB9_T2,rolling_std
45,BB9_T3,rolling_std
45,BB9_T4,rolling_std
45,BB9_T5,rolling_std
45,BB9_T6,rolling_std
45,BB9_T7,rolling_std
45,BB9_T8,rolling_std
45,BB9_T9,rolling_std
45,PB1_T1,normalized_deviation
45,PB1_T10,z_score
45,PB1_T11,z_score
45,PB1_T12,z_score
45,PB1_T2,normalized_deviation
45,PB1_T3,normalized_deviation
45,PB1_T4,price_minus_mean
45,PB1_T5,price_minus_mean
45,PB1_T6,price_minus_mean
45,PB1_T7,z_score
45,PB1_T8,price_minus_mean
45,PB1_T9,z_score
45,PB10_T1,ema
45,PB10_T10,ema
45,PB10_T11,ema
45,PB10_T12,rolling_min
45,PB10_T2,ema
45,PB10_T3,ema
45,PB10_T4,ema
45,PB10_T5,ema
45,PB10_T6,ema
45,PB10_T7,ema
45,PB10_T8,ema
45,PB10_T9,ema
45,PB11_T1,ema
45,PB11_T10,ema
45,PB11_T11,ema
45,PB11_T12,rolling_min
45,PB11_T2,ema
45,PB11_T3,ema
45,PB11_T4,ema
45,PB11_T5,ema
45,PB11_T6,ema
45,PB11_T7,ema
45,PB11_T8,ema
45,PB11_T9,ema
45,PB12_T1,normalized_deviation
45,PB12_T10,z_score
45,PB12_T11,z_score
45,PB12_T12,z_score
45,PB12_T2,normalized_deviation
45,PB12_T3,normalized_deviation
45,PB12_T4,price_minus_mean
45,PB12_T5,price_minus_mean
45,PB12_T6,price_minus_mean
45,PB12_T7,z_score
45,PB12_T8,price_minus_mean
45,PB12_T9,z_score
45,PB13_T1,normalized_deviation
45,PB13_T10,z_score
45,PB13_T11,z_score
45,PB13_T12,z_score
45,PB13_T2,normalized_deviation
45,PB13_T3,normalized_deviation
45,PB13_T4,price_minus_mean
45,PB13_T5,price_minus_mean
45,PB13_T6,price_minus_mean
45,PB13_T7,z_score
45,PB13_T8,price_minus_mean
45,PB13_T9,z_score
45,PB14_T1,z_score
45,PB14_T10,z_score
45,PB14_T11,z_score
45,PB14_T12,z_score
45,PB14_T2,z_score
45,PB14_T3,z_score
45,PB14_T4,z_score
45,PB14_T5,z_score
45,PB14_T6,z_score
45,PB14_T7,z_score
45,PB14_T8,z_score
45,PB14_T9,z_score
45,PB15_T1,z_score
45,PB15_T10,distance_from_low
45,PB15_T11,distance_from_low
45,PB15_T12,distance_from_low
45,PB15_T2,z_score
45,PB15_T3,z_score
45,PB15_T4,z_score
45,PB15_T5,z_score
45,PB15_T6,z_score
45,PB15_T7,z_score
45,PB15_T8,z_score
45,PB15_T9,z_score
45,PB16_T1,z_score
45,PB16_T10,distance_from_low
45,PB16_T11,distance_from_low
45,PB16_T12,distance_from_low
45,PB16_T2,z_score
45,PB16_T3,z_score
45,PB16_T4,z_score
45,PB16_T5,z_score
45,PB16_T6,z_score
45,PB16_T7,z_score
45,PB16_T8,z_score
45,PB16_T9,z_score
45,PB17_T1,z_score
45,PB17_T10,distance_from_low
45,PB17_T11,distance_from_low
45,PB17_T12,distance_from_low
45,PB17_T2,z_score
45,PB17_T3,z_score
45,PB17_T4,z_score
45,PB17_T5,z_score
45,PB17_T6,z_score
45,PB17_T7,z_score
45,PB17_T8,z_score
45,PB17_T9,z_score
45,PB18_T1,z_score
45,PB18_T10,distance_from_low
45,PB18_T11,z_score
45,PB18_T12,distance_from_low
45,PB18_T2,z_score
45,PB18_T3,z_score
45,PB18_T4,z_score
45,PB18_T5,z_score
45,PB18_T6,z_score
45,PB18_T7,z_score
45,PB18_T8,z_score
45,PB18_T9,z_score
45,PB2_T1,z_score
45,PB2_T10,rolling_variance
45,PB2_T11,rolling_variance
45,PB2_T12,z_score
45,PB2_T2,z_score
45,PB2_T3,z_score
45,PB2_T4,z_score
45,PB2_T5,z_score
45,PB2_T6,z_score
45,PB2_T7,z_score
45,PB2_T8,z_score
45,PB2_T9,distance_from_low
45,PB3_T1,z_score
45,PB3_T10,distance_from_low
45,PB3_T11,distance_from_low
45,PB3_T12,rolling_mean
45,PB3_T2,z_score
45,PB3_T3,z_score
45,PB3_T4,z_score
45,PB3_T5,z_score
45,PB3_T6,z_score
45,PB3_T7,z_score
45,PB3_T8,z_score
45,PB3_T9,z_score
45,PB4_T1,normalized_deviation
45,PB4_T10,z_score
45,PB4_T11,z_score
45,PB4_T12,z_score
45,PB4_T2,normalized_deviation
45,PB4_T3,normalized_deviation
45,PB4_T4,price_minus_mean
45,PB4_T5,price_minus_mean
45,PB4_T6,price_minus_mean
45,PB4_T7,z_score
45,PB4_T8,price_minus_mean
45,PB4_T9,z_score
45,PB5_T1,normalized_deviation
45,PB5_T10,z_score
45,PB5_T11,z_score
45,PB5_T12,z_score
45,PB5_T2,normalized_deviation
45,PB5_T3,normalized_deviation
45,PB5_T4,price_minus_mean
45,PB5_T5,price_minus_mean
45,PB5_T6,price_minus_mean
45,PB5_T7,z_score
45,PB5_T8,price_minus_mean
45,PB5_T9,z_score
45,PB6_T1,normalized_deviation
45,PB6_T10,distance_from_high
45,PB6_T11,distance_from_high
45,PB6_T12,rolling_std
45,PB6_T2,rolling_return_mean
45,PB6_T3,rolling_return_mean
45,PB6_T4,momentum
45,PB6_T5,momentum
45,PB6_T6,momentum
45,PB6_T7,rolling_return_mean
45,PB6_T8,distance_from_high
45,PB6_T9,momentum
45,PB7_T1,z_score
45,PB7_T10,distance_from_low
45,PB7_T11,z_score
45,PB7_T12,distance_from_low
45,PB7_T2,z_score
45,PB7_T3,z_score
45,PB7_T4,z_score
45,PB7_T5,z_score
45,PB7_T6,z_score
45,PB7_T7,z_score
45,PB7_T8,z_score
45,PB7_T9,z_score
45,PB8_T1,z_score
45,PB8_T10,distance_from_low
45,PB8_T11,distance_from_low
45,PB8_T12,distance_from_low
45,PB8_T2,z_score
45,PB8_T3,z_score
45,PB8_T4,z_score
45,PB8_T5,z_score
45,PB8_T6,z_score
45,PB8_T7,z_score
45,PB8_T8,z_score
45,PB8_T9,z_score
45,PB9_T1,ema
45,PB9_T10,ema
45,PB9_T11,ema
45,PB9_T12,z_score
45,PB9_T2,ema
45,PB9_T3,ema
45,PB9_T4,ema
45,PB9_T5,ema
45,PB9_T6,ema
45,PB9_T7,ema
45,PB9_T8,ema
45,PB9_T9,ema
46,BB1_T1,ema
46,BB1_T10,rolling_mean
46,BB1_T11,rolling_mean
46,BB1_T12,rolling_mean
46,BB1_T2,ema
46,BB1_T3,rolling_mean
46,BB1_T4,rolling_mean
46,BB1_T5,rolling_mean
46,BB1_T6,rolling_mean
46,BB1_T7,rolling_mean
46,BB1_T8,rolling_mean
46,BB1_T9,rolling_mean
46,BB10_T1,z_score
46,BB10_T10,z_score
46,BB10_T11,z_score
46,BB10_T12,z_score
46,BB10_T2,z_score
46,BB10_T3,z_score
46,BB10_T4,z_score
46,BB10_T5,z_score
46,BB10_T6,z_score
46,BB10_T7,z_score
46,BB10_T8,z_score
46,BB10_T9,z_score
46,BB11_T1,rolling_max
46,BB11_T10,rolling_max
46,BB11_T11,rolling_max
46,BB11_T12,rolling_max
46,BB11_T2,rolling_max
46,BB11_T3,rolling_max
46,BB11_T4,rolling_max
46,BB11_T5,rolling_max
46,BB11_T6,rolling_max
46,BB11_T7,rolling_max
46,BB11_T8,rolling_max
46,BB11_T9,rolling_max
46,BB12_T1,rolling_min
46,BB12_T10,rolling_min
46,BB12_T11,rolling_min
46,BB12_T12,rolling_min
46,BB12_T2,rolling_min
46,BB12_T3,rolling_min
46,BB12_T4,rolling_min
46,BB12_T5,rolling_min
46,BB12_T6,rolling_min
46,BB12_T7,rolling_min
46,BB12_T8,rolling_min
46,BB12_T9,rolling_min
46,BB13_T1,ema
46,BB13_T10,ema
46,BB13_T11,ema
46,BB13_T12,ema
46,BB13_T2,ema
46,BB13_T3,ema
46,BB13_T4,ema
46,BB13_T5,ema
46,BB13_T6,ema
46,BB13_T7,ema
46,BB13_T8,ema
46,BB13_T9,ema
46,BB14_T1,rolling_max
46,BB14_T10,ema
46,BB14_T11,ema
46,BB14_T12,ema
46,BB14_T2,ema
46,BB14_T3,ema
46,BB14_T4,ema
46,BB14_T5,ema
46,BB14_T6,ema
46,BB14_T7,ema
46,BB14_T8,ema
46,BB14_T9,ema
46,BB15_T1,rolling_min
46,BB15_T10,ema
46,BB15_T11,ema
46,BB15_T12,ema
46,BB15_T2,ema
46,BB15_T3,ema
46,BB15_T4,ema
46,BB15_T5,ema
46,BB15_T6,ema
46,BB15_T7,ema
46,BB15_T8,ema
46,BB15_T9,ema
46,BB2_T1,rolling_return_mean
46,BB2_T10,momentum
46,BB2_T11,momentum
46,BB2_T12,rolling_return_mean
46,BB2_T2,rolling_return_mean
46,BB2_T3,rolling_return_mean
46,BB2_T4,rolling_return_mean
46,BB2_T5,rolling_return_mean
46,BB2_T6,rolling_return_mean
46,BB2_T7,rolling_return_mean
46,BB2_T8,momentum
46,BB2_T9,momentum
46,BB3_T1,normalized_deviation
46,BB3_T10,normalized_deviation
46,BB3_T11,normalized_deviation
46,BB3_T12,normalized_deviation
46,BB3_T2,normalized_deviation
46,BB3_T3,normalized_deviation
46,BB3_T4,price_minus_mean
46,BB3_T5,normalized_deviation
46,BB3_T6,normalized_deviation
46,BB3_T7,normalized_deviation
46,BB3_T8,normalized_deviation
46,BB3_T9,normalized_deviation
46,BB4_T1,rolling_mean
46,BB4_T10,rolling_mean
46,BB4_T11,rolling_mean
46,BB4_T12,rolling_mean
46,BB4_T2,rolling_mean
46,BB4_T3,rolling_mean
46,BB4_T4,rolling_mean
46,BB4_T5,rolling_mean
46,BB4_T6,rolling_mean
46,BB4_T7,rolling_mean
46,BB4_T8,rolling_mean
46,BB4_T9,rolling_mean
46,BB5_T1,ema
46,BB5_T10,ema
46,BB5_T11,ema
46,BB5_T12,ema
46,BB5_T2,ema
46,BB5_T3,ema
46,BB5_T4,ema
46,BB5_T5,ema
46,BB5_T6,ema
46,BB5_T7,ema
46,BB5_T8,ema
46,BB5_T9,ema
46,BB6_T1,rolling_mean
46,BB6_T10,rolling_mean
46,BB6_T11,rolling_mean
46,BB6_T12,rolling_mean
46,BB6_T2,rolling_mean
46,BB6_T3,rolling_mean
46,BB6_T4,rolling_mean
46,BB6_T5,rolling_mean
46,BB6_T6,rolling_mean
46,BB6_T7,rolling_mean
46,BB6_T8,rolling_mean
46,BB6_T9,rolling_mean
46,BB7_T1,rolling_max
46,BB7_T10,rolling_max
46,BB7_T11,rolling_max
46,BB7_T12,rolling_max
46,BB7_T2,rolling_max
46,BB7_T3,rolling_max
46,BB7_T4,rolling_max
46,BB7_T5,rolling_max
46,BB7_T6,rolling_max
46,BB7_T7,rolling_max
46,BB7_T8,rolling_max
46,BB7_T9,rolling_max
46,BB8_T1,rolling_min
46,BB8_T10,rolling_min
46,BB8_T11,rolling_min
46,BB8_T12,rolling_min
46,BB8_T2,rolling_min
46,BB8_T3,rolling_min
46,BB8_T4,rolling_min
46,BB8_T5,rolling_min
46,BB8_T6,rolling_min
46,BB8_T7,rolling_min
46,BB8_T8,rolling_min
46,BB8_T9,rolling_min
46,BB9_T1,rolling_std
46,BB9_T10,rolling_std
46,BB9_T11,rolling_std
46,BB9_T12,rolling_std
46,BB9_T2,rolling_std
46,BB9_T3,rolling_std
46,BB9_T4,rolling_std
46,BB9_T5,rolling_std
46,BB9_T6,rolling_std
46,BB9_T7,rolling_std
46,BB9_T8,rolling_std
46,BB9_T9,rolling_std
46,PB1_T1,normalized_deviation
46,PB1_T10,z_score
46,PB1_T11,z_score
46,PB1_T12,distance_from_high
46,PB1_T2,price_minus_mean
46,PB1_T3,normalized_deviation
46,PB1_T4,normalized_deviation
46,PB1_T5,normalized_deviation
46,PB1_T6,normalized_deviation
46,PB1_T7,price_minus_mean
46,PB1_T8,price_minus_mean
46,PB1_T9,z_score
46,PB10_T1,ema
46,PB10_T10,rolling_max
46,PB10_T11,rolling_max
46,PB10_T12,rolling_max
46,PB10_T2,ema
46,PB10_T3,ema
46,PB10_T4,ema
46,PB10_T5,ema
46,PB10_T6,ema
46,PB10_T7,rolling_max
46,PB10_T8,rolling_max
46,PB10_T9,ema
46,PB11_T1,ema
46,PB11_T10,ema
46,PB11_T11,ema
46,PB11_T12,rolling_std
46,PB11_T2,ema
46,PB11_T3,ema
46,PB11_T4,ema
46,PB11_T5,ema
46,PB11_T6,ema
46,PB11_T7,ema
46,PB11_T8,ema
46,PB11_T9,ema
46,PB12_T1,normalized_deviation
46,PB12_T10,z_score
46,PB12_T11,z_score
46,PB12_T12,distance_from_high
46,PB12_T2,price_minus_mean
46,PB12_T3,normalized_deviation
46,PB12_T4,normalized_deviation
46,PB12_T5,normalized_deviation
46,PB12_T6,normalized_deviation
46,PB12_T7,price_minus_mean
46,PB12_T8,price_minus_mean
46,PB12_T9,z_score
46,PB13_T1,normalized_deviation
46,PB13_T10,z_score
46,PB13_T11,z_score
46,PB13_T12,distance_from_high
46,PB13_T2,price_minus_mean
46,PB13_T3,normalized_deviation
46,PB13_T4,normalized_deviation
46,PB13_T5,normalized_deviation
46,PB13_T6,normalized_deviation
46,PB13_T7,price_minus_mean
46,PB13_T8,price_minus_mean
46,PB13_T9,z_score
46,PB14_T1,z_score
46,PB14_T10,z_score
46,PB14_T11,distance_from_high
46,PB14_T12,distance_from_high
46,PB14_T2,z_score
46,PB14_T3,z_score
46,PB14_T4,z_score
46,PB14_T5,z_score
46,PB14_T6,z_score
46,PB14_T7,z_score
46,PB14_T8,z_score
46,PB14_T9,z_score
46,PB15_T1,z_score
46,PB15_T10,z_score
46,PB15_T11,distance_from_high
46,PB15_T12,distance_from_high
46,PB15_T2,z_score
46,PB15_T3,z_score
46,PB15_T4,z_score
46,PB15_T5,z_score
46,PB15_T6,z_score
46,PB15_T7,z_score
46,PB15_T8,z_score
46,PB15_T9,z_score
46,PB16_T1,z_score
46,PB16_T10,z_score
46,PB16_T11,distance_from_high
46,PB16_T12,distance_from_high
46,PB16_T2,z_score
46,PB16_T3,z_score
46,PB16_T4,z_score
46,PB16_T5,z_score
46,PB16_T6,z_score
46,PB16_T7,z_score
46,PB16_T8,z_score
46,PB16_T9,z_score
46,PB17_T1,z_score
46,PB17_T10,z_score
46,PB17_T11,distance_from_high
46,PB17_T12,distance_from_high
46,PB17_T2,z_score
46,PB17_T3,z_score
46,PB17_T4,z_score
46,PB17_T5,z_score
46,PB17_T6,z_score
46,PB17_T7,z_score
46,PB17_T8,z_score
46,PB17_T9,z_score
46,PB18_T1,z_score
46,PB18_T10,z_score
46,PB18_T11,distance_from_high
46,PB18_T12,distance_from_high
46,PB18_T2,z_score
46,PB18_T3,z_score
46,PB18_T4,z_score
46,PB18_T5,z_score
46,PB18_T6,z_score
46,PB18_T7,z_score
46,PB18_T8,z_score
46,PB18_T9,z_score
46,PB2_T1,z_score
46,PB2_T10,z_score
46,PB2_T11,rolling_std
46,PB2_T12,distance_from_high
46,PB2_T2,z_score
46,PB2_T3,z_score
46,PB2_T4,z_score
46,PB2_T5,z_score
46,PB2_T6,z_score
46,PB2_T7,z_score
46,PB2_T8,z_score
46,PB2_T9,z_score
46,PB3_T1,z_score
46,PB3_T10,distance_from_high
46,PB3_T11,distance_from_high
46,PB3_T12,rolling_mean
46,PB3_T2,z_score
46,PB3_T3,z_score
46,PB3_T4,z_score
46,PB3_T5,z_score
46,PB3_T6,z_score
46,PB3_T7,z_score
46,PB3_T8,z_score
46,PB3_T9,price_minus_mean
46,PB4_T1,normalized_deviation
46,PB4_T10,z_score
46,PB4_T11,z_score
46,PB4_T12,distance_from_high
46,PB4_T2,price_minus_mean
46,PB4_T3,normalized_deviation
46,PB4_T4,normalized_deviation
46,PB4_T5,normalized_deviation
46,PB4_T6,normalized_deviation
46,PB4_T7,price_minus_mean
46,PB4_T8,price_minus_mean
46,PB4_T9,z_score
46,PB5_T1,normalized_deviation
46,PB5_T10,z_score
46,PB5_T11,z_score
46,PB5_T12,distance_from_high
46,PB5_T2,price_minus_mean
46,PB5_T3,normalized_deviation
46,PB5_T4,normalized_deviation
46,PB5_T5,normalized_deviation
46,PB5_T6,normalized_deviation
46,PB5_T7,price_minus_mean
46,PB5_T8,price_minus_mean
46,PB5_T9,z_score
46,PB6_T1,normalized_deviation
46,PB6_T10,distance_from_low
46,PB6_T11,distance_from_low
46,PB6_T12,upside_volatility
46,PB6_T2,rolling_return_mean
46,PB6_T3,rolling_return_mean
46,PB6_T4,rolling_return_mean
46,PB6_T5,momentum
46,PB6_T6,momentum
46,PB6_T7,momentum
46,PB6_T8,momentum
46,PB6_T9,rolling_return_mean
46,PB7_T1,z_score
46,PB7_T10,z_score
46,PB7_T11,distance_from_high
46,PB7_T12,distance_from_high
46,PB7_T2,z_score
46,PB7_T3,z_score
46,PB7_T4,z_score
46,PB7_T5,z_score
46,PB7_T6,z_score
46,PB7_T7,z_score
46,PB7_T8,z_score
46,PB7_T9,z_score
46,PB8_T1,z_score
46,PB8_T10,z_score
46,PB8_T11,distance_from_high
46,PB8_T12,distance_from_high
46,PB8_T2,z_score
46,PB8_T3,z_score
46,PB8_T4,z_score
46,PB8_T5,z_score
46,PB8_T6,z_score
46,PB8_T7,z_score
46,PB8_T8,z_score
46,PB8_T9,z_score
46,PB9_T1,ema
46,PB9_T10,ema
46,PB9_T11,ema
46,PB9_T12,distance_from_high
46,PB9_T2,ema
46,PB9_T3,ema
46,PB9_T4,ema
46,PB9_T5,ema
46,PB9_T6,ema
46,PB9_T7,rolling_max
46,PB9_T8,rolling_max
46,PB9_T9,ema
47,BB1_T1,rolling_mean
47,BB1_T10,rolling_mean
47,BB1_T11,rolling_mean
47,BB1_T12,rolling_mean
47,BB1_T2,rolling_mean
47,BB1_T3,rolling_mean
47,BB1_T4,rolling_mean
47,BB1_T5,rolling_mean
47,BB1_T6,rolling_mean
47,BB1_T7,rolling_mean
47,BB1_T8,rolling_mean
47,BB1_T9,rolling_mean
47,BB10_T1,z_score
47,BB10_T10,z_score
47,BB10_T11,z_score
47,BB10_T12,z_score
47,BB10_T2,z_score
47,BB10_T3,z_score
47,BB10_T4,z_score
47,BB10_T5,z_score
47,BB10_T6,z_score
47,BB10_T7,z_score
47,BB10_T8,z_score
47,BB10_T9,z_score
47,BB11_T1,rolling_max
47,BB11_T10,rolling_max
47,BB11_T11,rolling_max
47,BB11_T12,rolling_max
47,BB11_T2,rolling_max
47,BB11_T3,rolling_max
47,BB11_T4,rolling_max
47,BB11_T5,rolling_max
47,BB11_T6,rolling_max
47,BB11_T7,rolling_max
47,BB11_T8,rolling_max
47,BB11_T9,rolling_max
47,BB12_T1,rolling_min
47,BB12_T10,rolling_min
47,BB12_T11,rolling_min
47,BB12_T12,rolling_min
47,BB12_T2,rolling_min
47,BB12_T3,rolling_min
47,BB12_T4,rolling_min
47,BB12_T5,rolling_min
47,BB12_T6,rolling_min
47,BB12_T7,rolling_min
47,BB12_T8,rolling_min
47,BB12_T9,rolling_min
47,BB13_T1,ema
47,BB13_T10,ema
47,BB13_T11,ema
47,BB13_T12,ema
47,BB13_T2,ema
47,BB13_T3,ema
47,BB13_T4,ema
47,BB13_T5,ema
47,BB13_T6,ema
47,BB13_T7,ema
47,BB13_T8,ema
47,BB13_T9,ema
47,BB14_T1,rolling_max
47,BB14_T10,ema
47,BB14_T11,ema
47,BB14_T12,ema
47,BB14_T2,ema
47,BB14_T3,ema
47,BB14_T4,ema
47,BB14_T5,ema
47,BB14_T6,ema
47,BB14_T7,ema
47,BB14_T8,ema
47,BB14_T9,ema
47,BB15_T1,rolling_min
47,BB15_T10,ema
47,BB15_T11,ema
47,BB15_T12,ema
47,BB15_T2,ema
47,BB15_T3,ema
47,BB15_T4,ema
47,BB15_T5,ema
47,BB15_T6,ema
47,BB15_T7,ema
47,BB15_T8,ema
47,BB15_T9,ema
47,BB2_T1,rolling_return_mean
47,BB2_T10,momentum
47,BB2_T11,momentum
47,BB2_T12,momentum
47,BB2_T2,rolling_return_mean
47,BB2_T3,momentum
47,BB2_T4,momentum
47,BB2_T5,momentum
47,BB2_T6,momentum
47,BB2_T7,momentum
47,BB2_T8,momentum
47,BB2_T9,momentum
47,BB3_T1,normalized_deviation
47,BB3_T10,normalized_deviation
47,BB3_T11,price_minus_mean
47,BB3_T12,price_minus_mean
47,BB3_T2,price_minus_mean
47,BB3_T3,price_minus_mean
47,BB3_T4,price_minus_mean
47,BB3_T5,price_minus_mean
47,BB3_T6,price_minus_mean
47,BB3_T7,normalized_deviation
47,BB3_T8,normalized_deviation
47,BB3_T9,normalized_deviation
47,BB4_T1,rolling_mean
47,BB4_T10,rolling_mean
47,BB4_T11,rolling_mean
47,BB4_T12,rolling_mean
47,BB4_T2,rolling_mean
47,BB4_T3,rolling_mean
47,BB4_T4,rolling_mean
47,BB4_T5,rolling_mean
47,BB4_T6,rolling_mean
47,BB4_T7,rolling_mean
47,BB4_T8,rolling_mean
47,BB4_T9,rolling_mean
47,BB5_T1,ema
47,BB5_T10,ema
47,BB5_T11,ema
47,BB5_T12,ema
47,BB5_T2,ema
47,BB5_T3,ema
47,BB5_T4,ema
47,BB5_T5,ema
47,BB5_T6,ema
47,BB5_T7,ema
47,BB5_T8,ema
47,BB5_T9,ema
47,BB6_T1,rolling_mean
47,BB6_T10,rolling_mean
47,BB6_T11,rolling_mean
47,BB6_T12,rolling_mean
47,BB6_T2,rolling_mean
47,BB6_T3,rolling_mean
47,BB6_T4,rolling_mean
47,BB6_T5,rolling_mean
47,BB6_T6,rolling_mean
47,BB6_T7,rolling_mean
47,BB6_T8,rolling_mean
47,BB6_T9,rolling_mean
47,BB7_T1,rolling_max
47,BB7_T10,rolling_max
47,BB7_T11,rolling_max
47,BB7_T12,rolling_max
47,BB7_T2,rolling_max
47,BB7_T3,rolling_max
47,BB7_T4,rolling_max
47,BB7_T5,rolling_max
47,BB7_T6,rolling_max
47,BB7_T7,rolling_max
47,BB7_T8,rolling_max
47,BB7_T9,rolling_max
47,BB8_T1,rolling_min
47,BB8_T10,rolling_median
47,BB8_T11,rolling_median
47,BB8_T12,rolling_min
47,BB8_T2,rolling_min
47,BB8_T3,rolling_min
47,BB8_T4,rolling_min
47,BB8_T5,rolling_min
47,BB8_T6,rolling_min
47,BB8_T7,rolling_min
47,BB8_T8,rolling_min
47,BB8_T9,rolling_min
47,BB9_T1,rolling_std
47,BB9_T10,rolling_std
47,BB9_T11,rolling_std
47,BB9_T12,rolling_std
47,BB9_T2,rolling_std
47,BB9_T3,rolling_std
47,BB9_T4,rolling_std
47,BB9_T5,rolling_std
47,BB9_T6,rolling_std
47,BB9_T7,rolling_std
47,BB9_T8,rolling_std
47,BB9_T9,rolling_std
47,PB1_T1,normalized_deviation
47,PB1_T10,z_score
47,PB1_T11,z_score
47,PB1_T12,distance_from_high
47,PB1_T2,normalized_deviation
47,PB1_T3,normalized_deviation
47,PB1_T4,normalized_deviation
47,PB1_T5,price_minus_mean
47,PB1_T6,price_minus_mean
47,PB1_T7,z_score
47,PB1_T8,normalized_deviation
47,PB1_T9,z_score
47,PB10_T1,ema
47,PB10_T10,ema
47,PB10_T11,ema
47,PB10_T12,distance_from_low
47,PB10_T2,ema
47,PB10_T3,ema
47,PB10_T4,ema
47,PB10_T5,ema
47,PB10_T6,ema
47,PB10_T7,ema
47,PB10_T8,ema
47,PB10_T9,ema
47,PB11_T1,ema
47,PB11_T10,rolling_min
47,PB11_T11,rolling_min
47,PB11_T12,distance_from_low
47,PB11_T2,ema
47,PB11_T3,ema
47,PB11_T4,ema
47,PB11_T5,ema
47,PB11_T6,ema
47,PB11_T7,ema
47,PB11_T8,ema
47,PB11_T9,ema
47,PB12_T1,normalized_deviation
47,PB12_T10,z_score
47,PB12_T11,z_score
47,PB12_T12,distance_from_high
47,PB12_T2,normalized_deviation
47,PB12_T3,normalized_deviation
47,PB12_T4,normalized_deviation
47,PB12_T5,price_minus_mean
47,PB12_T6,price_minus_mean
47,PB12_T7,z_score
47,PB12_T8,normalized_deviation
47,PB12_T9,z_score
47,PB13_T1,normalized_deviation
47,PB13_T10,z_score
47,PB13_T11,z_score
47,PB13_T12,distance_from_high
47,PB13_T2,normalized_deviation
47,PB13_T3,normalized_deviation
47,PB13_T4,normalized_deviation
47,PB13_T5,price_minus_mean
47,PB13_T6,price_minus_mean
47,PB13_T7,z_score
47,PB13_T8,normalized_deviation
47,PB13_T9,z_score
47,PB14_T1,z_score
47,PB14_T10,z_score
47,PB14_T11,z_score
47,PB14_T12,distance_from_high
47,PB14_T2,z_score
47,PB14_T3,z_score
47,PB14_T4,z_score
47,PB14_T5,z_score
47,PB14_T6,z_score
47,PB14_T7,z_score
47,PB14_T8,z_score
47,PB14_T9,z_score
47,PB15_T1,z_score
47,PB15_T10,z_score
47,PB15_T11,distance_from_low
47,PB15_T12,z_score
47,PB15_T2,z_score
47,PB15_T3,z_score
47,PB15_T4,z_score
47,PB15_T5,z_score
47,PB15_T6,z_score
47,PB15_T7,z_score
47,PB15_T8,z_score
47,PB15_T9,z_score
47,PB16_T1,z_score
47,PB16_T10,z_score
47,PB16_T11,distance_from_low
47,PB16_T12,z_score
47,PB16_T2,z_score
47,PB16_T3,z_score
47,PB16_T4,z_score
47,PB16_T5,z_score
47,PB16_T6,z_score
47,PB16_T7,z_score
47,PB16_T8,z_score
47,PB16_T9,z_score
47,PB17_T1,z_score
47,PB17_T10,z_score
47,PB17_T11,distance_from_low
47,PB17_T12,z_score
47,PB17_T2,z_score
47,PB17_T3,z_score
47,PB17_T4,z_score
47,PB17_T5,z_score
47,PB17_T6,z_score
47,PB17_T7,z_score
47,PB17_T8,z_score
47,PB17_T9,z_score
47,PB18_T1,z_score
47,PB18_T10,z_score
47,PB18_T11,z_score
47,PB18_T12,normalized_deviation
47,PB18_T2,z_score
47,PB18_T3,z_score
47,PB18_T4,z_score
47,PB18_T5,z_score
47,PB18_T6,z_score
47,PB18_T7,z_score
47,PB18_T8,z_score
47,PB18_T9,z_score
47,PB2_T1,z_score
47,PB2_T10,upside_volatility
47,PB2_T11,upside_volatility
47,PB2_T12,rolling_std
47,PB2_T2,z_score
47,PB2_T3,z_score
47,PB2_T4,z_score
47,PB2_T5,z_score
47,PB2_T6,z_score
47,PB2_T7,z_score
47,PB2_T8,z_score
47,PB2_T9,z_score
47,PB3_T1,z_score
47,PB3_T10,price_minus_mean
47,PB3_T11,price_minus_mean
47,PB3_T12,price_minus_mean
47,PB3_T2,z_score
47,PB3_T3,z_score
47,PB3_T4,z_score
47,PB3_T5,z_score
47,PB3_T6,z_score
47,PB3_T7,z_score
47,PB3_T8,z_score
47,PB3_T9,z_score
47,PB4_T1,normalized_deviation
47,PB4_T10,z_score
47,PB4_T11,z_score
47,PB4_T12,distance_from_high
47,PB4_T2,normalized_deviation
47,PB4_T3,normalized_deviation
47,PB4_T4,normalized_deviation
47,PB4_T5,price_minus_mean
47,PB4_T6,price_minus_mean
47,PB4_T7,z_score
47,PB4_T8,normalized_deviation
47,PB4_T9,z_score
47,PB5_T1,normalized_deviation
47,PB5_T10,z_score
47,PB5_T11,z_score
47,PB5_T12,distance_from_high
47,PB5_T2,normalized_deviation
47,PB5_T3,normalized_deviation
47,PB5_T4,normalized_deviation
47,PB5_T5,price_minus_mean
47,PB5_T6,price_minus_mean
47,PB5_T7,z_score
47,PB5_T8,normalized_deviation
47,PB5_T9,z_score
47,PB6_T1,normalized_deviation
47,PB6_T10,rolling_return_mean
47,PB6_T11,rolling_return_mean
47,PB6_T12,absolute_return_mean
47,PB6_T2,normalized_deviation
47,PB6_T3,rolling_return_mean
47,PB6_T4,rolling_return_mean
47,PB6_T5,momentum
47,PB6_T6,momentum
47,PB6_T7,momentum
47,PB6_T8,price_minus_mean
47,PB6_T9,rolling_return_mean
47,PB7_T1,z_score
47,PB7_T10,z_score
47,PB7_T11,z_score
47,PB7_T12,normalized_deviation
47,PB7_T2,z_score
47,PB7_T3,z_score
47,PB7_T4,z_score
47,PB7_T5,z_score
47,PB7_T6,z_score
47,PB7_T7,z_score
47,PB7_T8,z_score
47,PB7_T9,z_score
47,PB8_T1,z_score
47,PB8_T10,z_score
47,PB8_T11,z_score
47,PB8_T12,distance_from_high
47,PB8_T2,z_score
47,PB8_T3,z_score
47,PB8_T4,z_score
47,PB8_T5,z_score
47,PB8_T6,z_score
47,PB8_T7,z_score
47,PB8_T8,z_score
47,PB8_T9,z_score
47,PB9_T1,ema
47,PB9_T10,distance_from_low
47,PB9_T11,distance_from_low
47,PB9_T12,distance_from_low
47,PB9_T2,ema
47,PB9_T3,ema
47,PB9_T4,ema
47,PB9_T5,ema
47,PB9_T6,ema
47,PB9_T7,ema
47,PB9_T8,ema
47,PB9_T9,ema
48,BB1_T1,rolling_mean
48,BB1_T10,rolling_mean
48,BB1_T11,rolling_mean
48,BB1_T12,rolling_mean
48,BB1_T2,rolling_mean
48,BB1_T3,rolling_mean
48,BB1_T4,rolling_mean
48,BB1_T5,rolling_mean
48,BB1_T6,rolling_mean
48,BB1_T7,rolling_mean
48,BB1_T8,rolling_mean
48,BB1_T9,rolling_mean
48,BB10_T1,z_score
48,BB10_T10,z_score
48,BB10_T11,z_score
48,BB10_T12,z_score
48,BB10_T2,z_score
48,BB10_T3,z_score
48,BB10_T4,z_score
48,BB10_T5,z_score
48,BB10_T6,z_score
48,BB10_T7,z_score
48,BB10_T8,z_score
48,BB10_T9,z_score
48,BB11_T1,rolling_max
48,BB11_T10,rolling_max
48,BB11_T11,rolling_max
48,BB11_T12,rolling_max
48,BB11_T2,rolling_max
48,BB11_T3,rolling_max
48,BB11_T4,rolling_max
48,BB11_T5,rolling_max
48,BB11_T6,rolling_max
48,BB11_T7,rolling_max
48,BB11_T8,rolling_max
48,BB11_T9,rolling_max
48,BB12_T1,rolling_min
48,BB12_T10,rolling_min
48,BB12_T11,rolling_min
48,BB12_T12,rolling_min
48,BB12_T2,rolling_min
48,BB12_T3,rolling_min
48,BB12_T4,rolling_min
48,BB12_T5,rolling_min
48,BB12_T6,rolling_min
48,BB12_T7,rolling_min
48,BB12_T8,rolling_min
48,BB12_T9,rolling_min
48,BB13_T1,ema
48,BB13_T10,ema
48,BB13_T11,ema
48,BB13_T12,ema
48,BB13_T2,ema
48,BB13_T3,ema
48,BB13_T4,ema
48,BB13_T5,ema
48,BB13_T6,ema
48,BB13_T7,ema
48,BB13_T8,ema
48,BB13_T9,ema
48,BB14_T1,rolling_max
48,BB14_T10,ema
48,BB14_T11,ema
48,BB14_T12,ema
48,BB14_T2,ema
48,BB14_T3,ema
48,BB14_T4,ema
48,BB14_T5,ema
48,BB14_T6,ema
48,BB14_T7,ema
48,BB14_T8,ema
48,BB14_T9,ema
48,BB15_T1,rolling_min
48,BB15_T10,ema
48,BB15_T11,ema
48,BB15_T12,ema
48,BB15_T2,ema
48,BB15_T3,ema
48,BB15_T4,ema
48,BB15_T5,ema
48,BB15_T6,ema
48,BB15_T7,ema
48,BB15_T8,ema
48,BB15_T9,ema
48,BB2_T1,rolling_return_mean
48,BB2_T10,momentum
48,BB2_T11,momentum
48,BB2_T12,momentum
48,BB2_T2,rolling_return_mean
48,BB2_T3,rolling_return_mean
48,BB2_T4,rolling_return_mean
48,BB2_T5,rolling_return_mean
48,BB2_T6,rolling_return_mean
48,BB2_T7,momentum
48,BB2_T8,rolling_return_mean
48,BB2_T9,momentum
48,BB3_T1,normalized_deviation
48,BB3_T10,normalized_deviation
48,BB3_T11,normalized_deviation
48,BB3_T12,price_minus_mean
48,BB3_T2,normalized_deviation
48,BB3_T3,normalized_deviation
48,BB3_T4,normalized_deviation
48,BB3_T5,normalized_deviation
48,BB3_T6,normalized_deviation
48,BB3_T7,price_minus_mean
48,BB3_T8,normalized_deviation
48,BB3_T9,normalized_deviation
48,BB4_T1,rolling_mean
48,BB4_T10,rolling_mean
48,BB4_T11,rolling_mean
48,BB4_T12,rolling_mean
48,BB4_T2,rolling_mean
48,BB4_T3,rolling_mean
48,BB4_T4,rolling_mean
48,BB4_T5,rolling_mean
48,BB4_T6,rolling_mean
48,BB4_T7,rolling_mean
48,BB4_T8,rolling_mean
48,BB4_T9,rolling_mean
48,BB5_T1,ema
48,BB5_T10,ema
48,BB5_T11,ema
48,BB5_T12,ema
48,BB5_T2,ema
48,BB5_T3,ema
48,BB5_T4,ema
48,BB5_T5,ema
48,BB5_T6,ema
48,BB5_T7,ema
48,BB5_T8,ema
48,BB5_T9,ema
48,BB6_T1,rolling_mean
48,BB6_T10,rolling_mean
48,BB6_T11,rolling_mean
48,BB6_T12,rolling_mean
48,BB6_T2,rolling_mean
48,BB6_T3,rolling_mean
48,BB6_T4,rolling_mean
48,BB6_T5,rolling_mean
48,BB6_T6,rolling_mean
48,BB6_T7,rolling_mean
48,BB6_T8,rolling_mean
48,BB6_T9,rolling_mean
48,BB7_T1,rolling_max
48,BB7_T10,rolling_max
48,BB7_T11,rolling_max
48,BB7_T12,rolling_max
48,BB7_T2,rolling_max
48,BB7_T3,rolling_max
48,BB7_T4,rolling_max
48,BB7_T5,rolling_max
48,BB7_T6,rolling_max
48,BB7_T7,rolling_max
48,BB7_T8,rolling_max
48,BB7_T9,rolling_max
48,BB8_T1,rolling_min
48,BB8_T10,rolling_min
48,BB8_T11,rolling_min
48,BB8_T12,rolling_min
48,BB8_T2,rolling_min
48,BB8_T3,rolling_min
48,BB8_T4,rolling_min
48,BB8_T5,rolling_min
48,BB8_T6,rolling_min
48,BB8_T7,rolling_min
48,BB8_T8,rolling_min
48,BB8_T9,rolling_min
48,BB9_T1,rolling_std
48,BB9_T10,rolling_std
48,BB9_T11,rolling_std
48,BB9_T12,rolling_std
48,BB9_T2,rolling_std
48,BB9_T3,rolling_std
48,BB9_T4,rolling_std
48,BB9_T5,rolling_std
48,BB9_T6,rolling_std
48,BB9_T7,rolling_std
48,BB9_T8,rolling_std
48,BB9_T9,rolling_std
48,PB1_T1,price_minus_mean
48,PB1_T10,z_score
48,PB1_T11,normalized_deviation
48,PB1_T12,z_score
48,PB1_T2,price_minus_mean
48,PB1_T3,price_minus_mean
48,PB1_T4,normalized_deviation
48,PB1_T5,price_minus_mean
48,PB1_T6,price_minus_mean
48,PB1_T7,z_score
48,PB1_T8,z_score
48,PB1_T9,z_score
48,PB10_T1,ema
48,PB10_T10,ema
48,PB10_T11,ema
48,PB10_T12,ema
48,PB10_T2,ema
48,PB10_T3,ema
48,PB10_T4,ema
48,PB10_T5,ema
48,PB10_T6,ema
48,PB10_T7,ema
48,PB10_T8,ema
48,PB10_T9,ema
48,PB11_T1,ema
48,PB11_T10,ema
48,PB11_T11,ema
48,PB11_T12,distance_from_high
48,PB11_T2,ema
48,PB11_T3,ema
48,PB11_T4,ema
48,PB11_T5,ema
48,PB11_T6,ema
48,PB11_T7,ema
48,PB11_T8,ema
48,PB11_T9,ema
48,PB12_T1,price_minus_mean
48,PB12_T10,z_score
48,PB12_T11,normalized_deviation
48,PB12_T12,z_score
48,PB12_T2,price_minus_mean
48,PB12_T3,price_minus_mean
48,PB12_T4,normalized_deviation
48,PB12_T5,price_minus_mean
48,PB12_T6,price_minus_mean
48,PB12_T7,z_score
48,PB12_T8,z_score
48,PB12_T9,z_score
48,PB13_T1,price_minus_mean
48,PB13_T10,z_score
48,PB13_T11,normalized_deviation
48,PB13_T12,z_score
48,PB13_T2,price_minus_mean
48,PB13_T3,price_minus_mean
48,PB13_T4,normalized_deviation
48,PB13_T5,price_minus_mean
48,PB13_T6,price_minus_mean
48,PB13_T7,z_score
48,PB13_T8,z_score
48,PB13_T9,z_score
48,PB14_T1,z_score
48,PB14_T10,z_score
48,PB14_T11,normalized_deviation
48,PB14_T12,z_score
48,PB14_T2,z_score
48,PB14_T3,z_score
48,PB14_T4,z_score
48,PB14_T5,z_score
48,PB14_T6,z_score
48,PB14_T7,z_score
48,PB14_T8,z_score
48,PB14_T9,z_score
48,PB15_T1,z_score
48,PB15_T10,z_score
48,PB15_T11,z_score
48,PB15_T12,z_score
48,PB15_T2,z_score
48,PB15_T3,z_score
48,PB15_T4,z_score
48,PB15_T5,z_score
48,PB15_T6,z_score
48,PB15_T7,z_score
48,PB15_T8,z_score
48,PB15_T9,z_score
48,PB16_T1,z_score
48,PB16_T10,z_score
48,PB16_T11,z_score
48,PB16_T12,z_score
48,PB16_T2,z_score
48,PB16_T3,z_score
48,PB16_T4,z_score
48,PB16_T5,z_score
48,PB16_T6,z_score
48,PB16_T7,z_score
48,PB16_T8,z_score
48,PB16_T9,z_score
48,PB17_T1,z_score
48,PB17_T10,z_score
48,PB17_T11,z_score
48,PB17_T12,z_score
48,PB17_T2,z_score
48,PB17_T3,z_score
48,PB17_T4,z_score
48,PB17_T5,z_score
48,PB17_T6,z_score
48,PB17_T7,z_score
48,PB17_T8,z_score
48,PB17_T9,z_score
48,PB18_T1,z_score
48,PB18_T10,z_score
48,PB18_T11,z_score
48,PB18_T12,ema
48,PB18_T2,z_score
48,PB18_T3,z_score
48,PB18_T4,z_score
48,PB18_T5,z_score
48,PB18_T6,z_score
48,PB18_T7,z_score
48,PB18_T8,z_score
48,PB18_T9,z_score
48,PB2_T1,z_score
48,PB2_T10,z_score
48,PB2_T11,rolling_min
48,PB2_T12,ema
48,PB2_T2,z_score
48,PB2_T3,z_score
48,PB2_T4,z_score
48,PB2_T5,z_score
48,PB2_T6,z_score
48,PB2_T7,z_score
48,PB2_T8,z_score
48,PB2_T9,z_score
48,PB3_T1,z_score
48,PB3_T10,downside_volatility
48,PB3_T11,downside_volatility
48,PB3_T12,upside_volatility
48,PB3_T2,z_score
48,PB3_T3,z_score
48,PB3_T4,z_score
48,PB3_T5,z_score
48,PB3_T6,z_score
48,PB3_T7,z_score
48,PB3_T8,z_score
48,PB3_T9,distance_from_high
48,PB4_T1,price_minus_mean
48,PB4_T10,z_score
48,PB4_T11,normalized_deviation
48,PB4_T12,z_score
48,PB4_T2,price_minus_mean
48,PB4_T3,price_minus_mean
48,PB4_T4,normalized_deviation
48,PB4_T5,price_minus_mean
48,PB4_T6,price_minus_mean
48,PB4_T7,z_score
48,PB4_T8,z_score
48,PB4_T9,z_score
48,PB5_T1,price_minus_mean
48,PB5_T10,z_score
48,PB5_T11,normalized_deviation
48,PB5_T12,z_score
48,PB5_T2,price_minus_mean
48,PB5_T3,price_minus_mean
48,PB5_T4,normalized_deviation
48,PB5_T5,price_minus_mean
48,PB5_T6,price_minus_mean
48,PB5_T7,z_score
48,PB5_T8,z_score
48,PB5_T9,z_score
48,PB6_T1,price_minus_mean
48,PB6_T10,rolling_return_mean
48,PB6_T11,rolling_return_mean
48,PB6_T12,distance_from_high
48,PB6_T2,rolling_return_mean
48,PB6_T3,rolling_return_mean
48,PB6_T4,rolling_return_mean
48,PB6_T5,momentum
48,PB6_T6,momentum
48,PB6_T7,rolling_return_mean
48,PB6_T8,momentum
48,PB6_T9,price_minus_mean
48,PB7_T1,z_score
48,PB7_T10,z_score
48,PB7_T11,z_score
48,PB7_T12,ema
48,PB7_T2,z_score
48,PB7_T3,z_score
48,PB7_T4,z_score
48,PB7_T5,z_score
48,PB7_T6,z_score
48,PB7_T7,z_score
48,PB7_T8,z_score
48,PB7_T9,z_score
48,PB8_T1,z_score
48,PB8_T10,z_score
48,PB8_T11,z_score
48,PB8_T12,ema
48,PB8_T2,z_score
48,PB8_T3,z_score
48,PB8_T4,z_score
48,PB8_T5,z_score
48,PB8_T6,z_score
48,PB8_T7,z_score
48,PB8_T8,z_score
48,PB8_T9,z_score
48,PB9_T1,ema
48,PB9_T10,momentum
48,PB9_T11,distance_from_low
48,PB9_T12,distance_from_low
48,PB9_T2,ema
48,PB9_T3,ema
48,PB9_T4,ema
48,PB9_T5,ema
48,PB9_T6,ema
48,PB9_T7,ema
48,PB9_T8,ema
48,PB9_T9,ema
49,BB1_T1,ema
49,BB1_T10,rolling_mean
49,BB1_T11,rolling_mean
49,BB1_T12,rolling_mean
49,BB1_T2,rolling_mean
49,BB1_T3,rolling_mean
49,BB1_T4,rolling_mean
49,BB1_T5,rolling_mean
49,BB1_T6,rolling_mean
49,BB1_T7,rolling_mean
49,BB1_T8,rolling_mean
49,BB1_T9,rolling_mean
49,BB10_T1,z_score
49,BB10_T10,z_score
49,BB10_T11,z_score
49,BB10_T12,z_score
49,BB10_T2,z_score
49,BB10_T3,z_score
49,BB10_T4,z_score
49,BB10_T5,z_score
49,BB10_T6,z_score
49,BB10_T7,z_score
49,BB10_T8,z_score
49,BB10_T9,z_score
49,BB11_T1,rolling_max
49,BB11_T10,rolling_max
49,BB11_T11,rolling_max
49,BB11_T12,rolling_max
49,BB11_T2,rolling_max
49,BB11_T3,rolling_max
49,BB11_T4,rolling_max
49,BB11_T5,rolling_max
49,BB11_T6,rolling_max
49,BB11_T7,rolling_max
49,BB11_T8,rolling_max
49,BB11_T9,rolling_max
49,BB12_T1,rolling_min
49,BB12_T10,rolling_min
49,BB12_T11,rolling_min
49,BB12_T12,rolling_min
49,BB12_T2,rolling_min
49,BB12_T3,rolling_min
49,BB12_T4,rolling_min
49,BB12_T5,rolling_min
49,BB12_T6,rolling_min
49,BB12_T7,rolling_min
49,BB12_T8,rolling_min
49,BB12_T9,rolling_min
49,BB13_T1,ema
49,BB13_T10,ema
49,BB13_T11,ema
49,BB13_T12,ema
49,BB13_T2,ema
49,BB13_T3,ema
49,BB13_T4,ema
49,BB13_T5,ema
49,BB13_T6,ema
49,BB13_T7,ema
49,BB13_T8,ema
49,BB13_T9,ema
49,BB14_T1,rolling_max
49,BB14_T10,ema
49,BB14_T11,ema
49,BB14_T12,ema
49,BB14_T2,ema
49,BB14_T3,ema
49,BB14_T4,ema
49,BB14_T5,ema
49,BB14_T6,ema
49,BB14_T7,ema
49,BB14_T8,ema
49,BB14_T9,ema
49,BB15_T1,rolling_min
49,BB15_T10,ema
49,BB15_T11,ema
49,BB15_T12,ema
49,BB15_T2,ema
49,BB15_T3,ema
49,BB15_T4,ema
49,BB15_T5,ema
49,BB15_T6,ema
49,BB15_T7,ema
49,BB15_T8,ema
49,BB15_T9,ema
49,BB2_T1,rolling_return_mean
49,BB2_T10,rolling_return_mean
49,BB2_T11,rolling_return_mean
49,BB2_T12,rolling_return_mean
49,BB2_T2,rolling_return_mean
49,BB2_T3,rolling_return_mean
49,BB2_T4,rolling_return_mean
49,BB2_T5,rolling_return_mean
49,BB2_T6,rolling_return_mean
49,BB2_T7,rolling_return_mean
49,BB2_T8,rolling_return_mean
49,BB2_T9,rolling_return_mean
49,BB3_T1,normalized_deviation
49,BB3_T10,normalized_deviation
49,BB3_T11,normalized_deviation
49,BB3_T12,price_minus_mean
49,BB3_T2,normalized_deviation
49,BB3_T3,normalized_deviation
49,BB3_T4,normalized_deviation
49,BB3_T5,normalized_deviation
49,BB3_T6,normalized_deviation
49,BB3_T7,normalized_deviation
49,BB3_T8,normalized_deviation
49,BB3_T9,normalized_deviation
49,BB4_T1,rolling_mean
49,BB4_T10,rolling_mean
49,BB4_T11,rolling_mean
49,BB4_T12,rolling_mean
49,BB4_T2,rolling_mean
49,BB4_T3,rolling_mean
49,BB4_T4,rolling_mean
49,BB4_T5,rolling_mean
49,BB4_T6,rolling_mean
49,BB4_T7,rolling_mean
49,BB4_T8,rolling_mean
49,BB4_T9,rolling_mean
49,BB5_T1,ema
49,BB5_T10,ema
49,BB5_T11,ema
49,BB5_T12,ema
49,BB5_T2,ema
49,BB5_T3,ema
49,BB5_T4,ema
49,BB5_T5,ema
49,BB5_T6,ema
49,BB5_T7,ema
49,BB5_T8,ema
49,BB5_T9,ema
49,BB6_T1,rolling_mean
49,BB6_T10,rolling_mean
49,BB6_T11,rolling_mean
49,BB6_T12,rolling_mean
49,BB6_T2,rolling_mean
49,BB6_T3,rolling_mean
49,BB6_T4,rolling_mean
49,BB6_T5,rolling_mean
49,BB6_T6,rolling_mean
49,BB6_T7,rolling_mean
49,BB6_T8,rolling_mean
49,BB6_T9,rolling_mean
49,BB7_T1,rolling_max
49,BB7_T10,rolling_max
49,BB7_T11,rolling_max
49,BB7_T12,rolling_max
49,BB7_T2,rolling_max
49,BB7_T3,rolling_max
49,BB7_T4,rolling_max
49,BB7_T5,rolling_max
49,BB7_T6,rolling_max
49,BB7_T7,rolling_max
49,BB7_T8,rolling_max
49,BB7_T9,rolling_max
49,BB8_T1,rolling_min
49,BB8_T10,rolling_min
49,BB8_T11,rolling_min
49,BB8_T12,rolling_min
49,BB8_T2,rolling_min
49,BB8_T3,rolling_min
49,BB8_T4,rolling_min
49,BB8_T5,rolling_min
49,BB8_T6,rolling_min
49,BB8_T7,rolling_min
49,BB8_T8,rolling_min
49,BB8_T9,rolling_min
49,BB9_T1,rolling_std
49,BB9_T10,rolling_std
49,BB9_T11,rolling_std
49,BB9_T12,rolling_std
49,BB9_T2,rolling_std
49,BB9_T3,rolling_std
49,BB9_T4,rolling_std
49,BB9_T5,rolling_std
49,BB9_T6,rolling_std
49,BB9_T7,rolling_std
49,BB9_T8,rolling_std
49,BB9_T9,rolling_std
49,PB1_T1,price_minus_mean
49,PB1_T10,normalized_deviation
49,PB1_T11,normalized_deviation
49,PB1_T12,z_score
49,PB1_T2,normalized_deviation
49,PB1_T3,price_minus_mean
49,PB1_T4,price_minus_mean
49,PB1_T5,price_minus_mean
49,PB1_T6,price_minus_mean
49,PB1_T7,price_minus_mean
49,PB1_T8,normalized_deviation
49,PB1_T9,normalized_deviation
49,PB10_T1,ema
49,PB10_T10,rolling_max
49,PB10_T11,rolling_max
49,PB10_T12,rolling_max
49,PB10_T2,ema
49,PB10_T3,ema
49,PB10_T4,rolling_max
49,PB10_T5,rolling_max
49,PB10_T6,rolling_max
49,PB10_T7,rolling_max
49,PB10_T8,rolling_max
49,PB10_T9,rolling_max
49,PB11_T1,ema
49,PB11_T10,ema
49,PB11_T11,ema
49,PB11_T12,ema
49,PB11_T2,ema
49,PB11_T3,ema
49,PB11_T4,ema
49,PB11_T5,ema
49,PB11_T6,ema
49,PB11_T7,ema
49,PB11_T8,ema
49,PB11_T9,ema
49,PB12_T1,price_minus_mean
49,PB12_T10,normalized_deviation
49,PB12_T11,normalized_deviation
49,PB12_T12,z_score
49,PB12_T2,normalized_deviation
49,PB12_T3,price_minus_mean
49,PB12_T4,price_minus_mean
49,PB12_T5,price_minus_mean
49,PB12_T6,price_minus_mean
49,PB12_T7,price_minus_mean
49,PB12_T8,normalized_deviation
49,PB12_T9,normalized_deviation
49,PB13_T1,price_minus_mean
49,PB13_T10,normalized_deviation
49,PB13_T11,normalized_deviation
49,PB13_T12,z_score
49,PB13_T2,normalized_deviation
49,PB13_T3,price_minus_mean
49,PB13_T4,price_minus_mean
49,PB13_T5,price_minus_mean
49,PB13_T6,price_minus_mean
49,PB13_T7,price_minus_mean
49,PB13_T8,normalized_deviation
49,PB13_T9,normalized_deviation
49,PB14_T1,z_score
49,PB14_T10,z_score
49,PB14_T11,z_score
49,PB14_T12,z_score
49,PB14_T2,z_score
49,PB14_T3,z_score
49,PB14_T4,z_score
49,PB14_T5,z_score
49,PB14_T6,z_score
49,PB14_T7,z_score
49,PB14_T8,z_score
49,PB14_T9,z_score
49,PB15_T1,z_score
49,PB15_T10,z_score
49,PB15_T11,z_score
49,PB15_T12,z_score
49,PB15_T2,z_score
49,PB15_T3,z_score
49,PB15_T4,z_score
49,PB15_T5,z_score
49,PB15_T6,z_score
49,PB15_T7,z_score
49,PB15_T8,z_score
49,PB15_T9,z_score
49,PB16_T1,z_score
49,PB16_T10,z_score
49,PB16_T11,z_score
49,PB16_T12,z_score
49,PB16_T2,z_score
49,PB16_T3,z_score
49,PB16_T4,z_score
49,PB16_T5,z_score
49,PB16_T6,z_score
49,PB16_T7,z_score
49,PB16_T8,z_score
49,PB16_T9,z_score
49,PB17_T1,z_score
49,PB17_T10,z_score
49,PB17_T11,z_score
49,PB17_T12,z_score
49,PB17_T2,z_score
49,PB17_T3,z_score
49,PB17_T4,z_score
49,PB17_T5,z_score
49,PB17_T6,z_score
49,PB17_T7,z_score
49,PB17_T8,z_score
49,PB17_T9,z_score
49,PB18_T1,z_score
49,PB18_T10,z_score
49,PB18_T11,z_score
49,PB18_T12,distance_from_high
49,PB18_T2,z_score
49,PB18_T3,z_score
49,PB18_T4,z_score
49,PB18_T5,z_score
49,PB18_T6,z_score
49,PB18_T7,z_score
49,PB18_T8,z_score
49,PB18_T9,z_score
49,PB2_T1,z_score
49,PB2_T10,z_score
49,PB2_T11,ema
49,PB2_T12,rolling_variance
49,PB2_T2,z_score
49,PB2_T3,z_score
49,PB2_T4,z_score
49,PB2_T5,z_score
49,PB2_T6,z_score
49,PB2_T7,z_score
49,PB2_T8,z_score
49,PB2_T9,z_score
49,PB3_T1,z_score
49,PB3_T10,z_score
49,PB3_T11,z_score
49,PB3_T12,z_score
49,PB3_T2,z_score
49,PB3_T3,z_score
49,PB3_T4,z_score
49,PB3_T5,z_score
49,PB3_T6,z_score
49,PB3_T7,z_score
49,PB3_T8,z_score
49,PB3_T9,z_score
49,PB4_T1,price_minus_mean
49,PB4_T10,normalized_deviation
49,PB4_T11,normalized_deviation
49,PB4_T12,z_score
49,PB4_T2,normalized_deviation
49,PB4_T3,price_minus_mean
49,PB4_T4,price_minus_mean
49,PB4_T5,price_minus_mean
49,PB4_T6,price_minus_mean
49,PB4_T7,price_minus_mean
49,PB4_T8,normalized_deviation
49,PB4_T9,normalized_deviation
49,PB5_T1,price_minus_mean
49,PB5_T10,normalized_deviation
49,PB5_T11,normalized_deviation
49,PB5_T12,z_score
49,PB5_T2,normalized_deviation
49,PB5_T3,price_minus_mean
49,PB5_T4,price_minus_mean
49,PB5_T5,price_minus_mean
49,PB5_T6,price_minus_mean
49,PB5_T7,price_minus_mean
49,PB5_T8,normalized_deviation
49,PB5_T9,normalized_deviation
49,PB6_T1,normalized_deviation
49,PB6_T10,momentum
49,PB6_T11,momentum
49,PB6_T12,rolling_std
49,PB6_T2,price_minus_mean
49,PB6_T3,rolling_return_mean
49,PB6_T4,rolling_return_mean
49,PB6_T5,momentum
49,PB6_T6,momentum
49,PB6_T7,rolling_return_mean
49,PB6_T8,rolling_return_mean
49,PB6_T9,momentum
49,PB7_T1,z_score
49,PB7_T10,z_score
49,PB7_T11,z_score
49,PB7_T12,distance_from_high
49,PB7_T2,z_score
49,PB7_T3,z_score
49,PB7_T4,z_score
49,PB7_T5,z_score
49,PB7_T6,z_score
49,PB7_T7,z_score
49,PB7_T8,z_score
49,PB7_T9,z_score
49,PB8_T1,z_score
49,PB8_T10,z_score
49,PB8_T11,z_score
49,PB8_T12,distance_from_high
49,PB8_T2,z_score
49,PB8_T3,z_score
49,PB8_T4,z_score
49,PB8_T5,z_score
49,PB8_T6,z_score
49,PB8_T7,z_score
49,PB8_T8,z_score
49,PB8_T9,z_score
49,PB9_T1,ema
49,PB9_T10,rolling_max
49,PB9_T11,rolling_max
49,PB9_T12,distance_from_high
49,PB9_T2,ema
49,PB9_T3,ema
49,PB9_T4,ema
49,PB9_T5,ema
49,PB9_T6,rolling_max
49,PB9_T7,rolling_max
49,PB9_T8,rolling_max
49,PB9_T9,rolling_max
50,BB1_T1,rolling_mean
50,BB1_T10,rolling_mean
50,BB1_T11,rolling_mean
50,BB1_T12,rolling_mean
50,BB1_T2,rolling_mean
50,BB1_T3,rolling_mean
50,BB1_T4,rolling_mean
50,BB1_T5,rolling_mean
50,BB1_T6,rolling_mean
50,BB1_T7,rolling_mean
50,BB1_T8,rolling_mean
50,BB1_T9,rolling_mean
50,BB10_T1,z_score
50,BB10_T10,z_score
50,BB10_T11,z_score
50,BB10_T12,z_score
50,BB10_T2,z_score
50,BB10_T3,z_score
50,BB10_T4,z_score
50,BB10_T5,z_score
50,BB10_T6,z_score
50,BB10_T7,z_score
50,BB10_T8,z_score
50,BB10_T9,z_score
50,BB11_T1,rolling_max
50,BB11_T10,rolling_max
50,BB11_T11,rolling_max
50,BB11_T12,rolling_max
50,BB11_T2,rolling_max
50,BB11_T3,rolling_max
50,BB11_T4,rolling_max
50,BB11_T5,rolling_max
50,BB11_T6,rolling_max
50,BB11_T7,rolling_max
50,BB11_T8,rolling_max
50,BB11_T9,rolling_max
50,BB12_T1,rolling_min
50,BB12_T10,rolling_min
50,BB12_T11,rolling_min
50,BB12_T12,rolling_min
50,BB12_T2,rolling_min
50,BB12_T3,rolling_min
50,BB12_T4,rolling_min
50,BB12_T5,rolling_min
50,BB12_T6,rolling_min
50,BB12_T7,rolling_min
50,BB12_T8,rolling_min
50,BB12_T9,rolling_min
50,BB13_T1,ema
50,BB13_T10,ema
50,BB13_T11,ema
50,BB13_T12,ema
50,BB13_T2,ema
50,BB13_T3,ema
50,BB13_T4,ema
50,BB13_T5,ema
50,BB13_T6,ema
50,BB13_T7,ema
50,BB13_T8,ema
50,BB13_T9,ema
50,BB14_T1,rolling_max
50,BB14_T10,ema
50,BB14_T11,ema
50,BB14_T12,ema
50,BB14_T2,ema
50,BB14_T3,ema
50,BB14_T4,ema
50,BB14_T5,ema
50,BB14_T6,ema
50,BB14_T7,ema
50,BB14_T8,ema
50,BB14_T9,ema
50,BB15_T1,rolling_min
50,BB15_T10,ema
50,BB15_T11,ema
50,BB15_T12,ema
50,BB15_T2,ema
50,BB15_T3,ema
50,BB15_T4,ema
50,BB15_T5,ema
50,BB15_T6,ema
50,BB15_T7,ema
50,BB15_T8,ema
50,BB15_T9,ema
50,BB2_T1,rolling_return_mean
50,BB2_T10,momentum
50,BB2_T11,momentum
50,BB2_T12,momentum
50,BB2_T2,rolling_return_mean
50,BB2_T3,momentum
50,BB2_T4,rolling_return_mean
50,BB2_T5,rolling_return_mean
50,BB2_T6,momentum
50,BB2_T7,momentum
50,BB2_T8,momentum
50,BB2_T9,momentum
50,BB3_T1,price_minus_mean
50,BB3_T10,normalized_deviation
50,BB3_T11,normalized_deviation
50,BB3_T12,price_minus_mean
50,BB3_T2,normalized_deviation
50,BB3_T3,price_minus_mean
50,BB3_T4,normalized_deviation
50,BB3_T5,normalized_deviation
50,BB3_T6,normalized_deviation
50,BB3_T7,normalized_deviation
50,BB3_T8,normalized_deviation
50,BB3_T9,normalized_deviation
50,BB4_T1,rolling_mean
50,BB4_T10,rolling_mean
50,BB4_T11,rolling_mean
50,BB4_T12,rolling_mean
50,BB4_T2,rolling_mean
50,BB4_T3,rolling_mean
50,BB4_T4,rolling_mean
50,BB4_T5,rolling_mean
50,BB4_T6,rolling_mean
50,BB4_T7,rolling_mean
50,BB4_T8,rolling_mean
50,BB4_T9,rolling_mean
50,BB5_T1,ema
50,BB5_T10,ema
50,BB5_T11,ema
50,BB5_T12,ema
50,BB5_T2,ema
50,BB5_T3,ema
50,BB5_T4,ema
50,BB5_T5,ema
50,BB5_T6,ema
50,BB5_T7,ema
50,BB5_T8,ema
50,BB5_T9,ema
50,BB6_T1,rolling_mean
50,BB6_T10,rolling_mean
50,BB6_T11,rolling_mean
50,BB6_T12,rolling_mean
50,BB6_T2,rolling_mean
50,BB6_T3,rolling_mean
50,BB6_T4,rolling_mean
50,BB6_T5,rolling_mean
50,BB6_T6,rolling_mean
50,BB6_T7,rolling_mean
50,BB6_T8,rolling_mean
50,BB6_T9,rolling_mean
50,BB7_T1,rolling_max
50,BB7_T10,rolling_max
50,BB7_T11,rolling_max
50,BB7_T12,rolling_max
50,BB7_T2,rolling_max
50,BB7_T3,rolling_max
50,BB7_T4,rolling_max
50,BB7_T5,rolling_max
50,BB7_T6,rolling_max
50,BB7_T7,rolling_max
50,BB7_T8,rolling_max
50,BB7_T9,rolling_max
50,BB8_T1,rolling_min
50,BB8_T10,rolling_min
50,BB8_T11,rolling_min
50,BB8_T12,rolling_min
50,BB8_T2,rolling_min
50,BB8_T3,rolling_min
50,BB8_T4,rolling_min
50,BB8_T5,rolling_min
50,BB8_T6,rolling_min
50,BB8_T7,rolling_min
50,BB8_T8,rolling_min
50,BB8_T9,rolling_min
50,BB9_T1,rolling_std
50,BB9_T10,rolling_std
50,BB9_T11,rolling_std
50,BB9_T12,rolling_std
50,BB9_T2,rolling_std
50,BB9_T3,rolling_std
50,BB9_T4,rolling_std
50,BB9_T5,rolling_std
50,BB9_T6,rolling_std
50,BB9_T7,rolling_std
50,BB9_T8,rolling_std
50,BB9_T9,rolling_std
50,PB1_T1,normalized_deviation
50,PB1_T10,z_score
50,PB1_T11,z_score
50,PB1_T12,distance_from_low
50,PB1_T2,normalized_deviation
50,PB1_T3,normalized_deviation
50,PB1_T4,normalized_deviation
50,PB1_T5,z_score
50,PB1_T6,normalized_deviation
50,PB1_T7,z_score
50,PB1_T8,z_score
50,PB1_T9,price_minus_mean
50,PB10_T1,ema
50,PB10_T10,ema
50,PB10_T11,ema
50,PB10_T12,ema
50,PB10_T2,ema
50,PB10_T3,ema
50,PB10_T4,ema
50,PB10_T5,ema
50,PB10_T6,ema
50,PB10_T7,ema
50,PB10_T8,ema
50,PB10_T9,ema
50,PB11_T1,ema
50,PB11_T10,ema
50,PB11_T11,ema
50,PB11_T12,distance_from_high
50,PB11_T2,ema
50,PB11_T3,ema
50,PB11_T4,ema
50,PB11_T5,ema
50,PB11_T6,ema
50,PB11_T7,rolling_min
50,PB11_T8,rolling_min
50,PB11_T9,rolling_min
50,PB12_T1,normalized_deviation
50,PB12_T10,z_score
50,PB12_T11,z_score
50,PB12_T12,distance_from_low
50,PB12_T2,normalized_deviation
50,PB12_T3,normalized_deviation
50,PB12_T4,normalized_deviation
50,PB12_T5,z_score
50,PB12_T6,normalized_deviation
50,PB12_T7,z_score
50,PB12_T8,z_score
50,PB12_T9,price_minus_mean
50,PB13_T1,normalized_deviation
50,PB13_T10,z_score
50,PB13_T11,z_score
50,PB13_T12,distance_from_low
50,PB13_T2,normalized_deviation
50,PB13_T3,normalized_deviation
50,PB13_T4,normalized_deviation
50,PB13_T5,z_score
50,PB13_T6,normalized_deviation
50,PB13_T7,z_score
50,PB13_T8,z_score
50,PB13_T9,price_minus_mean
50,PB14_T1,z_score
50,PB14_T10,z_score
50,PB14_T11,z_score
50,PB14_T12,distance_from_low
50,PB14_T2,z_score
50,PB14_T3,z_score
50,PB14_T4,z_score
50,PB14_T5,z_score
50,PB14_T6,z_score
50,PB14_T7,z_score
50,PB14_T8,z_score
50,PB14_T9,z_score
50,PB15_T1,z_score
50,PB15_T10,z_score
50,PB15_T11,z_score
50,PB15_T12,z_score
50,PB15_T2,z_score
50,PB15_T3,z_score
50,PB15_T4,z_score
50,PB15_T5,z_score
50,PB15_T6,z_score
50,PB15_T7,z_score
50,PB15_T8,z_score
50,PB15_T9,z_score
50,PB16_T1,z_score
50,PB16_T10,z_score
50,PB16_T11,z_score
50,PB16_T12,z_score
50,PB16_T2,z_score
50,PB16_T3,z_score
50,PB16_T4,z_score
50,PB16_T5,z_score
50,PB16_T6,z_score
50,PB16_T7,z_score
50,PB16_T8,z_score
50,PB16_T9,z_score
50,PB17_T1,z_score
50,PB17_T10,z_score
50,PB17_T11,z_score
50,PB17_T12,z_score
50,PB17_T2,z_score
50,PB17_T3,z_score
50,PB17_T4,z_score
50,PB17_T5,z_score
50,PB17_T6,z_score
50,PB17_T7,z_score
50,PB17_T8,z_score
50,PB17_T9,z_score
50,PB18_T1,z_score
50,PB18_T10,z_score
50,PB18_T11,z_score
50,PB18_T12,z_score
50,PB18_T2,z_score
50,PB18_T3,z_score
50,PB18_T4,z_score
50,PB18_T5,z_score
50,PB18_T6,z_score
50,PB18_T7,z_score
50,PB18_T8,z_score
50,PB18_T9,z_score
50,PB2_T1,z_score
50,PB2_T10,ema
50,PB2_T11,rolling_median
50,PB2_T12,rolling_mean
50,PB2_T2,z_score
50,PB2_T3,z_score
50,PB2_T4,z_score
50,PB2_T5,z_score
50,PB2_T6,z_score
50,PB2_T7,z_score
50,PB2_T8,z_score
50,PB2_T9,z_score
50,PB3_T1,z_score
50,PB3_T10,z_score
50,PB3_T11,z_score
50,PB3_T12,z_score
50,PB3_T2,z_score
50,PB3_T3,z_score
50,PB3_T4,z_score
50,PB3_T5,z_score
50,PB3_T6,z_score
50,PB3_T7,normalized_deviation
50,PB3_T8,price_minus_mean
50,PB3_T9,price_minus_mean
50,PB4_T1,normalized_deviation
50,PB4_T10,z_score
50,PB4_T11,z_score
50,PB4_T12,distance_from_low
50,PB4_T2,normalized_deviation
50,PB4_T3,normalized_deviation
50,PB4_T4,normalized_deviation
50,PB4_T5,z_score
50,PB4_T6,normalized_deviation
50,PB4_T7,z_score
50,PB4_T8,z_score
50,PB4_T9,price_minus_mean
50,PB5_T1,normalized_deviation
50,PB5_T10,z_score
50,PB5_T11,z_score
50,PB5_T12,distance_from_low
50,PB5_T2,normalized_deviation
50,PB5_T3,normalized_deviation
50,PB5_T4,normalized_deviation
50,PB5_T5,z_score
50,PB5_T6,normalized_deviation
50,PB5_T7,z_score
50,PB5_T8,z_score
50,PB5_T9,price_minus_mean
50,PB6_T1,price_minus_mean
50,PB6_T10,momentum
50,PB6_T11,momentum
50,PB6_T12,rolling_return_mean
50,PB6_T2,rolling_return_mean
50,PB6_T3,rolling_return_mean
50,PB6_T4,momentum
50,PB6_T5,rolling_return_mean
50,PB6_T6,rolling_return_mean
50,PB6_T7,rolling_return_mean
50,PB6_T8,momentum
50,PB6_T9,momentum
50,PB7_T1,z_score
50,PB7_T10,z_score
50,PB7_T11,z_score
50,PB7_T12,z_score
50,PB7_T2,z_score
50,PB7_T3,z_score
50,PB7_T4,z_score
50,PB7_T5,z_score
50,PB7_T6,z_score
50,PB7_T7,z_score
50,PB7_T8,z_score
50,PB7_T9,z_score
50,PB8_T1,z_score
50,PB8_T10,z_score
50,PB8_T11,z_score
50,PB8_T12,z_score
50,PB8_T2,z_score
50,PB8_T3,z_score
50,PB8_T4,z_score
50,PB8_T5,z_score
50,PB8_T6,z_score
50,PB8_T7,z_score
50,PB8_T8,z_score
50,PB8_T9,z_score
50,PB9_T1,ema
50,PB9_T10,momentum
50,PB9_T11,momentum
50,PB9_T12,normalized_deviation
50,PB9_T2,ema
50,PB9_T3,ema
50,PB9_T4,ema
50,PB9_T5,ema
50,PB9_T6,ema
50,PB9_T7,rolling_min
50,PB9_T8,rolling_min
50,PB9_T9,rolling_min
51,BB1_T1,ema
51,BB1_T10,ema
51,BB1_T11,ema
51,BB1_T12,ema
51,BB1_T2,rolling_mean
51,BB1_T3,rolling_mean
51,BB1_T4,rolling_mean
51,BB1_T5,rolling_mean
51,BB1_T6,ema
51,BB1_T7,ema
51,BB1_T8,ema
51,BB1_T9,ema
51,BB10_T1,z_score
51,BB10_T10,z_score
51,BB10_T11,z_score
51,BB10_T12,z_score
51,BB10_T2,z_score
51,BB10_T3,z_score
51,BB10_T4,z_score
51,BB10_T5,z_score
51,BB10_T6,z_score
51,BB10_T7,z_score
51,BB10_T8,z_score
51,BB10_T9,z_score
51,BB11_T1,rolling_max
51,BB11_T10,rolling_max
51,BB11_T11,rolling_max
51,BB11_T12,rolling_max
51,BB11_T2,rolling_max
51,BB11_T3,rolling_max
51,BB11_T4,rolling_max
51,BB11_T5,rolling_max
51,BB11_T6,rolling_max
51,BB11_T7,rolling_max
51,BB11_T8,rolling_max
51,BB11_T9,rolling_max
51,BB12_T1,rolling_min
51,BB12_T10,rolling_min
51,BB12_T11,rolling_min
51,BB12_T12,rolling_min
51,BB12_T2,rolling_min
51,BB12_T3,rolling_min
51,BB12_T4,rolling_min
51,BB12_T5,rolling_min
51,BB12_T6,rolling_min
51,BB12_T7,rolling_min
51,BB12_T8,rolling_min
51,BB12_T9,rolling_min
51,BB13_T1,ema
51,BB13_T10,ema
51,BB13_T11,ema
51,BB13_T12,ema
51,BB13_T2,ema
51,BB13_T3,ema
51,BB13_T4,ema
51,BB13_T5,ema
51,BB13_T6,ema
51,BB13_T7,ema
51,BB13_T8,ema
51,BB13_T9,ema
51,BB14_T1,rolling_max
51,BB14_T10,ema
51,BB14_T11,ema
51,BB14_T12,ema
51,BB14_T2,rolling_max
51,BB14_T3,ema
51,BB14_T4,ema
51,BB14_T5,ema
51,BB14_T6,ema
51,BB14_T7,ema
51,BB14_T8,ema
51,BB14_T9,ema
51,BB15_T1,rolling_min
51,BB15_T10,ema
51,BB15_T11,ema
51,BB15_T12,ema
51,BB15_T2,rolling_min
51,BB15_T3,ema
51,BB15_T4,ema
51,BB15_T5,ema
51,BB15_T6,ema
51,BB15_T7,ema
51,BB15_T8,ema
51,BB15_T9,ema
51,BB2_T1,rolling_return_mean
51,BB2_T10,momentum
51,BB2_T11,momentum
51,BB2_T12,momentum
51,BB2_T2,momentum
51,BB2_T3,momentum
51,BB2_T4,rolling_return_mean
51,BB2_T5,rolling_return_mean
51,BB2_T6,rolling_return_mean
51,BB2_T7,rolling_return_mean
51,BB2_T8,momentum
51,BB2_T9,momentum
51,BB3_T1,normalized_deviation
51,BB3_T10,normalized_deviation
51,BB3_T11,normalized_deviation
51,BB3_T12,normalized_deviation
51,BB3_T2,normalized_deviation
51,BB3_T3,normalized_deviation
51,BB3_T4,normalized_deviation
51,BB3_T5,normalized_deviation
51,BB3_T6,normalized_deviation
51,BB3_T7,normalized_deviation
51,BB3_T8,normalized_deviation
51,BB3_T9,normalized_deviation
51,BB4_T1,rolling_mean
51,BB4_T10,rolling_mean
51,BB4_T11,rolling_mean
51,BB4_T12,rolling_mean
51,BB4_T2,rolling_mean
51,BB4_T3,rolling_mean
51,BB4_T4,rolling_mean
51,BB4_T5,rolling_mean
51,BB4_T6,rolling_mean
51,BB4_T7,rolling_mean
51,BB4_T8,rolling_mean
51,BB4_T9,rolling_mean
51,BB5_T1,ema
51,BB5_T10,ema
51,BB5_T11,ema
51,BB5_T12,ema
51,BB5_T2,ema
51,BB5_T3,ema
51,BB5_T4,ema
51,BB5_T5,ema
51,BB5_T6,ema
51,BB5_T7,ema
51,BB5_T8,ema
51,BB5_T9,ema
51,BB6_T1,rolling_mean
51,BB6_T10,rolling_mean
51,BB6_T11,rolling_mean
51,BB6_T12,rolling_mean
51,BB6_T2,rolling_mean
51,BB6_T3,rolling_mean
51,BB6_T4,rolling_mean
51,BB6_T5,rolling_mean
51,BB6_T6,rolling_mean
51,BB6_T7,rolling_mean
51,BB6_T8,rolling_mean
51,BB6_T9,rolling_mean
51,BB7_T1,rolling_max
51,BB7_T10,rolling_max
51,BB7_T11,rolling_max
51,BB7_T12,rolling_max
51,BB7_T2,rolling_max
51,BB7_T3,rolling_max
51,BB7_T4,rolling_max
51,BB7_T5,rolling_max
51,BB7_T6,rolling_max
51,BB7_T7,rolling_max
51,BB7_T8,rolling_max
51,BB7_T9,rolling_max
51,BB8_T1,rolling_min
51,BB8_T10,rolling_min
51,BB8_T11,rolling_min
51,BB8_T12,rolling_min
51,BB8_T2,rolling_min
51,BB8_T3,rolling_min
51,BB8_T4,rolling_min
51,BB8_T5,rolling_min
51,BB8_T6,rolling_min
51,BB8_T7,rolling_min
51,BB8_T8,rolling_min
51,BB8_T9,rolling_min
51,BB9_T1,rolling_std
51,BB9_T10,rolling_std
51,BB9_T11,rolling_std
51,BB9_T12,rolling_std
51,BB9_T2,rolling_std
51,BB9_T3,rolling_std
51,BB9_T4,rolling_std
51,BB9_T5,rolling_std
51,BB9_T6,rolling_std
51,BB9_T7,rolling_std
51,BB9_T8,rolling_std
51,BB9_T9,rolling_std
51,PB1_T1,price_minus_mean
51,PB1_T10,price_minus_mean
51,PB1_T11,price_minus_mean
51,PB1_T12,normalized_deviation
51,PB1_T2,price_minus_mean
51,PB1_T3,normalized_deviation
51,PB1_T4,normalized_deviation
51,PB1_T5,normalized_deviation
51,PB1_T6,normalized_deviation
51,PB1_T7,price_minus_mean
51,PB1_T8,normalized_deviation
51,PB1_T9,price_minus_mean
51,PB10_T1,ema
51,PB10_T10,momentum
51,PB10_T11,momentum
51,PB10_T12,rolling_max
51,PB10_T2,ema
51,PB10_T3,ema
51,PB10_T4,ema
51,PB10_T5,ema
51,PB10_T6,ema
51,PB10_T7,ema
51,PB10_T8,ema
51,PB10_T9,rolling_max
51,PB11_T1,ema
51,PB11_T10,rolling_min
51,PB11_T11,rolling_min
51,PB11_T12,rolling_min
51,PB11_T2,ema
51,PB11_T3,ema
51,PB11_T4,ema
51,PB11_T5,ema
51,PB11_T6,ema
51,PB11_T7,ema
51,PB11_T8,ema
51,PB11_T9,rolling_min
51,PB12_T1,price_minus_mean
51,PB12_T10,price_minus_mean
51,PB12_T11,price_minus_mean
51,PB12_T12,normalized_deviation
51,PB12_T2,price_minus_mean
51,PB12_T3,normalized_deviation
51,PB12_T4,normalized_deviation
51,PB12_T5,normalized_deviation
51,PB12_T6,normalized_deviation
51,PB12_T7,price_minus_mean
51,PB12_T8,normalized_deviation
51,PB12_T9,price_minus_mean
51,PB13_T1,price_minus_mean
51,PB13_T10,price_minus_mean
51,PB13_T11,price_minus_mean
51,PB13_T12,normalized_deviation
51,PB13_T2,price_minus_mean
51,PB13_T3,normalized_deviation
51,PB13_T4,normalized_deviation
51,PB13_T5,normalized_deviation
51,PB13_T6,normalized_deviation
51,PB13_T7,price_minus_mean
51,PB13_T8,normalized_deviation
51,PB13_T9,price_minus_mean
51,PB14_T1,z_score
51,PB14_T10,z_score
51,PB14_T11,z_score
51,PB14_T12,z_score
51,PB14_T2,z_score
51,PB14_T3,z_score
51,PB14_T4,z_score
51,PB14_T5,z_score
51,PB14_T6,z_score
51,PB14_T7,z_score
51,PB14_T8,z_score
51,PB14_T9,z_score
51,PB15_T1,z_score
51,PB15_T10,z_score
51,PB15_T11,z_score
51,PB15_T12,distance_from_high
51,PB15_T2,z_score
51,PB15_T3,z_score
51,PB15_T4,z_score
51,PB15_T5,z_score
51,PB15_T6,z_score
51,PB15_T7,z_score
51,PB15_T8,z_score
51,PB15_T9,z_score
51,PB16_T1,z_score
51,PB16_T10,z_score
51,PB16_T11,z_score
51,PB16_T12,distance_from_high
51,PB16_T2,z_score
51,PB16_T3,z_score
51,PB16_T4,z_score
51,PB16_T5,z_score
51,PB16_T6,z_score
51,PB16_T7,z_score
51,PB16_T8,z_score
51,PB16_T9,z_score
51,PB17_T1,z_score
51,PB17_T10,z_score
51,PB17_T11,z_score
51,PB17_T12,distance_from_high
51,PB17_T2,z_score
51,PB17_T3,z_score
51,PB17_T4,z_score
51,PB17_T5,z_score
51,PB17_T6,z_score
51,PB17_T7,z_score
51,PB17_T8,z_score
51,PB17_T9,z_score
51,PB18_T1,z_score
51,PB18_T10,z_score
51,PB18_T11,z_score
51,PB18_T12,z_score
51,PB18_T2,z_score
51,PB18_T3,z_score
51,PB18_T4,z_score
51,PB18_T5,z_score
51,PB18_T6,z_score
51,PB18_T7,z_score
51,PB18_T8,z_score
51,PB18_T9,z_score
51,PB2_T1,z_score
51,PB2_T10,distance_from_low
51,PB2_T11,distance_from_low
51,PB2_T12,rolling_median
51,PB2_T2,z_score
51,PB2_T3,z_score
51,PB2_T4,z_score
51,PB2_T5,z_score
51,PB2_T6,z_score
51,PB2_T7,z_score
51,PB2_T8,z_score
51,PB2_T9,z_score
51,PB3_T1,z_score
51,PB3_T10,z_score
51,PB3_T11,z_score
51,PB3_T12,distance_from_high
51,PB3_T2,z_score
51,PB3_T3,z_score
51,PB3_T4,z_score
51,PB3_T5,z_score
51,PB3_T6,z_score
51,PB3_T7,z_score
51,PB3_T8,z_score
51,PB3_T9,z_score
51,PB4_T1,price_minus_mean
51,PB4_T10,price_minus_mean
51,PB4_T11,price_minus_mean
51,PB4_T12,normalized_deviation
51,PB4_T2,price_minus_mean
51,PB4_T3,normalized_deviation
51,PB4_T4,normalized_deviation
51,PB4_T5,normalized_deviation
51,PB4_T6,normalized_deviation
51,PB4_T7,price_minus_mean
51,PB4_T8,normalized_deviation
51,PB4_T9,price_minus_mean
51,PB5_T1,price_minus_mean
51,PB5_T10,price_minus_mean
51,PB5_T11,price_minus_mean
51,PB5_T12,normalized_deviation
51,PB5_T2,price_minus_mean
51,PB5_T3,normalized_deviation
51,PB5_T4,normalized_deviation
51,PB5_T5,normalized_deviation
51,PB5_T6,normalized_deviation
51,PB5_T7,price_minus_mean
51,PB5_T8,normalized_deviation
51,PB5_T9,price_minus_mean
51,PB6_T1,price_minus_mean
51,PB6_T10,rolling_return_mean
51,PB6_T11,rolling_return_mean
51,PB6_T12,ema
51,PB6_T2,momentum
51,PB6_T3,momentum
51,PB6_T4,momentum
51,PB6_T5,momentum
51,PB6_T6,momentum
51,PB6_T7,rolling_return_mean
51,PB6_T8,rolling_return_mean
51,PB6_T9,rolling_return_mean
51,PB7_T1,z_score
51,PB7_T10,z_score
51,PB7_T11,z_score
51,PB7_T12,z_score
51,PB7_T2,z_score
51,PB7_T3,z_score
51,PB7_T4,z_score
51,PB7_T5,z_score
51,PB7_T6,z_score
51,PB7_T7,z_score
51,PB7_T8,z_score
51,PB7_T9,z_score
51,PB8_T1,z_score
51,PB8_T10,z_score
51,PB8_T11,z_score
51,PB8_T12,price_minus_mean
51,PB8_T2,z_score
51,PB8_T3,z_score
51,PB8_T4,z_score
51,PB8_T5,z_score
51,PB8_T6,z_score
51,PB8_T7,z_score
51,PB8_T8,z_score
51,PB8_T9,z_score
51,PB9_T1,ema
51,PB9_T10,normalized_deviation
51,PB9_T11,normalized_deviation
51,PB9_T12,price_minus_mean
51,PB9_T2,ema
51,PB9_T3,ema
51,PB9_T4,ema
51,PB9_T5,ema
51,PB9_T6,ema
51,PB9_T7,ema
51,PB9_T8,ema
51,PB9_T9,distance_from_high
52,BB1_T1,ema
52,BB1_T10,rolling_mean
52,BB1_T11,rolling_mean
52,BB1_T12,rolling_mean
52,BB1_T2,rolling_mean
52,BB1_T3,rolling_mean
52,BB1_T4,rolling_mean
52,BB1_T5,rolling_mean
52,BB1_T6,rolling_mean
52,BB1_T7,rolling_mean
52,BB1_T8,rolling_mean
52,BB1_T9,rolling_mean
52,BB10_T1,z_score
52,BB10_T10,z_score
52,BB10_T11,z_score
52,BB10_T12,z_score
52,BB10_T2,z_score
52,BB10_T3,z_score
52,BB10_T4,z_score
52,BB10_T5,z_score
52,BB10_T6,z_score
52,BB10_T7,z_score
52,BB10_T8,z_score
52,BB10_T9,z_score
52,BB11_T1,rolling_max
52,BB11_T10,rolling_max
52,BB11_T11,rolling_max
52,BB11_T12,rolling_max
52,BB11_T2,rolling_max
52,BB11_T3,rolling_max
52,BB11_T4,rolling_max
52,BB11_T5,rolling_max
52,BB11_T6,rolling_max
52,BB11_T7,rolling_max
52,BB11_T8,rolling_max
52,BB11_T9,rolling_max
52,BB12_T1,rolling_min
52,BB12_T10,rolling_min
52,BB12_T11,rolling_min
52,BB12_T12,rolling_min
52,BB12_T2,rolling_min
52,BB12_T3,rolling_min
52,BB12_T4,rolling_min
52,BB12_T5,rolling_min
52,BB12_T6,rolling_min
52,BB12_T7,rolling_min
52,BB12_T8,rolling_min
52,BB12_T9,rolling_min
52,BB13_T1,ema
52,BB13_T10,ema
52,BB13_T11,ema
52,BB13_T12,ema
52,BB13_T2,ema
52,BB13_T3,ema
52,BB13_T4,ema
52,BB13_T5,ema
52,BB13_T6,ema
52,BB13_T7,ema
52,BB13_T8,ema
52,BB13_T9,ema
52,BB14_T1,rolling_max
52,BB14_T10,ema
52,BB14_T11,ema
52,BB14_T12,ema
52,BB14_T2,ema
52,BB14_T3,ema
52,BB14_T4,ema
52,BB14_T5,ema
52,BB14_T6,ema
52,BB14_T7,ema
52,BB14_T8,ema
52,BB14_T9,ema
52,BB15_T1,rolling_min
52,BB15_T10,ema
52,BB15_T11,ema
52,BB15_T12,ema
52,BB15_T2,ema
52,BB15_T3,ema
52,BB15_T4,ema
52,BB15_T5,ema
52,BB15_T6,ema
52,BB15_T7,ema
52,BB15_T8,ema
52,BB15_T9,ema
52,BB2_T1,momentum
52,BB2_T10,momentum
52,BB2_T11,momentum
52,BB2_T12,momentum
52,BB2_T2,momentum
52,BB2_T3,momentum
52,BB2_T4,momentum
52,BB2_T5,momentum
52,BB2_T6,momentum
52,BB2_T7,momentum
52,BB2_T8,momentum
52,BB2_T9,momentum
52,BB3_T1,normalized_deviation
52,BB3_T10,normalized_deviation
52,BB3_T11,normalized_deviation
52,BB3_T12,normalized_deviation
52,BB3_T2,normalized_deviation
52,BB3_T3,normalized_deviation
52,BB3_T4,normalized_deviation
52,BB3_T5,normalized_deviation
52,BB3_T6,price_minus_mean
52,BB3_T7,price_minus_mean
52,BB3_T8,price_minus_mean
52,BB3_T9,price_minus_mean
52,BB4_T1,rolling_mean
52,BB4_T10,rolling_mean
52,BB4_T11,rolling_mean
52,BB4_T12,rolling_mean
52,BB4_T2,rolling_mean
52,BB4_T3,rolling_mean
52,BB4_T4,rolling_mean
52,BB4_T5,rolling_mean
52,BB4_T6,rolling_mean
52,BB4_T7,rolling_mean
52,BB4_T8,rolling_mean
52,BB4_T9,rolling_mean
52,BB5_T1,ema
52,BB5_T10,ema
52,BB5_T11,ema
52,BB5_T12,ema
52,BB5_T2,ema
52,BB5_T3,ema
52,BB5_T4,ema
52,BB5_T5,ema
52,BB5_T6,ema
52,BB5_T7,ema
52,BB5_T8,ema
52,BB5_T9,ema
52,BB6_T1,rolling_mean
52,BB6_T10,rolling_mean
52,BB6_T11,rolling_mean
52,BB6_T12,rolling_mean
52,BB6_T2,rolling_mean
52,BB6_T3,rolling_mean
52,BB6_T4,rolling_mean
52,BB6_T5,rolling_mean
52,BB6_T6,rolling_mean
52,BB6_T7,rolling_mean
52,BB6_T8,rolling_mean
52,BB6_T9,rolling_mean
52,BB7_T1,rolling_max
52,BB7_T10,rolling_max
52,BB7_T11,rolling_max
52,BB7_T12,rolling_max
52,BB7_T2,rolling_max
52,BB7_T3,rolling_max
52,BB7_T4,rolling_max
52,BB7_T5,rolling_max
52,BB7_T6,rolling_max
52,BB7_T7,rolling_max
52,BB7_T8,rolling_max
52,BB7_T9,rolling_max
52,BB8_T1,rolling_min
52,BB8_T10,rolling_min
52,BB8_T11,rolling_min
52,BB8_T12,rolling_min
52,BB8_T2,rolling_min
52,BB8_T3,rolling_min
52,BB8_T4,rolling_min
52,BB8_T5,rolling_min
52,BB8_T6,rolling_min
52,BB8_T7,rolling_min
52,BB8_T8,rolling_min
52,BB8_T9,rolling_min
52,BB9_T1,rolling_std
52,BB9_T10,rolling_std
52,BB9_T11,rolling_std
52,BB9_T12,rolling_std
52,BB9_T2,rolling_std
52,BB9_T3,rolling_std
52,BB9_T4,rolling_std
52,BB9_T5,rolling_std
52,BB9_T6,rolling_std
52,BB9_T7,rolling_std
52,BB9_T8,rolling_std
52,BB9_T9,rolling_std
52,PB1_T1,price_minus_mean
52,PB1_T10,normalized_deviation
52,PB1_T11,normalized_deviation
52,PB1_T12,normalized_deviation
52,PB1_T2,price_minus_mean
52,PB1_T3,normalized_deviation
52,PB1_T4,normalized_deviation
52,PB1_T5,price_minus_mean
52,PB1_T6,price_minus_mean
52,PB1_T7,price_minus_mean
52,PB1_T8,price_minus_mean
52,PB1_T9,price_minus_mean
52,PB10_T1,ema
52,PB10_T10,rolling_max
52,PB10_T11,rolling_max
52,PB10_T12,rolling_max
52,PB10_T2,ema
52,PB10_T3,ema
52,PB10_T4,ema
52,PB10_T5,ema
52,PB10_T6,ema
52,PB10_T7,ema
52,PB10_T8,ema
52,PB10_T9,ema
52,PB11_T1,ema
52,PB11_T10,ema
52,PB11_T11,ema
52,PB11_T12,rolling_mean
52,PB11_T2,ema
52,PB11_T3,ema
52,PB11_T4,ema
52,PB11_T5,ema
52,PB11_T6,ema
52,PB11_T7,rolling_min
52,PB11_T8,rolling_min
52,PB11_T9,ema
52,PB12_T1,price_minus_mean
52,PB12_T10,normalized_deviation
52,PB12_T11,normalized_deviation
52,PB12_T12,normalized_deviation
52,PB12_T2,price_minus_mean
52,PB12_T3,normalized_deviation
52,PB12_T4,normalized_deviation
52,PB12_T5,price_minus_mean
52,PB12_T6,price_minus_mean
52,PB12_T7,price_minus_mean
52,PB12_T8,price_minus_mean
52,PB12_T9,price_minus_mean
52,PB13_T1,price_minus_mean
52,PB13_T10,normalized_deviation
52,PB13_T11,normalized_deviation
52,PB13_T12,normalized_deviation
52,PB13_T2,price_minus_mean
52,PB13_T3,normalized_deviation
52,PB13_T4,normalized_deviation
52,PB13_T5,price_minus_mean
52,PB13_T6,price_minus_mean
52,PB13_T7,price_minus_mean
52,PB13_T8,price_minus_mean
52,PB13_T9,price_minus_mean
52,PB14_T1,z_score
52,PB14_T10,z_score
52,PB14_T11,z_score
52,PB14_T12,price_minus_mean
52,PB14_T2,z_score
52,PB14_T3,z_score
52,PB14_T4,z_score
52,PB14_T5,z_score
52,PB14_T6,z_score
52,PB14_T7,z_score
52,PB14_T8,z_score
52,PB14_T9,z_score
52,PB15_T1,z_score
52,PB15_T10,z_score
52,PB15_T11,z_score
52,PB15_T12,distance_from_high
52,PB15_T2,z_score
52,PB15_T3,z_score
52,PB15_T4,z_score
52,PB15_T5,z_score
52,PB15_T6,z_score
52,PB15_T7,z_score
52,PB15_T8,z_score
52,PB15_T9,z_score
52,PB16_T1,z_score
52,PB16_T10,z_score
52,PB16_T11,z_score
52,PB16_T12,distance_from_high
52,PB16_T2,z_score
52,PB16_T3,z_score
52,PB16_T4,z_score
52,PB16_T5,z_score
52,PB16_T6,z_score
52,PB16_T7,z_score
52,PB16_T8,z_score
52,PB16_T9,z_score
52,PB17_T1,z_score
52,PB17_T10,z_score
52,PB17_T11,z_score
52,PB17_T12,distance_from_high
52,PB17_T2,z_score
52,PB17_T3,z_score
52,PB17_T4,z_score
52,PB17_T5,z_score
52,PB17_T6,z_score
52,PB17_T7,z_score
52,PB17_T8,z_score
52,PB17_T9,z_score
52,PB18_T1,z_score
52,PB18_T10,z_score
52,PB18_T11,z_score
52,PB18_T12,z_score
52,PB18_T2,z_score
52,PB18_T3,z_score
52,PB18_T4,z_score
52,PB18_T5,z_score
52,PB18_T6,z_score
52,PB18_T7,z_score
52,PB18_T8,z_score
52,PB18_T9,z_score
52,PB2_T1,z_score
52,PB2_T10,z_score
52,PB2_T11,z_score
52,PB2_T12,distance_from_low
52,PB2_T2,z_score
52,PB2_T3,z_score
52,PB2_T4,z_score
52,PB2_T5,z_score
52,PB2_T6,z_score
52,PB2_T7,z_score
52,PB2_T8,z_score
52,PB2_T9,z_score
52,PB3_T1,z_score
52,PB3_T10,normalized_deviation
52,PB3_T11,distance_from_low
52,PB3_T12,upside_volatility
52,PB3_T2,z_score
52,PB3_T3,z_score
52,PB3_T4,z_score
52,PB3_T5,z_score
52,PB3_T6,z_score
52,PB3_T7,z_score
52,PB3_T8,z_score
52,PB3_T9,z_score
52,PB4_T1,price_minus_mean
52,PB4_T10,normalized_deviation
52,PB4_T11,normalized_deviation
52,PB4_T12,normalized_deviation
52,PB4_T2,price_minus_mean
52,PB4_T3,normalized_deviation
52,PB4_T4,normalized_deviation
52,PB4_T5,price_minus_mean
52,PB4_T6,price_minus_mean
52,PB4_T7,price_minus_mean
52,PB4_T8,price_minus_mean
52,PB4_T9,price_minus_mean
52,PB5_T1,price_minus_mean
52,PB5_T10,normalized_deviation
52,PB5_T11,normalized_deviation
52,PB5_T12,normalized_deviation
52,PB5_T2,price_minus_mean
52,PB5_T3,normalized_deviation
52,PB5_T4,normalized_deviation
52,PB5_T5,price_minus_mean
52,PB5_T6,price_minus_mean
52,PB5_T7,price_minus_mean
52,PB5_T8,price_minus_mean
52,PB5_T9,price_minus_mean
52,PB6_T1,normalized_deviation
52,PB6_T10,price_minus_mean
52,PB6_T11,rolling_variance
52,PB6_T12,rolling_return_mean
52,PB6_T2,rolling_return_mean
52,PB6_T3,rolling_return_mean
52,PB6_T4,rolling_return_mean
52,PB6_T5,momentum
52,PB6_T6,momentum
52,PB6_T7,rolling_return_mean
52,PB6_T8,rolling_return_mean
52,PB6_T9,momentum
52,PB7_T1,z_score
52,PB7_T10,z_score
52,PB7_T11,z_score
52,PB7_T12,z_score
52,PB7_T2,z_score
52,PB7_T3,z_score
52,PB7_T4,z_score
52,PB7_T5,z_score
52,PB7_T6,z_score
52,PB7_T7,z_score
52,PB7_T8,z_score
52,PB7_T9,z_score
52,PB8_T1,z_score
52,PB8_T10,z_score
52,PB8_T11,z_score
52,PB8_T12,distance_from_high
52,PB8_T2,z_score
52,PB8_T3,z_score
52,PB8_T4,z_score
52,PB8_T5,z_score
52,PB8_T6,z_score
52,PB8_T7,z_score
52,PB8_T8,z_score
52,PB8_T9,z_score
52,PB9_T1,ema
52,PB9_T10,ema
52,PB9_T11,ema
52,PB9_T12,rolling_median
52,PB9_T2,ema
52,PB9_T3,ema
52,PB9_T4,ema
52,PB9_T5,ema
52,PB9_T6,ema
52,PB9_T7,rolling_min
52,PB9_T8,ema
52,PB9_T9,ema
53,BB1_T1,rolling_mean
53,BB1_T10,rolling_mean
53,BB1_T11,rolling_mean
53,BB1_T12,rolling_mean
53,BB1_T2,rolling_mean
53,BB1_T3,rolling_mean
53,BB1_T4,rolling_mean
53,BB1_T5,rolling_mean
53,BB1_T6,rolling_mean
53,BB1_T7,rolling_mean
53,BB1_T8,rolling_mean
53,BB1_T9,rolling_mean
53,BB10_T1,z_score
53,BB10_T10,z_score
53,BB10_T11,z_score
53,BB10_T12,z_score
53,BB10_T2,z_score
53,BB10_T3,z_score
53,BB10_T4,z_score
53,BB10_T5,z_score
53,BB10_T6,z_score
53,BB10_T7,z_score
53,BB10_T8,z_score
53,BB10_T9,z_score
53,BB11_T1,rolling_max
53,BB11_T10,rolling_max
53,BB11_T11,rolling_max
53,BB11_T12,rolling_max
53,BB11_T2,rolling_max
53,BB11_T3,rolling_max
53,BB11_T4,rolling_max
53,BB11_T5,rolling_max
53,BB11_T6,rolling_max
53,BB11_T7,rolling_max
53,BB11_T8,rolling_max
53,BB11_T9,rolling_max
53,BB12_T1,rolling_min
53,BB12_T10,rolling_min
53,BB12_T11,rolling_min
53,BB12_T12,rolling_min
53,BB12_T2,rolling_min
53,BB12_T3,rolling_min
53,BB12_T4,rolling_min
53,BB12_T5,rolling_min
53,BB12_T6,rolling_min
53,BB12_T7,rolling_min
53,BB12_T8,rolling_min
53,BB12_T9,rolling_min
53,BB13_T1,ema
53,BB13_T10,ema
53,BB13_T11,ema
53,BB13_T12,ema
53,BB13_T2,ema
53,BB13_T3,ema
53,BB13_T4,ema
53,BB13_T5,ema
53,BB13_T6,ema
53,BB13_T7,ema
53,BB13_T8,ema
53,BB13_T9,ema
53,BB14_T1,rolling_max
53,BB14_T10,ema
53,BB14_T11,ema
53,BB14_T12,ema
53,BB14_T2,ema
53,BB14_T3,ema
53,BB14_T4,ema
53,BB14_T5,ema
53,BB14_T6,ema
53,BB14_T7,ema
53,BB14_T8,ema
53,BB14_T9,ema
53,BB15_T1,rolling_min
53,BB15_T10,ema
53,BB15_T11,ema
53,BB15_T12,ema
53,BB15_T2,ema
53,BB15_T3,ema
53,BB15_T4,ema
53,BB15_T5,ema
53,BB15_T6,ema
53,BB15_T7,ema
53,BB15_T8,ema
53,BB15_T9,ema
53,BB2_T1,momentum
53,BB2_T10,momentum
53,BB2_T11,momentum
53,BB2_T12,momentum
53,BB2_T2,rolling_return_mean
53,BB2_T3,rolling_return_mean
53,BB2_T4,momentum
53,BB2_T5,rolling_return_mean
53,BB2_T6,rolling_return_mean
53,BB2_T7,momentum
53,BB2_T8,rolling_return_mean
53,BB2_T9,momentum
53,BB3_T1,normalized_deviation
53,BB3_T10,normalized_deviation
53,BB3_T11,normalized_deviation
53,BB3_T12,normalized_deviation
53,BB3_T2,normalized_deviation
53,BB3_T3,normalized_deviation
53,BB3_T4,normalized_deviation
53,BB3_T5,normalized_deviation
53,BB3_T6,normalized_deviation
53,BB3_T7,normalized_deviation
53,BB3_T8,normalized_deviation
53,BB3_T9,normalized_deviation
53,BB4_T1,rolling_mean
53,BB4_T10,rolling_mean
53,BB4_T11,rolling_mean
53,BB4_T12,rolling_mean
53,BB4_T2,rolling_mean
53,BB4_T3,rolling_mean
53,BB4_T4,rolling_mean
53,BB4_T5,rolling_mean
53,BB4_T6,rolling_mean
53,BB4_T7,rolling_mean
53,BB4_T8,rolling_mean
53,BB4_T9,rolling_mean
53,BB5_T1,ema
53,BB5_T10,ema
53,BB5_T11,ema
53,BB5_T12,ema
53,BB5_T2,ema
53,BB5_T3,ema
53,BB5_T4,ema
53,BB5_T5,ema
53,BB5_T6,ema
53,BB5_T7,ema
53,BB5_T8,ema
53,BB5_T9,ema
53,BB6_T1,rolling_mean
53,BB6_T10,rolling_mean
53,BB6_T11,rolling_mean
53,BB6_T12,rolling_mean
53,BB6_T2,rolling_mean
53,BB6_T3,rolling_mean
53,BB6_T4,rolling_mean
53,BB6_T5,rolling_mean
53,BB6_T6,rolling_mean
53,BB6_T7,rolling_mean
53,BB6_T8,rolling_mean
53,BB6_T9,rolling_mean
53,BB7_T1,rolling_max
53,BB7_T10,rolling_max
53,BB7_T11,rolling_max
53,BB7_T12,rolling_max
53,BB7_T2,rolling_max
53,BB7_T3,rolling_max
53,BB7_T4,rolling_max
53,BB7_T5,rolling_max
53,BB7_T6,rolling_max
53,BB7_T7,rolling_max
53,BB7_T8,rolling_max
53,BB7_T9,rolling_max
53,BB8_T1,rolling_min
53,BB8_T10,rolling_min
53,BB8_T11,rolling_min
53,BB8_T12,rolling_min
53,BB8_T2,rolling_min
53,BB8_T3,rolling_min
53,BB8_T4,rolling_min
53,BB8_T5,rolling_min
53,BB8_T6,rolling_min
53,BB8_T7,rolling_min
53,BB8_T8,rolling_min
53,BB8_T9,rolling_min
53,BB9_T1,rolling_std
53,BB9_T10,rolling_std
53,BB9_T11,rolling_std
53,BB9_T12,rolling_std
53,BB9_T2,rolling_std
53,BB9_T3,rolling_std
53,BB9_T4,rolling_std
53,BB9_T5,rolling_std
53,BB9_T6,rolling_std
53,BB9_T7,rolling_std
53,BB9_T8,rolling_std
53,BB9_T9,rolling_std
53,PB1_T1,price_minus_mean
53,PB1_T10,price_minus_mean
53,PB1_T11,z_score
53,PB1_T12,distance_from_high
53,PB1_T2,price_minus_mean
53,PB1_T3,price_minus_mean
53,PB1_T4,normalized_deviation
53,PB1_T5,price_minus_mean
53,PB1_T6,normalized_deviation
53,PB1_T7,normalized_deviation
53,PB1_T8,price_minus_mean
53,PB1_T9,price_minus_mean
53,PB10_T1,ema
53,PB10_T10,rolling_max
53,PB10_T11,rolling_return_mean
53,PB10_T12,rolling_max
53,PB10_T2,ema
53,PB10_T3,ema
53,PB10_T4,ema
53,PB10_T5,ema
53,PB10_T6,ema
53,PB10_T7,ema
53,PB10_T8,ema
53,PB10_T9,rolling_max
53,PB11_T1,ema
53,PB11_T10,ema
53,PB11_T11,ema
53,PB11_T12,rolling_median
53,PB11_T2,ema
53,PB11_T3,ema
53,PB11_T4,ema
53,PB11_T5,ema
53,PB11_T6,ema
53,PB11_T7,ema
53,PB11_T8,ema
53,PB11_T9,ema
53,PB12_T1,price_minus_mean
53,PB12_T10,price_minus_mean
53,PB12_T11,z_score
53,PB12_T12,distance_from_high
53,PB12_T2,price_minus_mean
53,PB12_T3,price_minus_mean
53,PB12_T4,normalized_deviation
53,PB12_T5,price_minus_mean
53,PB12_T6,normalized_deviation
53,PB12_T7,normalized_deviation
53,PB12_T8,price_minus_mean
53,PB12_T9,price_minus_mean
53,PB13_T1,price_minus_mean
53,PB13_T10,price_minus_mean
53,PB13_T11,z_score
53,PB13_T12,distance_from_high
53,PB13_T2,price_minus_mean
53,PB13_T3,price_minus_mean
53,PB13_T4,normalized_deviation
53,PB13_T5,price_minus_mean
53,PB13_T6,normalized_deviation
53,PB13_T7,normalized_deviation
53,PB13_T8,price_minus_mean
53,PB13_T9,price_minus_mean
53,PB14_T1,z_score
53,PB14_T10,z_score
53,PB14_T11,z_score
53,PB14_T12,distance_from_high
53,PB14_T2,z_score
53,PB14_T3,z_score
53,PB14_T4,z_score
53,PB14_T5,z_score
53,PB14_T6,z_score
53,PB14_T7,z_score
53,PB14_T8,z_score
53,PB14_T9,z_score
53,PB15_T1,z_score
53,PB15_T10,distance_from_high
53,PB15_T11,distance_from_high
53,PB15_T12,distance_from_high
53,PB15_T2,z_score
53,PB15_T3,z_score
53,PB15_T4,z_score
53,PB15_T5,z_score
53,PB15_T6,z_score
53,PB15_T7,z_score
53,PB15_T8,z_score
53,PB15_T9,z_score
53,PB16_T1,z_score
53,PB16_T10,distance_from_high
53,PB16_T11,distance_from_high
53,PB16_T12,distance_from_high
53,PB16_T2,z_score
53,PB16_T3,z_score
53,PB16_T4,z_score
53,PB16_T5,z_score
53,PB16_T6,z_score
53,PB16_T7,z_score
53,PB16_T8,z_score
53,PB16_T9,z_score
53,PB17_T1,z_score
53,PB17_T10,distance_from_high
53,PB17_T11,distance_from_high
53,PB17_T12,distance_from_high
53,PB17_T2,z_score
53,PB17_T3,z_score
53,PB17_T4,z_score
53,PB17_T5,z_score
53,PB17_T6,z_score
53,PB17_T7,z_score
53,PB17_T8,z_score
53,PB17_T9,z_score
53,PB18_T1,z_score
53,PB18_T10,z_score
53,PB18_T11,z_score
53,PB18_T12,distance_from_high
53,PB18_T2,z_score
53,PB18_T3,z_score
53,PB18_T4,z_score
53,PB18_T5,z_score
53,PB18_T6,z_score
53,PB18_T7,z_score
53,PB18_T8,z_score
53,PB18_T9,z_score
53,PB2_T1,z_score
53,PB2_T10,distance_from_high
53,PB2_T11,distance_from_high
53,PB2_T12,distance_from_high
53,PB2_T2,z_score
53,PB2_T3,z_score
53,PB2_T4,z_score
53,PB2_T5,z_score
53,PB2_T6,z_score
53,PB2_T7,z_score
53,PB2_T8,z_score
53,PB2_T9,z_score
53,PB3_T1,z_score
53,PB3_T10,distance_from_low
53,PB3_T11,distance_from_low
53,PB3_T12,absolute_return_mean
53,PB3_T2,z_score
53,PB3_T3,z_score
53,PB3_T4,z_score
53,PB3_T5,z_score
53,PB3_T6,z_score
53,PB3_T7,z_score
53,PB3_T8,normalized_deviation
53,PB3_T9,normalized_deviation
53,PB4_T1,price_minus_mean
53,PB4_T10,price_minus_mean
53,PB4_T11,z_score
53,PB4_T12,distance_from_high
53,PB4_T2,price_minus_mean
53,PB4_T3,price_minus_mean
53,PB4_T4,normalized_deviation
53,PB4_T5,price_minus_mean
53,PB4_T6,normalized_deviation
53,PB4_T7,normalized_deviation
53,PB4_T8,price_minus_mean
53,PB4_T9,price_minus_mean
53,PB5_T1,price_minus_mean
53,PB5_T10,price_minus_mean
53,PB5_T11,z_score
53,PB5_T12,distance_from_high
53,PB5_T2,price_minus_mean
53,PB5_T3,price_minus_mean
53,PB5_T4,normalized_deviation
53,PB5_T5,price_minus_mean
53,PB5_T6,normalized_deviation
53,PB5_T7,normalized_deviation
53,PB5_T8,price_minus_mean
53,PB5_T9,price_minus_mean
53,PB6_T1,price_minus_mean
53,PB6_T10,distance_from_low
53,PB6_T11,distance_from_low
53,PB6_T12,absolute_return_mean
53,PB6_T2,rolling_return_mean
53,PB6_T3,rolling_return_mean
53,PB6_T4,rolling_return_mean
53,PB6_T5,rolling_return_mean
53,PB6_T6,rolling_return_mean
53,PB6_T7,momentum
53,PB6_T8,momentum
53,PB6_T9,rolling_return_mean
53,PB7_T1,z_score
53,PB7_T10,z_score
53,PB7_T11,z_score
53,PB7_T12,distance_from_high
53,PB7_T2,z_score
53,PB7_T3,z_score
53,PB7_T4,z_score
53,PB7_T5,z_score
53,PB7_T6,z_score
53,PB7_T7,z_score
53,PB7_T8,z_score
53,PB7_T9,z_score
53,PB8_T1,z_score
53,PB8_T10,z_score
53,PB8_T11,z_score
53,PB8_T12,distance_from_high
53,PB8_T2,z_score
53,PB8_T3,z_score
53,PB8_T4,z_score
53,PB8_T5,z_score
53,PB8_T6,z_score
53,PB8_T7,z_score
53,PB8_T8,z_score
53,PB8_T9,z_score
53,PB9_T1,ema
53,PB9_T10,z_score
53,PB9_T11,distance_from_high
53,PB9_T12,distance_from_high
53,PB9_T2,ema
53,PB9_T3,ema
53,PB9_T4,ema
53,PB9_T5,ema
53,PB9_T6,ema
53,PB9_T7,ema
53,PB9_T8,ema
53,PB9_T9,ema
54,BB1_T1,ema
54,BB1_T10,rolling_mean
54,BB1_T11,rolling_mean
54,BB1_T12,rolling_mean
54,BB1_T2,rolling_mean
54,BB1_T3,rolling_mean
54,BB1_T4,rolling_mean
54,BB1_T5,rolling_mean
54,BB1_T6,rolling_mean
54,BB1_T7,rolling_mean
54,BB1_T8,rolling_mean
54,BB1_T9,rolling_mean
54,BB10_T1,z_score
54,BB10_T10,z_score
54,BB10_T11,z_score
54,BB10_T12,z_score
54,BB10_T2,z_score
54,BB10_T3,z_score
54,BB10_T4,z_score
54,BB10_T5,z_score
54,BB10_T6,z_score
54,BB10_T7,z_score
54,BB10_T8,z_score
54,BB10_T9,z_score
54,BB11_T1,rolling_max
54,BB11_T10,rolling_max
54,BB11_T11,rolling_max
54,BB11_T12,rolling_max
54,BB11_T2,rolling_max
54,BB11_T3,rolling_max
54,BB11_T4,rolling_max
54,BB11_T5,rolling_max
54,BB11_T6,rolling_max
54,BB11_T7,rolling_max
54,BB11_T8,rolling_max
54,BB11_T9,rolling_max
54,BB12_T1,rolling_min
54,BB12_T10,rolling_min
54,BB12_T11,rolling_min
54,BB12_T12,rolling_min
54,BB12_T2,rolling_min
54,BB12_T3,rolling_min
54,BB12_T4,rolling_min
54,BB12_T5,rolling_min
54,BB12_T6,rolling_min
54,BB12_T7,rolling_min
54,BB12_T8,rolling_min
54,BB12_T9,rolling_min
54,BB13_T1,ema
54,BB13_T10,ema
54,BB13_T11,ema
54,BB13_T12,ema
54,BB13_T2,ema
54,BB13_T3,ema
54,BB13_T4,ema
54,BB13_T5,ema
54,BB13_T6,ema
54,BB13_T7,ema
54,BB13_T8,ema
54,BB13_T9,ema
54,BB14_T1,rolling_max
54,BB14_T10,ema
54,BB14_T11,ema
54,BB14_T12,ema
54,BB14_T2,ema
54,BB14_T3,ema
54,BB14_T4,ema
54,BB14_T5,ema
54,BB14_T6,ema
54,BB14_T7,ema
54,BB14_T8,ema
54,BB14_T9,ema
54,BB15_T1,rolling_min
54,BB15_T10,ema
54,BB15_T11,ema
54,BB15_T12,ema
54,BB15_T2,ema
54,BB15_T3,ema
54,BB15_T4,ema
54,BB15_T5,ema
54,BB15_T6,ema
54,BB15_T7,ema
54,BB15_T8,ema
54,BB15_T9,ema
54,BB2_T1,momentum
54,BB2_T10,momentum
54,BB2_T11,momentum
54,BB2_T12,rolling_return_mean
54,BB2_T2,momentum
54,BB2_T3,momentum
54,BB2_T4,momentum
54,BB2_T5,momentum
54,BB2_T6,rolling_return_mean
54,BB2_T7,momentum
54,BB2_T8,momentum
54,BB2_T9,momentum
54,BB3_T1,normalized_deviation
54,BB3_T10,normalized_deviation
54,BB3_T11,normalized_deviation
54,BB3_T12,normalized_deviation
54,BB3_T2,normalized_deviation
54,BB3_T3,normalized_deviation
54,BB3_T4,normalized_deviation
54,BB3_T5,price_minus_mean
54,BB3_T6,price_minus_mean
54,BB3_T7,price_minus_mean
54,BB3_T8,normalized_deviation
54,BB3_T9,normalized_deviation
54,BB4_T1,rolling_mean
54,BB4_T10,rolling_mean
54,BB4_T11,rolling_mean
54,BB4_T12,rolling_mean
54,BB4_T2,rolling_mean
54,BB4_T3,rolling_mean
54,BB4_T4,rolling_mean
54,BB4_T5,rolling_mean
54,BB4_T6,rolling_mean
54,BB4_T7,rolling_mean
54,BB4_T8,rolling_mean
54,BB4_T9,rolling_mean
54,BB5_T1,ema
54,BB5_T10,ema
54,BB5_T11,ema
54,BB5_T12,ema
54,BB5_T2,ema
54,BB5_T3,ema
54,BB5_T4,ema
54,BB5_T5,ema
54,BB5_T6,ema
54,BB5_T7,ema
54,BB5_T8,ema
54,BB5_T9,ema
54,BB6_T1,rolling_mean
54,BB6_T10,rolling_mean
54,BB6_T11,rolling_mean
54,BB6_T12,rolling_mean
54,BB6_T2,rolling_mean
54,BB6_T3,rolling_mean
54,BB6_T4,rolling_mean
54,BB6_T5,rolling_mean
54,BB6_T6,rolling_mean
54,BB6_T7,rolling_mean
54,BB6_T8,rolling_mean
54,BB6_T9,rolling_mean
54,BB7_T1,rolling_max
54,BB7_T10,rolling_max
54,BB7_T11,rolling_max
54,BB7_T12,rolling_max
54,BB7_T2,rolling_max
54,BB7_T3,rolling_max
54,BB7_T4,rolling_max
54,BB7_T5,rolling_max
54,BB7_T6,rolling_max
54,BB7_T7,rolling_max
54,BB7_T8,rolling_max
54,BB7_T9,rolling_max
54,BB8_T1,rolling_min
54,BB8_T10,rolling_min
54,BB8_T11,rolling_min
54,BB8_T12,rolling_min
54,BB8_T2,rolling_min
54,BB8_T3,rolling_min
54,BB8_T4,rolling_min
54,BB8_T5,rolling_min
54,BB8_T6,rolling_min
54,BB8_T7,rolling_min
54,BB8_T8,rolling_min
54,BB8_T9,rolling_min
54,BB9_T1,rolling_std
54,BB9_T10,rolling_std
54,BB9_T11,rolling_std
54,BB9_T12,rolling_std
54,BB9_T2,rolling_std
54,BB9_T3,rolling_std
54,BB9_T4,rolling_std
54,BB9_T5,rolling_std
54,BB9_T6,rolling_std
54,BB9_T7,rolling_std
54,BB9_T8,rolling_std
54,BB9_T9,rolling_std
54,PB1_T1,price_minus_mean
54,PB1_T10,normalized_deviation
54,PB1_T11,normalized_deviation
54,PB1_T12,price_minus_mean
54,PB1_T2,price_minus_mean
54,PB1_T3,price_minus_mean
54,PB1_T4,price_minus_mean
54,PB1_T5,price_minus_mean
54,PB1_T6,price_minus_mean
54,PB1_T7,price_minus_mean
54,PB1_T8,normalized_deviation
54,PB1_T9,normalized_deviation
54,PB10_T1,ema
54,PB10_T10,rolling_max
54,PB10_T11,rolling_max
54,PB10_T12,rolling_max
54,PB10_T2,ema
54,PB10_T3,ema
54,PB10_T4,ema
54,PB10_T5,ema
54,PB10_T6,ema
54,PB10_T7,ema
54,PB10_T8,ema
54,PB10_T9,rolling_max
54,PB11_T1,ema
54,PB11_T10,downside_volatility
54,PB11_T11,rolling_max
54,PB11_T12,absolute_return_mean
54,PB11_T2,ema
54,PB11_T3,ema
54,PB11_T4,ema
54,PB11_T5,ema
54,PB11_T6,ema
54,PB11_T7,ema
54,PB11_T8,ema
54,PB11_T9,ema
54,PB12_T1,price_minus_mean
54,PB12_T10,normalized_deviation
54,PB12_T11,normalized_deviation
54,PB12_T12,price_minus_mean
54,PB12_T2,price_minus_mean
54,PB12_T3,price_minus_mean
54,PB12_T4,price_minus_mean
54,PB12_T5,price_minus_mean
54,PB12_T6,price_minus_mean
54,PB12_T7,price_minus_mean
54,PB12_T8,normalized_deviation
54,PB12_T9,normalized_deviation
54,PB13_T1,price_minus_mean
54,PB13_T10,normalized_deviation
54,PB13_T11,normalized_deviation
54,PB13_T12,price_minus_mean
54,PB13_T2,price_minus_mean
54,PB13_T3,price_minus_mean
54,PB13_T4,price_minus_mean
54,PB13_T5,price_minus_mean
54,PB13_T6,price_minus_mean
54,PB13_T7,price_minus_mean
54,PB13_T8,normalized_deviation
54,PB13_T9,normalized_deviation
54,PB14_T1,z_score
54,PB14_T10,z_score
54,PB14_T11,z_score
54,PB14_T12,price_minus_mean
54,PB14_T2,z_score
54,PB14_T3,z_score
54,PB14_T4,z_score
54,PB14_T5,z_score
54,PB14_T6,z_score
54,PB14_T7,z_score
54,PB14_T8,z_score
54,PB14_T9,z_score
54,PB15_T1,z_score
54,PB15_T10,z_score
54,PB15_T11,z_score
54,PB15_T12,distance_from_high
54,PB15_T2,z_score
54,PB15_T3,z_score
54,PB15_T4,z_score
54,PB15_T5,z_score
54,PB15_T6,z_score
54,PB15_T7,z_score
54,PB15_T8,z_score
54,PB15_T9,z_score
54,PB16_T1,z_score
54,PB16_T10,z_score
54,PB16_T11,z_score
54,PB16_T12,distance_from_high
54,PB16_T2,z_score
54,PB16_T3,z_score
54,PB16_T4,z_score
54,PB16_T5,z_score
54,PB16_T6,z_score
54,PB16_T7,z_score
54,PB16_T8,z_score
54,PB16_T9,z_score
54,PB17_T1,z_score
54,PB17_T10,z_score
54,PB17_T11,z_score
54,PB17_T12,distance_from_high
54,PB17_T2,z_score
54,PB17_T3,z_score
54,PB17_T4,z_score
54,PB17_T5,z_score
54,PB17_T6,z_score
54,PB17_T7,z_score
54,PB17_T8,z_score
54,PB17_T9,z_score
54,PB18_T1,z_score
54,PB18_T10,z_score
54,PB18_T11,z_score
54,PB18_T12,distance_from_high
54,PB18_T2,z_score
54,PB18_T3,z_score
54,PB18_T4,z_score
54,PB18_T5,z_score
54,PB18_T6,z_score
54,PB18_T7,z_score
54,PB18_T8,z_score
54,PB18_T9,z_score
54,PB2_T1,z_score
54,PB2_T10,z_score
54,PB2_T11,z_score
54,PB2_T12,momentum
54,PB2_T2,z_score
54,PB2_T3,z_score
54,PB2_T4,z_score
54,PB2_T5,z_score
54,PB2_T6,z_score
54,PB2_T7,z_score
54,PB2_T8,z_score
54,PB2_T9,z_score
54,PB3_T1,z_score
54,PB3_T10,z_score
54,PB3_T11,z_score
54,PB3_T12,normalized_deviation
54,PB3_T2,z_score
54,PB3_T3,z_score
54,PB3_T4,z_score
54,PB3_T5,z_score
54,PB3_T6,z_score
54,PB3_T7,z_score
54,PB3_T8,z_score
54,PB3_T9,z_score
54,PB4_T1,price_minus_mean
54,PB4_T10,normalized_deviation
54,PB4_T11,normalized_deviation
54,PB4_T12,price_minus_mean
54,PB4_T2,price_minus_mean
54,PB4_T3,price_minus_mean
54,PB4_T4,price_minus_mean
54,PB4_T5,price_minus_mean
54,PB4_T6,price_minus_mean
54,PB4_T7,price_minus_mean
54,PB4_T8,normalized_deviation
54,PB4_T9,normalized_deviation
54,PB5_T1,price_minus_mean
54,PB5_T10,normalized_deviation
54,PB5_T11,normalized_deviation
54,PB5_T12,price_minus_mean
54,PB5_T2,price_minus_mean
54,PB5_T3,price_minus_mean
54,PB5_T4,price_minus_mean
54,PB5_T5,price_minus_mean
54,PB5_T6,price_minus_mean
54,PB5_T7,price_minus_mean
54,PB5_T8,normalized_deviation
54,PB5_T9,normalized_deviation
54,PB6_T1,price_minus_mean
54,PB6_T10,rolling_return_mean
54,PB6_T11,rolling_std
54,PB6_T12,rolling_std
54,PB6_T2,price_minus_mean
54,PB6_T3,rolling_return_mean
54,PB6_T4,rolling_return_mean
54,PB6_T5,momentum
54,PB6_T6,momentum
54,PB6_T7,momentum
54,PB6_T8,price_minus_mean
54,PB6_T9,rolling_return_mean
54,PB7_T1,z_score
54,PB7_T10,z_score
54,PB7_T11,z_score
54,PB7_T12,distance_from_high
54,PB7_T2,z_score
54,PB7_T3,z_score
54,PB7_T4,z_score
54,PB7_T5,z_score
54,PB7_T6,z_score
54,PB7_T7,z_score
54,PB7_T8,z_score
54,PB7_T9,z_score
54,PB8_T1,z_score
54,PB8_T10,z_score
54,PB8_T11,z_score
54,PB8_T12,distance_from_high
54,PB8_T2,z_score
54,PB8_T3,z_score
54,PB8_T4,z_score
54,PB8_T5,z_score
54,PB8_T6,z_score
54,PB8_T7,z_score
54,PB8_T8,z_score
54,PB8_T9,z_score
54,PB9_T1,ema
54,PB9_T10,downside_volatility
54,PB9_T11,rolling_max
54,PB9_T12,rolling_max
54,PB9_T2,ema
54,PB9_T3,ema
54,PB9_T4,ema
54,PB9_T5,ema
54,PB9_T6,ema
54,PB9_T7,ema
54,PB9_T8,downside_volatility
54,PB9_T9,downside_volatility
55,BB1_T1,ema
55,BB1_T10,rolling_mean
55,BB1_T11,rolling_mean
55,BB1_T12,rolling_mean
55,BB1_T2,rolling_mean
55,BB1_T3,rolling_mean
55,BB1_T4,rolling_mean
55,BB1_T5,rolling_mean
55,BB1_T6,rolling_mean
55,BB1_T7,rolling_mean
55,BB1_T8,rolling_mean
55,BB1_T9,rolling_mean
55,BB10_T1,z_score
55,BB10_T10,z_score
55,BB10_T11,z_score
55,BB10_T12,z_score
55,BB10_T2,z_score
55,BB10_T3,z_score
55,BB10_T4,z_score
55,BB10_T5,z_score
55,BB10_T6,z_score
55,BB10_T7,z_score
55,BB10_T8,z_score
55,BB10_T9,z_score
55,BB11_T1,rolling_max
55,BB11_T10,rolling_max
55,BB11_T11,rolling_max
55,BB11_T12,rolling_max
55,BB11_T2,rolling_max
55,BB11_T3,rolling_max
55,BB11_T4,rolling_max
55,BB11_T5,rolling_max
55,BB11_T6,rolling_max
55,BB11_T7,rolling_max
55,BB11_T8,rolling_max
55,BB11_T9,rolling_max
55,BB12_T1,rolling_min
55,BB12_T10,rolling_min
55,BB12_T11,rolling_min
55,BB12_T12,rolling_min
55,BB12_T2,rolling_min
55,BB12_T3,rolling_min
55,BB12_T4,rolling_min
55,BB12_T5,rolling_min
55,BB12_T6,rolling_min
55,BB12_T7,rolling_min
55,BB12_T8,rolling_min
55,BB12_T9,rolling_min
55,BB13_T1,ema
55,BB13_T10,ema
55,BB13_T11,ema
55,BB13_T12,ema
55,BB13_T2,ema
55,BB13_T3,ema
55,BB13_T4,ema
55,BB13_T5,ema
55,BB13_T6,ema
55,BB13_T7,ema
55,BB13_T8,ema
55,BB13_T9,ema
55,BB14_T1,rolling_max
55,BB14_T10,ema
55,BB14_T11,ema
55,BB14_T12,ema
55,BB14_T2,ema
55,BB14_T3,ema
55,BB14_T4,ema
55,BB14_T5,ema
55,BB14_T6,ema
55,BB14_T7,ema
55,BB14_T8,ema
55,BB14_T9,ema
55,BB15_T1,rolling_min
55,BB15_T10,ema
55,BB15_T11,ema
55,BB15_T12,ema
55,BB15_T2,ema
55,BB15_T3,ema
55,BB15_T4,ema
55,BB15_T5,ema
55,BB15_T6,ema
55,BB15_T7,ema
55,BB15_T8,ema
55,BB15_T9,ema
55,BB2_T1,momentum
55,BB2_T10,rolling_return_mean
55,BB2_T11,rolling_return_mean
55,BB2_T12,rolling_return_mean
55,BB2_T2,momentum
55,BB2_T3,momentum
55,BB2_T4,momentum
55,BB2_T5,momentum
55,BB2_T6,rolling_return_mean
55,BB2_T7,rolling_return_mean
55,BB2_T8,rolling_return_mean
55,BB2_T9,rolling_return_mean
55,BB3_T1,normalized_deviation
55,BB3_T10,normalized_deviation
55,BB3_T11,price_minus_mean
55,BB3_T12,price_minus_mean
55,BB3_T2,normalized_deviation
55,BB3_T3,normalized_deviation
55,BB3_T4,normalized_deviation
55,BB3_T5,normalized_deviation
55,BB3_T6,normalized_deviation
55,BB3_T7,normalized_deviation
55,BB3_T8,normalized_deviation
55,BB3_T9,normalized_deviation
55,BB4_T1,rolling_mean
55,BB4_T10,rolling_mean
55,BB4_T11,rolling_mean
55,BB4_T12,rolling_mean
55,BB4_T2,rolling_mean
55,BB4_T3,rolling_mean
55,BB4_T4,rolling_mean
55,BB4_T5,rolling_mean
55,BB4_T6,rolling_mean
55,BB4_T7,rolling_mean
55,BB4_T8,rolling_mean
55,BB4_T9,rolling_mean
55,BB5_T1,ema
55,BB5_T10,ema
55,BB5_T11,ema
55,BB5_T12,ema
55,BB5_T2,ema
55,BB5_T3,ema
55,BB5_T4,ema
55,BB5_T5,ema
55,BB5_T6,ema
55,BB5_T7,ema
55,BB5_T8,ema
55,BB5_T9,ema
55,BB6_T1,rolling_mean
55,BB6_T10,rolling_mean
55,BB6_T11,rolling_mean
55,BB6_T12,rolling_mean
55,BB6_T2,rolling_mean
55,BB6_T3,rolling_mean
55,BB6_T4,rolling_mean
55,BB6_T5,rolling_mean
55,BB6_T6,rolling_mean
55,BB6_T7,rolling_mean
55,BB6_T8,rolling_mean
55,BB6_T9,rolling_mean
55,BB7_T1,rolling_max
55,BB7_T10,rolling_max
55,BB7_T11,rolling_max
55,BB7_T12,rolling_max
55,BB7_T2,rolling_max
55,BB7_T3,rolling_max
55,BB7_T4,rolling_max
55,BB7_T5,rolling_max
55,BB7_T6,rolling_max
55,BB7_T7,rolling_max
55,BB7_T8,rolling_max
55,BB7_T9,rolling_max
55,BB8_T1,rolling_min
55,BB8_T10,rolling_min
55,BB8_T11,rolling_min
55,BB8_T12,rolling_min
55,BB8_T2,rolling_min
55,BB8_T3,rolling_min
55,BB8_T4,rolling_min
55,BB8_T5,rolling_min
55,BB8_T6,rolling_min
55,BB8_T7,rolling_min
55,BB8_T8,rolling_min
55,BB8_T9,rolling_min
55,BB9_T1,rolling_std
55,BB9_T10,rolling_std
55,BB9_T11,rolling_std
55,BB9_T12,rolling_std
55,BB9_T2,rolling_std
55,BB9_T3,rolling_std
55,BB9_T4,rolling_std
55,BB9_T5,rolling_std
55,BB9_T6,rolling_std
55,BB9_T7,rolling_std
55,BB9_T8,rolling_std
55,BB9_T9,rolling_std
55,PB1_T1,price_minus_mean
55,PB1_T10,z_score
55,PB1_T11,z_score
55,PB1_T12,rolling_median
55,PB1_T2,price_minus_mean
55,PB1_T3,price_minus_mean
55,PB1_T4,price_minus_mean
55,PB1_T5,price_minus_mean
55,PB1_T6,price_minus_mean
55,PB1_T7,z_score
55,PB1_T8,normalized_deviation
55,PB1_T9,z_score
55,PB10_T1,ema
55,PB10_T10,rolling_max
55,PB10_T11,absolute_return_mean
55,PB10_T12,downside_volatility
55,PB10_T2,ema
55,PB10_T3,ema
55,PB10_T4,ema
55,PB10_T5,ema
55,PB10_T6,ema
55,PB10_T7,ema
55,PB10_T8,ema
55,PB10_T9,ema
55,PB11_T1,ema
55,PB11_T10,ema
55,PB11_T11,ema
55,PB11_T12,rolling_std
55,PB11_T2,ema
55,PB11_T3,ema
55,PB11_T4,ema
55,PB11_T5,ema
55,PB11_T6,ema
55,PB11_T7,ema
55,PB11_T8,ema
55,PB11_T9,ema
55,PB12_T1,price_minus_mean
55,PB12_T10,z_score
55,PB12_T11,z_score
55,PB12_T12,rolling_median
55,PB12_T2,price_minus_mean
55,PB12_T3,price_minus_mean
55,PB12_T4,price_minus_mean
55,PB12_T5,price_minus_mean
55,PB12_T6,price_minus_mean
55,PB12_T7,z_score
55,PB12_T8,normalized_deviation
55,PB12_T9,z_score
55,PB13_T1,price_minus_mean
55,PB13_T10,z_score
55,PB13_T11,z_score
55,PB13_T12,rolling_median
55,PB13_T2,price_minus_mean
55,PB13_T3,price_minus_mean
55,PB13_T4,price_minus_mean
55,PB13_T5,price_minus_mean
55,PB13_T6,price_minus_mean
55,PB13_T7,z_score
55,PB13_T8,normalized_deviation
55,PB13_T9,z_score
55,PB14_T1,z_score
55,PB14_T10,z_score
55,PB14_T11,z_score
55,PB14_T12,rolling_median
55,PB14_T2,z_score
55,PB14_T3,z_score
55,PB14_T4,z_score
55,PB14_T5,z_score
55,PB14_T6,z_score
55,PB14_T7,z_score
55,PB14_T8,z_score
55,PB14_T9,z_score
55,PB15_T1,z_score
55,PB15_T10,z_score
55,PB15_T11,z_score
55,PB15_T12,absolute_return_mean
55,PB15_T2,z_score
55,PB15_T3,z_score
55,PB15_T4,z_score
55,PB15_T5,z_score
55,PB15_T6,z_score
55,PB15_T7,z_score
55,PB15_T8,z_score
55,PB15_T9,z_score
55,PB16_T1,z_score
55,PB16_T10,z_score
55,PB16_T11,z_score
55,PB16_T12,absolute_return_mean
55,PB16_T2,z_score
55,PB16_T3,z_score
55,PB16_T4,z_score
55,PB16_T5,z_score
55,PB16_T6,z_score
55,PB16_T7,z_score
55,PB16_T8,z_score
55,PB16_T9,z_score
55,PB17_T1,z_score
55,PB17_T10,z_score
55,PB17_T11,z_score
55,PB17_T12,absolute_return_mean
55,PB17_T2,z_score
55,PB17_T3,z_score
55,PB17_T4,z_score
55,PB17_T5,z_score
55,PB17_T6,z_score
55,PB17_T7,z_score
55,PB17_T8,z_score
55,PB17_T9,z_score
55,PB18_T1,z_score
55,PB18_T10,z_score
55,PB18_T11,z_score
55,PB18_T12,absolute_return_mean
55,PB18_T2,z_score
55,PB18_T3,z_score
55,PB18_T4,z_score
55,PB18_T5,z_score
55,PB18_T6,z_score
55,PB18_T7,z_score
55,PB18_T8,z_score
55,PB18_T9,z_score
55,PB2_T1,z_score
55,PB2_T10,z_score
55,PB2_T11,upside_volatility
55,PB2_T12,downside_volatility
55,PB2_T2,z_score
55,PB2_T3,z_score
55,PB2_T4,z_score
55,PB2_T5,z_score
55,PB2_T6,z_score
55,PB2_T7,z_score
55,PB2_T8,z_score
55,PB2_T9,z_score
55,PB3_T1,z_score
55,PB3_T10,normalized_deviation
55,PB3_T11,normalized_deviation
55,PB3_T12,normalized_deviation
55,PB3_T2,z_score
55,PB3_T3,z_score
55,PB3_T4,z_score
55,PB3_T5,z_score
55,PB3_T6,z_score
55,PB3_T7,z_score
55,PB3_T8,price_minus_mean
55,PB3_T9,price_minus_mean
55,PB4_T1,price_minus_mean
55,PB4_T10,z_score
55,PB4_T11,z_score
55,PB4_T12,rolling_median
55,PB4_T2,price_minus_mean
55,PB4_T3,price_minus_mean
55,PB4_T4,price_minus_mean
55,PB4_T5,price_minus_mean
55,PB4_T6,price_minus_mean
55,PB4_T7,z_score
55,PB4_T8,normalized_deviation
55,PB4_T9,z_score
55,PB5_T1,price_minus_mean
55,PB5_T10,z_score
55,PB5_T11,z_score
55,PB5_T12,rolling_median
55,PB5_T2,price_minus_mean
55,PB5_T3,price_minus_mean
55,PB5_T4,price_minus_mean
55,PB5_T5,price_minus_mean
55,PB5_T6,price_minus_mean
55,PB5_T7,z_score
55,PB5_T8,normalized_deviation
55,PB5_T9,z_score
55,PB6_T1,normalized_deviation
55,PB6_T10,rolling_return_mean
55,PB6_T11,rolling_return_mean
55,PB6_T12,rolling_min
55,PB6_T2,rolling_return_mean
55,PB6_T3,rolling_return_mean
55,PB6_T4,momentum
55,PB6_T5,momentum
55,PB6_T6,momentum
55,PB6_T7,rolling_return_mean
55,PB6_T8,momentum
55,PB6_T9,momentum
55,PB7_T1,z_score
55,PB7_T10,z_score
55,PB7_T11,z_score
55,PB7_T12,absolute_return_mean
55,PB7_T2,z_score
55,PB7_T3,z_score
55,PB7_T4,z_score
55,PB7_T5,z_score
55,PB7_T6,z_score
55,PB7_T7,z_score
55,PB7_T8,z_score
55,PB7_T9,z_score
55,PB8_T1,z_score
55,PB8_T10,z_score
55,PB8_T11,z_score
55,PB8_T12,absolute_return_mean
55,PB8_T2,z_score
55,PB8_T3,z_score
55,PB8_T4,z_score
55,PB8_T5,z_score
55,PB8_T6,z_score
55,PB8_T7,z_score
55,PB8_T8,z_score
55,PB8_T9,z_score
55,PB9_T1,ema
55,PB9_T10,downside_volatility
55,PB9_T11,downside_volatility
55,PB9_T12,distance_from_high
55,PB9_T2,ema
55,PB9_T3,ema
55,PB9_T4,ema
55,PB9_T5,ema
55,PB9_T6,ema
55,PB9_T7,ema
55,PB9_T8,ema
55,PB9_T9,rolling_max
56,BB1_T1,ema
56,BB1_T10,rolling_mean
56,BB1_T11,rolling_mean
56,BB1_T12,rolling_mean
56,BB1_T2,rolling_mean
56,BB1_T3,rolling_mean
56,BB1_T4,rolling_mean
56,BB1_T5,rolling_mean
56,BB1_T6,rolling_mean
56,BB1_T7,rolling_mean
56,BB1_T8,rolling_mean
56,BB1_T9,rolling_mean
56,BB10_T1,z_score
56,BB10_T10,z_score
56,BB10_T11,z_score
56,BB10_T12,z_score
56,BB10_T2,z_score
56,BB10_T3,z_score
56,BB10_T4,z_score
56,BB10_T5,z_score
56,BB10_T6,z_score
56,BB10_T7,z_score
56,BB10_T8,z_score
56,BB10_T9,z_score
56,BB11_T1,rolling_max
56,BB11_T10,rolling_max
56,BB11_T11,rolling_max
56,BB11_T12,rolling_max
56,BB11_T2,rolling_max
56,BB11_T3,rolling_max
56,BB11_T4,rolling_max
56,BB11_T5,rolling_max
56,BB11_T6,rolling_max
56,BB11_T7,rolling_max
56,BB11_T8,rolling_max
56,BB11_T9,rolling_max
56,BB12_T1,rolling_min
56,BB12_T10,rolling_min
56,BB12_T11,rolling_min
56,BB12_T12,rolling_min
56,BB12_T2,rolling_min
56,BB12_T3,rolling_min
56,BB12_T4,rolling_min
56,BB12_T5,rolling_min
56,BB12_T6,rolling_min
56,BB12_T7,rolling_min
56,BB12_T8,rolling_min
56,BB12_T9,rolling_min
56,BB13_T1,ema
56,BB13_T10,ema
56,BB13_T11,ema
56,BB13_T12,ema
56,BB13_T2,ema
56,BB13_T3,ema
56,BB13_T4,ema
56,BB13_T5,ema
56,BB13_T6,ema
56,BB13_T7,ema
56,BB13_T8,ema
56,BB13_T9,ema
56,BB14_T1,rolling_max
56,BB14_T10,ema
56,BB14_T11,ema
56,BB14_T12,ema
56,BB14_T2,ema
56,BB14_T3,ema
56,BB14_T4,ema
56,BB14_T5,ema
56,BB14_T6,ema
56,BB14_T7,ema
56,BB14_T8,ema
56,BB14_T9,ema
56,BB15_T1,rolling_min
56,BB15_T10,ema
56,BB15_T11,ema
56,BB15_T12,ema
56,BB15_T2,ema
56,BB15_T3,ema
56,BB15_T4,ema
56,BB15_T5,ema
56,BB15_T6,ema
56,BB15_T7,ema
56,BB15_T8,ema
56,BB15_T9,ema
56,BB2_T1,momentum
56,BB2_T10,rolling_return_mean
56,BB2_T11,rolling_return_mean
56,BB2_T12,rolling_return_mean
56,BB2_T2,momentum
56,BB2_T3,momentum
56,BB2_T4,momentum
56,BB2_T5,momentum
56,BB2_T6,momentum
56,BB2_T7,momentum
56,BB2_T8,momentum
56,BB2_T9,momentum
56,BB3_T1,normalized_deviation
56,BB3_T10,normalized_deviation
56,BB3_T11,normalized_deviation
56,BB3_T12,normalized_deviation
56,BB3_T2,normalized_deviation
56,BB3_T3,price_minus_mean
56,BB3_T4,price_minus_mean
56,BB3_T5,price_minus_mean
56,BB3_T6,price_minus_mean
56,BB3_T7,price_minus_mean
56,BB3_T8,price_minus_mean
56,BB3_T9,price_minus_mean
56,BB4_T1,rolling_mean
56,BB4_T10,rolling_mean
56,BB4_T11,rolling_mean
56,BB4_T12,rolling_mean
56,BB4_T2,rolling_mean
56,BB4_T3,rolling_mean
56,BB4_T4,rolling_mean
56,BB4_T5,rolling_mean
56,BB4_T6,rolling_mean
56,BB4_T7,rolling_mean
56,BB4_T8,rolling_mean
56,BB4_T9,rolling_mean
56,BB5_T1,ema
56,BB5_T10,ema
56,BB5_T11,ema
56,BB5_T12,ema
56,BB5_T2,ema
56,BB5_T3,ema
56,BB5_T4,ema
56,BB5_T5,ema
56,BB5_T6,ema
56,BB5_T7,ema
56,BB5_T8,ema
56,BB5_T9,ema
56,BB6_T1,rolling_mean
56,BB6_T10,rolling_mean
56,BB6_T11,rolling_mean
56,BB6_T12,rolling_mean
56,BB6_T2,rolling_mean
56,BB6_T3,rolling_mean
56,BB6_T4,rolling_mean
56,BB6_T5,rolling_mean
56,BB6_T6,rolling_mean
56,BB6_T7,rolling_mean
56,BB6_T8,rolling_mean
56,BB6_T9,rolling_mean
56,BB7_T1,rolling_max
56,BB7_T10,rolling_max
56,BB7_T11,rolling_max
56,BB7_T12,rolling_max
56,BB7_T2,rolling_max
56,BB7_T3,rolling_max
56,BB7_T4,rolling_max
56,BB7_T5,rolling_max
56,BB7_T6,rolling_max
56,BB7_T7,rolling_max
56,BB7_T8,rolling_max
56,BB7_T9,rolling_max
56,BB8_T1,rolling_min
56,BB8_T10,rolling_min
56,BB8_T11,rolling_min
56,BB8_T12,rolling_min
56,BB8_T2,rolling_min
56,BB8_T3,rolling_min
56,BB8_T4,rolling_min
56,BB8_T5,rolling_min
56,BB8_T6,rolling_min
56,BB8_T7,rolling_min
56,BB8_T8,rolling_min
56,BB8_T9,rolling_min
56,BB9_T1,rolling_std
56,BB9_T10,rolling_std
56,BB9_T11,rolling_std
56,BB9_T12,rolling_std
56,BB9_T2,rolling_std
56,BB9_T3,rolling_std
56,BB9_T4,rolling_std
56,BB9_T5,rolling_std
56,BB9_T6,rolling_std
56,BB9_T7,rolling_std
56,BB9_T8,rolling_std
56,BB9_T9,rolling_std
56,PB1_T1,price_minus_mean
56,PB1_T10,normalized_deviation
56,PB1_T11,normalized_deviation
56,PB1_T12,z_score
56,PB1_T2,price_minus_mean
56,PB1_T3,price_minus_mean
56,PB1_T4,price_minus_mean
56,PB1_T5,price_minus_mean
56,PB1_T6,price_minus_mean
56,PB1_T7,normalized_deviation
56,PB1_T8,z_score
56,PB1_T9,z_score
56,PB10_T1,ema
56,PB10_T10,ema
56,PB10_T11,rolling_max
56,PB10_T12,rolling_max
56,PB10_T2,ema
56,PB10_T3,ema
56,PB10_T4,ema
56,PB10_T5,ema
56,PB10_T6,ema
56,PB10_T7,ema
56,PB10_T8,ema
56,PB10_T9,ema
56,PB11_T1,ema
56,PB11_T10,ema
56,PB11_T11,ema
56,PB11_T12,rolling_max
56,PB11_T2,ema
56,PB11_T3,ema
56,PB11_T4,ema
56,PB11_T5,ema
56,PB11_T6,ema
56,PB11_T7,ema
56,PB11_T8,ema
56,PB11_T9,ema
56,PB12_T1,price_minus_mean
56,PB12_T10,normalized_deviation
56,PB12_T11,normalized_deviation
56,PB12_T12,z_score
56,PB12_T2,price_minus_mean
56,PB12_T3,price_minus_mean
56,PB12_T4,price_minus_mean
56,PB12_T5,price_minus_mean
56,PB12_T6,price_minus_mean
56,PB12_T7,normalized_deviation
56,PB12_T8,z_score
56,PB12_T9,z_score
56,PB13_T1,price_minus_mean
56,PB13_T10,normalized_deviation
56,PB13_T11,normalized_deviation
56,PB13_T12,z_score
56,PB13_T2,price_minus_mean
56,PB13_T3,price_minus_mean
56,PB13_T4,price_minus_mean
56,PB13_T5,price_minus_mean
56,PB13_T6,price_minus_mean
56,PB13_T7,normalized_deviation
56,PB13_T8,z_score
56,PB13_T9,z_score
56,PB14_T1,z_score
56,PB14_T10,z_score
56,PB14_T11,price_minus_mean
56,PB14_T12,z_score
56,PB14_T2,z_score
56,PB14_T3,z_score
56,PB14_T4,z_score
56,PB14_T5,z_score
56,PB14_T6,z_score
56,PB14_T7,z_score
56,PB14_T8,z_score
56,PB14_T9,z_score
56,PB15_T1,z_score
56,PB15_T10,z_score
56,PB15_T11,z_score
56,PB15_T12,distance_from_high
56,PB15_T2,z_score
56,PB15_T3,z_score
56,PB15_T4,z_score
56,PB15_T5,z_score
56,PB15_T6,z_score
56,PB15_T7,z_score
56,PB15_T8,z_score
56,PB15_T9,z_score
56,PB16_T1,z_score
56,PB16_T10,z_score
56,PB16_T11,z_score
56,PB16_T12,distance_from_high
56,PB16_T2,z_score
56,PB16_T3,z_score
56,PB16_T4,z_score
56,PB16_T5,z_score
56,PB16_T6,z_score
56,PB16_T7,z_score
56,PB16_T8,z_score
56,PB16_T9,z_score
56,PB17_T1,z_score
56,PB17_T10,z_score
56,PB17_T11,z_score
56,PB17_T12,distance_from_high
56,PB17_T2,z_score
56,PB17_T3,z_score
56,PB17_T4,z_score
56,PB17_T5,z_score
56,PB17_T6,z_score
56,PB17_T7,z_score
56,PB17_T8,z_score
56,PB17_T9,z_score
56,PB18_T1,z_score
56,PB18_T10,z_score
56,PB18_T11,z_score
56,PB18_T12,distance_from_high
56,PB18_T2,z_score
56,PB18_T3,z_score
56,PB18_T4,z_score
56,PB18_T5,z_score
56,PB18_T6,z_score
56,PB18_T7,z_score
56,PB18_T8,z_score
56,PB18_T9,z_score
56,PB2_T1,z_score
56,PB2_T10,z_score
56,PB2_T11,distance_from_high
56,PB2_T12,distance_from_high
56,PB2_T2,z_score
56,PB2_T3,z_score
56,PB2_T4,z_score
56,PB2_T5,z_score
56,PB2_T6,z_score
56,PB2_T7,normalized_deviation
56,PB2_T8,z_score
56,PB2_T9,z_score
56,PB3_T1,z_score
56,PB3_T10,distance_from_low
56,PB3_T11,distance_from_low
56,PB3_T12,normalized_deviation
56,PB3_T2,z_score
56,PB3_T3,z_score
56,PB3_T4,z_score
56,PB3_T5,z_score
56,PB3_T6,z_score
56,PB3_T7,z_score
56,PB3_T8,z_score
56,PB3_T9,z_score
56,PB4_T1,price_minus_mean
56,PB4_T10,normalized_deviation
56,PB4_T11,normalized_deviation
56,PB4_T12,z_score
56,PB4_T2,price_minus_mean
56,PB4_T3,price_minus_mean
56,PB4_T4,price_minus_mean
56,PB4_T5,price_minus_mean
56,PB4_T6,price_minus_mean
56,PB4_T7,normalized_deviation
56,PB4_T8,z_score
56,PB4_T9,z_score
56,PB5_T1,price_minus_mean
56,PB5_T10,normalized_deviation
56,PB5_T11,normalized_deviation
56,PB5_T12,z_score
56,PB5_T2,price_minus_mean
56,PB5_T3,price_minus_mean
56,PB5_T4,price_minus_mean
56,PB5_T5,price_minus_mean
56,PB5_T6,price_minus_mean
56,PB5_T7,normalized_deviation
56,PB5_T8,z_score
56,PB5_T9,z_score
56,PB6_T1,price_minus_mean
56,PB6_T10,rolling_return_mean
56,PB6_T11,rolling_return_mean
56,PB6_T12,rolling_variance
56,PB6_T2,rolling_return_mean
56,PB6_T3,rolling_return_mean
56,PB6_T4,rolling_return_mean
56,PB6_T5,rolling_return_mean
56,PB6_T6,rolling_return_mean
56,PB6_T7,price_minus_mean
56,PB6_T8,rolling_return_mean
56,PB6_T9,price_minus_mean
56,PB7_T1,z_score
56,PB7_T10,z_score
56,PB7_T11,z_score
56,PB7_T12,distance_from_high
56,PB7_T2,z_score
56,PB7_T3,z_score
56,PB7_T4,z_score
56,PB7_T5,z_score
56,PB7_T6,z_score
56,PB7_T7,z_score
56,PB7_T8,z_score
56,PB7_T9,z_score
56,PB8_T1,z_score
56,PB8_T10,z_score
56,PB8_T11,z_score
56,PB8_T12,distance_from_high
56,PB8_T2,z_score
56,PB8_T3,z_score
56,PB8_T4,z_score
56,PB8_T5,z_score
56,PB8_T6,z_score
56,PB8_T7,z_score
56,PB8_T8,z_score
56,PB8_T9,z_score
56,PB9_T1,ema
56,PB9_T10,ema
56,PB9_T11,rolling_max
56,PB9_T12,distance_from_high
56,PB9_T2,ema
56,PB9_T3,ema
56,PB9_T4,ema
56,PB9_T5,ema
56,PB9_T6,ema
56,PB9_T7,ema
56,PB9_T8,ema
56,PB9_T9,ema
57,BB1_T1,ema
57,BB1_T10,rolling_mean
57,BB1_T11,rolling_mean
57,BB1_T12,rolling_mean
57,BB1_T2,rolling_mean
57,BB1_T3,rolling_mean
57,BB1_T4,rolling_mean
57,BB1_T5,rolling_mean
57,BB1_T6,rolling_mean
57,BB1_T7,rolling_mean
57,BB1_T8,rolling_mean
57,BB1_T9,rolling_mean
57,BB10_T1,z_score
57,BB10_T10,z_score
57,BB10_T11,z_score
57,BB10_T12,z_score
57,BB10_T2,z_score
57,BB10_T3,z_score
57,BB10_T4,z_score
57,BB10_T5,z_score
57,BB10_T6,z_score
57,BB10_T7,z_score
57,BB10_T8,z_score
57,BB10_T9,z_score
57,BB11_T1,rolling_max
57,BB11_T10,rolling_max
57,BB11_T11,rolling_max
57,BB11_T12,rolling_max
57,BB11_T2,rolling_max
57,BB11_T3,rolling_max
57,BB11_T4,rolling_max
57,BB11_T5,rolling_max
57,BB11_T6,rolling_max
57,BB11_T7,rolling_max
57,BB11_T8,rolling_max
57,BB11_T9,rolling_max
57,BB12_T1,rolling_min
57,BB12_T10,rolling_min
57,BB12_T11,rolling_min
57,BB12_T12,rolling_min
57,BB12_T2,rolling_min
57,BB12_T3,rolling_min
57,BB12_T4,rolling_min
57,BB12_T5,rolling_min
57,BB12_T6,rolling_min
57,BB12_T7,rolling_min
57,BB12_T8,rolling_min
57,BB12_T9,rolling_min
57,BB13_T1,ema
57,BB13_T10,ema
57,BB13_T11,ema
57,BB13_T12,ema
57,BB13_T2,ema
57,BB13_T3,ema
57,BB13_T4,ema
57,BB13_T5,ema
57,BB13_T6,ema
57,BB13_T7,ema
57,BB13_T8,ema
57,BB13_T9,ema
57,BB14_T1,rolling_max
57,BB14_T10,ema
57,BB14_T11,ema
57,BB14_T12,ema
57,BB14_T2,ema
57,BB14_T3,ema
57,BB14_T4,ema
57,BB14_T5,ema
57,BB14_T6,ema
57,BB14_T7,ema
57,BB14_T8,ema
57,BB14_T9,ema
57,BB15_T1,rolling_min
57,BB15_T10,ema
57,BB15_T11,ema
57,BB15_T12,ema
57,BB15_T2,ema
57,BB15_T3,ema
57,BB15_T4,ema
57,BB15_T5,ema
57,BB15_T6,ema
57,BB15_T7,ema
57,BB15_T8,ema
57,BB15_T9,ema
57,BB2_T1,rolling_return_mean
57,BB2_T10,momentum
57,BB2_T11,momentum
57,BB2_T12,rolling_return_mean
57,BB2_T2,rolling_return_mean
57,BB2_T3,momentum
57,BB2_T4,momentum
57,BB2_T5,momentum
57,BB2_T6,momentum
57,BB2_T7,rolling_return_mean
57,BB2_T8,momentum
57,BB2_T9,momentum
57,BB3_T1,price_minus_mean
57,BB3_T10,normalized_deviation
57,BB3_T11,normalized_deviation
57,BB3_T12,normalized_deviation
57,BB3_T2,normalized_deviation
57,BB3_T3,normalized_deviation
57,BB3_T4,normalized_deviation
57,BB3_T5,normalized_deviation
57,BB3_T6,normalized_deviation
57,BB3_T7,normalized_deviation
57,BB3_T8,normalized_deviation
57,BB3_T9,normalized_deviation
57,BB4_T1,rolling_mean
57,BB4_T10,rolling_mean
57,BB4_T11,rolling_mean
57,BB4_T12,rolling_mean
57,BB4_T2,rolling_mean
57,BB4_T3,rolling_mean
57,BB4_T4,rolling_mean
57,BB4_T5,rolling_mean
57,BB4_T6,rolling_mean
57,BB4_T7,rolling_mean
57,BB4_T8,rolling_mean
57,BB4_T9,rolling_mean
57,BB5_T1,ema
57,BB5_T10,ema
57,BB5_T11,ema
57,BB5_T12,ema
57,BB5_T2,ema
57,BB5_T3,ema
57,BB5_T4,ema
57,BB5_T5,ema
57,BB5_T6,ema
57,BB5_T7,ema
57,BB5_T8,ema
57,BB5_T9,ema
57,BB6_T1,rolling_mean
57,BB6_T10,rolling_mean
57,BB6_T11,rolling_mean
57,BB6_T12,rolling_mean
57,BB6_T2,rolling_mean
57,BB6_T3,rolling_mean
57,BB6_T4,rolling_mean
57,BB6_T5,rolling_mean
57,BB6_T6,rolling_mean
57,BB6_T7,rolling_mean
57,BB6_T8,rolling_mean
57,BB6_T9,rolling_mean
57,BB7_T1,rolling_max
57,BB7_T10,rolling_max
57,BB7_T11,rolling_max
57,BB7_T12,rolling_max
57,BB7_T2,rolling_max
57,BB7_T3,rolling_max
57,BB7_T4,rolling_max
57,BB7_T5,rolling_max
57,BB7_T6,rolling_max
57,BB7_T7,rolling_max
57,BB7_T8,rolling_max
57,BB7_T9,rolling_max
57,BB8_T1,rolling_min
57,BB8_T10,rolling_min
57,BB8_T11,rolling_min
57,BB8_T12,rolling_min
57,BB8_T2,rolling_min
57,BB8_T3,rolling_min
57,BB8_T4,rolling_min
57,BB8_T5,rolling_min
57,BB8_T6,rolling_min
57,BB8_T7,rolling_min
57,BB8_T8,rolling_min
57,BB8_T9,rolling_min
57,BB9_T1,rolling_std
57,BB9_T10,rolling_std
57,BB9_T11,rolling_std
57,BB9_T12,rolling_std
57,BB9_T2,rolling_std
57,BB9_T3,rolling_std
57,BB9_T4,rolling_std
57,BB9_T5,rolling_std
57,BB9_T6,rolling_std
57,BB9_T7,rolling_std
57,BB9_T8,rolling_std
57,BB9_T9,rolling_std
57,PB1_T1,normalized_deviation
57,PB1_T10,price_minus_mean
57,PB1_T11,price_minus_mean
57,PB1_T12,z_score
57,PB1_T2,price_minus_mean
57,PB1_T3,price_minus_mean
57,PB1_T4,price_minus_mean
57,PB1_T5,normalized_deviation
57,PB1_T6,normalized_deviation
57,PB1_T7,normalized_deviation
57,PB1_T8,normalized_deviation
57,PB1_T9,price_minus_mean
57,PB10_T1,ema
57,PB10_T10,ema
57,PB10_T11,ema
57,PB10_T12,ema
57,PB10_T2,ema
57,PB10_T3,ema
57,PB10_T4,ema
57,PB10_T5,ema
57,PB10_T6,ema
57,PB10_T7,ema
57,PB10_T8,ema
57,PB10_T9,ema
57,PB11_T1,ema
57,PB11_T10,rolling_min
57,PB11_T11,rolling_min
57,PB11_T12,upside_volatility
57,PB11_T2,ema
57,PB11_T3,ema
57,PB11_T4,ema
57,PB11_T5,ema
57,PB11_T6,ema
57,PB11_T7,ema
57,PB11_T8,rolling_min
57,PB11_T9,rolling_min
57,PB12_T1,normalized_deviation
57,PB12_T10,price_minus_mean
57,PB12_T11,price_minus_mean
57,PB12_T12,z_score
57,PB12_T2,price_minus_mean
57,PB12_T3,price_minus_mean
57,PB12_T4,price_minus_mean
57,PB12_T5,normalized_deviation
57,PB12_T6,normalized_deviation
57,PB12_T7,normalized_deviation
57,PB12_T8,normalized_deviation
57,PB12_T9,price_minus_mean
57,PB13_T1,normalized_deviation
57,PB13_T10,price_minus_mean
57,PB13_T11,price_minus_mean
57,PB13_T12,z_score
57,PB13_T2,price_minus_mean
57,PB13_T3,price_minus_mean
57,PB13_T4,price_minus_mean
57,PB13_T5,normalized_deviation
57,PB13_T6,normalized_deviation
57,PB13_T7,normalized_deviation
57,PB13_T8,normalized_deviation
57,PB13_T9,price_minus_mean
57,PB14_T1,z_score
57,PB14_T10,z_score
57,PB14_T11,z_score
57,PB14_T12,z_score
57,PB14_T2,z_score
57,PB14_T3,z_score
57,PB14_T4,z_score
57,PB14_T5,z_score
57,PB14_T6,z_score
57,PB14_T7,z_score
57,PB14_T8,z_score
57,PB14_T9,z_score
57,PB15_T1,z_score
57,PB15_T10,z_score
57,PB15_T11,z_score
57,PB15_T12,distance_from_high
57,PB15_T2,z_score
57,PB15_T3,z_score
57,PB15_T4,z_score
57,PB15_T5,z_score
57,PB15_T6,z_score
57,PB15_T7,z_score
57,PB15_T8,z_score
57,PB15_T9,z_score
57,PB16_T1,z_score
57,PB16_T10,z_score
57,PB16_T11,z_score
57,PB16_T12,distance_from_high
57,PB16_T2,z_score
57,PB16_T3,z_score
57,PB16_T4,z_score
57,PB16_T5,z_score
57,PB16_T6,z_score
57,PB16_T7,z_score
57,PB16_T8,z_score
57,PB16_T9,z_score
57,PB17_T1,z_score
57,PB17_T10,z_score
57,PB17_T11,z_score
57,PB17_T12,distance_from_high
57,PB17_T2,z_score
57,PB17_T3,z_score
57,PB17_T4,z_score
57,PB17_T5,z_score
57,PB17_T6,z_score
57,PB17_T7,z_score
57,PB17_T8,z_score
57,PB17_T9,z_score
57,PB18_T1,z_score
57,PB18_T10,z_score
57,PB18_T11,z_score
57,PB18_T12,z_score
57,PB18_T2,z_score
57,PB18_T3,z_score
57,PB18_T4,z_score
57,PB18_T5,z_score
57,PB18_T6,z_score
57,PB18_T7,z_score
57,PB18_T8,z_score
57,PB18_T9,z_score
57,PB2_T1,z_score
57,PB2_T10,distance_from_low
57,PB2_T11,distance_from_low
57,PB2_T12,rolling_median
57,PB2_T2,z_score
57,PB2_T3,z_score
57,PB2_T4,z_score
57,PB2_T5,z_score
57,PB2_T6,z_score
57,PB2_T7,z_score
57,PB2_T8,distance_from_low
57,PB2_T9,distance_from_low
57,PB3_T1,z_score
57,PB3_T10,z_score
57,PB3_T11,z_score
57,PB3_T12,downside_volatility
57,PB3_T2,z_score
57,PB3_T3,z_score
57,PB3_T4,z_score
57,PB3_T5,z_score
57,PB3_T6,z_score
57,PB3_T7,z_score
57,PB3_T8,z_score
57,PB3_T9,z_score
57,PB4_T1,normalized_deviation
57,PB4_T10,price_minus_mean
57,PB4_T11,price_minus_mean
57,PB4_T12,z_score
57,PB4_T2,price_minus_mean
57,PB4_T3,price_minus_mean
57,PB4_T4,price_minus_mean
57,PB4_T5,normalized_deviation
57,PB4_T6,normalized_deviation
57,PB4_T7,normalized_deviation
57,PB4_T8,normalized_deviation
57,PB4_T9,price_minus_mean
57,PB5_T1,normalized_deviation
57,PB5_T10,price_minus_mean
57,PB5_T11,price_minus_mean
57,PB5_T12,z_score
57,PB5_T2,price_minus_mean
57,PB5_T3,price_minus_mean
57,PB5_T4,price_minus_mean
57,PB5_T5,normalized_deviation
57,PB5_T6,normalized_deviation
57,PB5_T7,normalized_deviation
57,PB5_T8,normalized_deviation
57,PB5_T9,price_minus_mean
57,PB6_T1,price_minus_mean
57,PB6_T10,rolling_return_mean
57,PB6_T11,rolling_return_mean
57,PB6_T12,upside_volatility
57,PB6_T2,normalized_deviation
57,PB6_T3,rolling_return_mean
57,PB6_T4,rolling_return_mean
57,PB6_T5,rolling_return_mean
57,PB6_T6,momentum
57,PB6_T7,rolling_return_mean
57,PB6_T8,rolling_return_mean
57,PB6_T9,rolling_return_mean
57,PB7_T1,z_score
57,PB7_T10,z_score
57,PB7_T11,z_score
57,PB7_T12,z_score
57,PB7_T2,z_score
57,PB7_T3,z_score
57,PB7_T4,z_score
57,PB7_T5,z_score
57,PB7_T6,z_score
57,PB7_T7,z_score
57,PB7_T8,z_score
57,PB7_T9,z_score
57,PB8_T1,z_score
57,PB8_T10,z_score
57,PB8_T11,z_score
57,PB8_T12,z_score
57,PB8_T2,z_score
57,PB8_T3,z_score
57,PB8_T4,z_score
57,PB8_T5,z_score
57,PB8_T6,z_score
57,PB8_T7,z_score
57,PB8_T8,z_score
57,PB8_T9,z_score
57,PB9_T1,ema
57,PB9_T10,rolling_min
57,PB9_T11,momentum
57,PB9_T12,price_minus_mean
57,PB9_T2,ema
57,PB9_T3,ema
57,PB9_T4,ema
57,PB9_T5,ema
57,PB9_T6,ema
57,PB9_T7,ema
57,PB9_T8,rolling_min
57,PB9_T9,rolling_min
58,BB1_T1,ema
58,BB1_T10,rolling_mean
58,BB1_T11,rolling_mean
58,BB1_T12,rolling_mean
58,BB1_T2,rolling_mean
58,BB1_T3,rolling_mean
58,BB1_T4,rolling_mean
58,BB1_T5,rolling_mean
58,BB1_T6,rolling_mean
58,BB1_T7,rolling_mean
58,BB1_T8,rolling_mean
58,BB1_T9,rolling_mean
58,BB10_T1,z_score
58,BB10_T10,z_score
58,BB10_T11,z_score
58,BB10_T12,z_score
58,BB10_T2,z_score
58,BB10_T3,z_score
58,BB10_T4,z_score
58,BB10_T5,z_score
58,BB10_T6,z_score
58,BB10_T7,z_score
58,BB10_T8,z_score
58,BB10_T9,z_score
58,BB11_T1,rolling_max
58,BB11_T10,rolling_max
58,BB11_T11,rolling_max
58,BB11_T12,rolling_max
58,BB11_T2,rolling_max
58,BB11_T3,rolling_max
58,BB11_T4,rolling_max
58,BB11_T5,rolling_max
58,BB11_T6,rolling_max
58,BB11_T7,rolling_max
58,BB11_T8,rolling_max
58,BB11_T9,rolling_max
58,BB12_T1,rolling_min
58,BB12_T10,rolling_min
58,BB12_T11,rolling_min
58,BB12_T12,rolling_min
58,BB12_T2,rolling_min
58,BB12_T3,rolling_min
58,BB12_T4,rolling_min
58,BB12_T5,rolling_min
58,BB12_T6,rolling_min
58,BB12_T7,rolling_min
58,BB12_T8,rolling_min
58,BB12_T9,rolling_min
58,BB13_T1,ema
58,BB13_T10,ema
58,BB13_T11,ema
58,BB13_T12,ema
58,BB13_T2,ema
58,BB13_T3,ema
58,BB13_T4,ema
58,BB13_T5,ema
58,BB13_T6,ema
58,BB13_T7,ema
58,BB13_T8,ema
58,BB13_T9,ema
58,BB14_T1,rolling_max
58,BB14_T10,ema
58,BB14_T11,ema
58,BB14_T12,ema
58,BB14_T2,ema
58,BB14_T3,ema
58,BB14_T4,ema
58,BB14_T5,ema
58,BB14_T6,ema
58,BB14_T7,ema
58,BB14_T8,ema
58,BB14_T9,ema
58,BB15_T1,rolling_min
58,BB15_T10,ema
58,BB15_T11,ema
58,BB15_T12,ema
58,BB15_T2,ema
58,BB15_T3,ema
58,BB15_T4,ema
58,BB15_T5,ema
58,BB15_T6,ema
58,BB15_T7,ema
58,BB15_T8,ema
58,BB15_T9,ema
58,BB2_T1,rolling_return_mean
58,BB2_T10,rolling_return_mean
58,BB2_T11,rolling_return_mean
58,BB2_T12,rolling_return_mean
58,BB2_T2,rolling_return_mean
58,BB2_T3,rolling_return_mean
58,BB2_T4,momentum
58,BB2_T5,momentum
58,BB2_T6,rolling_return_mean
58,BB2_T7,momentum
58,BB2_T8,rolling_return_mean
58,BB2_T9,rolling_return_mean
58,BB3_T1,price_minus_mean
58,BB3_T10,price_minus_mean
58,BB3_T11,price_minus_mean
58,BB3_T12,price_minus_mean
58,BB3_T2,price_minus_mean
58,BB3_T3,price_minus_mean
58,BB3_T4,normalized_deviation
58,BB3_T5,normalized_deviation
58,BB3_T6,price_minus_mean
58,BB3_T7,price_minus_mean
58,BB3_T8,price_minus_mean
58,BB3_T9,price_minus_mean
58,BB4_T1,rolling_mean
58,BB4_T10,rolling_mean
58,BB4_T11,rolling_mean
58,BB4_T12,rolling_mean
58,BB4_T2,rolling_mean
58,BB4_T3,rolling_mean
58,BB4_T4,rolling_mean
58,BB4_T5,rolling_mean
58,BB4_T6,rolling_mean
58,BB4_T7,rolling_mean
58,BB4_T8,rolling_mean
58,BB4_T9,rolling_mean
58,BB5_T1,ema
58,BB5_T10,ema
58,BB5_T11,ema
58,BB5_T12,ema
58,BB5_T2,ema
58,BB5_T3,ema
58,BB5_T4,ema
58,BB5_T5,ema
58,BB5_T6,ema
58,BB5_T7,ema
58,BB5_T8,ema
58,BB5_T9,ema
58,BB6_T1,rolling_mean
58,BB6_T10,rolling_mean
58,BB6_T11,rolling_mean
58,BB6_T12,rolling_mean
58,BB6_T2,rolling_mean
58,BB6_T3,rolling_mean
58,BB6_T4,rolling_mean
58,BB6_T5,rolling_mean
58,BB6_T6,rolling_mean
58,BB6_T7,rolling_mean
58,BB6_T8,rolling_mean
58,BB6_T9,rolling_mean
58,BB7_T1,rolling_max
58,BB7_T10,rolling_max
58,BB7_T11,rolling_max
58,BB7_T12,rolling_max
58,BB7_T2,rolling_max
58,BB7_T3,rolling_max
58,BB7_T4,rolling_max
58,BB7_T5,rolling_max
58,BB7_T6,rolling_max
58,BB7_T7,rolling_max
58,BB7_T8,rolling_max
58,BB7_T9,rolling_max
58,BB8_T1,rolling_min
58,BB8_T10,rolling_min
58,BB8_T11,rolling_min
58,BB8_T12,rolling_min
58,BB8_T2,rolling_min
58,BB8_T3,rolling_min
58,BB8_T4,rolling_min
58,BB8_T5,rolling_min
58,BB8_T6,rolling_min
58,BB8_T7,rolling_min
58,BB8_T8,rolling_min
58,BB8_T9,rolling_min
58,BB9_T1,rolling_std
58,BB9_T10,rolling_std
58,BB9_T11,rolling_std
58,BB9_T12,rolling_std
58,BB9_T2,rolling_std
58,BB9_T3,rolling_std
58,BB9_T4,rolling_std
58,BB9_T5,rolling_std
58,BB9_T6,rolling_std
58,BB9_T7,rolling_std
58,BB9_T8,rolling_std
58,BB9_T9,rolling_std
58,PB1_T1,price_minus_mean
58,PB1_T10,z_score
58,PB1_T11,z_score
58,PB1_T12,distance_from_low
58,PB1_T2,price_minus_mean
58,PB1_T3,price_minus_mean
58,PB1_T4,price_minus_mean
58,PB1_T5,price_minus_mean
58,PB1_T6,price_minus_mean
58,PB1_T7,normalized_deviation
58,PB1_T8,normalized_deviation
58,PB1_T9,z_score
58,PB10_T1,ema
58,PB10_T10,ema
58,PB10_T11,ema
58,PB10_T12,ema
58,PB10_T2,ema
58,PB10_T3,ema
58,PB10_T4,ema
58,PB10_T5,ema
58,PB10_T6,ema
58,PB10_T7,ema
58,PB10_T8,ema
58,PB10_T9,ema
58,PB11_T1,ema
58,PB11_T10,ema
58,PB11_T11,ema
58,PB11_T12,ema
58,PB11_T2,ema
58,PB11_T3,ema
58,PB11_T4,ema
58,PB11_T5,ema
58,PB11_T6,ema
58,PB11_T7,ema
58,PB11_T8,ema
58,PB11_T9,ema
58,PB12_T1,price_minus_mean
58,PB12_T10,z_score
58,PB12_T11,z_score
58,PB12_T12,distance_from_low
58,PB12_T2,price_minus_mean
58,PB12_T3,price_minus_mean
58,PB12_T4,price_minus_mean
58,PB12_T5,price_minus_mean
58,PB12_T6,price_minus_mean
58,PB12_T7,normalized_deviation
58,PB12_T8,normalized_deviation
58,PB12_T9,z_score
58,PB13_T1,price_minus_mean
58,PB13_T10,z_score
58,PB13_T11,z_score
58,PB13_T12,distance_from_low
58,PB13_T2,price_minus_mean
58,PB13_T3,price_minus_mean
58,PB13_T4,price_minus_mean
58,PB13_T5,price_minus_mean
58,PB13_T6,price_minus_mean
58,PB13_T7,normalized_deviation
58,PB13_T8,normalized_deviation
58,PB13_T9,z_score
58,PB14_T1,z_score
58,PB14_T10,z_score
58,PB14_T11,z_score
58,PB14_T12,distance_from_low
58,PB14_T2,z_score
58,PB14_T3,z_score
58,PB14_T4,z_score
58,PB14_T5,z_score
58,PB14_T6,z_score
58,PB14_T7,z_score
58,PB14_T8,z_score
58,PB14_T9,z_score
58,PB15_T1,z_score
58,PB15_T10,z_score
58,PB15_T11,z_score
58,PB15_T12,z_score
58,PB15_T2,z_score
58,PB15_T3,z_score
58,PB15_T4,z_score
58,PB15_T5,z_score
58,PB15_T6,z_score
58,PB15_T7,z_score
58,PB15_T8,z_score
58,PB15_T9,z_score
58,PB16_T1,z_score
58,PB16_T10,z_score
58,PB16_T11,z_score
58,PB16_T12,z_score
58,PB16_T2,z_score
58,PB16_T3,z_score
58,PB16_T4,z_score
58,PB16_T5,z_score
58,PB16_T6,z_score
58,PB16_T7,z_score
58,PB16_T8,z_score
58,PB16_T9,z_score
58,PB17_T1,z_score
58,PB17_T10,z_score
58,PB17_T11,z_score
58,PB17_T12,z_score
58,PB17_T2,z_score
58,PB17_T3,z_score
58,PB17_T4,z_score
58,PB17_T5,z_score
58,PB17_T6,z_score
58,PB17_T7,z_score
58,PB17_T8,z_score
58,PB17_T9,z_score
58,PB18_T1,z_score
58,PB18_T10,z_score
58,PB18_T11,z_score
58,PB18_T12,z_score
58,PB18_T2,z_score
58,PB18_T3,z_score
58,PB18_T4,z_score
58,PB18_T5,z_score
58,PB18_T6,z_score
58,PB18_T7,z_score
58,PB18_T8,z_score
58,PB18_T9,z_score
58,PB2_T1,z_score
58,PB2_T10,rolling_median
58,PB2_T11,rolling_median
58,PB2_T12,momentum
58,PB2_T2,z_score
58,PB2_T3,z_score
58,PB2_T4,z_score
58,PB2_T5,z_score
58,PB2_T6,z_score
58,PB2_T7,z_score
58,PB2_T8,z_score
58,PB2_T9,z_score
58,PB3_T1,z_score
58,PB3_T10,z_score
58,PB3_T11,z_score
58,PB3_T12,z_score
58,PB3_T2,z_score
58,PB3_T3,z_score
58,PB3_T4,z_score
58,PB3_T5,z_score
58,PB3_T6,z_score
58,PB3_T7,z_score
58,PB3_T8,z_score
58,PB3_T9,z_score
58,PB4_T1,price_minus_mean
58,PB4_T10,z_score
58,PB4_T11,z_score
58,PB4_T12,distance_from_low
58,PB4_T2,price_minus_mean
58,PB4_T3,price_minus_mean
58,PB4_T4,price_minus_mean
58,PB4_T5,price_minus_mean
58,PB4_T6,price_minus_mean
58,PB4_T7,normalized_deviation
58,PB4_T8,normalized_deviation
58,PB4_T9,z_score
58,PB5_T1,price_minus_mean
58,PB5_T10,z_score
58,PB5_T11,z_score
58,PB5_T12,distance_from_low
58,PB5_T2,price_minus_mean
58,PB5_T3,price_minus_mean
58,PB5_T4,price_minus_mean
58,PB5_T5,price_minus_mean
58,PB5_T6,price_minus_mean
58,PB5_T7,normalized_deviation
58,PB5_T8,normalized_deviation
58,PB5_T9,z_score
58,PB6_T1,price_minus_mean
58,PB6_T10,momentum
58,PB6_T11,momentum
58,PB6_T12,rolling_median
58,PB6_T2,momentum
58,PB6_T3,momentum
58,PB6_T4,rolling_return_mean
58,PB6_T5,rolling_return_mean
58,PB6_T6,momentum
58,PB6_T7,momentum
58,PB6_T8,momentum
58,PB6_T9,momentum
58,PB7_T1,z_score
58,PB7_T10,z_score
58,PB7_T11,z_score
58,PB7_T12,z_score
58,PB7_T2,z_score
58,PB7_T3,z_score
58,PB7_T4,z_score
58,PB7_T5,z_score
58,PB7_T6,z_score
58,PB7_T7,z_score
58,PB7_T8,z_score
58,PB7_T9,z_score
58,PB8_T1,z_score
58,PB8_T10,z_score
58,PB8_T11,z_score
58,PB8_T12,z_score
58,PB8_T2,z_score
58,PB8_T3,z_score
58,PB8_T4,z_score
58,PB8_T5,z_score
58,PB8_T6,z_score
58,PB8_T7,z_score
58,PB8_T8,z_score
58,PB8_T9,z_score
58,PB9_T1,ema
58,PB9_T10,distance_from_low
58,PB9_T11,normalized_deviation
58,PB9_T12,z_score
58,PB9_T2,ema
58,PB9_T3,ema
58,PB9_T4,ema
58,PB9_T5,ema
58,PB9_T6,ema
58,PB9_T7,ema
58,PB9_T8,ema
58,PB9_T9,normalized_deviation
59,BB1_T1,rolling_mean
59,BB1_T10,rolling_mean
59,BB1_T11,rolling_mean
59,BB1_T12,rolling_mean
59,BB1_T2,rolling_mean
59,BB1_T3,rolling_mean
59,BB1_T4,rolling_mean
59,BB1_T5,rolling_mean
59,BB1_T6,rolling_mean
59,BB1_T7,rolling_mean
59,BB1_T8,rolling_mean
59,BB1_T9,rolling_mean
59,BB10_T1,z_score
59,BB10_T10,z_score
59,BB10_T11,z_score
59,BB10_T12,z_score
59,BB10_T2,z_score
59,BB10_T3,z_score
59,BB10_T4,z_score
59,BB10_T5,z_score
59,BB10_T6,z_score
59,BB10_T7,z_score
59,BB10_T8,z_score
59,BB10_T9,z_score
59,BB11_T1,rolling_max
59,BB11_T10,rolling_max
59,BB11_T11,rolling_max
59,BB11_T12,rolling_max
59,BB11_T2,rolling_max
59,BB11_T3,rolling_max
59,BB11_T4,rolling_max
59,BB11_T5,rolling_max
59,BB11_T6,rolling_max
59,BB11_T7,rolling_max
59,BB11_T8,rolling_max
59,BB11_T9,rolling_max
59,BB12_T1,rolling_min
59,BB12_T10,rolling_min
59,BB12_T11,rolling_min
59,BB12_T12,rolling_min
59,BB12_T2,rolling_min
59,BB12_T3,rolling_min
59,BB12_T4,rolling_min
59,BB12_T5,rolling_min
59,BB12_T6,rolling_min
59,BB12_T7,rolling_min
59,BB12_T8,rolling_min
59,BB12_T9,rolling_min
59,BB13_T1,ema
59,BB13_T10,ema
59,BB13_T11,ema
59,BB13_T12,ema
59,BB13_T2,ema
59,BB13_T3,ema
59,BB13_T4,ema
59,BB13_T5,ema
59,BB13_T6,ema
59,BB13_T7,ema
59,BB13_T8,ema
59,BB13_T9,ema
59,BB14_T1,rolling_max
59,BB14_T10,ema
59,BB14_T11,ema
59,BB14_T12,ema
59,BB14_T2,ema
59,BB14_T3,ema
59,BB14_T4,ema
59,BB14_T5,ema
59,BB14_T6,ema
59,BB14_T7,ema
59,BB14_T8,ema
59,BB14_T9,ema
59,BB15_T1,rolling_min
59,BB15_T10,ema
59,BB15_T11,ema
59,BB15_T12,ema
59,BB15_T2,ema
59,BB15_T3,ema
59,BB15_T4,ema
59,BB15_T5,ema
59,BB15_T6,ema
59,BB15_T7,ema
59,BB15_T8,ema
59,BB15_T9,ema
59,BB2_T1,momentum
59,BB2_T10,momentum
59,BB2_T11,momentum
59,BB2_T12,rolling_return_mean
59,BB2_T2,momentum
59,BB2_T3,momentum
59,BB2_T4,momentum
59,BB2_T5,momentum
59,BB2_T6,rolling_return_mean
59,BB2_T7,rolling_return_mean
59,BB2_T8,rolling_return_mean
59,BB2_T9,momentum
59,BB3_T1,normalized_deviation
59,BB3_T10,normalized_deviation
59,BB3_T11,normalized_deviation
59,BB3_T12,normalized_deviation
59,BB3_T2,normalized_deviation
59,BB3_T3,normalized_deviation
59,BB3_T4,price_minus_mean
59,BB3_T5,price_minus_mean
59,BB3_T6,price_minus_mean
59,BB3_T7,price_minus_mean
59,BB3_T8,normalized_deviation
59,BB3_T9,normalized_deviation
59,BB4_T1,rolling_mean
59,BB4_T10,rolling_mean
59,BB4_T11,rolling_mean
59,BB4_T12,rolling_mean
59,BB4_T2,rolling_mean
59,BB4_T3,rolling_mean
59,BB4_T4,rolling_mean
59,BB4_T5,rolling_mean
59,BB4_T6,rolling_mean
59,BB4_T7,rolling_mean
59,BB4_T8,rolling_mean
59,BB4_T9,rolling_mean
59,BB5_T1,ema
59,BB5_T10,ema
59,BB5_T11,ema
59,BB5_T12,ema
59,BB5_T2,ema
59,BB5_T3,ema
59,BB5_T4,ema
59,BB5_T5,ema
59,BB5_T6,ema
59,BB5_T7,ema
59,BB5_T8,ema
59,BB5_T9,ema
59,BB6_T1,rolling_mean
59,BB6_T10,rolling_mean
59,BB6_T11,rolling_mean
59,BB6_T12,rolling_mean
59,BB6_T2,rolling_mean
59,BB6_T3,rolling_mean
59,BB6_T4,rolling_mean
59,BB6_T5,rolling_mean
59,BB6_T6,rolling_mean
59,BB6_T7,rolling_mean
59,BB6_T8,rolling_mean
59,BB6_T9,rolling_mean
59,BB7_T1,rolling_max
59,BB7_T10,rolling_max
59,BB7_T11,rolling_max
59,BB7_T12,rolling_max
59,BB7_T2,rolling_max
59,BB7_T3,rolling_max
59,BB7_T4,rolling_max
59,BB7_T5,rolling_max
59,BB7_T6,rolling_max
59,BB7_T7,rolling_max
59,BB7_T8,rolling_max
59,BB7_T9,rolling_max
59,BB8_T1,rolling_min
59,BB8_T10,rolling_min
59,BB8_T11,rolling_min
59,BB8_T12,rolling_mean
59,BB8_T2,rolling_min
59,BB8_T3,rolling_min
59,BB8_T4,rolling_min
59,BB8_T5,rolling_min
59,BB8_T6,rolling_min
59,BB8_T7,rolling_min
59,BB8_T8,rolling_min
59,BB8_T9,rolling_min
59,BB9_T1,rolling_std
59,BB9_T10,rolling_std
59,BB9_T11,rolling_std
59,BB9_T12,rolling_std
59,BB9_T2,rolling_std
59,BB9_T3,rolling_std
59,BB9_T4,rolling_std
59,BB9_T5,rolling_std
59,BB9_T6,rolling_std
59,BB9_T7,rolling_std
59,BB9_T8,rolling_std
59,BB9_T9,rolling_std
59,PB1_T1,price_minus_mean
59,PB1_T10,price_minus_mean
59,PB1_T11,price_minus_mean
59,PB1_T12,z_score
59,PB1_T2,price_minus_mean
59,PB1_T3,price_minus_mean
59,PB1_T4,price_minus_mean
59,PB1_T5,price_minus_mean
59,PB1_T6,price_minus_mean
59,PB1_T7,price_minus_mean
59,PB1_T8,price_minus_mean
59,PB1_T9,price_minus_mean
59,PB10_T1,ema
59,PB10_T10,ema
59,PB10_T11,ema
59,PB10_T12,ema
59,PB10_T2,ema
59,PB10_T3,ema
59,PB10_T4,ema
59,PB10_T5,ema
59,PB10_T6,ema
59,PB10_T7,ema
59,PB10_T8,ema
59,PB10_T9,ema
59,PB11_T1,ema
59,PB11_T10,ema
59,PB11_T11,ema
59,PB11_T12,ema
59,PB11_T2,ema
59,PB11_T3,ema
59,PB11_T4,ema
59,PB11_T5,ema
59,PB11_T6,ema
59,PB11_T7,ema
59,PB11_T8,ema
59,PB11_T9,ema
59,PB12_T1,price_minus_mean
59,PB12_T10,price_minus_mean
59,PB12_T11,price_minus_mean
59,PB12_T12,z_score
59,PB12_T2,price_minus_mean
59,PB12_T3,price_minus_mean
59,PB12_T4,price_minus_mean
59,PB12_T5,price_minus_mean
59,PB12_T6,price_minus_mean
59,PB12_T7,price_minus_mean
59,PB12_T8,price_minus_mean
59,PB12_T9,price_minus_mean
59,PB13_T1,price_minus_mean
59,PB13_T10,price_minus_mean
59,PB13_T11,price_minus_mean
59,PB13_T12,z_score
59,PB13_T2,price_minus_mean
59,PB13_T3,price_minus_mean
59,PB13_T4,price_minus_mean
59,PB13_T5,price_minus_mean
59,PB13_T6,price_minus_mean
59,PB13_T7,price_minus_mean
59,PB13_T8,price_minus_mean
59,PB13_T9,price_minus_mean
59,PB14_T1,z_score
59,PB14_T10,z_score
59,PB14_T11,z_score
59,PB14_T12,z_score
59,PB14_T2,z_score
59,PB14_T3,z_score
59,PB14_T4,z_score
59,PB14_T5,z_score
59,PB14_T6,z_score
59,PB14_T7,z_score
59,PB14_T8,z_score
59,PB14_T9,z_score
59,PB15_T1,z_score
59,PB15_T10,z_score
59,PB15_T11,z_score
59,PB15_T12,z_score
59,PB15_T2,z_score
59,PB15_T3,z_score
59,PB15_T4,z_score
59,PB15_T5,z_score
59,PB15_T6,z_score
59,PB15_T7,z_score
59,PB15_T8,z_score
59,PB15_T9,z_score
59,PB16_T1,z_score
59,PB16_T10,z_score
59,PB16_T11,z_score
59,PB16_T12,z_score
59,PB16_T2,z_score
59,PB16_T3,z_score
59,PB16_T4,z_score
59,PB16_T5,z_score
59,PB16_T6,z_score
59,PB16_T7,z_score
59,PB16_T8,z_score
59,PB16_T9,z_score
59,PB17_T1,z_score
59,PB17_T10,z_score
59,PB17_T11,z_score
59,PB17_T12,z_score
59,PB17_T2,z_score
59,PB17_T3,z_score
59,PB17_T4,z_score
59,PB17_T5,z_score
59,PB17_T6,z_score
59,PB17_T7,z_score
59,PB17_T8,z_score
59,PB17_T9,z_score
59,PB18_T1,z_score
59,PB18_T10,z_score
59,PB18_T11,z_score
59,PB18_T12,z_score
59,PB18_T2,z_score
59,PB18_T3,z_score
59,PB18_T4,z_score
59,PB18_T5,z_score
59,PB18_T6,z_score
59,PB18_T7,z_score
59,PB18_T8,z_score
59,PB18_T9,z_score
59,PB2_T1,z_score
59,PB2_T10,rolling_max
59,PB2_T11,rolling_max
59,PB2_T12,z_score
59,PB2_T2,z_score
59,PB2_T3,z_score
59,PB2_T4,z_score
59,PB2_T5,z_score
59,PB2_T6,z_score
59,PB2_T7,z_score
59,PB2_T8,z_score
59,PB2_T9,ema
59,PB3_T1,z_score
59,PB3_T10,z_score
59,PB3_T11,rolling_std
59,PB3_T12,rolling_max
59,PB3_T2,z_score
59,PB3_T3,z_score
59,PB3_T4,z_score
59,PB3_T5,z_score
59,PB3_T6,z_score
59,PB3_T7,z_score
59,PB3_T8,z_score
59,PB3_T9,z_score
59,PB4_T1,price_minus_mean
59,PB4_T10,price_minus_mean
59,PB4_T11,price_minus_mean
59,PB4_T12,z_score
59,PB4_T2,price_minus_mean
59,PB4_T3,price_minus_mean
59,PB4_T4,price_minus_mean
59,PB4_T5,price_minus_mean
59,PB4_T6,price_minus_mean
59,PB4_T7,price_minus_mean
59,PB4_T8,price_minus_mean
59,PB4_T9,price_minus_mean
59,PB5_T1,price_minus_mean
59,PB5_T10,price_minus_mean
59,PB5_T11,price_minus_mean
59,PB5_T12,z_score
59,PB5_T2,price_minus_mean
59,PB5_T3,price_minus_mean
59,PB5_T4,price_minus_mean
59,PB5_T5,price_minus_mean
59,PB5_T6,price_minus_mean
59,PB5_T7,price_minus_mean
59,PB5_T8,price_minus_mean
59,PB5_T9,price_minus_mean
59,PB6_T1,price_minus_mean
59,PB6_T10,normalized_deviation
59,PB6_T11,rolling_return_mean
59,PB6_T12,distance_from_high
59,PB6_T2,rolling_return_mean
59,PB6_T3,rolling_return_mean
59,PB6_T4,rolling_return_mean
59,PB6_T5,rolling_return_mean
59,PB6_T6,rolling_return_mean
59,PB6_T7,momentum
59,PB6_T8,rolling_return_mean
59,PB6_T9,rolling_return_mean
59,PB7_T1,z_score
59,PB7_T10,z_score
59,PB7_T11,z_score
59,PB7_T12,z_score
59,PB7_T2,z_score
59,PB7_T3,z_score
59,PB7_T4,z_score
59,PB7_T5,z_score
59,PB7_T6,z_score
59,PB7_T7,z_score
59,PB7_T8,z_score
59,PB7_T9,z_score
59,PB8_T1,z_score
59,PB8_T10,z_score
59,PB8_T11,z_score
59,PB8_T12,z_score
59,PB8_T2,z_score
59,PB8_T3,z_score
59,PB8_T4,z_score
59,PB8_T5,z_score
59,PB8_T6,z_score
59,PB8_T7,z_score
59,PB8_T8,z_score
59,PB8_T9,z_score
59,PB9_T1,ema
59,PB9_T10,distance_from_high
59,PB9_T11,distance_from_high
59,PB9_T12,distance_from_high
59,PB9_T2,ema
59,PB9_T3,ema
59,PB9_T4,ema
59,PB9_T5,ema
59,PB9_T6,ema
59,PB9_T7,ema
59,PB9_T8,ema
59,PB9_T9,ema
60,BB1_T1,ema
60,BB1_T10,rolling_mean
60,BB1_T11,rolling_mean
60,BB1_T12,rolling_mean
60,BB1_T2,rolling_mean
60,BB1_T3,rolling_mean
60,BB1_T4,rolling_mean
60,BB1_T5,rolling_mean
60,BB1_T6,rolling_mean
60,BB1_T7,rolling_mean
60,BB1_T8,rolling_mean
60,BB1_T9,rolling_mean
60,BB10_T1,z_score
60,BB10_T10,z_score
60,BB10_T11,z_score
60,BB10_T12,z_score
60,BB10_T2,z_score
60,BB10_T3,z_score
60,BB10_T4,z_score
60,BB10_T5,z_score
60,BB10_T6,z_score
60,BB10_T7,z_score
60,BB10_T8,z_score
60,BB10_T9,z_score
60,BB11_T1,rolling_max
60,BB11_T10,rolling_max
60,BB11_T11,rolling_max
60,BB11_T12,rolling_max
60,BB11_T2,rolling_max
60,BB11_T3,rolling_max
60,BB11_T4,rolling_max
60,BB11_T5,rolling_max
60,BB11_T6,rolling_max
60,BB11_T7,rolling_max
60,BB11_T8,rolling_max
60,BB11_T9,rolling_max
60,BB12_T1,rolling_min
60,BB12_T10,rolling_min
60,BB12_T11,rolling_min
60,BB12_T12,rolling_min
60,BB12_T2,rolling_min
60,BB12_T3,rolling_min
60,BB12_T4,rolling_min
60,BB12_T5,rolling_min
60,BB12_T6,rolling_min
60,BB12_T7,rolling_min
60,BB12_T8,rolling_min
60,BB12_T9,rolling_min
60,BB13_T1,ema
60,BB13_T10,ema
60,BB13_T11,ema
60,BB13_T12,ema
60,BB13_T2,ema
60,BB13_T3,ema
60,BB13_T4,ema
60,BB13_T5,ema
60,BB13_T6,ema
60,BB13_T7,ema
60,BB13_T8,ema
60,BB13_T9,ema
60,BB14_T1,rolling_max
60,BB14_T10,ema
60,BB14_T11,ema
60,BB14_T12,ema
60,BB14_T2,ema
60,BB14_T3,ema
60,BB14_T4,ema
60,BB14_T5,ema
60,BB14_T6,ema
60,BB14_T7,ema
60,BB14_T8,ema
60,BB14_T9,ema
60,BB15_T1,rolling_min
60,BB15_T10,ema
60,BB15_T11,ema
60,BB15_T12,ema
60,BB15_T2,ema
60,BB15_T3,ema
60,BB15_T4,ema
60,BB15_T5,ema
60,BB15_T6,ema
60,BB15_T7,ema
60,BB15_T8,ema
60,BB15_T9,ema
60,BB2_T1,rolling_return_mean
60,BB2_T10,momentum
60,BB2_T11,momentum
60,BB2_T12,momentum
60,BB2_T2,momentum
60,BB2_T3,rolling_return_mean
60,BB2_T4,rolling_return_mean
60,BB2_T5,rolling_return_mean
60,BB2_T6,rolling_return_mean
60,BB2_T7,momentum
60,BB2_T8,rolling_return_mean
60,BB2_T9,rolling_return_mean
60,BB3_T1,price_minus_mean
60,BB3_T10,price_minus_mean
60,BB3_T11,price_minus_mean
60,BB3_T12,price_minus_mean
60,BB3_T2,price_minus_mean
60,BB3_T3,normalized_deviation
60,BB3_T4,normalized_deviation
60,BB3_T5,normalized_deviation
60,BB3_T6,normalized_deviation
60,BB3_T7,normalized_deviation
60,BB3_T8,normalized_deviation
60,BB3_T9,price_minus_mean
60,BB4_T1,rolling_mean
60,BB4_T10,rolling_mean
60,BB4_T11,rolling_mean
60,BB4_T12,rolling_mean
60,BB4_T2,rolling_mean
60,BB4_T3,rolling_mean
60,BB4_T4,rolling_mean
60,BB4_T5,rolling_mean
60,BB4_T6,rolling_mean
60,BB4_T7,rolling_mean
60,BB4_T8,rolling_mean
60,BB4_T9,rolling_mean
60,BB5_T1,ema
60,BB5_T10,ema
60,BB5_T11,ema
60,BB5_T12,ema
60,BB5_T2,ema
60,BB5_T3,ema
60,BB5_T4,ema
60,BB5_T5,ema
60,BB5_T6,ema
60,BB5_T7,ema
60,BB5_T8,ema
60,BB5_T9,ema
60,BB6_T1,rolling_mean
60,BB6_T10,rolling_mean
60,BB6_T11,rolling_mean
60,BB6_T12,rolling_mean
60,BB6_T2,rolling_mean
60,BB6_T3,rolling_mean
60,BB6_T4,rolling_mean
60,BB6_T5,rolling_mean
60,BB6_T6,rolling_mean
60,BB6_T7,rolling_mean
60,BB6_T8,rolling_mean
60,BB6_T9,rolling_mean
60,BB7_T1,rolling_max
60,BB7_T10,rolling_max
60,BB7_T11,rolling_max
60,BB7_T12,distance_from_high
60,BB7_T2,rolling_max
60,BB7_T3,rolling_max
60,BB7_T4,rolling_max
60,BB7_T5,rolling_max
60,BB7_T6,rolling_max
60,BB7_T7,rolling_max
60,BB7_T8,rolling_max
60,BB7_T9,rolling_max
60,BB8_T1,rolling_min
60,BB8_T10,rolling_min
60,BB8_T11,rolling_min
60,BB8_T12,rolling_std
60,BB8_T2,rolling_min
60,BB8_T3,rolling_min
60,BB8_T4,rolling_min
60,BB8_T5,rolling_min
60,BB8_T6,rolling_min
60,BB8_T7,rolling_min
60,BB8_T8,rolling_min
60,BB8_T9,rolling_min
60,BB9_T1,rolling_std
60,BB9_T10,rolling_std
60,BB9_T11,rolling_std
60,BB9_T12,rolling_std
60,BB9_T2,rolling_std
60,BB9_T3,rolling_std
60,BB9_T4,rolling_std
60,BB9_T5,rolling_std
60,BB9_T6,rolling_std
60,BB9_T7,rolling_std
60,BB9_T8,rolling_std
60,BB9_T9,rolling_std
60,PB1_T1,price_minus_mean
60,PB1_T10,price_minus_mean
60,PB1_T11,price_minus_mean
60,PB1_T12,distance_from_high
60,PB1_T2,price_minus_mean
60,PB1_T3,price_minus_mean
60,PB1_T4,price_minus_mean
60,PB1_T5,price_minus_mean
60,PB1_T6,normalized_deviation
60,PB1_T7,price_minus_mean
60,PB1_T8,price_minus_mean
60,PB1_T9,price_minus_mean
60,PB10_T1,ema
60,PB10_T10,ema
60,PB10_T11,rolling_variance
60,PB10_T12,rolling_median
60,PB10_T2,ema
60,PB10_T3,ema
60,PB10_T4,ema
60,PB10_T5,ema
60,PB10_T6,ema
60,PB10_T7,ema
60,PB10_T8,ema
60,PB10_T9,ema
60,PB11_T1,ema
60,PB11_T10,ema
60,PB11_T11,rolling_min
60,PB11_T12,realized_volatility
60,PB11_T2,ema
60,PB11_T3,ema
60,PB11_T4,ema
60,PB11_T5,ema
60,PB11_T6,ema
60,PB11_T7,ema
60,PB11_T8,ema
60,PB11_T9,ema
60,PB12_T1,price_minus_mean
60,PB12_T10,price_minus_mean
60,PB12_T11,price_minus_mean
60,PB12_T12,distance_from_high
60,PB12_T2,price_minus_mean
60,PB12_T3,price_minus_mean
60,PB12_T4,price_minus_mean
60,PB12_T5,price_minus_mean
60,PB12_T6,normalized_deviation
60,PB12_T7,price_minus_mean
60,PB12_T8,price_minus_mean
60,PB12_T9,price_minus_mean
60,PB13_T1,price_minus_mean
60,PB13_T10,price_minus_mean
60,PB13_T11,price_minus_mean
60,PB13_T12,distance_from_high
60,PB13_T2,price_minus_mean
60,PB13_T3,price_minus_mean
60,PB13_T4,price_minus_mean
60,PB13_T5,price_minus_mean
60,PB13_T6,normalized_deviation
60,PB13_T7,price_minus_mean
60,PB13_T8,price_minus_mean
60,PB13_T9,price_minus_mean
60,PB14_T1,z_score
60,PB14_T10,z_score
60,PB14_T11,z_score
60,PB14_T12,price_minus_mean
60,PB14_T2,z_score
60,PB14_T3,z_score
60,PB14_T4,z_score
60,PB14_T5,z_score
60,PB14_T6,z_score
60,PB14_T7,z_score
60,PB14_T8,z_score
60,PB14_T9,z_score
60,PB15_T1,z_score
60,PB15_T10,z_score
60,PB15_T11,distance_from_low
60,PB15_T12,z_score
60,PB15_T2,z_score
60,PB15_T3,z_score
60,PB15_T4,z_score
60,PB15_T5,z_score
60,PB15_T6,z_score
60,PB15_T7,z_score
60,PB15_T8,z_score
60,PB15_T9,z_score
60,PB16_T1,z_score
60,PB16_T10,z_score
60,PB16_T11,distance_from_low
60,PB16_T12,z_score
60,PB16_T2,z_score
60,PB16_T3,z_score
60,PB16_T4,z_score
60,PB16_T5,z_score
60,PB16_T6,z_score
60,PB16_T7,z_score
60,PB16_T8,z_score
60,PB16_T9,z_score
60,PB17_T1,z_score
60,PB17_T10,z_score
60,PB17_T11,distance_from_low
60,PB17_T12,z_score
60,PB17_T2,z_score
60,PB17_T3,z_score
60,PB17_T4,z_score
60,PB17_T5,z_score
60,PB17_T6,z_score
60,PB17_T7,z_score
60,PB17_T8,z_score
60,PB17_T9,z_score
60,PB18_T1,z_score
60,PB18_T10,z_score
60,PB18_T11,z_score
60,PB18_T12,z_score
60,PB18_T2,z_score
60,PB18_T3,z_score
60,PB18_T4,z_score
60,PB18_T5,z_score
60,PB18_T6,z_score
60,PB18_T7,z_score
60,PB18_T8,z_score
60,PB18_T9,z_score
60,PB2_T1,z_score
60,PB2_T10,z_score
60,PB2_T11,z_score
60,PB2_T12,rolling_min
60,PB2_T2,z_score
60,PB2_T3,z_score
60,PB2_T4,z_score
60,PB2_T5,z_score
60,PB2_T6,normalized_deviation
60,PB2_T7,z_score
60,PB2_T8,z_score
60,PB2_T9,z_score
60,PB3_T1,z_score
60,PB3_T10,distance_from_low
60,PB3_T11,rolling_median
60,PB3_T12,rolling_median
60,PB3_T2,z_score
60,PB3_T3,z_score
60,PB3_T4,z_score
60,PB3_T5,z_score
60,PB3_T6,z_score
60,PB3_T7,z_score
60,PB3_T8,z_score
60,PB3_T9,z_score
60,PB4_T1,price_minus_mean
60,PB4_T10,price_minus_mean
60,PB4_T11,price_minus_mean
60,PB4_T12,distance_from_high
60,PB4_T2,price_minus_mean
60,PB4_T3,price_minus_mean
60,PB4_T4,price_minus_mean
60,PB4_T5,price_minus_mean
60,PB4_T6,normalized_deviation
60,PB4_T7,price_minus_mean
60,PB4_T8,price_minus_mean
60,PB4_T9,price_minus_mean
60,PB5_T1,price_minus_mean
60,PB5_T10,price_minus_mean
60,PB5_T11,price_minus_mean
60,PB5_T12,distance_from_high
60,PB5_T2,price_minus_mean
60,PB5_T3,price_minus_mean
60,PB5_T4,price_minus_mean
60,PB5_T5,price_minus_mean
60,PB5_T6,normalized_deviation
60,PB5_T7,price_minus_mean
60,PB5_T8,price_minus_mean
60,PB5_T9,price_minus_mean
60,PB6_T1,normalized_deviation
60,PB6_T10,rolling_std
60,PB6_T11,ema
60,PB6_T12,absolute_return_mean
60,PB6_T2,normalized_deviation
60,PB6_T3,rolling_return_mean
60,PB6_T4,rolling_return_mean
60,PB6_T5,normalized_deviation
60,PB6_T6,rolling_return_mean
60,PB6_T7,rolling_return_mean
60,PB6_T8,momentum
60,PB6_T9,momentum
60,PB7_T1,z_score
60,PB7_T10,z_score
60,PB7_T11,z_score
60,PB7_T12,z_score
60,PB7_T2,z_score
60,PB7_T3,z_score
60,PB7_T4,z_score
60,PB7_T5,z_score
60,PB7_T6,z_score
60,PB7_T7,z_score
60,PB7_T8,z_score
60,PB7_T9,z_score
60,PB8_T1,z_score
60,PB8_T10,z_score
60,PB8_T11,z_score
60,PB8_T12,z_score
60,PB8_T2,z_score
60,PB8_T3,z_score
60,PB8_T4,z_score
60,PB8_T5,z_score
60,PB8_T6,z_score
60,PB8_T7,z_score
60,PB8_T8,z_score
60,PB8_T9,z_score
60,PB9_T1,ema
60,PB9_T10,distance_from_high
60,PB9_T11,distance_from_high
60,PB9_T12,distance_from_high
60,PB9_T2,ema
60,PB9_T3,ema
60,PB9_T4,ema
60,PB9_T5,ema
60,PB9_T6,ema
60,PB9_T7,ema
60,PB9_T8,distance_from_high
60,PB9_T9,distance_from_high
61,BB1_T1,rolling_mean
61,BB1_T10,rolling_mean
61,BB1_T11,rolling_mean
61,BB1_T12,rolling_mean
61,BB1_T2,rolling_mean
61,BB1_T3,rolling_mean
61,BB1_T4,rolling_mean
61,BB1_T5,rolling_mean
61,BB1_T6,rolling_mean
61,BB1_T7,rolling_mean
61,BB1_T8,rolling_mean
61,BB1_T9,rolling_mean
61,BB10_T1,z_score
61,BB10_T10,z_score
61,BB10_T11,z_score
61,BB10_T12,z_score
61,BB10_T2,z_score
61,BB10_T3,z_score
61,BB10_T4,z_score
61,BB10_T5,z_score
61,BB10_T6,z_score
61,BB10_T7,z_score
61,BB10_T8,z_score
61,BB10_T9,z_score
61,BB11_T1,rolling_max
61,BB11_T10,rolling_max
61,BB11_T11,rolling_max
61,BB11_T12,rolling_max
61,BB11_T2,rolling_max
61,BB11_T3,rolling_max
61,BB11_T4,rolling_max
61,BB11_T5,rolling_max
61,BB11_T6,rolling_max
61,BB11_T7,rolling_max
61,BB11_T8,rolling_max
61,BB11_T9,rolling_max
61,BB12_T1,rolling_min
61,BB12_T10,rolling_min
61,BB12_T11,rolling_min
61,BB12_T12,rolling_min
61,BB12_T2,rolling_min
61,BB12_T3,rolling_min
61,BB12_T4,rolling_min
61,BB12_T5,rolling_min
61,BB12_T6,rolling_min
61,BB12_T7,rolling_min
61,BB12_T8,rolling_min
61,BB12_T9,rolling_min
61,BB13_T1,ema
61,BB13_T10,ema
61,BB13_T11,ema
61,BB13_T12,ema
61,BB13_T2,ema
61,BB13_T3,ema
61,BB13_T4,ema
61,BB13_T5,ema
61,BB13_T6,ema
61,BB13_T7,ema
61,BB13_T8,ema
61,BB13_T9,ema
61,BB14_T1,rolling_max
61,BB14_T10,ema
61,BB14_T11,ema
61,BB14_T12,ema
61,BB14_T2,ema
61,BB14_T3,ema
61,BB14_T4,ema
61,BB14_T5,ema
61,BB14_T6,ema
61,BB14_T7,ema
61,BB14_T8,ema
61,BB14_T9,ema
61,BB15_T1,rolling_min
61,BB15_T10,ema
61,BB15_T11,ema
61,BB15_T12,ema
61,BB15_T2,ema
61,BB15_T3,ema
61,BB15_T4,ema
61,BB15_T5,ema
61,BB15_T6,ema
61,BB15_T7,ema
61,BB15_T8,ema
61,BB15_T9,ema
61,BB2_T1,momentum
61,BB2_T10,rolling_return_mean
61,BB2_T11,rolling_return_mean
61,BB2_T12,rolling_return_mean
61,BB2_T2,momentum
61,BB2_T3,rolling_return_mean
61,BB2_T4,momentum
61,BB2_T5,rolling_return_mean
61,BB2_T6,momentum
61,BB2_T7,momentum
61,BB2_T8,rolling_return_mean
61,BB2_T9,rolling_return_mean
61,BB3_T1,price_minus_mean
61,BB3_T10,normalized_deviation
61,BB3_T11,normalized_deviation
61,BB3_T12,price_minus_mean
61,BB3_T2,normalized_deviation
61,BB3_T3,normalized_deviation
61,BB3_T4,normalized_deviation
61,BB3_T5,normalized_deviation
61,BB3_T6,normalized_deviation
61,BB3_T7,normalized_deviation
61,BB3_T8,normalized_deviation
61,BB3_T9,normalized_deviation
61,BB4_T1,rolling_mean
61,BB4_T10,rolling_mean
61,BB4_T11,rolling_mean
61,BB4_T12,rolling_mean
61,BB4_T2,rolling_mean
61,BB4_T3,rolling_mean
61,BB4_T4,rolling_mean
61,BB4_T5,rolling_mean
61,BB4_T6,rolling_mean
61,BB4_T7,rolling_mean
61,BB4_T8,rolling_mean
61,BB4_T9,rolling_mean
61,BB5_T1,ema
61,BB5_T10,ema
61,BB5_T11,ema
61,BB5_T12,ema
61,BB5_T2,ema
61,BB5_T3,ema
61,BB5_T4,ema
61,BB5_T5,ema
61,BB5_T6,ema
61,BB5_T7,ema
61,BB5_T8,ema
61,BB5_T9,ema
61,BB6_T1,rolling_mean
61,BB6_T10,rolling_mean
61,BB6_T11,rolling_mean
61,BB6_T12,rolling_mean
61,BB6_T2,rolling_mean
61,BB6_T3,rolling_mean
61,BB6_T4,rolling_mean
61,BB6_T5,rolling_mean
61,BB6_T6,rolling_mean
61,BB6_T7,rolling_mean
61,BB6_T8,rolling_mean
61,BB6_T9,rolling_mean
61,BB7_T1,rolling_max
61,BB7_T10,rolling_max
61,BB7_T11,rolling_max
61,BB7_T12,rolling_max
61,BB7_T2,rolling_max
61,BB7_T3,rolling_max
61,BB7_T4,rolling_max
61,BB7_T5,rolling_max
61,BB7_T6,rolling_max
61,BB7_T7,rolling_max
61,BB7_T8,rolling_max
61,BB7_T9,rolling_max
61,BB8_T1,rolling_min
61,BB8_T10,rolling_min
61,BB8_T11,rolling_min
61,BB8_T12,rolling_mean
61,BB8_T2,rolling_min
61,BB8_T3,rolling_min
61,BB8_T4,rolling_min
61,BB8_T5,rolling_min
61,BB8_T6,rolling_min
61,BB8_T7,rolling_min
61,BB8_T8,rolling_min
61,BB8_T9,rolling_min
61,BB9_T1,rolling_std
61,BB9_T10,rolling_std
61,BB9_T11,rolling_std
61,BB9_T12,rolling_std
61,BB9_T2,rolling_std
61,BB9_T3,rolling_std
61,BB9_T4,rolling_std
61,BB9_T5,rolling_std
61,BB9_T6,rolling_std
61,BB9_T7,rolling_std
61,BB9_T8,rolling_std
61,BB9_T9,rolling_std
61,PB1_T1,price_minus_mean
61,PB1_T10,z_score
61,PB1_T11,z_score
61,PB1_T12,distance_from_high
61,PB1_T2,price_minus_mean
61,PB1_T3,price_minus_mean
61,PB1_T4,price_minus_mean
61,PB1_T5,price_minus_mean
61,PB1_T6,price_minus_mean
61,PB1_T7,normalized_deviation
61,PB1_T8,normalized_deviation
61,PB1_T9,normalized_deviation
61,PB10_T1,ema
61,PB10_T10,ema
61,PB10_T11,ema
61,PB10_T12,realized_variance
61,PB10_T2,ema
61,PB10_T3,ema
61,PB10_T4,ema
61,PB10_T5,ema
61,PB10_T6,ema
61,PB10_T7,ema
61,PB10_T8,rolling_max
61,PB10_T9,ema
61,PB11_T1,ema
61,PB11_T10,ema
61,PB11_T11,ema
61,PB11_T12,ema
61,PB11_T2,ema
61,PB11_T3,ema
61,PB11_T4,ema
61,PB11_T5,ema
61,PB11_T6,ema
61,PB11_T7,ema
61,PB11_T8,ema
61,PB11_T9,ema
61,PB12_T1,price_minus_mean
61,PB12_T10,z_score
61,PB12_T11,z_score
61,PB12_T12,distance_from_high
61,PB12_T2,price_minus_mean
61,PB12_T3,price_minus_mean
61,PB12_T4,price_minus_mean
61,PB12_T5,price_minus_mean
61,PB12_T6,price_minus_mean
61,PB12_T7,normalized_deviation
61,PB12_T8,normalized_deviation
61,PB12_T9,normalized_deviation
61,PB13_T1,price_minus_mean
61,PB13_T10,z_score
61,PB13_T11,z_score
61,PB13_T12,distance_from_high
61,PB13_T2,price_minus_mean
61,PB13_T3,price_minus_mean
61,PB13_T4,price_minus_mean
61,PB13_T5,price_minus_mean
61,PB13_T6,price_minus_mean
61,PB13_T7,normalized_deviation
61,PB13_T8,normalized_deviation
61,PB13_T9,normalized_deviation
61,PB14_T1,z_score
61,PB14_T10,z_score
61,PB14_T11,z_score
61,PB14_T12,distance_from_high
61,PB14_T2,z_score
61,PB14_T3,z_score
61,PB14_T4,z_score
61,PB14_T5,z_score
61,PB14_T6,z_score
61,PB14_T7,z_score
61,PB14_T8,z_score
61,PB14_T9,z_score
61,PB15_T1,z_score
61,PB15_T10,z_score
61,PB15_T11,z_score
61,PB15_T12,distance_from_high
61,PB15_T2,z_score
61,PB15_T3,z_score
61,PB15_T4,z_score
61,PB15_T5,z_score
61,PB15_T6,z_score
61,PB15_T7,z_score
61,PB15_T8,z_score
61,PB15_T9,distance_from_high
61,PB16_T1,z_score
61,PB16_T10,z_score
61,PB16_T11,z_score
61,PB16_T12,distance_from_high
61,PB16_T2,z_score
61,PB16_T3,z_score
61,PB16_T4,z_score
61,PB16_T5,z_score
61,PB16_T6,z_score
61,PB16_T7,z_score
61,PB16_T8,z_score
61,PB16_T9,distance_from_high
61,PB17_T1,z_score
61,PB17_T10,z_score
61,PB17_T11,z_score
61,PB17_T12,distance_from_high
61,PB17_T2,z_score
61,PB17_T3,z_score
61,PB17_T4,z_score
61,PB17_T5,z_score
61,PB17_T6,z_score
61,PB17_T7,z_score
61,PB17_T8,z_score
61,PB17_T9,distance_from_high
61,PB18_T1,z_score
61,PB18_T10,z_score
61,PB18_T11,z_score
61,PB18_T12,z_score
61,PB18_T2,z_score
61,PB18_T3,z_score
61,PB18_T4,z_score
61,PB18_T5,z_score
61,PB18_T6,z_score
61,PB18_T7,z_score
61,PB18_T8,z_score
61,PB18_T9,z_score
61,PB2_T1,z_score
61,PB2_T10,z_score
61,PB2_T11,rolling_median
61,PB2_T12,z_score
61,PB2_T2,z_score
61,PB2_T3,z_score
61,PB2_T4,z_score
61,PB2_T5,z_score
61,PB2_T6,z_score
61,PB2_T7,z_score
61,PB2_T8,z_score
61,PB2_T9,z_score
61,PB3_T1,z_score
61,PB3_T10,normalized_deviation
61,PB3_T11,normalized_deviation
61,PB3_T12,z_score
61,PB3_T2,z_score
61,PB3_T3,z_score
61,PB3_T4,z_score
61,PB3_T5,z_score
61,PB3_T6,z_score
61,PB3_T7,z_score
61,PB3_T8,z_score
61,PB3_T9,price_minus_mean
61,PB4_T1,price_minus_mean
61,PB4_T10,z_score
61,PB4_T11,z_score
61,PB4_T12,distance_from_high
61,PB4_T2,price_minus_mean
61,PB4_T3,price_minus_mean
61,PB4_T4,price_minus_mean
61,PB4_T5,price_minus_mean
61,PB4_T6,price_minus_mean
61,PB4_T7,normalized_deviation
61,PB4_T8,normalized_deviation
61,PB4_T9,normalized_deviation
61,PB5_T1,price_minus_mean
61,PB5_T10,z_score
61,PB5_T11,z_score
61,PB5_T12,distance_from_high
61,PB5_T2,price_minus_mean
61,PB5_T3,price_minus_mean
61,PB5_T4,price_minus_mean
61,PB5_T5,price_minus_mean
61,PB5_T6,price_minus_mean
61,PB5_T7,normalized_deviation
61,PB5_T8,normalized_deviation
61,PB5_T9,normalized_deviation
61,PB6_T1,price_minus_mean
61,PB6_T10,distance_from_low
61,PB6_T11,distance_from_low
61,PB6_T12,ema
61,PB6_T2,price_minus_mean
61,PB6_T3,rolling_return_mean
61,PB6_T4,rolling_return_mean
61,PB6_T5,momentum
61,PB6_T6,rolling_return_mean
61,PB6_T7,momentum
61,PB6_T8,momentum
61,PB6_T9,price_minus_mean
61,PB7_T1,z_score
61,PB7_T10,z_score
61,PB7_T11,z_score
61,PB7_T12,z_score
61,PB7_T2,z_score
61,PB7_T3,z_score
61,PB7_T4,z_score
61,PB7_T5,z_score
61,PB7_T6,z_score
61,PB7_T7,z_score
61,PB7_T8,z_score
61,PB7_T9,z_score
61,PB8_T1,z_score
61,PB8_T10,z_score
61,PB8_T11,z_score
61,PB8_T12,distance_from_high
61,PB8_T2,z_score
61,PB8_T3,z_score
61,PB8_T4,z_score
61,PB8_T5,z_score
61,PB8_T6,z_score
61,PB8_T7,z_score
61,PB8_T8,z_score
61,PB8_T9,distance_from_high
61,PB9_T1,ema
61,PB9_T10,ema
61,PB9_T11,distance_from_low
61,PB9_T12,price_minus_mean
61,PB9_T2,ema
61,PB9_T3,ema
61,PB9_T4,ema
61,PB9_T5,ema
61,PB9_T6,ema
61,PB9_T7,ema
61,PB9_T8,ema
61,PB9_T9,ema
62,BB1_T1,ema
62,BB1_T10,rolling_mean
62,BB1_T11,rolling_mean
62,BB1_T12,rolling_mean
62,BB1_T2,ema
62,BB1_T3,rolling_mean
62,BB1_T4,rolling_mean
62,BB1_T5,rolling_mean
62,BB1_T6,rolling_mean
62,BB1_T7,rolling_mean
62,BB1_T8,rolling_mean
62,BB1_T9,rolling_mean
62,BB10_T1,z_score
62,BB10_T10,z_score
62,BB10_T11,z_score
62,BB10_T12,z_score
62,BB10_T2,z_score
62,BB10_T3,z_score
62,BB10_T4,z_score
62,BB10_T5,z_score
62,BB10_T6,z_score
62,BB10_T7,z_score
62,BB10_T8,z_score
62,BB10_T9,z_score
62,BB11_T1,rolling_max
62,BB11_T10,rolling_max
62,BB11_T11,rolling_max
62,BB11_T12,rolling_max
62,BB11_T2,rolling_max
62,BB11_T3,rolling_max
62,BB11_T4,rolling_max
62,BB11_T5,rolling_max
62,BB11_T6,rolling_max
62,BB11_T7,rolling_max
62,BB11_T8,rolling_max
62,BB11_T9,rolling_max
62,BB12_T1,rolling_min
62,BB12_T10,rolling_min
62,BB12_T11,rolling_min
62,BB12_T12,rolling_min
62,BB12_T2,rolling_min
62,BB12_T3,rolling_min
62,BB12_T4,rolling_min
62,BB12_T5,rolling_min
62,BB12_T6,rolling_min
62,BB12_T7,rolling_min
62,BB12_T8,rolling_min
62,BB12_T9,rolling_min
62,BB13_T1,ema
62,BB13_T10,ema
62,BB13_T11,ema
62,BB13_T12,ema
62,BB13_T2,ema
62,BB13_T3,ema
62,BB13_T4,ema
62,BB13_T5,ema
62,BB13_T6,ema
62,BB13_T7,ema
62,BB13_T8,ema
62,BB13_T9,ema
62,BB14_T1,rolling_max
62,BB14_T10,ema
62,BB14_T11,ema
62,BB14_T12,ema
62,BB14_T2,ema
62,BB14_T3,ema
62,BB14_T4,ema
62,BB14_T5,ema
62,BB14_T6,ema
62,BB14_T7,ema
62,BB14_T8,ema
62,BB14_T9,ema
62,BB15_T1,rolling_min
62,BB15_T10,ema
62,BB15_T11,ema
62,BB15_T12,ema
62,BB15_T2,ema
62,BB15_T3,ema
62,BB15_T4,ema
62,BB15_T5,ema
62,BB15_T6,ema
62,BB15_T7,ema
62,BB15_T8,ema
62,BB15_T9,ema
62,BB2_T1,rolling_return_mean
62,BB2_T10,momentum
62,BB2_T11,momentum
62,BB2_T12,momentum
62,BB2_T2,rolling_return_mean
62,BB2_T3,rolling_return_mean
62,BB2_T4,rolling_return_mean
62,BB2_T5,rolling_return_mean
62,BB2_T6,rolling_return_mean
62,BB2_T7,momentum
62,BB2_T8,rolling_return_mean
62,BB2_T9,momentum
62,BB3_T1,price_minus_mean
62,BB3_T10,normalized_deviation
62,BB3_T11,normalized_deviation
62,BB3_T12,normalized_deviation
62,BB3_T2,price_minus_mean
62,BB3_T3,price_minus_mean
62,BB3_T4,price_minus_mean
62,BB3_T5,price_minus_mean
62,BB3_T6,price_minus_mean
62,BB3_T7,price_minus_mean
62,BB3_T8,normalized_deviation
62,BB3_T9,normalized_deviation
62,BB4_T1,rolling_mean
62,BB4_T10,rolling_mean
62,BB4_T11,rolling_mean
62,BB4_T12,rolling_mean
62,BB4_T2,rolling_mean
62,BB4_T3,rolling_mean
62,BB4_T4,rolling_mean
62,BB4_T5,rolling_mean
62,BB4_T6,rolling_mean
62,BB4_T7,rolling_mean
62,BB4_T8,rolling_mean
62,BB4_T9,rolling_mean
62,BB5_T1,ema
62,BB5_T10,ema
62,BB5_T11,ema
62,BB5_T12,ema
62,BB5_T2,ema
62,BB5_T3,ema
62,BB5_T4,ema
62,BB5_T5,ema
62,BB5_T6,ema
62,BB5_T7,ema
62,BB5_T8,ema
62,BB5_T9,ema
62,BB6_T1,rolling_mean
62,BB6_T10,rolling_mean
62,BB6_T11,rolling_mean
62,BB6_T12,rolling_mean
62,BB6_T2,rolling_mean
62,BB6_T3,rolling_mean
62,BB6_T4,rolling_mean
62,BB6_T5,rolling_mean
62,BB6_T6,rolling_mean
62,BB6_T7,rolling_mean
62,BB6_T8,rolling_mean
62,BB6_T9,rolling_mean
62,BB7_T1,rolling_max
62,BB7_T10,rolling_max
62,BB7_T11,rolling_max
62,BB7_T12,rolling_max
62,BB7_T2,rolling_max
62,BB7_T3,rolling_max
62,BB7_T4,rolling_max
62,BB7_T5,rolling_max
62,BB7_T6,rolling_max
62,BB7_T7,rolling_max
62,BB7_T8,rolling_max
62,BB7_T9,rolling_max
62,BB8_T1,rolling_min
62,BB8_T10,rolling_min
62,BB8_T11,rolling_min
62,BB8_T12,rolling_min
62,BB8_T2,rolling_min
62,BB8_T3,rolling_min
62,BB8_T4,rolling_min
62,BB8_T5,rolling_min
62,BB8_T6,rolling_min
62,BB8_T7,rolling_min
62,BB8_T8,rolling_min
62,BB8_T9,rolling_min
62,BB9_T1,rolling_std
62,BB9_T10,rolling_std
62,BB9_T11,rolling_std
62,BB9_T12,rolling_std
62,BB9_T2,rolling_std
62,BB9_T3,rolling_std
62,BB9_T4,rolling_std
62,BB9_T5,rolling_std
62,BB9_T6,rolling_std
62,BB9_T7,rolling_std
62,BB9_T8,rolling_std
62,BB9_T9,rolling_std
62,PB1_T1,normalized_deviation
62,PB1_T10,z_score
62,PB1_T11,z_score
62,PB1_T12,distance_from_high
62,PB1_T2,price_minus_mean
62,PB1_T3,price_minus_mean
62,PB1_T4,price_minus_mean
62,PB1_T5,price_minus_mean
62,PB1_T6,price_minus_mean
62,PB1_T7,z_score
62,PB1_T8,z_score
62,PB1_T9,z_score
62,PB10_T1,ema
62,PB10_T10,rolling_max
62,PB10_T11,rolling_max
62,PB10_T12,rolling_max
62,PB10_T2,ema
62,PB10_T3,ema
62,PB10_T4,ema
62,PB10_T5,ema
62,PB10_T6,ema
62,PB10_T7,ema
62,PB10_T8,rolling_max
62,PB10_T9,rolling_max
62,PB11_T1,ema
62,PB11_T10,ema
62,PB11_T11,ema
62,PB11_T12,rolling_median
62,PB11_T2,ema
62,PB11_T3,ema
62,PB11_T4,ema
62,PB11_T5,ema
62,PB11_T6,ema
62,PB11_T7,ema
62,PB11_T8,ema
62,PB11_T9,ema
62,PB12_T1,normalized_deviation
62,PB12_T10,z_score
62,PB12_T11,z_score
62,PB12_T12,distance_from_high
62,PB12_T2,price_minus_mean
62,PB12_T3,price_minus_mean
62,PB12_T4,price_minus_mean
62,PB12_T5,price_minus_mean
62,PB12_T6,price_minus_mean
62,PB12_T7,z_score
62,PB12_T8,z_score
62,PB12_T9,z_score
62,PB13_T1,normalized_deviation
62,PB13_T10,z_score
62,PB13_T11,z_score
62,PB13_T12,distance_from_high
62,PB13_T2,price_minus_mean
62,PB13_T3,price_minus_mean
62,PB13_T4,price_minus_mean
62,PB13_T5,price_minus_mean
62,PB13_T6,price_minus_mean
62,PB13_T7,z_score
62,PB13_T8,z_score
62,PB13_T9,z_score
62,PB14_T1,z_score
62,PB14_T10,z_score
62,PB14_T11,z_score
62,PB14_T12,distance_from_high
62,PB14_T2,z_score
62,PB14_T3,z_score
62,PB14_T4,z_score
62,PB14_T5,z_score
62,PB14_T6,z_score
62,PB14_T7,z_score
62,PB14_T8,z_score
62,PB14_T9,z_score
62,PB15_T1,z_score
62,PB15_T10,distance_from_high
62,PB15_T11,distance_from_high
62,PB15_T12,distance_from_high
62,PB15_T2,z_score
62,PB15_T3,z_score
62,PB15_T4,z_score
62,PB15_T5,z_score
62,PB15_T6,z_score
62,PB15_T7,z_score
62,PB15_T8,distance_from_high
62,PB15_T9,distance_from_high
62,PB16_T1,z_score
62,PB16_T10,distance_from_high
62,PB16_T11,distance_from_high
62,PB16_T12,distance_from_high
62,PB16_T2,z_score
62,PB16_T3,z_score
62,PB16_T4,z_score
62,PB16_T5,z_score
62,PB16_T6,z_score
62,PB16_T7,z_score
62,PB16_T8,distance_from_high
62,PB16_T9,distance_from_high
62,PB17_T1,z_score
62,PB17_T10,distance_from_high
62,PB17_T11,distance_from_high
62,PB17_T12,distance_from_high
62,PB17_T2,z_score
62,PB17_T3,z_score
62,PB17_T4,z_score
62,PB17_T5,z_score
62,PB17_T6,z_score
62,PB17_T7,z_score
62,PB17_T8,distance_from_high
62,PB17_T9,distance_from_high
62,PB18_T1,z_score
62,PB18_T10,distance_from_high
62,PB18_T11,distance_from_high
62,PB18_T12,price_minus_mean
62,PB18_T2,z_score
62,PB18_T3,z_score
62,PB18_T4,z_score
62,PB18_T5,z_score
62,PB18_T6,z_score
62,PB18_T7,z_score
62,PB18_T8,distance_from_high
62,PB18_T9,distance_from_high
62,PB2_T1,z_score
62,PB2_T10,distance_from_high
62,PB2_T11,z_score
62,PB2_T12,distance_from_high
62,PB2_T2,z_score
62,PB2_T3,z_score
62,PB2_T4,z_score
62,PB2_T5,z_score
62,PB2_T6,z_score
62,PB2_T7,z_score
62,PB2_T8,z_score
62,PB2_T9,distance_from_high
62,PB3_T1,z_score
62,PB3_T10,normalized_deviation
62,PB3_T11,distance_from_low
62,PB3_T12,distance_from_low
62,PB3_T2,z_score
62,PB3_T3,z_score
62,PB3_T4,z_score
62,PB3_T5,z_score
62,PB3_T6,z_score
62,PB3_T7,z_score
62,PB3_T8,price_minus_mean
62,PB3_T9,price_minus_mean
62,PB4_T1,normalized_deviation
62,PB4_T10,z_score
62,PB4_T11,z_score
62,PB4_T12,distance_from_high
62,PB4_T2,price_minus_mean
62,PB4_T3,price_minus_mean
62,PB4_T4,price_minus_mean
62,PB4_T5,price_minus_mean
62,PB4_T6,price_minus_mean
62,PB4_T7,z_score
62,PB4_T8,z_score
62,PB4_T9,z_score
62,PB5_T1,normalized_deviation
62,PB5_T10,z_score
62,PB5_T11,z_score
62,PB5_T12,distance_from_high
62,PB5_T2,price_minus_mean
62,PB5_T3,price_minus_mean
62,PB5_T4,price_minus_mean
62,PB5_T5,price_minus_mean
62,PB5_T6,price_minus_mean
62,PB5_T7,z_score
62,PB5_T8,z_score
62,PB5_T9,z_score
62,PB6_T1,price_minus_mean
62,PB6_T10,rolling_variance
62,PB6_T11,rolling_variance
62,PB6_T12,downside_volatility
62,PB6_T2,rolling_return_mean
62,PB6_T3,momentum
62,PB6_T4,rolling_return_mean
62,PB6_T5,rolling_return_mean
62,PB6_T6,rolling_return_mean
62,PB6_T7,rolling_return_mean
62,PB6_T8,distance_from_low
62,PB6_T9,rolling_variance
62,PB7_T1,z_score
62,PB7_T10,distance_from_high
62,PB7_T11,distance_from_high
62,PB7_T12,normalized_deviation
62,PB7_T2,z_score
62,PB7_T3,z_score
62,PB7_T4,z_score
62,PB7_T5,z_score
62,PB7_T6,z_score
62,PB7_T7,z_score
62,PB7_T8,distance_from_high
62,PB7_T9,distance_from_high
62,PB8_T1,z_score
62,PB8_T10,distance_from_high
62,PB8_T11,distance_from_high
62,PB8_T12,price_minus_mean
62,PB8_T2,z_score
62,PB8_T3,z_score
62,PB8_T4,z_score
62,PB8_T5,z_score
62,PB8_T6,z_score
62,PB8_T7,z_score
62,PB8_T8,distance_from_high
62,PB8_T9,distance_from_high
62,PB9_T1,ema
62,PB9_T10,rolling_max
62,PB9_T11,rolling_max
62,PB9_T12,rolling_max
62,PB9_T2,ema
62,PB9_T3,ema
62,PB9_T4,ema
62,PB9_T5,ema
62,PB9_T6,ema
62,PB9_T7,ema
62,PB9_T8,ema
62,PB9_T9,rolling_max
63,BB1_T1,rolling_mean
63,BB1_T10,rolling_mean
63,BB1_T11,rolling_mean
63,BB1_T12,ema
63,BB1_T2,ema
63,BB1_T3,ema
63,BB1_T4,ema
63,BB1_T5,ema
63,BB1_T6,rolling_mean
63,BB1_T7,rolling_mean
63,BB1_T8,rolling_mean
63,BB1_T9,rolling_mean
63,BB10_T1,z_score
63,BB10_T10,z_score
63,BB10_T11,z_score
63,BB10_T12,z_score
63,BB10_T2,z_score
63,BB10_T3,z_score
63,BB10_T4,z_score
63,BB10_T5,z_score
63,BB10_T6,z_score
63,BB10_T7,z_score
63,BB10_T8,z_score
63,BB10_T9,z_score
63,BB11_T1,rolling_max
63,BB11_T10,rolling_max
63,BB11_T11,rolling_max
63,BB11_T12,rolling_max
63,BB11_T2,rolling_max
63,BB11_T3,rolling_max
63,BB11_T4,rolling_max
63,BB11_T5,rolling_max
63,BB11_T6,rolling_max
63,BB11_T7,rolling_max
63,BB11_T8,rolling_max
63,BB11_T9,rolling_max
63,BB12_T1,rolling_min
63,BB12_T10,rolling_min
63,BB12_T11,rolling_min
63,BB12_T12,rolling_min
63,BB12_T2,rolling_min
63,BB12_T3,rolling_min
63,BB12_T4,rolling_min
63,BB12_T5,rolling_min
63,BB12_T6,rolling_min
63,BB12_T7,rolling_min
63,BB12_T8,rolling_min
63,BB12_T9,rolling_min
63,BB13_T1,ema
63,BB13_T10,ema
63,BB13_T11,ema
63,BB13_T12,ema
63,BB13_T2,ema
63,BB13_T3,ema
63,BB13_T4,ema
63,BB13_T5,ema
63,BB13_T6,ema
63,BB13_T7,ema
63,BB13_T8,ema
63,BB13_T9,ema
63,BB14_T1,rolling_max
63,BB14_T10,ema
63,BB14_T11,ema
63,BB14_T12,ema
63,BB14_T2,ema
63,BB14_T3,ema
63,BB14_T4,ema
63,BB14_T5,ema
63,BB14_T6,ema
63,BB14_T7,ema
63,BB14_T8,ema
63,BB14_T9,ema
63,BB15_T1,rolling_min
63,BB15_T10,ema
63,BB15_T11,ema
63,BB15_T12,ema
63,BB15_T2,ema
63,BB15_T3,ema
63,BB15_T4,ema
63,BB15_T5,ema
63,BB15_T6,ema
63,BB15_T7,ema
63,BB15_T8,ema
63,BB15_T9,ema
63,BB2_T1,rolling_return_mean
63,BB2_T10,momentum
63,BB2_T11,momentum
63,BB2_T12,rolling_return_mean
63,BB2_T2,rolling_return_mean
63,BB2_T3,rolling_return_mean
63,BB2_T4,rolling_return_mean
63,BB2_T5,rolling_return_mean
63,BB2_T6,rolling_return_mean
63,BB2_T7,momentum
63,BB2_T8,momentum
63,BB2_T9,momentum
63,BB3_T1,price_minus_mean
63,BB3_T10,normalized_deviation
63,BB3_T11,normalized_deviation
63,BB3_T12,price_minus_mean
63,BB3_T2,normalized_deviation
63,BB3_T3,normalized_deviation
63,BB3_T4,normalized_deviation
63,BB3_T5,normalized_deviation
63,BB3_T6,normalized_deviation
63,BB3_T7,normalized_deviation
63,BB3_T8,normalized_deviation
63,BB3_T9,normalized_deviation
63,BB4_T1,rolling_mean
63,BB4_T10,rolling_mean
63,BB4_T11,rolling_mean
63,BB4_T12,rolling_mean
63,BB4_T2,rolling_mean
63,BB4_T3,rolling_mean
63,BB4_T4,rolling_mean
63,BB4_T5,rolling_mean
63,BB4_T6,rolling_mean
63,BB4_T7,rolling_mean
63,BB4_T8,rolling_mean
63,BB4_T9,rolling_mean
63,BB5_T1,ema
63,BB5_T10,ema
63,BB5_T11,ema
63,BB5_T12,ema
63,BB5_T2,ema
63,BB5_T3,ema
63,BB5_T4,ema
63,BB5_T5,ema
63,BB5_T6,ema
63,BB5_T7,ema
63,BB5_T8,ema
63,BB5_T9,ema
63,BB6_T1,rolling_mean
63,BB6_T10,rolling_mean
63,BB6_T11,rolling_mean
63,BB6_T12,rolling_mean
63,BB6_T2,rolling_mean
63,BB6_T3,rolling_mean
63,BB6_T4,rolling_mean
63,BB6_T5,rolling_mean
63,BB6_T6,rolling_mean
63,BB6_T7,rolling_mean
63,BB6_T8,rolling_mean
63,BB6_T9,rolling_mean
63,BB7_T1,rolling_max
63,BB7_T10,rolling_max
63,BB7_T11,rolling_max
63,BB7_T12,rolling_max
63,BB7_T2,rolling_max
63,BB7_T3,rolling_max
63,BB7_T4,rolling_max
63,BB7_T5,rolling_max
63,BB7_T6,rolling_max
63,BB7_T7,rolling_max
63,BB7_T8,rolling_max
63,BB7_T9,rolling_max
63,BB8_T1,rolling_min
63,BB8_T10,ema
63,BB8_T11,ema
63,BB8_T12,ema
63,BB8_T2,rolling_min
63,BB8_T3,rolling_min
63,BB8_T4,rolling_min
63,BB8_T5,rolling_min
63,BB8_T6,rolling_min
63,BB8_T7,rolling_min
63,BB8_T8,rolling_min
63,BB8_T9,rolling_min
63,BB9_T1,rolling_std
63,BB9_T10,rolling_std
63,BB9_T11,rolling_std
63,BB9_T12,rolling_std
63,BB9_T2,rolling_std
63,BB9_T3,rolling_std
63,BB9_T4,rolling_std
63,BB9_T5,rolling_std
63,BB9_T6,rolling_std
63,BB9_T7,rolling_std
63,BB9_T8,rolling_std
63,BB9_T9,rolling_std
63,PB1_T1,price_minus_mean
63,PB1_T10,price_minus_mean
63,PB1_T11,z_score
63,PB1_T12,distance_from_high
63,PB1_T2,price_minus_mean
63,PB1_T3,price_minus_mean
63,PB1_T4,price_minus_mean
63,PB1_T5,price_minus_mean
63,PB1_T6,normalized_deviation
63,PB1_T7,price_minus_mean
63,PB1_T8,price_minus_mean
63,PB1_T9,price_minus_mean
63,PB10_T1,ema
63,PB10_T10,ema
63,PB10_T11,ema
63,PB10_T12,rolling_std
63,PB10_T2,ema
63,PB10_T3,ema
63,PB10_T4,ema
63,PB10_T5,ema
63,PB10_T6,ema
63,PB10_T7,ema
63,PB10_T8,ema
63,PB10_T9,ema
63,PB11_T1,ema
63,PB11_T10,ema
63,PB11_T11,rolling_return_mean
63,PB11_T12,ema
63,PB11_T2,ema
63,PB11_T3,ema
63,PB11_T4,ema
63,PB11_T5,ema
63,PB11_T6,ema
63,PB11_T7,rolling_min
63,PB11_T8,ema
63,PB11_T9,ema
63,PB12_T1,price_minus_mean
63,PB12_T10,price_minus_mean
63,PB12_T11,z_score
63,PB12_T12,distance_from_high
63,PB12_T2,price_minus_mean
63,PB12_T3,price_minus_mean
63,PB12_T4,price_minus_mean
63,PB12_T5,price_minus_mean
63,PB12_T6,normalized_deviation
63,PB12_T7,price_minus_mean
63,PB12_T8,price_minus_mean
63,PB12_T9,price_minus_mean
63,PB13_T1,price_minus_mean
63,PB13_T10,price_minus_mean
63,PB13_T11,z_score
63,PB13_T12,distance_from_high
63,PB13_T2,price_minus_mean
63,PB13_T3,price_minus_mean
63,PB13_T4,price_minus_mean
63,PB13_T5,price_minus_mean
63,PB13_T6,normalized_deviation
63,PB13_T7,price_minus_mean
63,PB13_T8,price_minus_mean
63,PB13_T9,price_minus_mean
63,PB14_T1,z_score
63,PB14_T10,z_score
63,PB14_T11,z_score
63,PB14_T12,distance_from_high
63,PB14_T2,z_score
63,PB14_T3,z_score
63,PB14_T4,z_score
63,PB14_T5,z_score
63,PB14_T6,z_score
63,PB14_T7,z_score
63,PB14_T8,z_score
63,PB14_T9,z_score
63,PB15_T1,z_score
63,PB15_T10,z_score
63,PB15_T11,rolling_mean
63,PB15_T12,rolling_std
63,PB15_T2,z_score
63,PB15_T3,z_score
63,PB15_T4,z_score
63,PB15_T5,z_score
63,PB15_T6,z_score
63,PB15_T7,z_score
63,PB15_T8,z_score
63,PB15_T9,z_score
63,PB16_T1,z_score
63,PB16_T10,z_score
63,PB16_T11,rolling_mean
63,PB16_T12,rolling_std
63,PB16_T2,z_score
63,PB16_T3,z_score
63,PB16_T4,z_score
63,PB16_T5,z_score
63,PB16_T6,z_score
63,PB16_T7,z_score
63,PB16_T8,z_score
63,PB16_T9,z_score
63,PB17_T1,z_score
63,PB17_T10,z_score
63,PB17_T11,rolling_mean
63,PB17_T12,rolling_std
63,PB17_T2,z_score
63,PB17_T3,z_score
63,PB17_T4,z_score
63,PB17_T5,z_score
63,PB17_T6,z_score
63,PB17_T7,z_score
63,PB17_T8,z_score
63,PB17_T9,z_score
63,PB18_T1,z_score
63,PB18_T10,z_score
63,PB18_T11,rolling_mean
63,PB18_T12,rolling_std
63,PB18_T2,z_score
63,PB18_T3,z_score
63,PB18_T4,z_score
63,PB18_T5,z_score
63,PB18_T6,z_score
63,PB18_T7,z_score
63,PB18_T8,z_score
63,PB18_T9,z_score
63,PB2_T1,z_score
63,PB2_T10,ema
63,PB2_T11,ema
63,PB2_T12,absolute_return_mean
63,PB2_T2,z_score
63,PB2_T3,z_score
63,PB2_T4,z_score
63,PB2_T5,z_score
63,PB2_T6,z_score
63,PB2_T7,z_score
63,PB2_T8,z_score
63,PB2_T9,ema
63,PB3_T1,z_score
63,PB3_T10,distance_from_low
63,PB3_T11,distance_from_low
63,PB3_T12,rolling_std
63,PB3_T2,z_score
63,PB3_T3,z_score
63,PB3_T4,z_score
63,PB3_T5,z_score
63,PB3_T6,z_score
63,PB3_T7,z_score
63,PB3_T8,z_score
63,PB3_T9,price_minus_mean
63,PB4_T1,price_minus_mean
63,PB4_T10,price_minus_mean
63,PB4_T11,z_score
63,PB4_T12,distance_from_high
63,PB4_T2,price_minus_mean
63,PB4_T3,price_minus_mean
63,PB4_T4,price_minus_mean
63,PB4_T5,price_minus_mean
63,PB4_T6,normalized_deviation
63,PB4_T7,price_minus_mean
63,PB4_T8,price_minus_mean
63,PB4_T9,price_minus_mean
63,PB5_T1,price_minus_mean
63,PB5_T10,price_minus_mean
63,PB5_T11,z_score
63,PB5_T12,distance_from_high
63,PB5_T2,price_minus_mean
63,PB5_T3,price_minus_mean
63,PB5_T4,price_minus_mean
63,PB5_T5,price_minus_mean
63,PB5_T6,normalized_deviation
63,PB5_T7,price_minus_mean
63,PB5_T8,price_minus_mean
63,PB5_T9,price_minus_mean
63,PB6_T1,price_minus_mean
63,PB6_T10,rolling_return_mean
63,PB6_T11,rolling_return_mean
63,PB6_T12,ema
63,PB6_T2,rolling_return_mean
63,PB6_T3,momentum
63,PB6_T4,momentum
63,PB6_T5,rolling_return_mean
63,PB6_T6,rolling_return_mean
63,PB6_T7,momentum
63,PB6_T8,rolling_return_mean
63,PB6_T9,rolling_return_mean
63,PB7_T1,z_score
63,PB7_T10,z_score
63,PB7_T11,rolling_mean
63,PB7_T12,rolling_std
63,PB7_T2,z_score
63,PB7_T3,z_score
63,PB7_T4,z_score
63,PB7_T5,z_score
63,PB7_T6,z_score
63,PB7_T7,z_score
63,PB7_T8,z_score
63,PB7_T9,z_score
63,PB8_T1,z_score
63,PB8_T10,z_score
63,PB8_T11,rolling_mean
63,PB8_T12,rolling_std
63,PB8_T2,z_score
63,PB8_T3,z_score
63,PB8_T4,z_score
63,PB8_T5,z_score
63,PB8_T6,z_score
63,PB8_T7,z_score
63,PB8_T8,z_score
63,PB8_T9,z_score
63,PB9_T1,ema
63,PB9_T10,distance_from_high
63,PB9_T11,rolling_return_mean
63,PB9_T12,distance_from_high
63,PB9_T2,ema
63,PB9_T3,ema
63,PB9_T4,ema
63,PB9_T5,ema
63,PB9_T6,ema
63,PB9_T7,ema
63,PB9_T8,ema
63,PB9_T9,ema
64,BB1_T1,ema
64,BB1_T10,rolling_mean
64,BB1_T11,rolling_mean
64,BB1_T12,rolling_mean
64,BB1_T2,rolling_mean
64,BB1_T3,rolling_mean
64,BB1_T4,rolling_mean
64,BB1_T5,rolling_mean
64,BB1_T6,rolling_mean
64,BB1_T7,rolling_mean
64,BB1_T8,rolling_mean
64,BB1_T9,rolling_mean
64,BB10_T1,z_score
64,BB10_T10,z_score
64,BB10_T11,z_score
64,BB10_T12,z_score
64,BB10_T2,z_score
64,BB10_T3,z_score
64,BB10_T4,z_score
64,BB10_T5,z_score
64,BB10_T6,z_score
64,BB10_T7,z_score
64,BB10_T8,z_score
64,BB10_T9,z_score
64,BB11_T1,rolling_max
64,BB11_T10,rolling_max
64,BB11_T11,rolling_max
64,BB11_T12,rolling_max
64,BB11_T2,rolling_max
64,BB11_T3,rolling_max
64,BB11_T4,rolling_max
64,BB11_T5,rolling_max
64,BB11_T6,rolling_max
64,BB11_T7,rolling_max
64,BB11_T8,rolling_max
64,BB11_T9,rolling_max
64,BB12_T1,rolling_min
64,BB12_T10,rolling_min
64,BB12_T11,rolling_min
64,BB12_T12,rolling_min
64,BB12_T2,rolling_min
64,BB12_T3,rolling_min
64,BB12_T4,rolling_min
64,BB12_T5,rolling_min
64,BB12_T6,rolling_min
64,BB12_T7,rolling_min
64,BB12_T8,rolling_min
64,BB12_T9,rolling_min
64,BB13_T1,ema
64,BB13_T10,ema
64,BB13_T11,ema
64,BB13_T12,ema
64,BB13_T2,ema
64,BB13_T3,ema
64,BB13_T4,ema
64,BB13_T5,ema
64,BB13_T6,ema
64,BB13_T7,ema
64,BB13_T8,ema
64,BB13_T9,ema
64,BB14_T1,rolling_max
64,BB14_T10,ema
64,BB14_T11,ema
64,BB14_T12,ema
64,BB14_T2,ema
64,BB14_T3,ema
64,BB14_T4,ema
64,BB14_T5,ema
64,BB14_T6,ema
64,BB14_T7,ema
64,BB14_T8,ema
64,BB14_T9,ema
64,BB15_T1,rolling_min
64,BB15_T10,ema
64,BB15_T11,ema
64,BB15_T12,ema
64,BB15_T2,ema
64,BB15_T3,ema
64,BB15_T4,ema
64,BB15_T5,ema
64,BB15_T6,ema
64,BB15_T7,ema
64,BB15_T8,ema
64,BB15_T9,ema
64,BB2_T1,rolling_return_mean
64,BB2_T10,rolling_return_mean
64,BB2_T11,rolling_return_mean
64,BB2_T12,momentum
64,BB2_T2,momentum
64,BB2_T3,momentum
64,BB2_T4,momentum
64,BB2_T5,momentum
64,BB2_T6,momentum
64,BB2_T7,rolling_return_mean
64,BB2_T8,rolling_return_mean
64,BB2_T9,rolling_return_mean
64,BB3_T1,price_minus_mean
64,BB3_T10,price_minus_mean
64,BB3_T11,price_minus_mean
64,BB3_T12,price_minus_mean
64,BB3_T2,normalized_deviation
64,BB3_T3,price_minus_mean
64,BB3_T4,price_minus_mean
64,BB3_T5,price_minus_mean
64,BB3_T6,price_minus_mean
64,BB3_T7,price_minus_mean
64,BB3_T8,price_minus_mean
64,BB3_T9,price_minus_mean
64,BB4_T1,rolling_mean
64,BB4_T10,rolling_mean
64,BB4_T11,rolling_mean
64,BB4_T12,rolling_mean
64,BB4_T2,rolling_mean
64,BB4_T3,rolling_mean
64,BB4_T4,rolling_mean
64,BB4_T5,rolling_mean
64,BB4_T6,rolling_mean
64,BB4_T7,rolling_mean
64,BB4_T8,rolling_mean
64,BB4_T9,rolling_mean
64,BB5_T1,ema
64,BB5_T10,ema
64,BB5_T11,ema
64,BB5_T12,ema
64,BB5_T2,ema
64,BB5_T3,ema
64,BB5_T4,ema
64,BB5_T5,ema
64,BB5_T6,ema
64,BB5_T7,ema
64,BB5_T8,ema
64,BB5_T9,ema
64,BB6_T1,rolling_mean
64,BB6_T10,rolling_mean
64,BB6_T11,rolling_mean
64,BB6_T12,rolling_mean
64,BB6_T2,rolling_mean
64,BB6_T3,rolling_mean
64,BB6_T4,rolling_mean
64,BB6_T5,rolling_mean
64,BB6_T6,rolling_mean
64,BB6_T7,rolling_mean
64,BB6_T8,rolling_mean
64,BB6_T9,rolling_mean
64,BB7_T1,rolling_max
64,BB7_T10,rolling_max
64,BB7_T11,ema
64,BB7_T12,rolling_median
64,BB7_T2,rolling_max
64,BB7_T3,rolling_max
64,BB7_T4,rolling_max
64,BB7_T5,rolling_max
64,BB7_T6,rolling_max
64,BB7_T7,rolling_max
64,BB7_T8,rolling_max
64,BB7_T9,rolling_max
64,BB8_T1,rolling_min
64,BB8_T10,rolling_min
64,BB8_T11,rolling_mean
64,BB8_T12,rolling_mean
64,BB8_T2,rolling_min
64,BB8_T3,rolling_min
64,BB8_T4,rolling_min
64,BB8_T5,rolling_min
64,BB8_T6,rolling_min
64,BB8_T7,rolling_min
64,BB8_T8,rolling_min
64,BB8_T9,rolling_min
64,BB9_T1,rolling_std
64,BB9_T10,rolling_std
64,BB9_T11,rolling_std
64,BB9_T12,rolling_std
64,BB9_T2,rolling_std
64,BB9_T3,rolling_std
64,BB9_T4,rolling_std
64,BB9_T5,rolling_std
64,BB9_T6,rolling_std
64,BB9_T7,rolling_std
64,BB9_T8,rolling_std
64,BB9_T9,rolling_std
64,PB1_T1,normalized_deviation
64,PB1_T10,z_score
64,PB1_T11,z_score
64,PB1_T12,z_score
64,PB1_T2,price_minus_mean
64,PB1_T3,normalized_deviation
64,PB1_T4,price_minus_mean
64,PB1_T5,price_minus_mean
64,PB1_T6,price_minus_mean
64,PB1_T7,price_minus_mean
64,PB1_T8,normalized_deviation
64,PB1_T9,z_score
64,PB10_T1,ema
64,PB10_T10,ema
64,PB10_T11,ema
64,PB10_T12,ema
64,PB10_T2,ema
64,PB10_T3,ema
64,PB10_T4,ema
64,PB10_T5,ema
64,PB10_T6,ema
64,PB10_T7,ema
64,PB10_T8,ema
64,PB10_T9,ema
64,PB11_T1,ema
64,PB11_T10,rolling_min
64,PB11_T11,rolling_min
64,PB11_T12,downside_volatility
64,PB11_T2,ema
64,PB11_T3,ema
64,PB11_T4,ema
64,PB11_T5,ema
64,PB11_T6,ema
64,PB11_T7,ema
64,PB11_T8,ema
64,PB11_T9,ema
64,PB12_T1,normalized_deviation
64,PB12_T10,z_score
64,PB12_T11,z_score
64,PB12_T12,z_score
64,PB12_T2,price_minus_mean
64,PB12_T3,normalized_deviation
64,PB12_T4,price_minus_mean
64,PB12_T5,price_minus_mean
64,PB12_T6,price_minus_mean
64,PB12_T7,price_minus_mean
64,PB12_T8,normalized_deviation
64,PB12_T9,z_score
64,PB13_T1,normalized_deviation
64,PB13_T10,z_score
64,PB13_T11,z_score
64,PB13_T12,z_score
64,PB13_T2,price_minus_mean
64,PB13_T3,normalized_deviation
64,PB13_T4,price_minus_mean
64,PB13_T5,price_minus_mean
64,PB13_T6,price_minus_mean
64,PB13_T7,price_minus_mean
64,PB13_T8,normalized_deviation
64,PB13_T9,z_score
64,PB14_T1,z_score
64,PB14_T10,z_score
64,PB14_T11,z_score
64,PB14_T12,z_score
64,PB14_T2,z_score
64,PB14_T3,z_score
64,PB14_T4,z_score
64,PB14_T5,z_score
64,PB14_T6,z_score
64,PB14_T7,z_score
64,PB14_T8,z_score
64,PB14_T9,z_score
64,PB15_T1,z_score
64,PB15_T10,distance_from_low
64,PB15_T11,distance_from_low
64,PB15_T12,z_score
64,PB15_T2,z_score
64,PB15_T3,z_score
64,PB15_T4,z_score
64,PB15_T5,z_score
64,PB15_T6,z_score
64,PB15_T7,z_score
64,PB15_T8,z_score
64,PB15_T9,z_score
64,PB16_T1,z_score
64,PB16_T10,distance_from_low
64,PB16_T11,distance_from_low
64,PB16_T12,z_score
64,PB16_T2,z_score
64,PB16_T3,z_score
64,PB16_T4,z_score
64,PB16_T5,z_score
64,PB16_T6,z_score
64,PB16_T7,z_score
64,PB16_T8,z_score
64,PB16_T9,z_score
64,PB17_T1,z_score
64,PB17_T10,distance_from_low
64,PB17_T11,distance_from_low
64,PB17_T12,z_score
64,PB17_T2,z_score
64,PB17_T3,z_score
64,PB17_T4,z_score
64,PB17_T5,z_score
64,PB17_T6,z_score
64,PB17_T7,z_score
64,PB17_T8,z_score
64,PB17_T9,z_score
64,PB18_T1,z_score
64,PB18_T10,distance_from_low
64,PB18_T11,distance_from_low
64,PB18_T12,z_score
64,PB18_T2,z_score
64,PB18_T3,z_score
64,PB18_T4,z_score
64,PB18_T5,z_score
64,PB18_T6,z_score
64,PB18_T7,z_score
64,PB18_T8,z_score
64,PB18_T9,z_score
64,PB2_T1,z_score
64,PB2_T10,distance_from_low
64,PB2_T11,distance_from_low
64,PB2_T12,downside_volatility
64,PB2_T2,z_score
64,PB2_T3,z_score
64,PB2_T4,z_score
64,PB2_T5,z_score
64,PB2_T6,z_score
64,PB2_T7,z_score
64,PB2_T8,z_score
64,PB2_T9,z_score
64,PB3_T1,z_score
64,PB3_T10,realized_variance
64,PB3_T11,realized_variance
64,PB3_T12,downside_volatility
64,PB3_T2,z_score
64,PB3_T3,z_score
64,PB3_T4,z_score
64,PB3_T5,z_score
64,PB3_T6,z_score
64,PB3_T7,z_score
64,PB3_T8,distance_from_high
64,PB3_T9,distance_from_high
64,PB4_T1,normalized_deviation
64,PB4_T10,z_score
64,PB4_T11,z_score
64,PB4_T12,z_score
64,PB4_T2,price_minus_mean
64,PB4_T3,normalized_deviation
64,PB4_T4,price_minus_mean
64,PB4_T5,price_minus_mean
64,PB4_T6,price_minus_mean
64,PB4_T7,price_minus_mean
64,PB4_T8,normalized_deviation
64,PB4_T9,z_score
64,PB5_T1,normalized_deviation
64,PB5_T10,z_score
64,PB5_T11,z_score
64,PB5_T12,z_score
64,PB5_T2,price_minus_mean
64,PB5_T3,normalized_deviation
64,PB5_T4,price_minus_mean
64,PB5_T5,price_minus_mean
64,PB5_T6,price_minus_mean
64,PB5_T7,price_minus_mean
64,PB5_T8,normalized_deviation
64,PB5_T9,z_score
64,PB6_T1,price_minus_mean
64,PB6_T10,rolling_min
64,PB6_T11,rolling_min
64,PB6_T12,rolling_std
64,PB6_T2,price_minus_mean
64,PB6_T3,momentum
64,PB6_T4,rolling_return_mean
64,PB6_T5,rolling_return_mean
64,PB6_T6,rolling_return_mean
64,PB6_T7,rolling_return_mean
64,PB6_T8,rolling_return_mean
64,PB6_T9,momentum
64,PB7_T1,z_score
64,PB7_T10,distance_from_low
64,PB7_T11,distance_from_low
64,PB7_T12,z_score
64,PB7_T2,z_score
64,PB7_T3,z_score
64,PB7_T4,z_score
64,PB7_T5,z_score
64,PB7_T6,z_score
64,PB7_T7,z_score
64,PB7_T8,z_score
64,PB7_T9,z_score
64,PB8_T1,z_score
64,PB8_T10,distance_from_low
64,PB8_T11,distance_from_low
64,PB8_T12,z_score
64,PB8_T2,z_score
64,PB8_T3,z_score
64,PB8_T4,z_score
64,PB8_T5,z_score
64,PB8_T6,z_score
64,PB8_T7,z_score
64,PB8_T8,z_score
64,PB8_T9,z_score
64,PB9_T1,ema
64,PB9_T10,z_score
64,PB9_T11,normalized_deviation
64,PB9_T12,distance_from_low
64,PB9_T2,ema
64,PB9_T3,ema
64,PB9_T4,ema
64,PB9_T5,ema
64,PB9_T6,ema
64,PB9_T7,ema
64,PB9_T8,ema
64,PB9_T9,ema
80,BB1_T1,ema
80,BB1_T10,rolling_mean
80,BB1_T11,rolling_mean
80,BB1_T12,ema
80,BB1_T2,ema
80,BB1_T3,rolling_mean
80,BB1_T4,rolling_mean
80,BB1_T5,rolling_mean
80,BB1_T6,rolling_mean
80,BB1_T7,rolling_mean
80,BB1_T8,rolling_mean
80,BB1_T9,rolling_mean
80,BB10_T1,z_score
80,BB10_T10,z_score
80,BB10_T11,z_score
80,BB10_T12,z_score
80,BB10_T2,z_score
80,BB10_T3,z_score
80,BB10_T4,z_score
80,BB10_T5,z_score
80,BB10_T6,z_score
80,BB10_T7,z_score
80,BB10_T8,z_score
80,BB10_T9,z_score
80,BB11_T1,rolling_max
80,BB11_T10,rolling_max
80,BB11_T11,rolling_max
80,BB11_T12,rolling_max
80,BB11_T2,rolling_max
80,BB11_T3,rolling_max
80,BB11_T4,rolling_max
80,BB11_T5,rolling_max
80,BB11_T6,rolling_max
80,BB11_T7,rolling_max
80,BB11_T8,rolling_max
80,BB11_T9,rolling_max
80,BB12_T1,rolling_min
80,BB12_T10,rolling_min
80,BB12_T11,rolling_min
80,BB12_T12,rolling_min
80,BB12_T2,rolling_min
80,BB12_T3,rolling_min
80,BB12_T4,rolling_min
80,BB12_T5,rolling_min
80,BB12_T6,rolling_min
80,BB12_T7,rolling_min
80,BB12_T8,rolling_min
80,BB12_T9,rolling_min
80,BB13_T1,ema
80,BB13_T10,ema
80,BB13_T11,ema
80,BB13_T12,ema
80,BB13_T2,ema
80,BB13_T3,ema
80,BB13_T4,ema
80,BB13_T5,ema
80,BB13_T6,ema
80,BB13_T7,ema
80,BB13_T8,ema
80,BB13_T9,ema
80,BB14_T1,rolling_max
80,BB14_T10,ema
80,BB14_T11,ema
80,BB14_T12,ema
80,BB14_T2,ema
80,BB14_T3,ema
80,BB14_T4,ema
80,BB14_T5,ema
80,BB14_T6,ema
80,BB14_T7,ema
80,BB14_T8,ema
80,BB14_T9,ema
80,BB15_T1,rolling_min
80,BB15_T10,ema
80,BB15_T11,ema
80,BB15_T12,ema
80,BB15_T2,ema
80,BB15_T3,ema
80,BB15_T4,ema
80,BB15_T5,ema
80,BB15_T6,ema
80,BB15_T7,ema
80,BB15_T8,ema
80,BB15_T9,ema
80,BB2_T1,rolling_return_mean
80,BB2_T10,momentum
80,BB2_T11,rolling_return_mean
80,BB2_T12,momentum
80,BB2_T2,rolling_return_mean
80,BB2_T3,rolling_return_mean
80,BB2_T4,rolling_return_mean
80,BB2_T5,rolling_return_mean
80,BB2_T6,rolling_return_mean
80,BB2_T7,rolling_return_mean
80,BB2_T8,rolling_return_mean
80,BB2_T9,rolling_return_mean
80,BB3_T1,normalized_deviation
80,BB3_T10,price_minus_mean
80,BB3_T11,price_minus_mean
80,BB3_T12,price_minus_mean
80,BB3_T2,normalized_deviation
80,BB3_T3,normalized_deviation
80,BB3_T4,normalized_deviation
80,BB3_T5,normalized_deviation
80,BB3_T6,normalized_deviation
80,BB3_T7,normalized_deviation
80,BB3_T8,price_minus_mean
80,BB3_T9,price_minus_mean
80,BB4_T1,rolling_mean
80,BB4_T10,rolling_mean
80,BB4_T11,rolling_mean
80,BB4_T12,rolling_mean
80,BB4_T2,rolling_mean
80,BB4_T3,rolling_mean
80,BB4_T4,rolling_mean
80,BB4_T5,rolling_mean
80,BB4_T6,rolling_mean
80,BB4_T7,rolling_mean
80,BB4_T8,rolling_mean
80,BB4_T9,rolling_mean
80,BB5_T1,ema
80,BB5_T10,ema
80,BB5_T11,ema
80,BB5_T12,ema
80,BB5_T2,ema
80,BB5_T3,ema
80,BB5_T4,ema
80,BB5_T5,ema
80,BB5_T6,ema
80,BB5_T7,ema
80,BB5_T8,ema
80,BB5_T9,ema
80,BB6_T1,rolling_mean
80,BB6_T10,rolling_mean
80,BB6_T11,rolling_mean
80,BB6_T12,rolling_mean
80,BB6_T2,rolling_mean
80,BB6_T3,rolling_mean
80,BB6_T4,rolling_mean
80,BB6_T5,rolling_mean
80,BB6_T6,rolling_mean
80,BB6_T7,rolling_mean
80,BB6_T8,rolling_mean
80,BB6_T9,rolling_mean
80,BB7_T1,rolling_max
80,BB7_T10,rolling_max
80,BB7_T11,rolling_max
80,BB7_T12,rolling_max
80,BB7_T2,rolling_max
80,BB7_T3,rolling_max
80,BB7_T4,rolling_max
80,BB7_T5,rolling_max
80,BB7_T6,rolling_max
80,BB7_T7,rolling_max
80,BB7_T8,rolling_max
80,BB7_T9,rolling_max
80,BB8_T1,rolling_min
80,BB8_T10,rolling_min
80,BB8_T11,rolling_min
80,BB8_T12,rolling_min
80,BB8_T2,rolling_min
80,BB8_T3,rolling_min
80,BB8_T4,rolling_min
80,BB8_T5,rolling_min
80,BB8_T6,rolling_min
80,BB8_T7,rolling_min
80,BB8_T8,rolling_min
80,BB8_T9,rolling_min
80,BB9_T1,rolling_std
80,BB9_T10,rolling_std
80,BB9_T11,rolling_std
80,BB9_T12,rolling_std
80,BB9_T2,rolling_std
80,BB9_T3,rolling_std
80,BB9_T4,rolling_std
80,BB9_T5,rolling_std
80,BB9_T6,rolling_std
80,BB9_T7,rolling_std
80,BB9_T8,rolling_std
80,BB9_T9,rolling_std
80,PB1_T1,normalized_deviation
80,PB1_T10,price_minus_mean
80,PB1_T11,normalized_deviation
80,PB1_T12,distance_from_low
80,PB1_T2,normalized_deviation
80,PB1_T3,normalized_deviation
80,PB1_T4,normalized_deviation
80,PB1_T5,normalized_deviation
80,PB1_T6,normalized_deviation
80,PB1_T7,z_score
80,PB1_T8,z_score
80,PB1_T9,z_score
80,PB10_T1,ema
80,PB10_T10,ema
80,PB10_T11,ema
80,PB10_T12,ema
80,PB10_T2,ema
80,PB10_T3,ema
80,PB10_T4,ema
80,PB10_T5,ema
80,PB10_T6,ema
80,PB10_T7,ema
80,PB10_T8,ema
80,PB10_T9,ema
80,PB11_T1,ema
80,PB11_T10,ema
80,PB11_T11,ema
80,PB11_T12,rolling_min
80,PB11_T2,ema
80,PB11_T3,ema
80,PB11_T4,ema
80,PB11_T5,ema
80,PB11_T6,ema
80,PB11_T7,ema
80,PB11_T8,ema
80,PB11_T9,ema
80,PB12_T1,normalized_deviation
80,PB12_T10,price_minus_mean
80,PB12_T11,normalized_deviation
80,PB12_T12,distance_from_low
80,PB12_T2,normalized_deviation
80,PB12_T3,normalized_deviation
80,PB12_T4,normalized_deviation
80,PB12_T5,normalized_deviation
80,PB12_T6,normalized_deviation
80,PB12_T7,z_score
80,PB12_T8,z_score
80,PB12_T9,z_score
80,PB13_T1,normalized_deviation
80,PB13_T10,price_minus_mean
80,PB13_T11,normalized_deviation
80,PB13_T12,distance_from_low
80,PB13_T2,normalized_deviation
80,PB13_T3,normalized_deviation
80,PB13_T4,normalized_deviation
80,PB13_T5,normalized_deviation
80,PB13_T6,normalized_deviation
80,PB13_T7,z_score
80,PB13_T8,z_score
80,PB13_T9,z_score
80,PB14_T1,z_score
80,PB14_T10,normalized_deviation
80,PB14_T11,normalized_deviation
80,PB14_T12,distance_from_low
80,PB14_T2,z_score
80,PB14_T3,z_score
80,PB14_T4,z_score
80,PB14_T5,z_score
80,PB14_T6,z_score
80,PB14_T7,z_score
80,PB14_T8,z_score
80,PB14_T9,z_score
80,PB15_T1,z_score
80,PB15_T10,z_score
80,PB15_T11,z_score
80,PB15_T12,z_score
80,PB15_T2,z_score
80,PB15_T3,z_score
80,PB15_T4,z_score
80,PB15_T5,z_score
80,PB15_T6,z_score
80,PB15_T7,z_score
80,PB15_T8,z_score
80,PB15_T9,z_score
80,PB16_T1,z_score
80,PB16_T10,z_score
80,PB16_T11,z_score
80,PB16_T12,z_score
80,PB16_T2,z_score
80,PB16_T3,z_score
80,PB16_T4,z_score
80,PB16_T5,z_score
80,PB16_T6,z_score
80,PB16_T7,z_score
80,PB16_T8,z_score
80,PB16_T9,z_score
80,PB17_T1,z_score
80,PB17_T10,z_score
80,PB17_T11,z_score
80,PB17_T12,z_score
80,PB17_T2,z_score
80,PB17_T3,z_score
80,PB17_T4,z_score
80,PB17_T5,z_score
80,PB17_T6,z_score
80,PB17_T7,z_score
80,PB17_T8,z_score
80,PB17_T9,z_score
80,PB18_T1,z_score
80,PB18_T10,z_score
80,PB18_T11,z_score
80,PB18_T12,z_score
80,PB18_T2,z_score
80,PB18_T3,z_score
80,PB18_T4,z_score
80,PB18_T5,z_score
80,PB18_T6,z_score
80,PB18_T7,z_score
80,PB18_T8,z_score
80,PB18_T9,z_score
80,PB2_T1,z_score
80,PB2_T10,price_minus_mean
80,PB2_T11,z_score
80,PB2_T12,distance_from_low
80,PB2_T2,z_score
80,PB2_T3,z_score
80,PB2_T4,z_score
80,PB2_T5,z_score
80,PB2_T6,z_score
80,PB2_T7,z_score
80,PB2_T8,z_score
80,PB2_T9,z_score
80,PB3_T1,z_score
80,PB3_T10,z_score
80,PB3_T11,z_score
80,PB3_T12,downside_volatility
80,PB3_T2,z_score
80,PB3_T3,z_score
80,PB3_T4,z_score
80,PB3_T5,z_score
80,PB3_T6,z_score
80,PB3_T7,z_score
80,PB3_T8,z_score
80,PB3_T9,z_score
80,PB4_T1,normalized_deviation
80,PB4_T10,price_minus_mean
80,PB4_T11,normalized_deviation
80,PB4_T12,distance_from_low
80,PB4_T2,normalized_deviation
80,PB4_T3,normalized_deviation
80,PB4_T4,normalized_deviation
80,PB4_T5,normalized_deviation
80,PB4_T6,normalized_deviation
80,PB4_T7,z_score
80,PB4_T8,z_score
80,PB4_T9,z_score
80,PB5_T1,normalized_deviation
80,PB5_T10,price_minus_mean
80,PB5_T11,normalized_deviation
80,PB5_T12,distance_from_low
80,PB5_T2,normalized_deviation
80,PB5_T3,normalized_deviation
80,PB5_T4,normalized_deviation
80,PB5_T5,normalized_deviation
80,PB5_T6,normalized_deviation
80,PB5_T7,z_score
80,PB5_T8,z_score
80,PB5_T9,z_score
80,PB6_T1,normalized_deviation
80,PB6_T10,rolling_return_mean
80,PB6_T11,momentum
80,PB6_T12,rolling_variance
80,PB6_T2,momentum
80,PB6_T3,rolling_return_mean
80,PB6_T4,rolling_return_mean
80,PB6_T5,momentum
80,PB6_T6,momentum
80,PB6_T7,momentum
80,PB6_T8,rolling_return_mean
80,PB6_T9,momentum
80,PB7_T1,z_score
80,PB7_T10,z_score
80,PB7_T11,z_score
80,PB7_T12,z_score
80,PB7_T2,z_score
80,PB7_T3,z_score
80,PB7_T4,z_score
80,PB7_T5,z_score
80,PB7_T6,z_score
80,PB7_T7,z_score
80,PB7_T8,z_score
80,PB7_T9,z_score
80,PB8_T1,z_score
80,PB8_T10,z_score
80,PB8_T11,z_score
80,PB8_T12,z_score
80,PB8_T2,z_score
80,PB8_T3,z_score
80,PB8_T4,z_score
80,PB8_T5,z_score
80,PB8_T6,z_score
80,PB8_T7,z_score
80,PB8_T8,z_score
80,PB8_T9,z_score
80,PB9_T1,ema
80,PB9_T10,ema
80,PB9_T11,distance_from_low
80,PB9_T12,distance_from_low
80,PB9_T2,ema
80,PB9_T3,ema
80,PB9_T4,ema
80,PB9_T5,ema
80,PB9_T6,ema
80,PB9_T7,ema
80,PB9_T8,ema
80,PB9_T9,ema
81,BB1_T1,ema
81,BB1_T10,rolling_mean
81,BB1_T11,rolling_mean
81,BB1_T12,rolling_mean
81,BB1_T2,rolling_mean
81,BB1_T3,rolling_mean
81,BB1_T4,rolling_mean
81,BB1_T5,rolling_mean
81,BB1_T6,rolling_mean
81,BB1_T7,rolling_mean
81,BB1_T8,rolling_mean
81,BB1_T9,rolling_mean
81,BB10_T1,z_score
81,BB10_T10,z_score
81,BB10_T11,z_score
81,BB10_T12,z_score
81,BB10_T2,z_score
81,BB10_T3,z_score
81,BB10_T4,z_score
81,BB10_T5,z_score
81,BB10_T6,z_score
81,BB10_T7,z_score
81,BB10_T8,z_score
81,BB10_T9,z_score
81,BB11_T1,rolling_max
81,BB11_T10,rolling_max
81,BB11_T11,rolling_max
81,BB11_T12,rolling_max
81,BB11_T2,rolling_max
81,BB11_T3,rolling_max
81,BB11_T4,rolling_max
81,BB11_T5,rolling_max
81,BB11_T6,rolling_max
81,BB11_T7,rolling_max
81,BB11_T8,rolling_max
81,BB11_T9,rolling_max
81,BB12_T1,rolling_min
81,BB12_T10,rolling_min
81,BB12_T11,rolling_min
81,BB12_T12,rolling_min
81,BB12_T2,rolling_min
81,BB12_T3,rolling_min
81,BB12_T4,rolling_min
81,BB12_T5,rolling_min
81,BB12_T6,rolling_min
81,BB12_T7,rolling_min
81,BB12_T8,rolling_min
81,BB12_T9,rolling_min
81,BB13_T1,ema
81,BB13_T10,ema
81,BB13_T11,ema
81,BB13_T12,ema
81,BB13_T2,ema
81,BB13_T3,ema
81,BB13_T4,ema
81,BB13_T5,ema
81,BB13_T6,ema
81,BB13_T7,ema
81,BB13_T8,ema
81,BB13_T9,ema
81,BB14_T1,rolling_max
81,BB14_T10,ema
81,BB14_T11,ema
81,BB14_T12,ema
81,BB14_T2,ema
81,BB14_T3,ema
81,BB14_T4,ema
81,BB14_T5,ema
81,BB14_T6,ema
81,BB14_T7,ema
81,BB14_T8,ema
81,BB14_T9,ema
81,BB15_T1,rolling_min
81,BB15_T10,ema
81,BB15_T11,ema
81,BB15_T12,ema
81,BB15_T2,ema
81,BB15_T3,ema
81,BB15_T4,ema
81,BB15_T5,ema
81,BB15_T6,ema
81,BB15_T7,ema
81,BB15_T8,ema
81,BB15_T9,ema
81,BB2_T1,momentum
81,BB2_T10,momentum
81,BB2_T11,momentum
81,BB2_T12,rolling_return_mean
81,BB2_T2,momentum
81,BB2_T3,rolling_return_mean
81,BB2_T4,momentum
81,BB2_T5,momentum
81,BB2_T6,rolling_return_mean
81,BB2_T7,momentum
81,BB2_T8,momentum
81,BB2_T9,momentum
81,BB3_T1,price_minus_mean
81,BB3_T10,normalized_deviation
81,BB3_T11,normalized_deviation
81,BB3_T12,normalized_deviation
81,BB3_T2,normalized_deviation
81,BB3_T3,normalized_deviation
81,BB3_T4,normalized_deviation
81,BB3_T5,normalized_deviation
81,BB3_T6,normalized_deviation
81,BB3_T7,normalized_deviation
81,BB3_T8,normalized_deviation
81,BB3_T9,normalized_deviation
81,BB4_T1,rolling_mean
81,BB4_T10,rolling_mean
81,BB4_T11,rolling_mean
81,BB4_T12,rolling_mean
81,BB4_T2,rolling_mean
81,BB4_T3,rolling_mean
81,BB4_T4,rolling_mean
81,BB4_T5,rolling_mean
81,BB4_T6,rolling_mean
81,BB4_T7,rolling_mean
81,BB4_T8,rolling_mean
81,BB4_T9,rolling_mean
81,BB5_T1,ema
81,BB5_T10,ema
81,BB5_T11,ema
81,BB5_T12,ema
81,BB5_T2,ema
81,BB5_T3,ema
81,BB5_T4,ema
81,BB5_T5,ema
81,BB5_T6,ema
81,BB5_T7,ema
81,BB5_T8,ema
81,BB5_T9,ema
81,BB6_T1,rolling_mean
81,BB6_T10,rolling_mean
81,BB6_T11,rolling_mean
81,BB6_T12,rolling_mean
81,BB6_T2,rolling_mean
81,BB6_T3,rolling_mean
81,BB6_T4,rolling_mean
81,BB6_T5,rolling_mean
81,BB6_T6,rolling_mean
81,BB6_T7,rolling_mean
81,BB6_T8,rolling_mean
81,BB6_T9,rolling_mean
81,BB7_T1,rolling_max
81,BB7_T10,rolling_max
81,BB7_T11,rolling_max
81,BB7_T12,rolling_max
81,BB7_T2,rolling_max
81,BB7_T3,rolling_max
81,BB7_T4,rolling_max
81,BB7_T5,rolling_max
81,BB7_T6,rolling_max
81,BB7_T7,rolling_max
81,BB7_T8,rolling_max
81,BB7_T9,rolling_max
81,BB8_T1,rolling_min
81,BB8_T10,rolling_min
81,BB8_T11,rolling_min
81,BB8_T12,rolling_min
81,BB8_T2,rolling_min
81,BB8_T3,rolling_min
81,BB8_T4,rolling_min
81,BB8_T5,rolling_min
81,BB8_T6,rolling_min
81,BB8_T7,rolling_min
81,BB8_T8,rolling_min
81,BB8_T9,rolling_min
81,BB9_T1,rolling_std
81,BB9_T10,rolling_std
81,BB9_T11,rolling_std
81,BB9_T12,rolling_std
81,BB9_T2,rolling_std
81,BB9_T3,rolling_std
81,BB9_T4,rolling_std
81,BB9_T5,rolling_std
81,BB9_T6,rolling_std
81,BB9_T7,rolling_std
81,BB9_T8,rolling_std
81,BB9_T9,rolling_std
81,PB1_T1,price_minus_mean
81,PB1_T10,normalized_deviation
81,PB1_T11,z_score
81,PB1_T12,price_minus_mean
81,PB1_T2,price_minus_mean
81,PB1_T3,price_minus_mean
81,PB1_T4,price_minus_mean
81,PB1_T5,price_minus_mean
81,PB1_T6,price_minus_mean
81,PB1_T7,normalized_deviation
81,PB1_T8,normalized_deviation
81,PB1_T9,normalized_deviation
81,PB10_T1,ema
81,PB10_T10,rolling_max
81,PB10_T11,rolling_max
81,PB10_T12,rolling_max
81,PB10_T2,ema
81,PB10_T3,ema
81,PB10_T4,ema
81,PB10_T5,ema
81,PB10_T6,ema
81,PB10_T7,ema
81,PB10_T8,ema
81,PB10_T9,rolling_max
81,PB11_T1,ema
81,PB11_T10,ema
81,PB11_T11,ema
81,PB11_T12,ema
81,PB11_T2,ema
81,PB11_T3,ema
81,PB11_T4,ema
81,PB11_T5,ema
81,PB11_T6,ema
81,PB11_T7,ema
81,PB11_T8,ema
81,PB11_T9,ema
81,PB12_T1,price_minus_mean
81,PB12_T10,normalized_deviation
81,PB12_T11,z_score
81,PB12_T12,price_minus_mean
81,PB12_T2,price_minus_mean
81,PB12_T3,price_minus_mean
81,PB12_T4,price_minus_mean
81,PB12_T5,price_minus_mean
81,PB12_T6,price_minus_mean
81,PB12_T7,normalized_deviation
81,PB12_T8,normalized_deviation
81,PB12_T9,normalized_deviation
81,PB13_T1,price_minus_mean
81,PB13_T10,normalized_deviation
81,PB13_T11,z_score
81,PB13_T12,price_minus_mean
81,PB13_T2,price_minus_mean
81,PB13_T3,price_minus_mean
81,PB13_T4,price_minus_mean
81,PB13_T5,price_minus_mean
81,PB13_T6,price_minus_mean
81,PB13_T7,normalized_deviation
81,PB13_T8,normalized_deviation
81,PB13_T9,normalized_deviation
81,PB14_T1,z_score
81,PB14_T10,z_score
81,PB14_T11,z_score
81,PB14_T12,price_minus_mean
81,PB14_T2,z_score
81,PB14_T3,z_score
81,PB14_T4,z_score
81,PB14_T5,z_score
81,PB14_T6,z_score
81,PB14_T7,z_score
81,PB14_T8,z_score
81,PB14_T9,z_score
81,PB15_T1,z_score
81,PB15_T10,z_score
81,PB15_T11,distance_from_high
81,PB15_T12,distance_from_high
81,PB15_T2,z_score
81,PB15_T3,z_score
81,PB15_T4,z_score
81,PB15_T5,z_score
81,PB15_T6,z_score
81,PB15_T7,z_score
81,PB15_T8,z_score
81,PB15_T9,z_score
81,PB16_T1,z_score
81,PB16_T10,z_score
81,PB16_T11,distance_from_high
81,PB16_T12,distance_from_high
81,PB16_T2,z_score
81,PB16_T3,z_score
81,PB16_T4,z_score
81,PB16_T5,z_score
81,PB16_T6,z_score
81,PB16_T7,z_score
81,PB16_T8,z_score
81,PB16_T9,z_score
81,PB17_T1,z_score
81,PB17_T10,z_score
81,PB17_T11,distance_from_high
81,PB17_T12,distance_from_high
81,PB17_T2,z_score
81,PB17_T3,z_score
81,PB17_T4,z_score
81,PB17_T5,z_score
81,PB17_T6,z_score
81,PB17_T7,z_score
81,PB17_T8,z_score
81,PB17_T9,z_score
81,PB18_T1,z_score
81,PB18_T10,z_score
81,PB18_T11,z_score
81,PB18_T12,distance_from_high
81,PB18_T2,z_score
81,PB18_T3,z_score
81,PB18_T4,z_score
81,PB18_T5,z_score
81,PB18_T6,z_score
81,PB18_T7,z_score
81,PB18_T8,z_score
81,PB18_T9,z_score
81,PB2_T1,z_score
81,PB2_T10,z_score
81,PB2_T11,z_score
81,PB2_T12,momentum
81,PB2_T2,z_score
81,PB2_T3,z_score
81,PB2_T4,z_score
81,PB2_T5,z_score
81,PB2_T6,z_score
81,PB2_T7,z_score
81,PB2_T8,normalized_deviation
81,PB2_T9,normalized_deviation
81,PB3_T1,z_score
81,PB3_T10,realized_variance
81,PB3_T11,realized_variance
81,PB3_T12,realized_variance
81,PB3_T2,z_score
81,PB3_T3,z_score
81,PB3_T4,z_score
81,PB3_T5,z_score
81,PB3_T6,z_score
81,PB3_T7,z_score
81,PB3_T8,z_score
81,PB3_T9,distance_from_high
81,PB4_T1,price_minus_mean
81,PB4_T10,normalized_deviation
81,PB4_T11,z_score
81,PB4_T12,price_minus_mean
81,PB4_T2,price_minus_mean
81,PB4_T3,price_minus_mean
81,PB4_T4,price_minus_mean
81,PB4_T5,price_minus_mean
81,PB4_T6,price_minus_mean
81,PB4_T7,normalized_deviation
81,PB4_T8,normalized_deviation
81,PB4_T9,normalized_deviation
81,PB5_T1,price_minus_mean
81,PB5_T10,normalized_deviation
81,PB5_T11,z_score
81,PB5_T12,price_minus_mean
81,PB5_T2,price_minus_mean
81,PB5_T3,price_minus_mean
81,PB5_T4,price_minus_mean
81,PB5_T5,price_minus_mean
81,PB5_T6,price_minus_mean
81,PB5_T7,normalized_deviation
81,PB5_T8,normalized_deviation
81,PB5_T9,normalized_deviation
81,PB6_T1,price_minus_mean
81,PB6_T10,rolling_return_mean
81,PB6_T11,distance_from_low
81,PB6_T12,z_score
81,PB6_T2,price_minus_mean
81,PB6_T3,rolling_return_mean
81,PB6_T4,rolling_return_mean
81,PB6_T5,rolling_return_mean
81,PB6_T6,momentum
81,PB6_T7,rolling_return_mean
81,PB6_T8,momentum
81,PB6_T9,rolling_return_mean
81,PB7_T1,z_score
81,PB7_T10,z_score
81,PB7_T11,z_score
81,PB7_T12,distance_from_high
81,PB7_T2,z_score
81,PB7_T3,z_score
81,PB7_T4,z_score
81,PB7_T5,z_score
81,PB7_T6,z_score
81,PB7_T7,z_score
81,PB7_T8,z_score
81,PB7_T9,z_score
81,PB8_T1,z_score
81,PB8_T10,z_score
81,PB8_T11,distance_from_high
81,PB8_T12,distance_from_high
81,PB8_T2,z_score
81,PB8_T3,z_score
81,PB8_T4,z_score
81,PB8_T5,z_score
81,PB8_T6,z_score
81,PB8_T7,z_score
81,PB8_T8,z_score
81,PB8_T9,z_score
81,PB9_T1,ema
81,PB9_T10,absolute_return_mean
81,PB9_T11,rolling_max
81,PB9_T12,rolling_max
81,PB9_T2,ema
81,PB9_T3,ema
81,PB9_T4,ema
81,PB9_T5,ema
81,PB9_T6,ema
81,PB9_T7,ema
81,PB9_T8,ema
81,PB9_T9,downside_volatility
82,BB1_T1,ema
82,BB1_T10,rolling_mean
82,BB1_T11,rolling_mean
82,BB1_T12,rolling_mean
82,BB1_T2,rolling_mean
82,BB1_T3,rolling_mean
82,BB1_T4,rolling_mean
82,BB1_T5,rolling_mean
82,BB1_T6,rolling_mean
82,BB1_T7,rolling_mean
82,BB1_T8,rolling_mean
82,BB1_T9,rolling_mean
82,BB10_T1,z_score
82,BB10_T10,z_score
82,BB10_T11,z_score
82,BB10_T12,z_score
82,BB10_T2,z_score
82,BB10_T3,z_score
82,BB10_T4,z_score
82,BB10_T5,z_score
82,BB10_T6,z_score
82,BB10_T7,z_score
82,BB10_T8,z_score
82,BB10_T9,z_score
82,BB11_T1,rolling_max
82,BB11_T10,rolling_max
82,BB11_T11,rolling_max
82,BB11_T12,rolling_max
82,BB11_T2,rolling_max
82,BB11_T3,rolling_max
82,BB11_T4,rolling_max
82,BB11_T5,rolling_max
82,BB11_T6,rolling_max
82,BB11_T7,rolling_max
82,BB11_T8,rolling_max
82,BB11_T9,rolling_max
82,BB12_T1,rolling_min
82,BB12_T10,rolling_min
82,BB12_T11,rolling_min
82,BB12_T12,rolling_min
82,BB12_T2,rolling_min
82,BB12_T3,rolling_min
82,BB12_T4,rolling_min
82,BB12_T5,rolling_min
82,BB12_T6,rolling_min
82,BB12_T7,rolling_min
82,BB12_T8,rolling_min
82,BB12_T9,rolling_min
82,BB13_T1,ema
82,BB13_T10,ema
82,BB13_T11,ema
82,BB13_T12,ema
82,BB13_T2,ema
82,BB13_T3,ema
82,BB13_T4,ema
82,BB13_T5,ema
82,BB13_T6,ema
82,BB13_T7,ema
82,BB13_T8,ema
82,BB13_T9,ema
82,BB14_T1,rolling_max
82,BB14_T10,ema
82,BB14_T11,ema
82,BB14_T12,ema
82,BB14_T2,ema
82,BB14_T3,ema
82,BB14_T4,ema
82,BB14_T5,ema
82,BB14_T6,ema
82,BB14_T7,ema
82,BB14_T8,ema
82,BB14_T9,ema
82,BB15_T1,rolling_min
82,BB15_T10,ema
82,BB15_T11,ema
82,BB15_T12,ema
82,BB15_T2,ema
82,BB15_T3,ema
82,BB15_T4,ema
82,BB15_T5,ema
82,BB15_T6,ema
82,BB15_T7,ema
82,BB15_T8,ema
82,BB15_T9,ema
82,BB2_T1,momentum
82,BB2_T10,momentum
82,BB2_T11,momentum
82,BB2_T12,rolling_return_mean
82,BB2_T2,momentum
82,BB2_T3,momentum
82,BB2_T4,rolling_return_mean
82,BB2_T5,momentum
82,BB2_T6,momentum
82,BB2_T7,momentum
82,BB2_T8,momentum
82,BB2_T9,rolling_return_mean
82,BB3_T1,price_minus_mean
82,BB3_T10,normalized_deviation
82,BB3_T11,normalized_deviation
82,BB3_T12,normalized_deviation
82,BB3_T2,price_minus_mean
82,BB3_T3,normalized_deviation
82,BB3_T4,normalized_deviation
82,BB3_T5,normalized_deviation
82,BB3_T6,normalized_deviation
82,BB3_T7,price_minus_mean
82,BB3_T8,price_minus_mean
82,BB3_T9,normalized_deviation
82,BB4_T1,rolling_mean
82,BB4_T10,rolling_mean
82,BB4_T11,rolling_mean
82,BB4_T12,rolling_mean
82,BB4_T2,rolling_mean
82,BB4_T3,rolling_mean
82,BB4_T4,rolling_mean
82,BB4_T5,rolling_mean
82,BB4_T6,rolling_mean
82,BB4_T7,rolling_mean
82,BB4_T8,rolling_mean
82,BB4_T9,rolling_mean
82,BB5_T1,ema
82,BB5_T10,ema
82,BB5_T11,ema
82,BB5_T12,ema
82,BB5_T2,ema
82,BB5_T3,ema
82,BB5_T4,ema
82,BB5_T5,ema
82,BB5_T6,ema
82,BB5_T7,ema
82,BB5_T8,ema
82,BB5_T9,ema
82,BB6_T1,rolling_mean
82,BB6_T10,rolling_mean
82,BB6_T11,rolling_mean
82,BB6_T12,rolling_mean
82,BB6_T2,rolling_mean
82,BB6_T3,rolling_mean
82,BB6_T4,rolling_mean
82,BB6_T5,rolling_mean
82,BB6_T6,rolling_mean
82,BB6_T7,rolling_mean
82,BB6_T8,rolling_mean
82,BB6_T9,rolling_mean
82,BB7_T1,rolling_max
82,BB7_T10,rolling_max
82,BB7_T11,rolling_max
82,BB7_T12,rolling_max
82,BB7_T2,rolling_max
82,BB7_T3,rolling_max
82,BB7_T4,rolling_max
82,BB7_T5,rolling_max
82,BB7_T6,rolling_max
82,BB7_T7,rolling_max
82,BB7_T8,rolling_max
82,BB7_T9,rolling_max
82,BB8_T1,rolling_min
82,BB8_T10,rolling_min
82,BB8_T11,rolling_min
82,BB8_T12,rolling_min
82,BB8_T2,rolling_min
82,BB8_T3,rolling_min
82,BB8_T4,rolling_min
82,BB8_T5,rolling_min
82,BB8_T6,rolling_min
82,BB8_T7,rolling_min
82,BB8_T8,rolling_min
82,BB8_T9,rolling_min
82,BB9_T1,rolling_std
82,BB9_T10,rolling_std
82,BB9_T11,rolling_std
82,BB9_T12,rolling_std
82,BB9_T2,rolling_std
82,BB9_T3,rolling_std
82,BB9_T4,rolling_std
82,BB9_T5,rolling_std
82,BB9_T6,rolling_std
82,BB9_T7,rolling_std
82,BB9_T8,rolling_std
82,BB9_T9,rolling_std
82,PB1_T1,normalized_deviation
82,PB1_T10,z_score
82,PB1_T11,z_score
82,PB1_T12,z_score
82,PB1_T2,price_minus_mean
82,PB1_T3,normalized_deviation
82,PB1_T4,normalized_deviation
82,PB1_T5,price_minus_mean
82,PB1_T6,normalized_deviation
82,PB1_T7,normalized_deviation
82,PB1_T8,z_score
82,PB1_T9,z_score
82,PB10_T1,ema
82,PB10_T10,ema
82,PB10_T11,ema
82,PB10_T12,rolling_max
82,PB10_T2,ema
82,PB10_T3,ema
82,PB10_T4,ema
82,PB10_T5,ema
82,PB10_T6,ema
82,PB10_T7,ema
82,PB10_T8,ema
82,PB10_T9,ema
82,PB11_T1,ema
82,PB11_T10,ema
82,PB11_T11,ema
82,PB11_T12,ema
82,PB11_T2,ema
82,PB11_T3,ema
82,PB11_T4,ema
82,PB11_T5,ema
82,PB11_T6,ema
82,PB11_T7,ema
82,PB11_T8,ema
82,PB11_T9,ema
82,PB12_T1,normalized_deviation
82,PB12_T10,z_score
82,PB12_T11,z_score
82,PB12_T12,z_score
82,PB12_T2,price_minus_mean
82,PB12_T3,normalized_deviation
82,PB12_T4,normalized_deviation
82,PB12_T5,price_minus_mean
82,PB12_T6,normalized_deviation
82,PB12_T7,normalized_deviation
82,PB12_T8,z_score
82,PB12_T9,z_score
82,PB13_T1,normalized_deviation
82,PB13_T10,z_score
82,PB13_T11,z_score
82,PB13_T12,z_score
82,PB13_T2,price_minus_mean
82,PB13_T3,normalized_deviation
82,PB13_T4,normalized_deviation
82,PB13_T5,price_minus_mean
82,PB13_T6,normalized_deviation
82,PB13_T7,normalized_deviation
82,PB13_T8,z_score
82,PB13_T9,z_score
82,PB14_T1,z_score
82,PB14_T10,z_score
82,PB14_T11,z_score
82,PB14_T12,z_score
82,PB14_T2,z_score
82,PB14_T3,z_score
82,PB14_T4,z_score
82,PB14_T5,z_score
82,PB14_T6,z_score
82,PB14_T7,z_score
82,PB14_T8,z_score
82,PB14_T9,z_score
82,PB15_T1,z_score
82,PB15_T10,z_score
82,PB15_T11,z_score
82,PB15_T12,distance_from_high
82,PB15_T2,z_score
82,PB15_T3,z_score
82,PB15_T4,z_score
82,PB15_T5,z_score
82,PB15_T6,z_score
82,PB15_T7,z_score
82,PB15_T8,z_score
82,PB15_T9,z_score
82,PB16_T1,z_score
82,PB16_T10,z_score
82,PB16_T11,z_score
82,PB16_T12,distance_from_high
82,PB16_T2,z_score
82,PB16_T3,z_score
82,PB16_T4,z_score
82,PB16_T5,z_score
82,PB16_T6,z_score
82,PB16_T7,z_score
82,PB16_T8,z_score
82,PB16_T9,z_score
82,PB17_T1,z_score
82,PB17_T10,z_score
82,PB17_T11,z_score
82,PB17_T12,distance_from_high
82,PB17_T2,z_score
82,PB17_T3,z_score
82,PB17_T4,z_score
82,PB17_T5,z_score
82,PB17_T6,z_score
82,PB17_T7,z_score
82,PB17_T8,z_score
82,PB17_T9,z_score
82,PB18_T1,z_score
82,PB18_T10,z_score
82,PB18_T11,z_score
82,PB18_T12,z_score
82,PB18_T2,z_score
82,PB18_T3,z_score
82,PB18_T4,z_score
82,PB18_T5,z_score
82,PB18_T6,z_score
82,PB18_T7,z_score
82,PB18_T8,z_score
82,PB18_T9,z_score
82,PB2_T1,z_score
82,PB2_T10,z_score
82,PB2_T11,z_score
82,PB2_T12,distance_from_high
82,PB2_T2,z_score
82,PB2_T3,z_score
82,PB2_T4,z_score
82,PB2_T5,z_score
82,PB2_T6,z_score
82,PB2_T7,z_score
82,PB2_T8,z_score
82,PB2_T9,z_score
82,PB3_T1,z_score
82,PB3_T10,z_score
82,PB3_T11,z_score
82,PB3_T12,price_minus_mean
82,PB3_T2,z_score
82,PB3_T3,z_score
82,PB3_T4,z_score
82,PB3_T5,z_score
82,PB3_T6,z_score
82,PB3_T7,z_score
82,PB3_T8,z_score
82,PB3_T9,z_score
82,PB4_T1,normalized_deviation
82,PB4_T10,z_score
82,PB4_T11,z_score
82,PB4_T12,z_score
82,PB4_T2,price_minus_mean
82,PB4_T3,normalized_deviation
82,PB4_T4,normalized_deviation
82,PB4_T5,price_minus_mean
82,PB4_T6,normalized_deviation
82,PB4_T7,normalized_deviation
82,PB4_T8,z_score
82,PB4_T9,z_score
82,PB5_T1,normalized_deviation
82,PB5_T10,z_score
82,PB5_T11,z_score
82,PB5_T12,z_score
82,PB5_T2,price_minus_mean
82,PB5_T3,normalized_deviation
82,PB5_T4,normalized_deviation
82,PB5_T5,price_minus_mean
82,PB5_T6,normalized_deviation
82,PB5_T7,normalized_deviation
82,PB5_T8,z_score
82,PB5_T9,z_score
82,PB6_T1,normalized_deviation
82,PB6_T10,rolling_return_mean
82,PB6_T11,rolling_return_mean
82,PB6_T12,absolute_return_mean
82,PB6_T2,rolling_return_mean
82,PB6_T3,rolling_return_mean
82,PB6_T4,rolling_return_mean
82,PB6_T5,rolling_return_mean
82,PB6_T6,rolling_return_mean
82,PB6_T7,momentum
82,PB6_T8,rolling_return_mean
82,PB6_T9,rolling_return_mean
82,PB7_T1,z_score
82,PB7_T10,z_score
82,PB7_T11,z_score
82,PB7_T12,z_score
82,PB7_T2,z_score
82,PB7_T3,z_score
82,PB7_T4,z_score
82,PB7_T5,z_score
82,PB7_T6,z_score
82,PB7_T7,z_score
82,PB7_T8,z_score
82,PB7_T9,z_score
82,PB8_T1,z_score
82,PB8_T10,z_score
82,PB8_T11,z_score
82,PB8_T12,distance_from_high
82,PB8_T2,z_score
82,PB8_T3,z_score
82,PB8_T4,z_score
82,PB8_T5,z_score
82,PB8_T6,z_score
82,PB8_T7,z_score
82,PB8_T8,z_score
82,PB8_T9,z_score
82,PB9_T1,ema
82,PB9_T10,ema
82,PB9_T11,ema
82,PB9_T12,price_minus_mean
82,PB9_T2,ema
82,PB9_T3,ema
82,PB9_T4,ema
82,PB9_T5,ema
82,PB9_T6,ema
82,PB9_T7,ema
82,PB9_T8,ema
82,PB9_T9,ema
83,BB1_T1,rolling_mean
83,BB1_T10,rolling_mean
83,BB1_T11,rolling_mean
83,BB1_T12,rolling_mean
83,BB1_T2,rolling_mean
83,BB1_T3,rolling_mean
83,BB1_T4,rolling_mean
83,BB1_T5,rolling_mean
83,BB1_T6,rolling_mean
83,BB1_T7,rolling_mean
83,BB1_T8,rolling_mean
83,BB1_T9,rolling_mean
83,BB10_T1,z_score
83,BB10_T10,z_score
83,BB10_T11,z_score
83,BB10_T12,z_score
83,BB10_T2,z_score
83,BB10_T3,z_score
83,BB10_T4,z_score
83,BB10_T5,z_score
83,BB10_T6,z_score
83,BB10_T7,z_score
83,BB10_T8,z_score
83,BB10_T9,z_score
83,BB11_T1,rolling_max
83,BB11_T10,rolling_max
83,BB11_T11,rolling_max
83,BB11_T12,rolling_max
83,BB11_T2,rolling_max
83,BB11_T3,rolling_max
83,BB11_T4,rolling_max
83,BB11_T5,rolling_max
83,BB11_T6,rolling_max
83,BB11_T7,rolling_max
83,BB11_T8,rolling_max
83,BB11_T9,rolling_max
83,BB12_T1,rolling_min
83,BB12_T10,rolling_min
83,BB12_T11,rolling_min
83,BB12_T12,rolling_min
83,BB12_T2,rolling_min
83,BB12_T3,rolling_min
83,BB12_T4,rolling_min
83,BB12_T5,rolling_min
83,BB12_T6,rolling_min
83,BB12_T7,rolling_min
83,BB12_T8,rolling_min
83,BB12_T9,rolling_min
83,BB13_T1,ema
83,BB13_T10,ema
83,BB13_T11,ema
83,BB13_T12,ema
83,BB13_T2,ema
83,BB13_T3,ema
83,BB13_T4,ema
83,BB13_T5,ema
83,BB13_T6,ema
83,BB13_T7,ema
83,BB13_T8,ema
83,BB13_T9,ema
83,BB14_T1,rolling_max
83,BB14_T10,ema
83,BB14_T11,ema
83,BB14_T12,ema
83,BB14_T2,ema
83,BB14_T3,ema
83,BB14_T4,ema
83,BB14_T5,ema
83,BB14_T6,ema
83,BB14_T7,ema
83,BB14_T8,ema
83,BB14_T9,ema
83,BB15_T1,rolling_min
83,BB15_T10,ema
83,BB15_T11,ema
83,BB15_T12,ema
83,BB15_T2,ema
83,BB15_T3,ema
83,BB15_T4,ema
83,BB15_T5,ema
83,BB15_T6,ema
83,BB15_T7,ema
83,BB15_T8,ema
83,BB15_T9,ema
83,BB2_T1,momentum
83,BB2_T10,momentum
83,BB2_T11,momentum
83,BB2_T12,momentum
83,BB2_T2,momentum
83,BB2_T3,momentum
83,BB2_T4,momentum
83,BB2_T5,momentum
83,BB2_T6,rolling_return_mean
83,BB2_T7,momentum
83,BB2_T8,momentum
83,BB2_T9,momentum
83,BB3_T1,normalized_deviation
83,BB3_T10,normalized_deviation
83,BB3_T11,normalized_deviation
83,BB3_T12,normalized_deviation
83,BB3_T2,normalized_deviation
83,BB3_T3,normalized_deviation
83,BB3_T4,normalized_deviation
83,BB3_T5,normalized_deviation
83,BB3_T6,normalized_deviation
83,BB3_T7,normalized_deviation
83,BB3_T8,normalized_deviation
83,BB3_T9,normalized_deviation
83,BB4_T1,rolling_mean
83,BB4_T10,rolling_mean
83,BB4_T11,rolling_mean
83,BB4_T12,rolling_mean
83,BB4_T2,rolling_mean
83,BB4_T3,rolling_mean
83,BB4_T4,rolling_mean
83,BB4_T5,rolling_mean
83,BB4_T6,rolling_mean
83,BB4_T7,rolling_mean
83,BB4_T8,rolling_mean
83,BB4_T9,rolling_mean
83,BB5_T1,ema
83,BB5_T10,ema
83,BB5_T11,ema
83,BB5_T12,ema
83,BB5_T2,ema
83,BB5_T3,ema
83,BB5_T4,ema
83,BB5_T5,ema
83,BB5_T6,ema
83,BB5_T7,ema
83,BB5_T8,ema
83,BB5_T9,ema
83,BB6_T1,rolling_mean
83,BB6_T10,rolling_mean
83,BB6_T11,rolling_mean
83,BB6_T12,rolling_mean
83,BB6_T2,rolling_mean
83,BB6_T3,rolling_mean
83,BB6_T4,rolling_mean
83,BB6_T5,rolling_mean
83,BB6_T6,rolling_mean
83,BB6_T7,rolling_mean
83,BB6_T8,rolling_mean
83,BB6_T9,rolling_mean
83,BB7_T1,rolling_max
83,BB7_T10,rolling_max
83,BB7_T11,rolling_max
83,BB7_T12,rolling_max
83,BB7_T2,rolling_max
83,BB7_T3,rolling_max
83,BB7_T4,rolling_max
83,BB7_T5,rolling_max
83,BB7_T6,rolling_max
83,BB7_T7,rolling_max
83,BB7_T8,rolling_max
83,BB7_T9,rolling_max
83,BB8_T1,rolling_min
83,BB8_T10,rolling_min
83,BB8_T11,rolling_min
83,BB8_T12,rolling_min
83,BB8_T2,rolling_min
83,BB8_T3,rolling_min
83,BB8_T4,rolling_min
83,BB8_T5,rolling_min
83,BB8_T6,rolling_min
83,BB8_T7,rolling_min
83,BB8_T8,rolling_min
83,BB8_T9,rolling_min
83,BB9_T1,rolling_std
83,BB9_T10,rolling_std
83,BB9_T11,rolling_std
83,BB9_T12,rolling_std
83,BB9_T2,rolling_std
83,BB9_T3,rolling_std
83,BB9_T4,rolling_std
83,BB9_T5,rolling_std
83,BB9_T6,rolling_std
83,BB9_T7,rolling_std
83,BB9_T8,rolling_std
83,BB9_T9,rolling_std
83,PB1_T1,normalized_deviation
83,PB1_T10,z_score
83,PB1_T11,z_score
83,PB1_T12,z_score
83,PB1_T2,price_minus_mean
83,PB1_T3,price_minus_mean
83,PB1_T4,price_minus_mean
83,PB1_T5,price_minus_mean
83,PB1_T6,price_minus_mean
83,PB1_T7,z_score
83,PB1_T8,normalized_deviation
83,PB1_T9,normalized_deviation
83,PB10_T1,ema
83,PB10_T10,rolling_max
83,PB10_T11,rolling_max
83,PB10_T12,rolling_max
83,PB10_T2,ema
83,PB10_T3,ema
83,PB10_T4,ema
83,PB10_T5,ema
83,PB10_T6,ema
83,PB10_T7,ema
83,PB10_T8,ema
83,PB10_T9,rolling_max
83,PB11_T1,ema
83,PB11_T10,ema
83,PB11_T11,ema
83,PB11_T12,rolling_variance
83,PB11_T2,ema
83,PB11_T3,ema
83,PB11_T4,ema
83,PB11_T5,ema
83,PB11_T6,ema
83,PB11_T7,ema
83,PB11_T8,ema
83,PB11_T9,ema
83,PB12_T1,normalized_deviation
83,PB12_T10,z_score
83,PB12_T11,z_score
83,PB12_T12,z_score
83,PB12_T2,price_minus_mean
83,PB12_T3,price_minus_mean
83,PB12_T4,price_minus_mean
83,PB12_T5,price_minus_mean
83,PB12_T6,price_minus_mean
83,PB12_T7,z_score
83,PB12_T8,normalized_deviation
83,PB12_T9,normalized_deviation
83,PB13_T1,normalized_deviation
83,PB13_T10,z_score
83,PB13_T11,z_score
83,PB13_T12,z_score
83,PB13_T2,price_minus_mean
83,PB13_T3,price_minus_mean
83,PB13_T4,price_minus_mean
83,PB13_T5,price_minus_mean
83,PB13_T6,price_minus_mean
83,PB13_T7,z_score
83,PB13_T8,normalized_deviation
83,PB13_T9,normalized_deviation
83,PB14_T1,z_score
83,PB14_T10,z_score
83,PB14_T11,z_score
83,PB14_T12,z_score
83,PB14_T2,z_score
83,PB14_T3,z_score
83,PB14_T4,z_score
83,PB14_T5,z_score
83,PB14_T6,z_score
83,PB14_T7,z_score
83,PB14_T8,z_score
83,PB14_T9,z_score
83,PB15_T1,z_score
83,PB15_T10,z_score
83,PB15_T11,distance_from_high
83,PB15_T12,distance_from_high
83,PB15_T2,z_score
83,PB15_T3,z_score
83,PB15_T4,z_score
83,PB15_T5,z_score
83,PB15_T6,z_score
83,PB15_T7,z_score
83,PB15_T8,z_score
83,PB15_T9,z_score
83,PB16_T1,z_score
83,PB16_T10,z_score
83,PB16_T11,distance_from_high
83,PB16_T12,distance_from_high
83,PB16_T2,z_score
83,PB16_T3,z_score
83,PB16_T4,z_score
83,PB16_T5,z_score
83,PB16_T6,z_score
83,PB16_T7,z_score
83,PB16_T8,z_score
83,PB16_T9,z_score
83,PB17_T1,z_score
83,PB17_T10,z_score
83,PB17_T11,distance_from_high
83,PB17_T12,distance_from_high
83,PB17_T2,z_score
83,PB17_T3,z_score
83,PB17_T4,z_score
83,PB17_T5,z_score
83,PB17_T6,z_score
83,PB17_T7,z_score
83,PB17_T8,z_score
83,PB17_T9,z_score
83,PB18_T1,z_score
83,PB18_T10,z_score
83,PB18_T11,z_score
83,PB18_T12,distance_from_high
83,PB18_T2,z_score
83,PB18_T3,z_score
83,PB18_T4,z_score
83,PB18_T5,z_score
83,PB18_T6,z_score
83,PB18_T7,z_score
83,PB18_T8,z_score
83,PB18_T9,z_score
83,PB2_T1,z_score
83,PB2_T10,distance_from_high
83,PB2_T11,distance_from_high
83,PB2_T12,z_score
83,PB2_T2,z_score
83,PB2_T3,z_score
83,PB2_T4,z_score
83,PB2_T5,z_score
83,PB2_T6,z_score
83,PB2_T7,z_score
83,PB2_T8,z_score
83,PB2_T9,z_score
83,PB3_T1,z_score
83,PB3_T10,distance_from_high
83,PB3_T11,distance_from_high
83,PB3_T12,rolling_min
83,PB3_T2,z_score
83,PB3_T3,z_score
83,PB3_T4,z_score
83,PB3_T5,z_score
83,PB3_T6,z_score
83,PB3_T7,z_score
83,PB3_T8,z_score
83,PB3_T9,price_minus_mean
83,PB4_T1,normalized_deviation
83,PB4_T10,z_score
83,PB4_T11,z_score
83,PB4_T12,z_score
83,PB4_T2,price_minus_mean
83,PB4_T3,price_minus_mean
83,PB4_T4,price_minus_mean
83,PB4_T5,price_minus_mean
83,PB4_T6,price_minus_mean
83,PB4_T7,z_score
83,PB4_T8,normalized_deviation
83,PB4_T9,normalized_deviation
83,PB5_T1,normalized_deviation
83,PB5_T10,z_score
83,PB5_T11,z_score
83,PB5_T12,z_score
83,PB5_T2,price_minus_mean
83,PB5_T3,price_minus_mean
83,PB5_T4,price_minus_mean
83,PB5_T5,price_minus_mean
83,PB5_T6,price_minus_mean
83,PB5_T7,z_score
83,PB5_T8,normalized_deviation
83,PB5_T9,normalized_deviation
83,PB6_T1,price_minus_mean
83,PB6_T10,distance_from_low
83,PB6_T11,distance_from_low
83,PB6_T12,rolling_std
83,PB6_T2,rolling_return_mean
83,PB6_T3,rolling_return_mean
83,PB6_T4,momentum
83,PB6_T5,rolling_return_mean
83,PB6_T6,momentum
83,PB6_T7,momentum
83,PB6_T8,rolling_return_mean
83,PB6_T9,rolling_return_mean
83,PB7_T1,z_score
83,PB7_T10,z_score
83,PB7_T11,z_score
83,PB7_T12,distance_from_high
83,PB7_T2,z_score
83,PB7_T3,z_score
83,PB7_T4,z_score
83,PB7_T5,z_score
83,PB7_T6,z_score
83,PB7_T7,z_score
83,PB7_T8,z_score
83,PB7_T9,z_score
83,PB8_T1,z_score
83,PB8_T10,z_score
83,PB8_T11,distance_from_high
83,PB8_T12,distance_from_high
83,PB8_T2,z_score
83,PB8_T3,z_score
83,PB8_T4,z_score
83,PB8_T5,z_score
83,PB8_T6,z_score
83,PB8_T7,z_score
83,PB8_T8,z_score
83,PB8_T9,z_score
83,PB9_T1,ema
83,PB9_T10,rolling_max
83,PB9_T11,rolling_max
83,PB9_T12,distance_from_low
83,PB9_T2,ema
83,PB9_T3,ema
83,PB9_T4,ema
83,PB9_T5,ema
83,PB9_T6,ema
83,PB9_T7,ema
83,PB9_T8,ema
83,PB9_T9,ema
84,BB1_T1,rolling_mean
84,BB1_T10,rolling_mean
84,BB1_T11,rolling_mean
84,BB1_T12,rolling_mean
84,BB1_T2,rolling_mean
84,BB1_T3,rolling_mean
84,BB1_T4,rolling_mean
84,BB1_T5,rolling_mean
84,BB1_T6,rolling_mean
84,BB1_T7,rolling_mean
84,BB1_T8,rolling_mean
84,BB1_T9,rolling_mean
84,BB10_T1,z_score
84,BB10_T10,z_score
84,BB10_T11,z_score
84,BB10_T12,z_score
84,BB10_T2,z_score
84,BB10_T3,z_score
84,BB10_T4,z_score
84,BB10_T5,z_score
84,BB10_T6,z_score
84,BB10_T7,z_score
84,BB10_T8,z_score
84,BB10_T9,z_score
84,BB11_T1,rolling_max
84,BB11_T10,rolling_max
84,BB11_T11,rolling_max
84,BB11_T12,rolling_max
84,BB11_T2,rolling_max
84,BB11_T3,rolling_max
84,BB11_T4,rolling_max
84,BB11_T5,rolling_max
84,BB11_T6,rolling_max
84,BB11_T7,rolling_max
84,BB11_T8,rolling_max
84,BB11_T9,rolling_max
84,BB12_T1,rolling_min
84,BB12_T10,rolling_min
84,BB12_T11,rolling_min
84,BB12_T12,rolling_min
84,BB12_T2,rolling_min
84,BB12_T3,rolling_min
84,BB12_T4,rolling_min
84,BB12_T5,rolling_min
84,BB12_T6,rolling_min
84,BB12_T7,rolling_min
84,BB12_T8,rolling_min
84,BB12_T9,rolling_min
84,BB13_T1,ema
84,BB13_T10,ema
84,BB13_T11,ema
84,BB13_T12,ema
84,BB13_T2,ema
84,BB13_T3,ema
84,BB13_T4,ema
84,BB13_T5,ema
84,BB13_T6,ema
84,BB13_T7,ema
84,BB13_T8,ema
84,BB13_T9,ema
84,BB14_T1,rolling_max
84,BB14_T10,ema
84,BB14_T11,ema
84,BB14_T12,ema
84,BB14_T2,ema
84,BB14_T3,ema
84,BB14_T4,ema
84,BB14_T5,ema
84,BB14_T6,ema
84,BB14_T7,ema
84,BB14_T8,ema
84,BB14_T9,ema
84,BB15_T1,rolling_min
84,BB15_T10,ema
84,BB15_T11,ema
84,BB15_T12,ema
84,BB15_T2,ema
84,BB15_T3,ema
84,BB15_T4,ema
84,BB15_T5,ema
84,BB15_T6,ema
84,BB15_T7,ema
84,BB15_T8,ema
84,BB15_T9,ema
84,BB2_T1,momentum
84,BB2_T10,momentum
84,BB2_T11,momentum
84,BB2_T12,momentum
84,BB2_T2,rolling_return_mean
84,BB2_T3,momentum
84,BB2_T4,momentum
84,BB2_T5,momentum
84,BB2_T6,momentum
84,BB2_T7,rolling_return_mean
84,BB2_T8,rolling_return_mean
84,BB2_T9,momentum
84,BB3_T1,normalized_deviation
84,BB3_T10,price_minus_mean
84,BB3_T11,price_minus_mean
84,BB3_T12,price_minus_mean
84,BB3_T2,normalized_deviation
84,BB3_T3,price_minus_mean
84,BB3_T4,price_minus_mean
84,BB3_T5,price_minus_mean
84,BB3_T6,price_minus_mean
84,BB3_T7,price_minus_mean
84,BB3_T8,price_minus_mean
84,BB3_T9,price_minus_mean
84,BB4_T1,rolling_mean
84,BB4_T10,rolling_mean
84,BB4_T11,rolling_mean
84,BB4_T12,rolling_mean
84,BB4_T2,rolling_mean
84,BB4_T3,rolling_mean
84,BB4_T4,rolling_mean
84,BB4_T5,rolling_mean
84,BB4_T6,rolling_mean
84,BB4_T7,rolling_mean
84,BB4_T8,rolling_mean
84,BB4_T9,rolling_mean
84,BB5_T1,ema
84,BB5_T10,ema
84,BB5_T11,ema
84,BB5_T12,ema
84,BB5_T2,ema
84,BB5_T3,ema
84,BB5_T4,ema
84,BB5_T5,ema
84,BB5_T6,ema
84,BB5_T7,ema
84,BB5_T8,ema
84,BB5_T9,ema
84,BB6_T1,rolling_mean
84,BB6_T10,rolling_mean
84,BB6_T11,rolling_mean
84,BB6_T12,rolling_mean
84,BB6_T2,rolling_mean
84,BB6_T3,rolling_mean
84,BB6_T4,rolling_mean
84,BB6_T5,rolling_mean
84,BB6_T6,rolling_mean
84,BB6_T7,rolling_mean
84,BB6_T8,rolling_mean
84,BB6_T9,rolling_mean
84,BB7_T1,rolling_max
84,BB7_T10,rolling_max
84,BB7_T11,rolling_max
84,BB7_T12,rolling_max
84,BB7_T2,rolling_max
84,BB7_T3,rolling_max
84,BB7_T4,rolling_max
84,BB7_T5,rolling_max
84,BB7_T6,rolling_max
84,BB7_T7,rolling_max
84,BB7_T8,rolling_max
84,BB7_T9,rolling_max
84,BB8_T1,rolling_min
84,BB8_T10,rolling_min
84,BB8_T11,rolling_min
84,BB8_T12,rolling_min
84,BB8_T2,rolling_min
84,BB8_T3,rolling_min
84,BB8_T4,rolling_min
84,BB8_T5,rolling_min
84,BB8_T6,rolling_min
84,BB8_T7,rolling_min
84,BB8_T8,rolling_min
84,BB8_T9,rolling_min
84,BB9_T1,rolling_std
84,BB9_T10,rolling_std
84,BB9_T11,rolling_std
84,BB9_T12,rolling_std
84,BB9_T2,rolling_std
84,BB9_T3,rolling_std
84,BB9_T4,rolling_std
84,BB9_T5,rolling_std
84,BB9_T6,rolling_std
84,BB9_T7,rolling_std
84,BB9_T8,rolling_std
84,BB9_T9,rolling_std
84,PB1_T1,normalized_deviation
84,PB1_T10,z_score
84,PB1_T11,z_score
84,PB1_T12,z_score
84,PB1_T2,price_minus_mean
84,PB1_T3,normalized_deviation
84,PB1_T4,normalized_deviation
84,PB1_T5,normalized_deviation
84,PB1_T6,price_minus_mean
84,PB1_T7,z_score
84,PB1_T8,normalized_deviation
84,PB1_T9,normalized_deviation
84,PB10_T1,ema
84,PB10_T10,ema
84,PB10_T11,ema
84,PB10_T12,rolling_min
84,PB10_T2,ema
84,PB10_T3,ema
84,PB10_T4,ema
84,PB10_T5,ema
84,PB10_T6,ema
84,PB10_T7,ema
84,PB10_T8,ema
84,PB10_T9,ema
84,PB11_T1,ema
84,PB11_T10,ema
84,PB11_T11,ema
84,PB11_T12,ema
84,PB11_T2,ema
84,PB11_T3,ema
84,PB11_T4,ema
84,PB11_T5,ema
84,PB11_T6,ema
84,PB11_T7,ema
84,PB11_T8,ema
84,PB11_T9,ema
84,PB12_T1,normalized_deviation
84,PB12_T10,z_score
84,PB12_T11,z_score
84,PB12_T12,z_score
84,PB12_T2,normalized_deviation
84,PB12_T3,normalized_deviation
84,PB12_T4,normalized_deviation
84,PB12_T5,normalized_deviation
84,PB12_T6,price_minus_mean
84,PB12_T7,z_score
84,PB12_T8,normalized_deviation
84,PB12_T9,normalized_deviation
84,PB13_T1,normalized_deviation
84,PB13_T10,z_score
84,PB13_T11,z_score
84,PB13_T12,z_score
84,PB13_T2,price_minus_mean
84,PB13_T3,normalized_deviation
84,PB13_T4,normalized_deviation
84,PB13_T5,normalized_deviation
84,PB13_T6,price_minus_mean
84,PB13_T7,z_score
84,PB13_T8,normalized_deviation
84,PB13_T9,normalized_deviation
84,PB14_T1,z_score
84,PB14_T10,z_score
84,PB14_T11,z_score
84,PB14_T12,z_score
84,PB14_T2,z_score
84,PB14_T3,z_score
84,PB14_T4,z_score
84,PB14_T5,z_score
84,PB14_T6,z_score
84,PB14_T7,z_score
84,PB14_T8,z_score
84,PB14_T9,z_score
84,PB15_T1,z_score
84,PB15_T10,z_score
84,PB15_T11,z_score
84,PB15_T12,z_score
84,PB15_T2,z_score
84,PB15_T3,z_score
84,PB15_T4,z_score
84,PB15_T5,z_score
84,PB15_T6,z_score
84,PB15_T7,z_score
84,PB15_T8,z_score
84,PB15_T9,z_score
84,PB16_T1,z_score
84,PB16_T10,z_score
84,PB16_T11,z_score
84,PB16_T12,z_score
84,PB16_T2,z_score
84,PB16_T3,z_score
84,PB16_T4,z_score
84,PB16_T5,z_score
84,PB16_T6,z_score
84,PB16_T7,z_score
84,PB16_T8,z_score
84,PB16_T9,z_score
84,PB17_T1,z_score
84,PB17_T10,z_score
84,PB17_T11,z_score
84,PB17_T12,z_score
84,PB17_T2,z_score
84,PB17_T3,z_score
84,PB17_T4,z_score
84,PB17_T5,z_score
84,PB17_T6,z_score
84,PB17_T7,z_score
84,PB17_T8,z_score
84,PB17_T9,z_score
84,PB18_T1,z_score
84,PB18_T10,z_score
84,PB18_T11,z_score
84,PB18_T12,distance_from_high
84,PB18_T2,z_score
84,PB18_T3,z_score
84,PB18_T4,z_score
84,PB18_T5,z_score
84,PB18_T6,z_score
84,PB18_T7,z_score
84,PB18_T8,z_score
84,PB18_T9,z_score
84,PB2_T1,z_score
84,PB2_T10,z_score
84,PB2_T11,rolling_median
84,PB2_T12,z_score
84,PB2_T2,z_score
84,PB2_T3,z_score
84,PB2_T4,z_score
84,PB2_T5,z_score
84,PB2_T6,z_score
84,PB2_T7,z_score
84,PB2_T8,z_score
84,PB2_T9,z_score
84,PB3_T1,z_score
84,PB3_T10,normalized_deviation
84,PB3_T11,normalized_deviation
84,PB3_T12,distance_from_high
84,PB3_T2,z_score
84,PB3_T3,z_score
84,PB3_T4,z_score
84,PB3_T5,z_score
84,PB3_T6,z_score
84,PB3_T7,z_score
84,PB3_T8,z_score
84,PB3_T9,price_minus_mean
84,PB4_T1,normalized_deviation
84,PB4_T10,z_score
84,PB4_T11,z_score
84,PB4_T12,z_score
84,PB4_T2,price_minus_mean
84,PB4_T3,normalized_deviation
84,PB4_T4,normalized_deviation
84,PB4_T5,normalized_deviation
84,PB4_T6,price_minus_mean
84,PB4_T7,z_score
84,PB4_T8,normalized_deviation
84,PB4_T9,normalized_deviation
84,PB5_T1,normalized_deviation
84,PB5_T10,z_score
84,PB5_T11,z_score
84,PB5_T12,z_score
84,PB5_T2,normalized_deviation
84,PB5_T3,normalized_deviation
84,PB5_T4,normalized_deviation
84,PB5_T5,normalized_deviation
84,PB5_T6,price_minus_mean
84,PB5_T7,z_score
84,PB5_T8,normalized_deviation
84,PB5_T9,normalized_deviation
84,PB6_T1,normalized_deviation
84,PB6_T10,momentum
84,PB6_T11,momentum
84,PB6_T12,rolling_max
84,PB6_T2,momentum
84,PB6_T3,momentum
84,PB6_T4,rolling_return_mean
84,PB6_T5,momentum
84,PB6_T6,momentum
84,PB6_T7,momentum
84,PB6_T8,momentum
84,PB6_T9,momentum
84,PB7_T1,z_score
84,PB7_T10,z_score
84,PB7_T11,z_score
84,PB7_T12,z_score
84,PB7_T2,z_score
84,PB7_T3,z_score
84,PB7_T4,z_score
84,PB7_T5,z_score
84,PB7_T6,z_score
84,PB7_T7,z_score
84,PB7_T8,z_score
84,PB7_T9,z_score
84,PB8_T1,z_score
84,PB8_T10,z_score
84,PB8_T11,z_score
84,PB8_T12,z_score
84,PB8_T2,z_score
84,PB8_T3,z_score
84,PB8_T4,z_score
84,PB8_T5,z_score
84,PB8_T6,z_score
84,PB8_T7,z_score
84,PB8_T8,z_score
84,PB8_T9,z_score
84,PB9_T1,ema
84,PB9_T10,distance_from_high
84,PB9_T11,momentum
84,PB9_T12,distance_from_low
84,PB9_T2,ema
84,PB9_T3,ema
84,PB9_T4,ema
84,PB9_T5,ema
84,PB9_T6,ema
84,PB9_T7,ema
84,PB9_T8,ema
84,PB9_T9,ema
85,BB1_T1,rolling_mean
85,BB1_T10,ema
85,BB1_T11,ema
85,BB1_T12,ema
85,BB1_T2,ema
85,BB1_T3,ema
85,BB1_T4,rolling_mean
85,BB1_T5,rolling_mean
85,BB1_T6,rolling_mean
85,BB1_T7,ema
85,BB1_T8,ema
85,BB1_T9,ema
85,BB10_T1,z_score
85,BB10_T10,z_score
85,BB10_T11,z_score
85,BB10_T12,z_score
85,BB10_T2,z_score
85,BB10_T3,z_score
85,BB10_T4,z_score
85,BB10_T5,z_score
85,BB10_T6,z_score
85,BB10_T7,z_score
85,BB10_T8,z_score
85,BB10_T9,z_score
85,BB11_T1,rolling_max
85,BB11_T10,rolling_max
85,BB11_T11,rolling_max
85,BB11_T12,rolling_max
85,BB11_T2,rolling_max
85,BB11_T3,rolling_max
85,BB11_T4,rolling_max
85,BB11_T5,rolling_max
85,BB11_T6,rolling_max
85,BB11_T7,rolling_max
85,BB11_T8,rolling_max
85,BB11_T9,rolling_max
85,BB12_T1,rolling_min
85,BB12_T10,rolling_min
85,BB12_T11,rolling_min
85,BB12_T12,rolling_min
85,BB12_T2,rolling_min
85,BB12_T3,rolling_min
85,BB12_T4,rolling_min
85,BB12_T5,rolling_min
85,BB12_T6,rolling_min
85,BB12_T7,rolling_min
85,BB12_T8,rolling_min
85,BB12_T9,rolling_min
85,BB13_T1,ema
85,BB13_T10,ema
85,BB13_T11,ema
85,BB13_T12,ema
85,BB13_T2,ema
85,BB13_T3,ema
85,BB13_T4,ema
85,BB13_T5,ema
85,BB13_T6,ema
85,BB13_T7,ema
85,BB13_T8,ema
85,BB13_T9,ema
85,BB14_T1,rolling_max
85,BB14_T10,ema
85,BB14_T11,ema
85,BB14_T12,ema
85,BB14_T2,rolling_max
85,BB14_T3,ema
85,BB14_T4,ema
85,BB14_T5,ema
85,BB14_T6,ema
85,BB14_T7,ema
85,BB14_T8,ema
85,BB14_T9,ema
85,BB15_T1,rolling_min
85,BB15_T10,ema
85,BB15_T11,ema
85,BB15_T12,ema
85,BB15_T2,ema
85,BB15_T3,ema
85,BB15_T4,ema
85,BB15_T5,ema
85,BB15_T6,ema
85,BB15_T7,ema
85,BB15_T8,ema
85,BB15_T9,ema
85,BB2_T1,rolling_return_mean
85,BB2_T10,rolling_return_mean
85,BB2_T11,rolling_return_mean
85,BB2_T12,rolling_return_mean
85,BB2_T2,rolling_return_mean
85,BB2_T3,rolling_return_mean
85,BB2_T4,rolling_return_mean
85,BB2_T5,rolling_return_mean
85,BB2_T6,rolling_return_mean
85,BB2_T7,rolling_return_mean
85,BB2_T8,rolling_return_mean
85,BB2_T9,rolling_return_mean
85,BB3_T1,price_minus_mean
85,BB3_T10,price_minus_mean
85,BB3_T11,price_minus_mean
85,BB3_T12,price_minus_mean
85,BB3_T2,price_minus_mean
85,BB3_T3,price_minus_mean
85,BB3_T4,price_minus_mean
85,BB3_T5,price_minus_mean
85,BB3_T6,price_minus_mean
85,BB3_T7,price_minus_mean
85,BB3_T8,price_minus_mean
85,BB3_T9,price_minus_mean
85,BB4_T1,rolling_mean
85,BB4_T10,rolling_mean
85,BB4_T11,rolling_mean
85,BB4_T12,rolling_mean
85,BB4_T2,rolling_mean
85,BB4_T3,rolling_mean
85,BB4_T4,rolling_mean
85,BB4_T5,rolling_mean
85,BB4_T6,rolling_mean
85,BB4_T7,rolling_mean
85,BB4_T8,rolling_mean
85,BB4_T9,rolling_mean
85,BB5_T1,ema
85,BB5_T10,ema
85,BB5_T11,ema
85,BB5_T12,ema
85,BB5_T2,ema
85,BB5_T3,ema
85,BB5_T4,ema
85,BB5_T5,ema
85,BB5_T6,ema
85,BB5_T7,ema
85,BB5_T8,ema
85,BB5_T9,ema
85,BB6_T1,rolling_mean
85,BB6_T10,rolling_mean
85,BB6_T11,rolling_mean
85,BB6_T12,rolling_mean
85,BB6_T2,rolling_mean
85,BB6_T3,rolling_mean
85,BB6_T4,rolling_mean
85,BB6_T5,rolling_mean
85,BB6_T6,rolling_mean
85,BB6_T7,rolling_mean
85,BB6_T8,rolling_mean
85,BB6_T9,rolling_mean
85,BB7_T1,rolling_max
85,BB7_T10,rolling_max
85,BB7_T11,rolling_max
85,BB7_T12,rolling_max
85,BB7_T2,rolling_max
85,BB7_T3,rolling_max
85,BB7_T4,rolling_max
85,BB7_T5,rolling_max
85,BB7_T6,rolling_max
85,BB7_T7,rolling_max
85,BB7_T8,rolling_max
85,BB7_T9,rolling_max
85,BB8_T1,rolling_min
85,BB8_T10,rolling_min
85,BB8_T11,rolling_min
85,BB8_T12,rolling_min
85,BB8_T2,rolling_min
85,BB8_T3,rolling_min
85,BB8_T4,rolling_min
85,BB8_T5,rolling_min
85,BB8_T6,rolling_min
85,BB8_T7,rolling_min
85,BB8_T8,rolling_min
85,BB8_T9,rolling_min
85,BB9_T1,rolling_std
85,BB9_T10,rolling_std
85,BB9_T11,rolling_std
85,BB9_T12,rolling_std
85,BB9_T2,rolling_std
85,BB9_T3,rolling_std
85,BB9_T4,rolling_std
85,BB9_T5,rolling_std
85,BB9_T6,rolling_std
85,BB9_T7,rolling_std
85,BB9_T8,rolling_std
85,BB9_T9,rolling_std
85,PB1_T1,normalized_deviation
85,PB1_T10,normalized_deviation
85,PB1_T11,normalized_deviation
85,PB1_T12,normalized_deviation
85,PB1_T2,normalized_deviation
85,PB1_T3,normalized_deviation
85,PB1_T4,normalized_deviation
85,PB1_T5,normalized_deviation
85,PB1_T6,normalized_deviation
85,PB1_T7,normalized_deviation
85,PB1_T8,normalized_deviation
85,PB1_T9,normalized_deviation
85,PB10_T1,ema
85,PB10_T10,absolute_return_mean
85,PB10_T11,downside_volatility
85,PB10_T12,downside_volatility
85,PB10_T2,ema
85,PB10_T3,ema
85,PB10_T4,rolling_max
85,PB10_T5,ema
85,PB10_T6,rolling_max
85,PB10_T7,rolling_max
85,PB10_T8,rolling_max
85,PB10_T9,rolling_max
85,PB11_T1,ema
85,PB11_T10,ema
85,PB11_T11,ema
85,PB11_T12,rolling_mean
85,PB11_T2,ema
85,PB11_T3,ema
85,PB11_T4,ema
85,PB11_T5,ema
85,PB11_T6,ema
85,PB11_T7,ema
85,PB11_T8,ema
85,PB11_T9,ema
85,PB12_T1,normalized_deviation
85,PB12_T10,normalized_deviation
85,PB12_T11,normalized_deviation
85,PB12_T12,normalized_deviation
85,PB12_T2,normalized_deviation
85,PB12_T3,normalized_deviation
85,PB12_T4,normalized_deviation
85,PB12_T5,normalized_deviation
85,PB12_T6,normalized_deviation
85,PB12_T7,normalized_deviation
85,PB12_T8,normalized_deviation
85,PB12_T9,normalized_deviation
85,PB13_T1,normalized_deviation
85,PB13_T10,normalized_deviation
85,PB13_T11,normalized_deviation
85,PB13_T12,normalized_deviation
85,PB13_T2,normalized_deviation
85,PB13_T3,normalized_deviation
85,PB13_T4,normalized_deviation
85,PB13_T5,normalized_deviation
85,PB13_T6,normalized_deviation
85,PB13_T7,normalized_deviation
85,PB13_T8,normalized_deviation
85,PB13_T9,normalized_deviation
85,PB14_T1,z_score
85,PB14_T10,z_score
85,PB14_T11,z_score
85,PB14_T12,z_score
85,PB14_T2,z_score
85,PB14_T3,z_score
85,PB14_T4,z_score
85,PB14_T5,z_score
85,PB14_T6,z_score
85,PB14_T7,z_score
85,PB14_T8,z_score
85,PB14_T9,z_score
85,PB15_T1,z_score
85,PB15_T10,z_score
85,PB15_T11,z_score
85,PB15_T12,z_score
85,PB15_T2,z_score
85,PB15_T3,z_score
85,PB15_T4,z_score
85,PB15_T5,z_score
85,PB15_T6,z_score
85,PB15_T7,z_score
85,PB15_T8,z_score
85,PB15_T9,z_score
85,PB16_T1,z_score
85,PB16_T10,z_score
85,PB16_T11,z_score
85,PB16_T12,z_score
85,PB16_T2,z_score
85,PB16_T3,z_score
85,PB16_T4,z_score
85,PB16_T5,z_score
85,PB16_T6,z_score
85,PB16_T7,z_score
85,PB16_T8,z_score
85,PB16_T9,z_score
85,PB17_T1,z_score
85,PB17_T10,z_score
85,PB17_T11,z_score
85,PB17_T12,z_score
85,PB17_T2,z_score
85,PB17_T3,z_score
85,PB17_T4,z_score
85,PB17_T5,z_score
85,PB17_T6,z_score
85,PB17_T7,z_score
85,PB17_T8,z_score
85,PB17_T9,z_score
85,PB18_T1,z_score
85,PB18_T10,z_score
85,PB18_T11,z_score
85,PB18_T12,z_score
85,PB18_T2,z_score
85,PB18_T3,z_score
85,PB18_T4,z_score
85,PB18_T5,z_score
85,PB18_T6,z_score
85,PB18_T7,z_score
85,PB18_T8,z_score
85,PB18_T9,z_score
85,PB2_T1,z_score
85,PB2_T10,distance_from_high
85,PB2_T11,distance_from_high
85,PB2_T12,rolling_median
85,PB2_T2,z_score
85,PB2_T3,z_score
85,PB2_T4,z_score
85,PB2_T5,z_score
85,PB2_T6,z_score
85,PB2_T7,z_score
85,PB2_T8,z_score
85,PB2_T9,z_score
85,PB3_T1,z_score
85,PB3_T10,normalized_deviation
85,PB3_T11,normalized_deviation
85,PB3_T12,z_score
85,PB3_T2,z_score
85,PB3_T3,z_score
85,PB3_T4,z_score
85,PB3_T5,z_score
85,PB3_T6,z_score
85,PB3_T7,z_score
85,PB3_T8,normalized_deviation
85,PB3_T9,normalized_deviation
85,PB4_T1,normalized_deviation
85,PB4_T10,normalized_deviation
85,PB4_T11,normalized_deviation
85,PB4_T12,normalized_deviation
85,PB4_T2,normalized_deviation
85,PB4_T3,normalized_deviation
85,PB4_T4,normalized_deviation
85,PB4_T5,normalized_deviation
85,PB4_T6,normalized_deviation
85,PB4_T7,normalized_deviation
85,PB4_T8,normalized_deviation
85,PB4_T9,normalized_deviation
85,PB5_T1,normalized_deviation
85,PB5_T10,normalized_deviation
85,PB5_T11,normalized_deviation
85,PB5_T12,normalized_deviation
85,PB5_T2,normalized_deviation
85,PB5_T3,normalized_deviation
85,PB5_T4,normalized_deviation
85,PB5_T5,normalized_deviation
85,PB5_T6,normalized_deviation
85,PB5_T7,normalized_deviation
85,PB5_T8,normalized_deviation
85,PB5_T9,normalized_deviation
85,PB6_T1,normalized_deviation
85,PB6_T10,rolling_return_mean
85,PB6_T11,momentum
85,PB6_T12,rolling_max
85,PB6_T2,normalized_deviation
85,PB6_T3,rolling_return_mean
85,PB6_T4,momentum
85,PB6_T5,momentum
85,PB6_T6,rolling_return_mean
85,PB6_T7,momentum
85,PB6_T8,rolling_return_mean
85,PB6_T9,rolling_return_mean
85,PB7_T1,z_score
85,PB7_T10,z_score
85,PB7_T11,z_score
85,PB7_T12,z_score
85,PB7_T2,z_score
85,PB7_T3,z_score
85,PB7_T4,z_score
85,PB7_T5,z_score
85,PB7_T6,z_score
85,PB7_T7,z_score
85,PB7_T8,z_score
85,PB7_T9,z_score
85,PB8_T1,z_score
85,PB8_T10,z_score
85,PB8_T11,z_score
85,PB8_T12,z_score
85,PB8_T2,z_score
85,PB8_T3,z_score
85,PB8_T4,z_score
85,PB8_T5,z_score
85,PB8_T6,z_score
85,PB8_T7,z_score
85,PB8_T8,z_score
85,PB8_T9,z_score
85,PB9_T1,ema
85,PB9_T10,downside_volatility
85,PB9_T11,downside_volatility
85,PB9_T12,distance_from_low
85,PB9_T2,ema
85,PB9_T3,ema
85,PB9_T4,ema
85,PB9_T5,ema
85,PB9_T6,ema
85,PB9_T7,rolling_max
85,PB9_T8,rolling_max
85,PB9_T9,rolling_max
