feature,family,subfamily,suffix,nominal_window_seconds,days_expected,days_present,days_with_feature,missing_days,mean_warmup_sec,median_warmup_sec,std_warmup_sec,min_warmup_sec,max_warmup_sec,days_matching_nominal,days_deviating,internal_nan_days,days_observed,leading_nan_total,internal_nan_total,trailing_nan_total,total_nan_total,total_inf_total,average_missing_fraction,valid_value_count,value_mean,value_variance,scale_std_dev,value_min,value_max,nominal_window_status,semantic_identity_status,expected_development_days,available_development_days,missing_development_days
BB1_T1,BB,BB1,1.0,5.0,85,70,70,65|66|67|68|69|70|71|72|73|74|75|76|77|78|79,0.0,0,0.0,0,0,0.0,70.0,0,70,0,0,0,0,0,0.0,1596012,100.10479078461786,0.21349402773556703,0.4620541393988014,97.98279201597668,102.4269574544883,actual_deviations_retained,name_and_observed_behavior_only; identity_unconfirmed,85,70,15
BB1_T10,BB,BB1,10.0,1500.0,85,70,70,65|66|67|68|69|70|71|72|73|74|75|76|77|78|79,0.0,0,0.0,0,0,0.0,70.0,0,70,0,0,0,0,0,0.0,1596012,100.09883321202693,0.19915957771366583,0.44627298564182194,98.1168378118997,102.29428970281772,actual_deviations_retained,name_and_observed_behavior_only; identity_unconfirmed,85,70,15
BB1_T11,BB,BB1,11.0,1800.0,85,70,70,65|66|67|68|69|70|71|72|73|74|75|76|77|78|79,0.0,0,0.0,0,0,0.0,70.0,0,70,0,0,0,0,0,0.0,1596012,100.09774018524514,0.1962943244494537,0.4430511533101496,98.1248121905122,102.2815494957296,actual_deviations_retained,name_and_observed_behavior_only; identity_unconfirmed,85,70,15
BB1_T12,BB,BB1,12.0,3600.0,85,70,70,65|66|67|68|69|70|71|72|73|74|75|76|77|78|79,0.0,0,0.0,0,0,0.0,70.0,0,70,0,0,0,0,0,0.0,1596012,100.09137901280175,0.17937592633846458,0.4235279522516366,98.23053564976011,102.2637110728974,actual_deviations_retained,name_and_observed_behavior_only; identity_unconfirmed,85,70,15
BB1_T2,BB,BB1,2.0,10.0,85,70,70,65|66|67|68|69|70|71|72|73|74|75|76|77|78|79,0.0,0,0.0,0,0,0.0,70.0,0,70,0,0,0,0,0,0.0,1596012,100.1047496820371,0.21344477288247593,0.46200083645213885,97.98617910974896,102.4229657197062,actual_deviations_retained,name_and_observed_behavior_only; identity_unconfirmed,85,70,15
BB1_T3,BB,BB1,3.0,30.0,85,70,70,65|66|67|68|69|70|71|72|73|74|75|76|77|78|79,0.0,0,0.0,0,0,0.0,70.0,0,70,0,0,0,0,0,0.0,1596012,100.10463623788878,0.21324448139040378,0.46178402028481214,98.00126671338434,102.41943996214984,actual_deviations_retained,name_and_observed_behavior_only; identity_unconfirmed,85,70,15
BB1_T4,BB,BB1,4.0,60.0,85,70,70,65|66|67|68|69|70|71|72|73|74|75|76|77|78|79,0.0,0,0.0,0,0,0.0,70.0,0,70,0,0,0,0,0,0.0,1596012,100.10449093427533,0.21293063402460424,0.4614440746445925,98.01444661857956,102.4170498788099,actual_deviations_retained,name_and_observed_behavior_only; identity_unconfirmed,85,70,15
BB1_T5,BB,BB1,5.0,90.0,85,70,70,65|66|67|68|69|70|71|72|73|74|75|76|77|78|79,0.0,0,0.0,0,0,0.0,70.0,0,70,0,0,0,0,0,0.0,1596012,100.10435526657153,0.21261433670046492,0.4611012217512169,98.02109090925958,102.41090191640464,actual_deviations_retained,name_and_observed_behavior_only; identity_unconfirmed,85,70,15
BB1_T6,BB,BB1,6.0,120.0,85,70,70,65|66|67|68|69|70|71|72|73|74|75|76|77|78|79,0.0,0,0.0,0,0,0.0,70.0,0,70,0,0,0,0,0,0.0,1596012,100.10422974380425,0.21230677833361858,0.46076759687896734,98.02409915705768,102.40867244796664,actual_deviations_retained,name_and_observed_behavior_only; identity_unconfirmed,85,70,15
BB1_T7,BB,BB1,7.0,300.0,85,70,70,65|66|67|68|69|70|71|72|73|74|75|76|77|78|79,0.0,0,0.0,0,0,0.0,70.0,0,70,0,0,0,0,0,0.0,1596012,100.1034746005802,0.21055360417780455,0.4588612036093317,98.04063913174762,102.38444267804245,actual_deviations_retained,name_and_observed_behavior_only; identity_unconfirmed,85,70,15
BB1_T8,BB,BB1,8.0,600.0,85,70,70,65|66|67|68|69|70|71|72|73|74|75|76|77|78|79,0.0,0,0.0,0,0,0.0,70.0,0,70,0,0,0,0,0,0.0,1596012,100.10225411865599,0.2077158006976241,0.45575848944108993,98.0818509288949,102.34130663516298,actual_deviations_retained,name_and_observed_behavior_only; identity_unconfirmed,85,70,15
BB1_T9,BB,BB1,9.0,900.0,85,70,70,65|66|67|68|69|70|71|72|73|74|75|76|77|78|79,0.0,0,0.0,0,0,0.0,70.0,0,70,0,0,0,0,0,0.0,1596012,100.10108076016732,0.2048739970787511,0.45263008856985093,98.10456170171469,102.3231334242064,actual_deviations_retained,name_and_observed_behavior_only; identity_unconfirmed,85,70,15
BB10_T1,BB,BB10,1.0,5.0,85,70,70,65|66|67|68|69|70|71|72|73|74|75|76|77|78|79,4.0,4,0.0,4,4,0.0,70.0,70,70,280,35594,0,35874,0,0.02265076757135914,1560138,0.5037177660503563,0.08398803135586183,0.28980688631545976,-0.0066449926545892,1.0133146990697104,actual_deviations_retained,name_and_observed_behavior_only; identity_unconfirmed,85,70,15
BB10_T10,BB,BB10,10.0,1500.0,85,70,70,65|66|67|68|69|70|71|72|73|74|75|76|77|78|79,1499.0,1499,0.0,1499,1499,0.0,70.0,0,70,104930,0,0,104930,0,0.06645760233383155,1491082,0.5244394016229923,0.12437985263391056,0.35267527930648973,-1.7422214568408692,2.1661436480498795,actual_deviations_retained,name_and_observed_behavior_only; identity_unconfirmed,85,70,15
BB10_T11,BB,BB10,11.0,1800.0,85,70,70,65|66|67|68|69|70|71|72|73|74|75|76|77|78|79,1799.0,1799,0.0,1799,1799,0.0,70.0,0,70,125930,0,0,125930,0,0.07975798972552567,1470082,0.5249794324287638,0.12434734632036865,0.3526291909646288,-1.418535698346689,2.172342938044653,actual_deviations_retained,name_and_observed_behavior_only; identity_unconfirmed,85,70,15
BB10_T12,BB,BB10,12.0,3600.0,85,70,70,65|66|67|68|69|70|71|72|73|74|75|76|77|78|79,3599.0,3599,0.0,3599,3599,0.0,70.0,0,70,251930,0,0,251930,0,0.1595603140756904,1344082,0.5270798254117705,0.12369322955779352,0.35170048273750426,-1.2793665983937794,2.656150652663176,actual_deviations_retained,name_and_observed_behavior_only; identity_unconfirmed,85,70,15
BB10_T2,BB,BB10,2.0,10.0,85,70,70,65|66|67|68|69|70|71|72|73|74|75|76|77|78|79,9.0,9,0.0,9,9,0.0,70.0,60,70,630,2553,0,3183,0,0.002020571686474601,1592829,0.5045055964017917,0.09932259648017074,0.31515487697348227,-0.2635920366160096,1.2526900517004669,actual_deviations_retained,name_and_observed_behavior_only; identity_unconfirmed,85,70,15
BB10_T3,BB,BB10,3.0,30.0,85,70,70,65|66|67|68|69|70|71|72|73|74|75|76|77|78|79,29.0,29,0.0,29,29,0.0,70.0,1,70,2030,89,0,2119,0,0.0013401783463824841,1593893,0.5061168541334393,0.11476632834680651,0.3387717939067633,-0.8462910599496059,1.8248330668910029,actual_deviations_retained,name_and_observed_behavior_only; identity_unconfirmed,85,70,15
BB10_T4,BB,BB10,4.0,60.0,85,70,70,65|66|67|68|69|70|71|72|73|74|75|76|77|78|79,59.0,59,0.0,59,59,0.0,70.0,1,70,4130,59,0,4189,0,0.002651854984927586,1591823,0.5077331213608357,0.11950208373238261,0.3456907342298642,-1.420286698845106,2.3446430336051,actual_deviations_retained,name_and_observed_behavior_only; identity_unconfirmed,85,70,15
BB10_T5,BB,BB10,5.0,90.0,85,70,70,65|66|67|68|69|70|71|72|73|74|75|76|77|78|79,89.0,89,0.0,89,89,0.0,70.0,1,70,6230,29,0,6259,0,0.003963531623472684,1589753,0.5088633803362176,0.12111938540022657,0.34802210475805495,-1.8584952562189223,2.591912817343492,actual_deviations_retained,name_and_observed_behavior_only; identity_unconfirmed,85,70,15
BB10_T6,BB,BB10,6.0,120.0,85,70,70,65|66|67|68|69|70|71|72|73|74|75|76|77|78|79,119.0,119,0.0,119,119,0.0,70.0,0,70,8330,0,0,8330,0,0.005275820332038598,1587682,0.5099479184822296,0.12245769662367531,0.34993956138692767,-1.5304712591147926,2.880278188296084,actual_deviations_retained,name_and_observed_behavior_only; identity_unconfirmed,85,70,15
BB10_T7,BB,BB10,7.0,300.0,85,70,70,65|66|67|68|69|70|71|72|73|74|75|76|77|78|79,299.0,299,0.0,299,299,0.0,70.0,0,70,20930,0,0,20930,0,0.013256052767055071,1575082,0.5147594325576986,0.12469338799114457,0.3531195095022995,-2.1669316598751083,3.2396195121997424,actual_deviations_retained,name_and_observed_behavior_only; identity_unconfirmed,85,70,15
BB10_T8,BB,BB10,8.0,600.0,85,70,70,65|66|67|68|69|70|71|72|73|74|75|76|77|78|79,599.0,599,0.0,599,599,0.0,70.0,0,70,41930,0,0,41930,0,0.02655644015874919,1554082,0.5191383085297991,0.12445463657825105,0.35278128717131674,-1.7396190409318515,2.44413792027145,actual_deviations_retained,name_and_observed_behavior_only; identity_unconfirmed,85,70,15
BB10_T9,BB,BB10,9.0,900.0,85,70,70,65|66|67|68|69|70|71|72|73|74|75|76|77|78|79,899.0,899,0.0,899,899,0.0,70.0,0,70,62930,0,0,62930,0,0.03985682755044331,1533082,0.522269738570121,0.12499521383131731,0.35354662186381774,-1.901697225424892,2.265101179889913,actual_deviations_retained,name_and_observed_behavior_only; identity_unconfirmed,85,70,15
BB11_T1,BB,BB11,1.0,5.0,85,70,70,65|66|67|68|69|70|71|72|73|74|75|76|77|78|79,4.0,4,0.0,4,4,0.0,70.0,0,70,280,0,0,280,0,0.00017733849855591143,1595732,100.10866747341586,0.2134455270869424,0.46200165268854004,97.98784882649991,102.42950481430536,actual_deviations_retained,name_and_observed_behavior_only; identity_unconfirmed,85,70,15
BB11_T10,BB,BB11,10.0,1500.0,85,70,70,65|66|67|68|69|70|71|72|73|74|75|76|77|78|79,1499.0,1499,0.0,1499,1499,0.0,70.0,0,70,104930,0,0,104930,0,0.06645760233383155,1491082,100.21303059453594,0.21124045735762031,0.4596090266276548,98.28020156670496,102.42950481430536,actual_deviations_retained,name_and_observed_behavior_only; identity_unconfirmed,85,70,15
BB11_T11,BB,BB11,11.0,1800.0,85,70,70,65|66|67|68|69|70|71|72|73|74|75|76|77|78|79,1799.0,1799,0.0,1799,1799,0.0,70.0,0,70,125930,0,0,125930,0,0.07975798972552567,1470082,100.22339543333554,0.21138422947520083,0.45976540700144114,98.28020156670496,102.42950481430536,actual_deviations_retained,name_and_observed_behavior_only; identity_unconfirmed,85,70,15
BB11_T12,BB,BB11,12.0,3600.0,85,70,70,65|66|67|68|69|70|71|72|73|74|75|76|77|78|79,3599.0,3599,0.0,3599,3599,0.0,70.0,0,70,251930,0,0,251930,0,0.1595603140756904,1344082,100.27216945922697,0.21258952596108166,0.4610743171779162,98.60503794471056,102.42950481430536,actual_deviations_retained,name_and_observed_behavior_only; identity_unconfirmed,85,70,15
BB11_T2,BB,BB11,2.0,10.0,85,70,70,65|66|67|68|69|70|71|72|73|74|75|76|77|78|79,9.0,9,0.0,9,9,0.0,70.0,0,70,630,0,0,630,0,0.00039901162175078427,1595382,100.11142637652344,0.2133810567542952,0.46193187458140966,97.99931363984128,102.42950481430536,actual_deviations_retained,name_and_observed_behavior_only; identity_unconfirmed,85,70,15
BB11_T3,BB,BB11,3.0,30.0,85,70,70,65|66|67|68|69|70|71|72|73|74|75|76|77|78|79,29.0,29,0.0,29,29,0.0,70.0,0,70,2030,0,0,2030,0,0.00128570411453036,1593982,100.11823619129241,0.21320469470195808,0.46174093894949153,98.02191843014604,102.42950481430536,actual_deviations_retained,name_and_observed_behavior_only; identity_unconfirmed,85,70,15
BB11_T4,BB,BB11,4.0,60.0,85,70,70,65|66|67|68|69|70|71|72|73|74|75|76|77|78|79,59.0,59,0.0,59,59,0.0,70.0,0,70,4130,0,0,4130,0,0.002615742853699773,1591882,100.12485877357034,0.21303563588159105,0.46155783590097466,98.03391826811,102.42950481430536,actual_deviations_retained,name_and_observed_behavior_only; identity_unconfirmed,85,70,15
BB11_T5,BB,BB11,5.0,90.0,85,70,70,65|66|67|68|69|70|71|72|73|74|75|76|77|78|79,89.0,89,0.0,89,89,0.0,70.0,0,70,6230,0,0,6230,0,0.003945781592869183,1589782,100.1298907045732,0.21291141254477894,0.4614232466453971,98.03944048653612,102.42950481430536,actual_deviations_retained,name_and_observed_behavior_only; identity_unconfirmed,85,70,15
BB11_T6,BB,BB11,6.0,120.0,85,70,70,65|66|67|68|69|70|71|72|73|74|75|76|77|78|79,119.0,119,0.0,119,119,0.0,70.0,0,70,8330,0,0,8330,0,0.005275820332038598,1587682,100.13411928432785,0.2128273472834526,0.46133214421222873,98.0604593109953,102.42950481430536,actual_deviations_retained,name_and_observed_behavior_only; identity_unconfirmed,85,70,15
BB11_T7,BB,BB11,7.0,300.0,85,70,70,65|66|67|68|69|70|71|72|73|74|75|76|77|78|79,299.0,299,0.0,299,299,0.0,70.0,0,70,20930,0,0,20930,0,0.013256052767055071,1575082,100.15241173660472,0.21232850224961408,0.46079116989110597,98.11014016880792,102.42950481430536,actual_deviations_retained,name_and_observed_behavior_only; identity_unconfirmed,85,70,15
BB11_T8,BB,BB11,8.0,600.0,85,70,70,65|66|67|68|69|70|71|72|73|74|75|76|77|78|79,599.0,599,0.0,599,599,0.0,70.0,0,70,41930,0,0,41930,0,0.02655644015874919,1554082,100.1728961239482,0.2117189137026749,0.4601292358703964,98.17510744440902,102.42950481430536,actual_deviations_retained,name_and_observed_behavior_only; identity_unconfirmed,85,70,15
BB11_T9,BB,BB11,9.0,900.0,85,70,70,65|66|67|68|69|70|71|72|73|74|75|76|77|78|79,899.0,899,0.0,899,899,0.0,70.0,0,70,62930,0,0,62930,0,0.03985682755044331,1533082,100.1885349164123,0.21131778009379676,0.45969313687915414,98.2132852728358,102.42950481430536,actual_deviations_retained,name_and_observed_behavior_only; identity_unconfirmed,85,70,15
BB12_T1,BB,BB12,1.0,5.0,85,70,70,65|66|67|68|69|70|71|72|73|74|75|76|77|78|79,4.0,4,0.0,4,4,0.0,70.0,0,70,280,0,0,280,0,0.00017733849855591143,1595732,100.10099228112625,0.21362460743820633,0.46219542126486535,97.97829481538211,102.42089064649242,actual_deviations_retained,name_and_observed_behavior_only; identity_unconfirmed,85,70,15
BB12_T10,BB,BB12,10.0,1500.0,85,70,70,65|66|67|68|69|70|71|72|73|74|75|76|77|78|79,1499.0,1499,0.0,1499,1499,0.0,70.0,0,70,104930,0,0,104930,0,0.06645760233383155,1491082,99.99221227928032,0.2162774287219693,0.46505637155292184,97.97829481538211,102.17761348005502,actual_deviations_retained,name_and_observed_behavior_only; identity_unconfirmed,85,70,15
BB12_T11,BB,BB12,11.0,1800.0,85,70,70,65|66|67|68|69|70|71|72|73|74|75|76|77|78|79,1799.0,1799,0.0,1799,1799,0.0,70.0,0,70,125930,0,0,125930,0,0.07975798972552567,1470082,99.9814699124876,0.21632863544129707,0.46511142260892396,97.97829481538211,102.16470082530948,actual_deviations_retained,name_and_observed_behavior_only; identity_unconfirmed,85,70,15
BB12_T12,BB,BB12,12.0,3600.0,85,70,70,65|66|67|68|69|70|71|72|73|74|75|76|77|78|79,3599.0,3599,0.0,3599,3599,0.0,70.0,0,70,251930,0,0,251930,0,0.1595603140756904,1344082,99.929359730049,0.21437266238264374,0.46300395503995834,97.97829481538211,102.11141678129296,actual_deviations_retained,name_and_observed_behavior_only; identity_unconfirmed,85,70,15
BB12_T2,BB,BB12,2.0,10.0,85,70,70,65|66|67|68|69|70|71|72|73|74|75|76|77|78|79,9.0,9,0.0,9,9,0.0,70.0,0,70,630,0,0,630,0,0.00039901162175078427,1595382,100.09819738090933,0.21367841138418975,0.4622536223591869,97.97829481538211,102.42004814305363,actual_deviations_retained,name_and_observed_behavior_only; identity_unconfirmed,85,70,15
BB12_T3,BB,BB12,3.0,30.0,85,70,70,65|66|67|68|69|70|71|72|73|74|75|76|77|78|79,29.0,29,0.0,29,29,0.0,70.0,0,70,2030,0,0,2030,0,0.00128570411453036,1593982,100.09122983644063,0.21378729452047063,0.46237138159759694,97.97829481538211,102.41060866574963,actual_deviations_retained,name_and_observed_behavior_only; identity_unconfirmed,85,70,15
BB12_T4,BB,BB12,4.0,60.0,85,70,70,65|66|67|68|69|70|71|72|73|74|75|76|77|78|79,59.0,59,0.0,59,59,0.0,70.0,0,70,4130,0,0,4130,0,0.002615742853699773,1591882,100.08439826211627,0.21386708337161106,0.4624576557606232,97.97829481538211,102.39941540577716,actual_deviations_retained,name_and_observed_behavior_only; identity_unconfirmed,85,70,15
BB12_T5,BB,BB12,5.0,90.0,85,70,70,65|66|67|68|69|70|71|72|73|74|75|76|77|78|79,89.0,89,0.0,89,89,0.0,70.0,0,70,6230,0,0,6230,0,0.003945781592869183,1589782,100.07914719089769,0.21393796553589053,0.4625342857949998,97.97829481538211,102.371045392022,actual_deviations_retained,name_and_observed_behavior_only; identity_unconfirmed,85,70,15
BB12_T6,BB,BB12,6.0,120.0,85,70,70,65|66|67|68|69|70|71|72|73|74|75|76|77|78|79,119.0,119,0.0,119,119,0.0,70.0,0,70,8330,0,0,8330,0,0.005275820332038598,1587682,100.07470319248146,0.21402805478435405,0.4626316621075065,97.97829481538211,102.371045392022,actual_deviations_retained,name_and_observed_behavior_only; identity_unconfirmed,85,70,15
BB12_T7,BB,BB12,7.0,300.0,85,70,70,65|66|67|68|69|70|71|72|73|74|75|76|77|78|79,299.0,299,0.0,299,299,0.0,70.0,0,70,20930,0,0,20930,0,0.013256052767055071,1575082,100.05533790595014,0.21455323122294465,0.46319891107702815,97.97829481538211,102.29896836313618,actual_deviations_retained,name_and_observed_behavior_only; identity_unconfirmed,85,70,15
BB12_T8,BB,BB12,8.0,600.0,85,70,70,65|66|67|68|69|70|71|72|73|74|75|76|77|78|79,599.0,599,0.0,599,599,0.0,70.0,0,70,41930,0,0,41930,0,0.02655644015874919,1554082,100.03389079790497,0.2154685403641605,0.4641858898805095,97.97829481538211,102.26444291609351,actual_deviations_retained,name_and_observed_behavior_only; identity_unconfirmed,85,70,15
BB12_T9,BB,BB12,9.0,900.0,85,70,70,65|66|67|68|69|70|71|72|73|74|75|76|77|78|79,899.0,899,0.0,899,899,0.0,70.0,0,70,62930,0,0,62930,0,0.03985682755044331,1533082,100.0176631590022,0.21598850020911142,0.464745629575052,97.97829481538211,102.22661623108664,actual_deviations_retained,name_and_observed_behavior_only; identity_unconfirmed,85,70,15
BB13_T1,BB,BB13,1.0,5.0,85,70,70,65|66|67|68|69|70|71|72|73|74|75|76|77|78|79,4.0,4,0.0,4,4,0.0,70.0,0,70,280,0,0,280,0,0.00017733849855591143,1595732,100.10483947196242,0.2135157892134617,0.46207768742221444,97.98434434643238,102.42427717104734,actual_deviations_retained,name_and_observed_behavior_only; identity_unconfirmed,85,70,15
BB13_T10,BB,BB13,10.0,1500.0,85,70,70,65|66|67|68|69|70|71|72|73|74|75|76|77|78|79,1499.0,1499,0.0,1499,1499,0.0,70.0,0,70,104930,0,0,104930,0,0.06645760233383155,1491082,100.10677952545119,0.2074067646402083,0.45541932835597604,98.14710744675624,102.28714744548031,actual_deviations_retained,name_and_observed_behavior_only; identity_unconfirmed,85,70,15
BB13_T11,BB,BB13,11.0,1800.0,85,70,70,65|66|67|68|69|70|71|72|73|74|75|76|77|78|79,1799.0,1799,0.0,1799,1799,0.0,70.0,0,70,125930,0,0,125930,0,0.07975798972552567,1470082,100.10716634773115,0.20617841159201458,0.4540687300310544,98.16536080451922,102.27845400743526,actual_deviations_retained,name_and_observed_behavior_only; identity_unconfirmed,85,70,15
BB13_T12,BB,BB13,12.0,3600.0,85,70,70,65|66|67|68|69|70|71|72|73|74|75|76|77|78|79,3599.0,3599,0.0,3599,3599,0.0,70.0,0,70,251930,0,0,251930,0,0.1595603140756904,1344082,100.10927659017658,0.19884514115701954,0.4459205547594992,98.3136995483245,102.21641727933944,actual_deviations_retained,name_and_observed_behavior_only; identity_unconfirmed,85,70,15
BB13_T2,BB,BB13,2.0,10.0,85,70,70,65|66|67|68|69|70|71|72|73|74|75|76|77|78|79,9.0,9,0.0,9,9,0.0,70.0,0,70,630,0,0,630,0,0.00039901162175078427,1595382,100.10484565441323,0.2134931445699607,0.4620531837028728,97.98861996953336,102.42167754822744,actual_deviations_retained,name_and_observed_behavior_only; identity_unconfirmed,85,70,15
BB13_T3,BB,BB13,3.0,30.0,85,70,70,65|66|67|68|69|70|71|72|73|74|75|76|77|78|79,29.0,29,0.0,29,29,0.0,70.0,0,70,2030,0,0,2030,0,0.00128570411453036,1593982,100.1048692647101,0.2134036708354998,0.46195635165619253,98.00331566097124,102.41646574158626,actual_deviations_retained,name_and_observed_behavior_only; identity_unconfirmed,85,70,15
BB13_T4,BB,BB13,4.0,60.0,85,70,70,65|66|67|68|69|70|71|72|73|74|75|76|77|78|79,59.0,59,0.0,59,59,0.0,70.0,0,70,4130,0,0,4130,0,0.002615742853699773,1591882,100.1049020219841,0.21326899940469426,0.4618105665797333,98.01836342786446,102.406913098846,actual_deviations_retained,name_and_observed_behavior_only; identity_unconfirmed,85,70,15
BB13_T5,BB,BB13,5.0,90.0,85,70,70,65|66|67|68|69|70|71|72|73|74|75|76|77|78|79,89.0,89,0.0,89,89,0.0,70.0,0,70,6230,0,0,6230,0,0.003945781592869183,1589782,100.10493483146892,0.21313457980337608,0.4616650082076571,98.02097889835736,102.39756972720171,actual_deviations_retained,name_and_observed_behavior_only; identity_unconfirmed,85,70,15
BB13_T6,BB,BB13,6.0,120.0,85,70,70,65|66|67|68|69|70|71|72|73|74|75|76|77|78|79,119.0,119,0.0,119,119,0.0,70.0,0,70,8330,0,0,8330,0,0.005275820332038598,1587682,100.10496859714542,0.2130006059949734,0.4615198868900163,98.0238557402169,102.39329075033324,actual_deviations_retained,name_and_observed_behavior_only; identity_unconfirmed,85,70,15
BB13_T7,BB,BB13,7.0,300.0,85,70,70,65|66|67|68|69|70|71|72|73|74|75|76|77|78|79,299.0,299,0.0,299,299,0.0,70.0,0,70,20930,0,0,20930,0,0.013256052767055071,1575082,100.105162293984,0.21222936707689563,0.46068358672400694,98.04733745915374,102.36867818094504,actual_deviations_retained,name_and_observed_behavior_only; identity_unconfirmed,85,70,15
BB13_T8,BB,BB13,8.0,600.0,85,70,70,65|66|67|68|69|70|71|72|73|74|75|76|77|78|79,599.0,599,0.0,599,599,0.0,70.0,0,70,41930,0,0,41930,0,0.02655644015874919,1554082,100.10554440175918,0.2110063126196976,0.45935423435481426,98.08904324316664,102.3411794735002,actual_deviations_retained,name_and_observed_behavior_only; identity_unconfirmed,85,70,15
BB13_T9,BB,BB13,9.0,900.0,85,70,70,65|66|67|68|69|70|71|72|73|74|75|76|77|78|79,899.0,899,0.0,899,899,0.0,70.0,0,70,62930,0,0,62930,0,0.03985682755044331,1533082,100.10596754536581,0.20980735456504135,0.4580473278658455,98.11872128794568,102.3210440434149,actual_deviations_retained,name_and_observed_behavior_only; identity_unconfirmed,85,70,15
BB14_T1,BB,BB14,1.0,5.0,85,70,70,65|66|67|68|69|70|71|72|73|74|75|76|77|78|79,5.0,5,0.0,5,5,70.0,0.0,0,70,350,0,0,350,0,0.0002216731231948686,1595662,100.11011516240288,0.21341063430705065,0.4619638885313988,97.9973378015526,102.43915617266632,matches_actual_warmup,name_and_observed_behavior_only; identity_unconfirmed,85,70,15
BB14_T10,BB,BB14,10.0,1500.0,85,70,70,65|66|67|68|69|70|71|72|73|74|75|76|77|78|79,1500.0,1500,0.0,1500,1500,70.0,0.0,0,70,105000,0,0,105000,0,0.06650193695847051,1491012,100.11190838496974,0.20734197004389507,0.4553481855063168,98.15701228116228,102.29308934639948,matches_actual_warmup,name_and_observed_behavior_only; identity_unconfirmed,85,70,15
BB14_T11,BB,BB14,11.0,1800.0,85,70,70,65|66|67|68|69|70|71|72|73|74|75|76|77|78|79,1800.0,1800,0.0,1800,1800,70.0,0.0,0,70,126000,0,0,126000,0,0.07980232435016464,1470012,100.11227558419388,0.20611991150488015,0.45400430780432044,98.17540954356386,102.28496672163106,matches_actual_warmup,name_and_observed_behavior_only; identity_unconfirmed,85,70,15
BB14_T12,BB,BB14,12.0,3600.0,85,70,70,65|66|67|68|69|70|71|72|73|74|75|76|77|78|79,3600.0,3600,0.0,3600,3600,70.0,0.0,0,70,252000,0,0,252000,0,0.15960464870032937,1344012,100.11427677398763,0.1988440671427859,0.4459193504915277,98.32456530393765,102.22278188264292,matches_actual_warmup,name_and_observed_behavior_only; identity_unconfirmed,85,70,15
BB14_T2,BB,BB14,2.0,10.0,85,70,70,65|66|67|68|69|70|71|72|73|74|75|76|77|78|79,10.0,10,0.0,10,10,70.0,0.0,0,70,700,0,0,700,0,0.00044334624638974,1595312,100.11011924801197,0.21338394531320082,0.46193500117787223,98.00030046319291,102.42897802133643,matches_actual_warmup,name_and_observed_behavior_only; identity_unconfirmed,85,70,15
BB14_T3,BB,BB14,3.0,30.0,85,70,70,65|66|67|68|69|70|71|72|73|74|75|76|77|78|79,30.0,30,0.0,30,30,70.0,0.0,0,70,2100,0,0,2100,0,0.0013300387391693173,1593912,100.11013755579675,0.21329223796306962,0.461835726165776,98.01324758299822,102.42379223789132,matches_actual_warmup,name_and_observed_behavior_only; identity_unconfirmed,85,70,15
BB14_T4,BB,BB14,4.0,60.0,85,70,70,65|66|67|68|69|70|71|72|73|74|75|76|77|78|79,60.0,60,0.0,60,60,70.0,0.0,0,70,4200,0,0,4200,0,0.002660077478338727,1591812,100.11016475143927,0.21315795729854448,0.4616903261912085,98.02574497204095,102.4153026762997,matches_actual_warmup,name_and_observed_behavior_only; identity_unconfirmed,85,70,15
BB14_T5,BB,BB14,5.0,90.0,85,70,70,65|66|67|68|69|70|71|72|73|74|75|76|77|78|79,90.0,90,0.0,90,90,70.0,0.0,0,70,6300,0,0,6300,0,0.00399011621750814,1589712,100.1101930276811,0.2130246847899989,0.4615459725639461,98.02873845387587,102.40393249868023,matches_actual_warmup,name_and_observed_behavior_only; identity_unconfirmed,85,70,15
BB14_T6,BB,BB14,6.0,120.0,85,70,70,65|66|67|68|69|70|71|72|73|74|75|76|77|78|79,120.0,120,0.0,120,120,70.0,0.0,0,70,8400,0,0,8400,0,0.005320154956677552,1587612,100.11022318349424,0.21289221064575828,0.46140243892480487,98.03185053672028,102.3998733088983,matches_actual_warmup,name_and_observed_behavior_only; identity_unconfirmed,85,70,15
BB14_T7,BB,BB14,7.0,300.0,85,70,70,65|66|67|68|69|70|71|72|73|74|75|76|77|78|79,300.0,300,0.0,300,300,70.0,0.0,0,70,21000,0,0,21000,0,0.013300387391694025,1575012,100.11039856911368,0.21213009168019778,0.46057582620041815,98.05625453619705,102.37517041114624,matches_actual_warmup,name_and_observed_behavior_only; identity_unconfirmed,85,70,15
BB14_T8,BB,BB14,8.0,600.0,85,70,70,65|66|67|68|69|70|71|72|73|74|75|76|77|78|79,600.0,600,0.0,600,600,70.0,0.0,0,70,42000,0,0,42000,0,0.026600774783388147,1554012,100.11074871291619,0.2109180646600389,0.45925816776627815,98.0978820102894,102.34701995782716,matches_actual_warmup,name_and_observed_behavior_only; identity_unconfirmed,85,70,15
BB14_T9,BB,BB14,9.0,900.0,85,70,70,65|66|67|68|69|70|71|72|73|74|75|76|77|78|79,900.0,900,0.0,900,900,70.0,0.0,0,70,63000,0,0,63000,0,0.039901162175082265,1533012,100.11114327112865,0.2097284818358844,0.4579612230701246,98.12939689750644,102.32684465564544,matches_actual_warmup,name_and_observed_behavior_only; identity_unconfirmed,85,70,15
BB15_T1,BB,BB15,1.0,5.0,85,70,70,65|66|67|68|69|70|71|72|73|74|75|76|77|78|79,5.0,5,0.0,5,5,70.0,0.0,0,70,350,0,0,350,0,0.0002216731231948686,1595662,100.09957289454142,0.2136863942774592,0.4622622570332335,97.96933438096204,102.42015062359204,matches_actual_warmup,name_and_observed_behavior_only; identity_unconfirmed,85,70,15
BB15_T10,BB,BB15,10.0,1500.0,85,70,70,65|66|67|68|69|70|71|72|73|74|75|76|77|78|79,1500.0,1500,0.0,1500,1500,70.0,0.0,0,70,105000,0,0,105000,0,0.06650193695847051,1491012,100.10165912304295,0.20751130898173256,0.45553409200819706,98.13720261235018,102.28123007985933,matches_actual_warmup,name_and_observed_behavior_only; identity_unconfirmed,85,70,15
BB15_T11,BB,BB15,11.0,1800.0,85,70,70,65|66|67|68|69|70|71|72|73|74|75|76|77|78|79,1800.0,1800,0.0,1800,1800,70.0,0.0,0,70,126000,0,0,126000,0,0.07980232435016464,1470012,100.10206555886727,0.20627618112821455,0.45417637667344013,98.1553120654746,102.27194212450694,matches_actual_warmup,name_and_observed_behavior_only; identity_unconfirmed,85,70,15
BB15_T12,BB,BB15,12.0,3600.0,85,70,70,65|66|67|68|69|70|71|72|73|74|75|76|77|78|79,3600.0,3600,0.0,3600,3600,70.0,0.0,0,70,252000,0,0,252000,0,0.15960464870032937,1344012,100.10428466562503,0.19888277079742608,0.4459627459748472,98.30283379271134,102.21005613001957,matches_actual_warmup,name_and_observed_behavior_only; identity_unconfirmed,85,70,15
BB15_T2,BB,BB15,2.0,10.0,85,70,70,65|66|67|68|69|70|71|72|73|74|75|76|77|78|79,10.0,10,0.0,10,10,70.0,0.0,0,70,700,0,0,700,0,0.00044334624638974,1595312,100.09958105213155,0.2136581131477487,0.4622316661023439,97.97392292295142,102.41690658518132,matches_actual_warmup,name_and_observed_behavior_only; identity_unconfirmed,85,70,15
BB15_T3,BB,BB15,3.0,30.0,85,70,70,65|66|67|68|69|70|71|72|73|74|75|76|77|78|79,30.0,30,0.0,30,30,70.0,0.0,0,70,2100,0,0,2100,0,0.0013300387391693173,1593912,100.09960984889835,0.21356373647277888,0.4621295667589111,97.99310678883724,102.41096026099378,matches_actual_warmup,name_and_observed_behavior_only; identity_unconfirmed,85,70,15
BB15_T4,BB,BB15,4.0,60.0,85,70,70,65|66|67|68|69|70|71|72|73|74|75|76|77|78|79,60.0,60,0.0,60,60,70.0,0.0,0,70,4200,0,0,4200,0,0.002660077478338727,1591812,100.09964811412638,0.2134263639584836,0.4619809129807027,98.00790265771204,102.39862905482948,matches_actual_warmup,name_and_observed_behavior_only; identity_unconfirmed,85,70,15
BB15_T5,BB,BB15,5.0,90.0,85,70,70,65|66|67|68|69|70|71|72|73|74|75|76|77|78|79,90.0,90,0.0,90,90,70.0,0.0,0,70,6300,0,0,6300,0,0.00399011621750814,1589712,100.09968559601383,0.21328974535576062,0.4618330275713947,98.01316243991609,102.39185369900824,matches_actual_warmup,name_and_observed_behavior_only; identity_unconfirmed,85,70,15
BB15_T6,BB,BB15,6.0,120.0,85,70,70,65|66|67|68|69|70|71|72|73|74|75|76|77|78|79,120.0,120,0.0,120,120,70.0,0.0,0,70,8400,0,0,8400,0,0.005320154956677552,1587612,100.09972297623095,0.2131536432439966,0.46168565414575813,98.0155203627051,102.38709180506449,matches_actual_warmup,name_and_observed_behavior_only; identity_unconfirmed,85,70,15
BB15_T7,BB,BB15,7.0,300.0,85,70,70,65|66|67|68|69|70|71|72|73|74|75|76|77|78|79,300.0,300,0.0,300,300,70.0,0.0,0,70,21000,0,0,21000,0,0.013300387391694025,1575012,100.09993468000712,0.2123718658914423,0.46083822095334315,98.03839082562124,102.36233516571131,matches_actual_warmup,name_and_observed_behavior_only; identity_unconfirmed,85,70,15
BB15_T8,BB,BB15,8.0,600.0,85,70,70,65|66|67|68|69|70|71|72|73|74|75|76|77|78|79,600.0,600,0.0,600,600,70.0,0.0,0,70,42000,0,0,42000,0,0.026600774783388147,1554012,100.1003489982004,0.21113641801079142,0.45949583024309526,98.08017237027605,102.33536127084086,matches_actual_warmup,name_and_observed_behavior_only; identity_unconfirmed,85,70,15
BB15_T9,BB,BB15,9.0,900.0,85,70,70,65|66|67|68|69|70|71|72|73|74|75|76|77|78|79,900.0,900,0.0,900,900,70.0,0.0,0,70,63000,0,0,63000,0,0.039901162175082265,1533012,100.10080069040198,0.20992734284136091,0.45817828717799464,98.10804567838493,102.31528282961924,matches_actual_warmup,name_and_observed_behavior_only; identity_unconfirmed,85,70,15
BB16,BB,BB16,,,85,70,70,65|66|67|68|69|70|71|72|73|74|75|76|77|78|79,0.0,0,0.0,0,0,,,0,70,0,0,0,0,0,0.0,1596012,100.05570919294901,0.07949366126426018,0.2819462027839002,99.0093569351842,101.50058324154016,unavailable,name_and_observed_behavior_only; identity_unconfirmed,85,70,15
BB17,BB,BB17,,,85,70,70,65|66|67|68|69|70|71|72|73|74|75|76|77|78|79,0.0,0,0.0,0,0,,,0,70,0,0,0,0,0,0.0,1596012,100.20928839578535,0.11264005504220517,0.33561891341550637,99.36574237980469,102.1647557431742,unavailable,name_and_observed_behavior_only; identity_unconfirmed,85,70,15
BB18,BB,BB18,,,85,70,70,65|66|67|68|69|70|71|72|73|74|75|76|77|78|79,0.0,0,0.0,0,0,,,0,70,0,0,0,0,0,0.0,1596012,99.90212999011254,0.07486326574905806,0.2736115234215439,98.36310789424226,100.8550669399795,unavailable,name_and_observed_behavior_only; identity_unconfirmed,85,70,15
BB19,BB,BB19,,,85,70,70,65|66|67|68|69|70|71|72|73|74|75|76|77|78|79,0.0,0,0.0,0,0,,,0,70,0,0,0,0,0,0.0,1596012,100.3628675986219,0.1743024470829001,0.41749544558342205,99.55374030989717,102.95210373530772,unavailable,name_and_observed_behavior_only; identity_unconfirmed,85,70,15
BB2_T1,BB,BB2,1.0,5.0,85,70,70,65|66|67|68|69|70|71|72|73|74|75|76|77|78|79,1.0,1,0.0,1,1,0.0,70.0,0,70,70,0,0,70,0,4.4334624638980384e-05,1595942,3.763354392965878e-05,0.00021703384051438175,0.014732068439780673,-1.3292116895351,0.7086771215946328,actual_deviations_retained,name_and_observed_behavior_only; identity_unconfirmed,85,70,15
BB2_T10,BB,BB2,10.0,1500.0,85,70,70,65|66|67|68|69|70|71|72|73|74|75|76|77|78|79,1.0,1,0.0,1,1,0.0,70.0,0,70,70,0,0,70,0,4.4334624638980384e-05,1595942,3.6603663185680676e-05,4.510406271795078e-06,0.002123771708963814,-0.304616566137156,0.7445632811054566,actual_deviations_retained,name_and_observed_behavior_only; identity_unconfirmed,85,70,15
BB2_T11,BB,BB2,11.0,1800.0,85,70,70,65|66|67|68|69|70|71|72|73|74|75|76|77|78|79,1.0,1,0.0,1,1,0.0,70.0,0,70,70,0,0,70,0,4.4334624638980384e-05,1595942,3.631268781200358e-05,4.287083665996047e-06,0.0020705273883713897,-0.3137042192589661,0.8224635057131309,actual_deviations_retained,name_and_observed_behavior_only; identity_unconfirmed,85,70,15
BB2_T12,BB,BB2,12.0,3600.0,85,70,70,65|66|67|68|69|70|71|72|73|74|75|76|77|78|79,1.0,1,0.0,1,1,0.0,70.0,0,70,70,0,0,70,0,4.4334624638980384e-05,1595942,3.532953452249031e-05,3.559076543954739e-06,0.0018865514951770437,-0.2111223592763735,1.125286224564661,actual_deviations_retained,name_and_observed_behavior_only; identity_unconfirmed,85,70,15
BB2_T2,BB,BB2,2.0,10.0,85,70,70,65|66|67|68|69|70|71|72|73|74|75|76|77|78|79,1.0,1,0.0,1,1,0.0,70.0,0,70,70,0,0,70,0,4.4334624638980384e-05,1595942,3.7681769156697596e-05,0.0001295204539227955,0.011380705335030668,-1.2789469143535823,0.673411187254942,actual_deviations_retained,name_and_observed_behavior_only; identity_unconfirmed,85,70,15
BB2_T3,BB,BB2,3.0,30.0,85,70,70,65|66|67|68|69|70|71|72|73|74|75|76|77|78|79,1.0,1,0.0,1,1,0.0,70.0,0,70,70,0,0,70,0,4.4334624638980384e-05,1595942,3.783947938119163e-05,5.776061095962986e-05,0.007600040194606201,-0.9352555965039072,0.5783460514237504,actual_deviations_retained,name_and_observed_behavior_only; identity_unconfirmed,85,70,15
BB2_T4,BB,BB2,4.0,60.0,85,70,70,65|66|67|68|69|70|71|72|73|74|75|76|77|78|79,1.0,1,0.0,1,1,0.0,70.0,0,70,70,0,0,70,0,4.4334624638980384e-05,1595942,3.831143170599975e-05,3.493783017910009e-05,0.005910823138878382,-0.6137902665144566,0.4323726723323489,actual_deviations_retained,name_and_observed_behavior_only; identity_unconfirmed,85,70,15
BB2_T5,BB,BB2,5.0,90.0,85,70,70,65|66|67|68|69|70|71|72|73|74|75|76|77|78|79,1.0,1,0.0,1,1,0.0,70.0,0,70,70,0,0,70,0,4.4334624638980384e-05,1595942,3.8480299802973324e-05,2.5992315626928705e-05,0.005098265943134853,-0.568959259317694,0.3360226027505177,actual_deviations_retained,name_and_observed_behavior_only; identity_unconfirmed,85,70,15
BB2_T6,BB,BB2,6.0,120.0,85,70,70,65|66|67|68|69|70|71|72|73|74|75|76|77|78|79,1.0,1,0.0,1,1,0.0,70.0,0,70,70,0,0,70,0,4.4334624638980384e-05,1595942,3.869552191242369e-05,2.1002116661175196e-05,0.004582806635804657,-0.5264648274952606,0.388748208617244,actual_deviations_retained,name_and_observed_behavior_only; identity_unconfirmed,85,70,15
BB2_T7,BB,BB2,7.0,300.0,85,70,70,65|66|67|68|69|70|71|72|73|74|75|76|77|78|79,1.0,1,0.0,1,1,0.0,70.0,0,70,70,0,0,70,0,4.4334624638980384e-05,1595942,3.9000906938409375e-05,1.1554061913077614e-05,0.0033991266397528667,-0.4430624032801233,0.3522775203283572,actual_deviations_retained,name_and_observed_behavior_only; identity_unconfirmed,85,70,15
BB2_T8,BB,BB2,8.0,600.0,85,70,70,65|66|67|68|69|70|71|72|73|74|75|76|77|78|79,1.0,1,0.0,1,1,0.0,70.0,0,70,70,0,0,70,0,4.4334624638980384e-05,1595942,3.81301171076012e-05,7.570155792862756e-06,0.0027513916102334026,-0.3024205552870853,0.3787160201972028,actual_deviations_retained,name_and_observed_behavior_only; identity_unconfirmed,85,70,15
BB2_T9,BB,BB2,9.0,900.0,85,70,70,65|66|67|68|69|70|71|72|73|74|75|76|77|78|79,1.0,1,0.0,1,1,0.0,70.0,0,70,70,0,0,70,0,4.4334624638980384e-05,1595942,3.746586562264412e-05,5.836256037096612e-06,0.0024158344390906865,-0.2478285858079516,0.5167040877016689,actual_deviations_retained,name_and_observed_behavior_only; identity_unconfirmed,85,70,15
BB20,BB,BB20,,,85,70,70,65|66|67|68|69|70|71|72|73|74|75|76|77|78|79,0.0,0,0.0,0,0,,,0,70,0,0,0,0,0,0.0,1596012,99.74855078727612,0.09874886849659834,0.31424332689270956,97.71685885330034,100.30287770300282,unavailable,name_and_observed_behavior_only; identity_unconfirmed,85,70,15
BB21,BB,BB21,,,85,70,70,65|66|67|68|69|70|71|72|73|74|75|76|77|78|79,0.0,0,0.0,0,0,,,0,70,0,0,0,0,0,0.0,1596012,100.51644680145837,0.26448083738633515,0.5142770045280415,99.74164602769427,103.74795867700472,unavailable,name_and_observed_behavior_only; identity_unconfirmed,85,70,15
BB22,BB,BB22,,,85,70,70,65|66|67|68|69|70|71|72|73|74|75|76|77|78|79,0.0,0,0.0,0,0,,,0,70,0,0,0,0,0,0.0,1596012,99.5949715844396,0.15115046950688701,0.3887807473459649,97.0706098123584,100.12336745859528,unavailable,name_and_observed_behavior_only; identity_unconfirmed,85,70,15
BB23,BB,BB23,,,85,70,70,65|66|67|68|69|70|71|72|73|74|75|76|77|78|79,25.0,25,0.0,25,25,,,0,70,1750,0,0,1750,0,0.001108365615974444,1594262,4.604798871863415e-05,2.5518629228542333e-05,0.005051596700899858,-0.119053068296743,0.1962810810705483,unavailable,name_and_observed_behavior_only; identity_unconfirmed,85,70,15
BB24,BB,BB24,,,85,70,70,65|66|67|68|69|70|71|72|73|74|75|76|77|78|79,33.0,33,0.0,33,33,,,0,70,2310,0,0,2310,0,0.0014630426130862757,1593702,4.5974307962518595e-05,2.2635706066873167e-05,0.004757699661272574,-0.1007305684975291,0.1708660109715985,unavailable,name_and_observed_behavior_only; identity_unconfirmed,85,70,15
BB25,BB,BB25,,,85,70,70,65|66|67|68|69|70|71|72|73|74|75|76|77|78|79,33.0,33,0.0,33,33,,,0,70,2310,0,0,2310,0,0.0014630426130862757,1593702,-3.37167743501408e-07,2.2894683737978362e-06,0.0015130989306049477,-0.0513409792710999,0.0732332337764796,unavailable,name_and_observed_behavior_only; identity_unconfirmed,85,70,15
BB26,BB,BB26,,,85,70,70,65|66|67|68|69|70|71|72|73|74|75|76|77|78|79,0.0,0,0.0,0,0,,,0,70,0,0,0,0,0,0.0,1596012,0.04912507470084337,0.06329974896989403,0.2515944136301401,-1.2301485782811117,1.82642589742278,unavailable,name_and_observed_behavior_only; identity_unconfirmed,85,70,15
BB3_T1,BB,BB3,1.0,5.0,85,70,70,65|66|67|68|69|70|71|72|73|74|75|76|77|78|79,0.0,0,0.0,0,0,0.0,70.0,0,70,0,0,0,0,0,0.0,1596012,4.3483032003126444e-05,2.0191330934466585e-05,0.0044934764864708685,-0.1321637223490785,0.2685491329458028,actual_deviations_retained,name_and_observed_behavior_only; identity_unconfirmed,85,70,15
BB3_T10,BB,BB3,10.0,1500.0,85,70,70,65|66|67|68|69|70|71|72|73|74|75|76|77|78|79,0.0,0,0.0,0,0,0.0,70.0,0,70,0,0,0,0,0,0.0,1596012,0.006001055622942291,0.007552628033778728,0.08690585730420435,-0.9087204093110288,0.8572030188613385,actual_deviations_retained,name_and_observed_behavior_only; identity_unconfirmed,85,70,15
BB3_T11,BB,BB3,11.0,1800.0,85,70,70,65|66|67|68|69|70|71|72|73|74|75|76|77|78|79,0.0,0,0.0,0,0,0.0,70.0,0,70,0,0,0,0,0,0.0,1596012,0.007094082404707623,0.008965595570910232,0.09468682891992018,-0.9973769900348886,0.8572030188613385,actual_deviations_retained,name_and_observed_behavior_only; identity_unconfirmed,85,70,15
BB3_T12,BB,BB3,12.0,3600.0,85,70,70,65|66|67|68|69|70|71|72|73|74|75|76|77|78|79,0.0,0,0.0,0,0,0.0,70.0,0,70,0,0,0,0,0,0.0,1596012,0.013455254848157298,0.017143212702188104,0.13093209194917838,-0.9057342774944046,0.9153427456902286,actual_deviations_retained,name_and_observed_behavior_only; identity_unconfirmed,85,70,15
BB3_T2,BB,BB3,2.0,10.0,85,70,70,65|66|67|68|69|70|71|72|73|74|75|76|77|78|79,0.0,0,0.0,0,0,0.0,70.0,0,70,0,0,0,0,0,0.0,1596012,8.458561278008553e-05,4.7539971104397485e-05,0.006894923574949724,-0.1953525952209764,0.3393178671625366,actual_deviations_retained,name_and_observed_behavior_only; identity_unconfirmed,85,70,15
BB3_T3,BB,BB3,3.0,30.0,85,70,70,65|66|67|68|69|70|71|72|73|74|75|76|77|78|79,0.0,0,0.0,0,0,0.0,70.0,0,70,0,0,0,0,0,0.0,1596012,0.00019802976108197396,0.00015627264946929014,0.012500905945942083,-0.2005918614714553,0.3509338203301667,actual_deviations_retained,name_and_observed_behavior_only; identity_unconfirmed,85,70,15
BB3_T4,BB,BB3,4.0,60.0,85,70,70,65|66|67|68|69|70|71|72|73|74|75|76|77|78|79,0.0,0,0.0,0,0,0.0,70.0,0,70,0,0,0,0,0,0.0,1596012,0.0003433333745409228,0.0003193442866068327,0.017870206674989318,-0.2735001019438721,0.3980555711487993,actual_deviations_retained,name_and_observed_behavior_only; identity_unconfirmed,85,70,15
BB3_T5,BB,BB3,5.0,90.0,85,70,70,65|66|67|68|69|70|71|72|73|74|75|76|77|78|79,0.0,0,0.0,0,0,0.0,70.0,0,70,0,0,0,0,0,0.0,1596012,0.00047900107832547605,0.00048148909568359764,0.021942859788177057,-0.3466357038197429,0.4434332149924692,actual_deviations_retained,name_and_observed_behavior_only; identity_unconfirmed,85,70,15
BB3_T6,BB,BB3,6.0,120.0,85,70,70,65|66|67|68|69|70|71|72|73|74|75|76|77|78|79,0.0,0,0.0,0,0,0.0,70.0,0,70,0,0,0,0,0,0.0,1596012,0.0006045238456005944,0.000641802569254684,0.025333822634073286,-0.3744003568415816,0.4501474979477496,actual_deviations_retained,name_and_observed_behavior_only; identity_unconfirmed,85,70,15
BB3_T7,BB,BB3,7.0,300.0,85,70,70,65|66|67|68|69|70|71|72|73|74|75|76|77|78|79,0.0,0,0.0,0,0,0.0,70.0,0,70,0,0,0,0,0,0.0,1596012,0.0013596670696502048,0.0016032470936324958,0.04004056809827373,-0.480403696035708,0.5610476722131577,actual_deviations_retained,name_and_observed_behavior_only; identity_unconfirmed,85,70,15
BB3_T8,BB,BB3,8.0,600.0,85,70,70,65|66|67|68|69|70|71|72|73|74|75|76|77|78|79,0.0,0,0.0,0,0,0.0,70.0,0,70,0,0,0,0,0,0.0,1596012,0.0025801489938573835,0.0031729861541910922,0.05632926552149506,-0.6769703317209905,0.7545481181009437,actual_deviations_retained,name_and_observed_behavior_only; identity_unconfirmed,85,70,15
BB3_T9,BB,BB3,9.0,900.0,85,70,70,65|66|67|68|69|70|71|72|73|74|75|76|77|78|79,0.0,0,0.0,0,0,0.0,70.0,0,70,0,0,0,0,0,0.0,1596012,0.0037535074825311475,0.004676523329192819,0.06838511043489524,-0.8096646236570945,0.8583802834716111,actual_deviations_retained,name_and_observed_behavior_only; identity_unconfirmed,85,70,15
BB4_T1,BB,BB4,1.0,5.0,85,70,70,65|66|67|68|69|70|71|72|73|74|75|76|77|78|79,4.0,4,0.0,4,4,0.0,70.0,0,70,280,0,0,280,0,0.00017733849855591143,1595732,100.10483951966002,0.21352379861875612,0.4620863540711369,97.98345398138572,102.42468707015132,actual_deviations_retained,name_and_observed_behavior_only; identity_unconfirmed,85,70,15
BB4_T10,BB,BB4,10.0,1500.0,85,70,70,65|66|67|68|69|70|71|72|73|74|75|76|77|78|79,1499.0,1499,0.0,1499,1499,0.0,70.0,0,70,104930,0,0,104930,0,0.06645760233383155,1491082,100.1068126105566,0.2096598517591821,0.45788628693069866,98.1174777130398,102.28888442228332,actual_deviations_retained,name_and_observed_behavior_only; identity_unconfirmed,85,70,15
BB4_T11,BB,BB4,11.0,1800.0,85,70,70,65|66|67|68|69|70|71|72|73|74|75|76|77|78|79,1799.0,1799,0.0,1799,1799,0.0,70.0,0,70,125930,0,0,125930,0,0.07975798972552567,1470082,100.10726975817015,0.20892097670883092,0.45707874235062707,98.13069946656348,102.28309959116608,actual_deviations_retained,name_and_observed_behavior_only; identity_unconfirmed,85,70,15
BB4_T12,BB,BB4,12.0,3600.0,85,70,70,65|66|67|68|69|70|71|72|73|74|75|76|77|78|79,3599.0,3599,0.0,3599,3599,0.0,70.0,0,70,251930,0,0,251930,0,0.1595603140756904,1344082,100.10983540938508,0.2041935699050797,0.4518778263038359,98.2775773770868,102.26621092565529,actual_deviations_retained,name_and_observed_behavior_only; identity_unconfirmed,85,70,15
BB4_T2,BB,BB4,2.0,10.0,85,70,70,65|66|67|68|69|70|71|72|73|74|75|76|77|78|79,9.0,9,0.0,9,9,0.0,70.0,0,70,630,0,0,630,0,0.00039901162175078427,1595382,100.1048458291808,0.21350965928428894,0.46207105436749546,97.98718004572166,102.42296939477303,actual_deviations_retained,name_and_observed_behavior_only; identity_unconfirmed,85,70,15
BB4_T3,BB,BB4,3.0,30.0,85,70,70,65|66|67|68|69|70|71|72|73|74|75|76|77|78|79,29.0,29,0.0,29,29,0.0,70.0,0,70,2030,0,0,2030,0,0.00128570411453036,1593982,100.10486987874684,0.2134536265792326,0.46201041825832523,98.00173398932446,102.4187872535534,actual_deviations_retained,name_and_observed_behavior_only; identity_unconfirmed,85,70,15
BB4_T4,BB,BB4,4.0,60.0,85,70,70,65|66|67|68|69|70|71|72|73|74|75|76|77|78|79,59.0,59,0.0,59,59,0.0,70.0,0,70,4130,0,0,4130,0,0.002615742853699773,1591882,100.10490392709507,0.21336645141228347,0.4619160653325271,98.01298956982238,102.4159554103622,actual_deviations_retained,name_and_observed_behavior_only; identity_unconfirmed,85,70,15
BB4_T5,BB,BB4,5.0,90.0,85,70,70,65|66|67|68|69|70|71|72|73|74|75|76|77|78|79,89.0,89,0.0,89,89,0.0,70.0,0,70,6230,0,0,6230,0,0.003945781592869183,1589782,100.10493721993195,0.21327841294663538,0.46182075846223647,98.02081398646082,102.40708982882468,actual_deviations_retained,name_and_observed_behavior_only; identity_unconfirmed,85,70,15
BB4_T6,BB,BB4,6.0,120.0,85,70,70,65|66|67|68|69|70|71|72|73|74|75|76|77|78|79,119.0,119,0.0,119,119,0.0,70.0,0,70,8330,0,0,8330,0,0.005275820332038598,1587682,100.10497095749093,0.21319091253519015,0.46172601457486684,98.02347875939508,102.4060380845942,actual_deviations_retained,name_and_observed_behavior_only; identity_unconfirmed,85,70,15
BB4_T7,BB,BB4,7.0,300.0,85,70,70,65|66|67|68|69|70|71|72|73|74|75|76|77|78|79,299.0,299,0.0,299,299,0.0,70.0,0,70,20930,0,0,20930,0,0.013256052767055071,1575082,100.10516123780052,0.21268625921062004,0.46117920509344307,98.0443865980918,102.37170552498851,actual_deviations_retained,name_and_observed_behavior_only; identity_unconfirmed,85,70,15
BB4_T8,BB,BB4,8.0,600.0,85,70,70,65|66|67|68|69|70|71|72|73|74|75|76|77|78|79,599.0,599,0.0,599,599,0.0,70.0,0,70,41930,0,0,41930,0,0.02655644015874919,1554082,100.1055069181557,0.21191151667756233,0.4603384805526932,98.08171150809936,102.3296034215956,actual_deviations_retained,name_and_observed_behavior_only; identity_unconfirmed,85,70,15
BB4_T9,BB,BB4,9.0,900.0,85,70,70,65|66|67|68|69|70|71|72|73|74|75|76|77|78|79,899.0,899,0.0,899,899,0.0,70.0,0,70,62930,0,0,62930,0,0.03985682755044331,1533082,100.10592054104337,0.21116095504335433,0.4595225294186938,98.10543042348728,102.31339076111874,actual_deviations_retained,name_and_observed_behavior_only; identity_unconfirmed,85,70,15
BB5_T1,BB,BB5,1.0,5.0,85,70,70,65|66|67|68|69|70|71|72|73|74|75|76|77|78|79,4.0,4,0.0,4,4,0.0,70.0,0,70,280,0,0,280,0,0.00017733849855591143,1595732,100.10483947196242,0.2135157892134617,0.46207768742221444,97.98434434643238,102.42427717104734,actual_deviations_retained,name_and_observed_behavior_only; identity_unconfirmed,85,70,15
BB5_T10,BB,BB5,10.0,1500.0,85,70,70,65|66|67|68|69|70|71|72|73|74|75|76|77|78|79,1499.0,1499,0.0,1499,1499,0.0,70.0,0,70,104930,0,0,104930,0,0.06645760233383155,1491082,100.10677952545119,0.2074067646402083,0.45541932835597604,98.14710744675624,102.28714744548031,actual_deviations_retained,name_and_observed_behavior_only; identity_unconfirmed,85,70,15
BB5_T11,BB,BB5,11.0,1800.0,85,70,70,65|66|67|68|69|70|71|72|73|74|75|76|77|78|79,1799.0,1799,0.0,1799,1799,0.0,70.0,0,70,125930,0,0,125930,0,0.07975798972552567,1470082,100.10716634773115,0.20617841159201458,0.4540687300310544,98.16536080451922,102.27845400743526,actual_deviations_retained,name_and_observed_behavior_only; identity_unconfirmed,85,70,15
BB5_T12,BB,BB5,12.0,3600.0,85,70,70,65|66|67|68|69|70|71|72|73|74|75|76|77|78|79,3599.0,3599,0.0,3599,3599,0.0,70.0,0,70,251930,0,0,251930,0,0.1595603140756904,1344082,100.10927659017658,0.19884514115701954,0.4459205547594992,98.3136995483245,102.21641727933944,actual_deviations_retained,name_and_observed_behavior_only; identity_unconfirmed,85,70,15
BB5_T2,BB,BB5,2.0,10.0,85,70,70,65|66|67|68|69|70|71|72|73|74|75|76|77|78|79,9.0,9,0.0,9,9,0.0,70.0,0,70,630,0,0,630,0,0.00039901162175078427,1595382,100.10484565441323,0.2134931445699607,0.4620531837028728,97.98861996953336,102.42167754822744,actual_deviations_retained,name_and_observed_behavior_only; identity_unconfirmed,85,70,15
BB5_T3,BB,BB5,3.0,30.0,85,70,70,65|66|67|68|69|70|71|72|73|74|75|76|77|78|79,29.0,29,0.0,29,29,0.0,70.0,0,70,2030,0,0,2030,0,0.00128570411453036,1593982,100.1048692647101,0.2134036708354998,0.46195635165619253,98.00331566097124,102.41646574158626,actual_deviations_retained,name_and_observed_behavior_only; identity_unconfirmed,85,70,15
BB5_T4,BB,BB5,4.0,60.0,85,70,70,65|66|67|68|69|70|71|72|73|74|75|76|77|78|79,59.0,59,0.0,59,59,0.0,70.0,0,70,4130,0,0,4130,0,0.002615742853699773,1591882,100.1049020219841,0.21326899940469426,0.4618105665797333,98.01836342786446,102.406913098846,actual_deviations_retained,name_and_observed_behavior_only; identity_unconfirmed,85,70,15
BB5_T5,BB,BB5,5.0,90.0,85,70,70,65|66|67|68|69|70|71|72|73|74|75|76|77|78|79,89.0,89,0.0,89,89,0.0,70.0,0,70,6230,0,0,6230,0,0.003945781592869183,1589782,100.10493483146892,0.21313457980337608,0.4616650082076571,98.02097889835736,102.39756972720171,actual_deviations_retained,name_and_observed_behavior_only; identity_unconfirmed,85,70,15
BB5_T6,BB,BB5,6.0,120.0,85,70,70,65|66|67|68|69|70|71|72|73|74|75|76|77|78|79,119.0,119,0.0,119,119,0.0,70.0,0,70,8330,0,0,8330,0,0.005275820332038598,1587682,100.10496859714542,0.2130006059949734,0.4615198868900163,98.0238557402169,102.39329075033324,actual_deviations_retained,name_and_observed_behavior_only; identity_unconfirmed,85,70,15
BB5_T7,BB,BB5,7.0,300.0,85,70,70,65|66|67|68|69|70|71|72|73|74|75|76|77|78|79,299.0,299,0.0,299,299,0.0,70.0,0,70,20930,0,0,20930,0,0.013256052767055071,1575082,100.105162293984,0.21222936707689563,0.46068358672400694,98.04733745915374,102.36867818094504,actual_deviations_retained,name_and_observed_behavior_only; identity_unconfirmed,85,70,15
BB5_T8,BB,BB5,8.0,600.0,85,70,70,65|66|67|68|69|70|71|72|73|74|75|76|77|78|79,599.0,599,0.0,599,599,0.0,70.0,0,70,41930,0,0,41930,0,0.02655644015874919,1554082,100.10554440175918,0.2110063126196976,0.45935423435481426,98.08904324316664,102.3411794735002,actual_deviations_retained,name_and_observed_behavior_only; identity_unconfirmed,85,70,15
BB5_T9,BB,BB5,9.0,900.0,85,70,70,65|66|67|68|69|70|71|72|73|74|75|76|77|78|79,899.0,899,0.0,899,899,0.0,70.0,0,70,62930,0,0,62930,0,0.03985682755044331,1533082,100.10596754536581,0.20980735456504135,0.4580473278658455,98.11872128794568,102.3210440434149,actual_deviations_retained,name_and_observed_behavior_only; identity_unconfirmed,85,70,15
BB6_T1,BB,BB6,1.0,5.0,85,70,70,65|66|67|68|69|70|71|72|73|74|75|76|77|78|79,4.0,4,0.0,4,4,0.0,70.0,0,70,280,0,0,280,0,0.00017733849855591143,1595732,100.10483951966002,0.21352379861875612,0.4620863540711369,97.98345398138572,102.42468707015132,actual_deviations_retained,name_and_observed_behavior_only; identity_unconfirmed,85,70,15
BB6_T10,BB,BB6,10.0,1500.0,85,70,70,65|66|67|68|69|70|71|72|73|74|75|76|77|78|79,1499.0,1499,0.0,1499,1499,0.0,70.0,0,70,104930,0,0,104930,0,0.06645760233383155,1491082,100.1068126105566,0.2096598517591821,0.45788628693069866,98.1174777130398,102.28888442228332,actual_deviations_retained,name_and_observed_behavior_only; identity_unconfirmed,85,70,15
BB6_T11,BB,BB6,11.0,1800.0,85,70,70,65|66|67|68|69|70|71|72|73|74|75|76|77|78|79,1799.0,1799,0.0,1799,1799,0.0,70.0,0,70,125930,0,0,125930,0,0.07975798972552567,1470082,100.10726975817015,0.20892097670883092,0.45707874235062707,98.13069946656348,102.28309959116608,actual_deviations_retained,name_and_observed_behavior_only; identity_unconfirmed,85,70,15
BB6_T12,BB,BB6,12.0,3600.0,85,70,70,65|66|67|68|69|70|71|72|73|74|75|76|77|78|79,3599.0,3599,0.0,3599,3599,0.0,70.0,0,70,251930,0,0,251930,0,0.1595603140756904,1344082,100.10983540938508,0.2041935699050797,0.4518778263038359,98.2775773770868,102.26621092565529,actual_deviations_retained,name_and_observed_behavior_only; identity_unconfirmed,85,70,15
BB6_T2,BB,BB6,2.0,10.0,85,70,70,65|66|67|68|69|70|71|72|73|74|75|76|77|78|79,9.0,9,0.0,9,9,0.0,70.0,0,70,630,0,0,630,0,0.00039901162175078427,1595382,100.1048458291808,0.21350965928428894,0.46207105436749546,97.98718004572166,102.42296939477303,actual_deviations_retained,name_and_observed_behavior_only; identity_unconfirmed,85,70,15
BB6_T3,BB,BB6,3.0,30.0,85,70,70,65|66|67|68|69|70|71|72|73|74|75|76|77|78|79,29.0,29,0.0,29,29,0.0,70.0,0,70,2030,0,0,2030,0,0.00128570411453036,1593982,100.10486987874684,0.2134536265792326,0.46201041825832523,98.00173398932446,102.4187872535534,actual_deviations_retained,name_and_observed_behavior_only; identity_unconfirmed,85,70,15
BB6_T4,BB,BB6,4.0,60.0,85,70,70,65|66|67|68|69|70|71|72|73|74|75|76|77|78|79,59.0,59,0.0,59,59,0.0,70.0,0,70,4130,0,0,4130,0,0.002615742853699773,1591882,100.10490392709507,0.21336645141228347,0.4619160653325271,98.01298956982238,102.4159554103622,actual_deviations_retained,name_and_observed_behavior_only; identity_unconfirmed,85,70,15
BB6_T5,BB,BB6,5.0,90.0,85,70,70,65|66|67|68|69|70|71|72|73|74|75|76|77|78|79,89.0,89,0.0,89,89,0.0,70.0,0,70,6230,0,0,6230,0,0.003945781592869183,1589782,100.10493721993195,0.21327841294663538,0.46182075846223647,98.02081398646082,102.40708982882468,actual_deviations_retained,name_and_observed_behavior_only; identity_unconfirmed,85,70,15
BB6_T6,BB,BB6,6.0,120.0,85,70,70,65|66|67|68|69|70|71|72|73|74|75|76|77|78|79,119.0,119,0.0,119,119,0.0,70.0,0,70,8330,0,0,8330,0,0.005275820332038598,1587682,100.10497095749093,0.21319091253519015,0.46172601457486684,98.02347875939508,102.4060380845942,actual_deviations_retained,name_and_observed_behavior_only; identity_unconfirmed,85,70,15
BB6_T7,BB,BB6,7.0,300.0,85,70,70,65|66|67|68|69|70|71|72|73|74|75|76|77|78|79,299.0,299,0.0,299,299,0.0,70.0,0,70,20930,0,0,20930,0,0.013256052767055071,1575082,100.10516123780052,0.21268625921062004,0.46117920509344307,98.0443865980918,102.37170552498851,actual_deviations_retained,name_and_observed_behavior_only; identity_unconfirmed,85,70,15
BB6_T8,BB,BB6,8.0,600.0,85,70,70,65|66|67|68|69|70|71|72|73|74|75|76|77|78|79,599.0,599,0.0,599,599,0.0,70.0,0,70,41930,0,0,41930,0,0.02655644015874919,1554082,100.1055069181557,0.21191151667756233,0.4603384805526932,98.08171150809936,102.3296034215956,actual_deviations_retained,name_and_observed_behavior_only; identity_unconfirmed,85,70,15
BB6_T9,BB,BB6,9.0,900.0,85,70,70,65|66|67|68|69|70|71|72|73|74|75|76|77|78|79,899.0,899,0.0,899,899,0.0,70.0,0,70,62930,0,0,62930,0,0.03985682755044331,1533082,100.10592054104337,0.21116095504335433,0.4595225294186938,98.10543042348728,102.31339076111874,actual_deviations_retained,name_and_observed_behavior_only; identity_unconfirmed,85,70,15
BB7_T1,BB,BB7,1.0,5.0,85,70,70,65|66|67|68|69|70|71|72|73|74|75|76|77|78|79,4.0,4,0.0,4,4,0.0,70.0,0,70,280,0,0,280,0,0.00017733849855591143,1595732,100.11063192254858,0.2134312237012868,0.4619861726299682,97.9893248403638,102.43147745647808,actual_deviations_retained,name_and_observed_behavior_only; identity_unconfirmed,85,70,15
BB7_T10,BB,BB7,10.0,1500.0,85,70,70,65|66|67|68|69|70|71|72|73|74|75|76|77|78|79,1499.0,1499,0.0,1499,1499,0.0,70.0,0,70,104930,0,0,104930,0,0.06645760233383155,1491082,100.21263222739687,0.21319362356270324,0.4617289503190191,98.2415333322081,102.57622662130689,actual_deviations_retained,name_and_observed_behavior_only; identity_unconfirmed,85,70,15
BB7_T11,BB,BB7,11.0,1800.0,85,70,70,65|66|67|68|69|70|71|72|73|74|75|76|77|78|79,1799.0,1799,0.0,1799,1799,0.0,70.0,0,70,125930,0,0,125930,0,0.07975798972552567,1470082,100.22294587089085,0.21358120706248734,0.4621484686358783,98.25975600958692,102.58263281953754,actual_deviations_retained,name_and_observed_behavior_only; identity_unconfirmed,85,70,15
BB7_T12,BB,BB7,12.0,3600.0,85,70,70,65|66|67|68|69|70|71|72|73|74|75|76|77|78|79,3599.0,3599,0.0,3599,3599,0.0,70.0,0,70,251930,0,0,251930,0,0.1595603140756904,1344082,100.27312567725635,0.21741829766971663,0.4662813503344484,98.61028292760004,102.4630975418784,actual_deviations_retained,name_and_observed_behavior_only; identity_unconfirmed,85,70,15
BB7_T2,BB,BB7,2.0,10.0,85,70,70,65|66|67|68|69|70|71|72|73|74|75|76|77|78|79,9.0,9,0.0,9,9,0.0,70.0,0,70,630,0,0,630,0,0.00039901162175078427,1595382,100.11343724936766,0.2133877117859714,0.46193907800268574,98.0003645809791,102.43405700056232,actual_deviations_retained,name_and_observed_behavior_only; identity_unconfirmed,85,70,15
BB7_T3,BB,BB7,3.0,30.0,85,70,70,65|66|67|68|69|70|71|72|73|74|75|76|77|78|79,29.0,29,0.0,29,29,0.0,70.0,0,70,2030,0,0,2030,0,0.00128570411453036,1593982,100.12001838224278,0.21329770156121014,0.46184164121613175,98.02536650491692,102.45032122003576,actual_deviations_retained,name_and_observed_behavior_only; identity_unconfirmed,85,70,15
BB7_T4,BB,BB7,4.0,60.0,85,70,70,65|66|67|68|69|70|71|72|73|74|75|76|77|78|79,59.0,59,0.0,59,59,0.0,70.0,0,70,4130,0,0,4130,0,0.002615742853699773,1591882,100.12635473120947,0.21326292123700583,0.46180398573096554,98.02738010418663,102.457534961758,actual_deviations_retained,name_and_observed_behavior_only; identity_unconfirmed,85,70,15
BB7_T5,BB,BB7,5.0,90.0,85,70,70,65|66|67|68|69|70|71|72|73|74|75|76|77|78|79,89.0,89,0.0,89,89,0.0,70.0,0,70,6230,0,0,6230,0,0.003945781592869183,1589782,100.13118790326062,0.21326520214817324,0.4618064552907129,98.03882706881336,102.46663581670624,actual_deviations_retained,name_and_observed_behavior_only; identity_unconfirmed,85,70,15
BB7_T6,BB,BB7,6.0,120.0,85,70,70,65|66|67|68|69|70|71|72|73|74|75|76|77|78|79,119.0,119,0.0,119,119,0.0,70.0,0,70,8330,0,0,8330,0,0.005275820332038598,1587682,100.13526287724308,0.21326405066957602,0.4618052085777899,98.05399885135392,102.4693438013732,actual_deviations_retained,name_and_observed_behavior_only; identity_unconfirmed,85,70,15
BB7_T7,BB,BB7,7.0,300.0,85,70,70,65|66|67|68|69|70|71|72|73|74|75|76|77|78|79,299.0,299,0.0,299,299,0.0,70.0,0,70,20930,0,0,20930,0,0.013256052767055071,1575082,100.15303137484358,0.21314018671472698,0.4616710806567019,98.10885031007408,102.48237065971172,actual_deviations_retained,name_and_observed_behavior_only; identity_unconfirmed,85,70,15
BB7_T8,BB,BB7,8.0,600.0,85,70,70,65|66|67|68|69|70|71|72|73|74|75|76|77|78|79,599.0,599,0.0,599,599,0.0,70.0,0,70,41930,0,0,41930,0,0.02655644015874919,1554082,100.17301318387995,0.21288182470312147,0.4613911840327267,98.176416344288,102.4793005984172,actual_deviations_retained,name_and_observed_behavior_only; identity_unconfirmed,85,70,15
BB7_T9,BB,BB7,9.0,900.0,85,70,70,65|66|67|68|69|70|71|72|73|74|75|76|77|78|79,899.0,899,0.0,899,899,0.0,70.0,0,70,62930,0,0,62930,0,0.03985682755044331,1533082,100.18836838841965,0.2127776772559066,0.46127830780983686,98.21083617089695,102.44554095236268,actual_deviations_retained,name_and_observed_behavior_only; identity_unconfirmed,85,70,15
BB8_T1,BB,BB8,1.0,5.0,85,70,70,65|66|67|68|69|70|71|72|73|74|75|76|77|78|79,4.0,4,0.0,4,4,0.0,70.0,0,70,280,0,0,280,0,0.00017733849855591143,1595732,100.0990471167715,0.2136830990266029,0.46225869275396314,97.9639993040873,102.41883765508254,actual_deviations_retained,name_and_observed_behavior_only; identity_unconfirmed,85,70,15
BB8_T10,BB,BB8,10.0,1500.0,85,70,70,65|66|67|68|69|70|71|72|73|74|75|76|77|78|79,1499.0,1499,0.0,1499,1499,0.0,70.0,0,70,104930,0,0,104930,0,0.06645760233383155,1491082,100.00099299371618,0.21951103529759458,0.46852004791427504,97.95251562362928,102.19587836966232,actual_deviations_retained,name_and_observed_behavior_only; identity_unconfirmed,85,70,15
BB8_T11,BB,BB8,11.0,1800.0,85,70,70,65|66|67|68|69|70|71|72|73|74|75|76|77|78|79,1799.0,1799,0.0,1799,1799,0.0,70.0,0,70,125930,0,0,125930,0,0.07975798972552567,1470082,99.99159364544931,0.21991204817569743,0.4689478096501757,97.95552645513868,102.1682439728166,actual_deviations_retained,name_and_observed_behavior_only; identity_unconfirmed,85,70,15
BB8_T12,BB,BB8,12.0,3600.0,85,70,70,65|66|67|68|69|70|71|72|73|74|75|76|77|78|79,3599.0,3599,0.0,3599,3599,0.0,70.0,0,70,251930,0,0,251930,0,0.1595603140756904,1344082,99.94654514151401,0.22074248013943729,0.46983239579602987,97.94487182657356,102.15544039585436,actual_deviations_retained,name_and_observed_behavior_only; identity_unconfirmed,85,70,15
BB8_T2,BB,BB8,2.0,10.0,85,70,70,65|66|67|68|69|70|71|72|73|74|75|76|77|78|79,9.0,9,0.0,9,9,0.0,70.0,0,70,630,0,0,630,0,0.00039901162175078427,1595382,100.09625440899403,0.21375491329008628,0.46233636379814025,97.96268490358732,102.4169026769368,actual_deviations_retained,name_and_observed_behavior_only; identity_unconfirmed,85,70,15
BB8_T3,BB,BB8,3.0,30.0,85,70,70,65|66|67|68|69|70|71|72|73|74|75|76|77|78|79,29.0,29,0.0,29,29,0.0,70.0,0,70,2030,0,0,2030,0,0.00128570411453036,1593982,100.08972137525089,0.21395190123775018,0.46254935005656445,97.971359015829,102.4095440750345,actual_deviations_retained,name_and_observed_behavior_only; identity_unconfirmed,85,70,15
BB8_T4,BB,BB8,4.0,60.0,85,70,70,65|66|67|68|69|70|71|72|73|74|75|76|77|78|79,59.0,59,0.0,59,59,0.0,70.0,0,70,4130,0,0,4130,0,0.002615742853699773,1591882,100.08345312298064,0.21413288268756708,0.46274494344894473,97.9720565690754,102.40477264523749,actual_deviations_retained,name_and_observed_behavior_only; identity_unconfirmed,85,70,15
BB8_T5,BB,BB8,5.0,90.0,85,70,70,65|66|67|68|69|70|71|72|73|74|75|76|77|78|79,89.0,89,0.0,89,89,0.0,70.0,0,70,6230,0,0,6230,0,0.003945781592869183,1589782,100.07868653660333,0.2142738215615184,0.4628972040977547,97.96780799582145,102.376578767467,actual_deviations_retained,name_and_observed_behavior_only; identity_unconfirmed,85,70,15
BB8_T6,BB,BB8,6.0,120.0,85,70,70,65|66|67|68|69|70|71|72|73|74|75|76|77|78|79,119.0,119,0.0,119,119,0.0,70.0,0,70,8330,0,0,8330,0,0.005275820332038598,1587682,100.0746790377388,0.21441242300142524,0.46304689071564364,97.9664247841496,102.37899919244408,actual_deviations_retained,name_and_observed_behavior_only; identity_unconfirmed,85,70,15
BB8_T7,BB,BB8,7.0,300.0,85,70,70,65|66|67|68|69|70|71|72|73|74|75|76|77|78|79,299.0,299,0.0,299,299,0.0,70.0,0,70,20930,0,0,20930,0,0.013256052767055071,1575082,100.05729110075748,0.2153187606072286,0.4640245258682224,97.95452629489418,102.29564888506977,actual_deviations_retained,name_and_observed_behavior_only; identity_unconfirmed,85,70,15
BB8_T8,BB,BB8,8.0,600.0,85,70,70,65|66|67|68|69|70|71|72|73|74|75|76|77|78|79,599.0,599,0.0,599,599,0.0,70.0,0,70,41930,0,0,41930,0,0.02655644015874919,1554082,100.03800065243144,0.21690618559882194,0.46573188166457097,97.97136499575988,102.25927063634464,actual_deviations_retained,name_and_observed_behavior_only; identity_unconfirmed,85,70,15
BB8_T9,BB,BB8,9.0,900.0,85,70,70,65|66|67|68|69|70|71|72|73|74|75|76|77|78|79,899.0,899,0.0,899,899,0.0,70.0,0,70,62930,0,0,62930,0,0.03985682755044331,1533082,100.02347269366734,0.21816252683790793,0.46707871589048877,97.98581256447638,102.23456319985851,actual_deviations_retained,name_and_observed_behavior_only; identity_unconfirmed,85,70,15
BB9_T1,BB,BB9,1.0,5.0,85,70,70,65|66|67|68|69|70|71|72|73|74|75|76|77|78|79,4.0,4,0.0,4,4,0.0,70.0,0,70,280,0,0,280,0,0.00017733849855591143,1595732,0.011584805777152875,0.00013345098074621747,0.011552098542958222,0.0,0.9449264975755154,actual_deviations_retained,name_and_observed_behavior_only; identity_unconfirmed,85,70,15
BB9_T10,BB,BB9,10.0,1500.0,85,70,70,65|66|67|68|69|70|71|72|73|74|75|76|77|78|79,1499.0,1499,0.0,1499,1499,0.0,70.0,0,70,104930,0,0,104930,0,0.06645760233383155,1491082,0.21163923368068047,0.026769910683857125,0.1636151297522852,0.0248384509246366,1.8251231905234384,actual_deviations_retained,name_and_observed_behavior_only; identity_unconfirmed,85,70,15
BB9_T11,BB,BB9,11.0,1800.0,85,70,70,65|66|67|68|69|70|71|72|73|74|75|76|77|78|79,1799.0,1799,0.0,1799,1799,0.0,70.0,0,70,125930,0,0,125930,0,0.07975798972552567,1470082,0.23135222544151474,0.03130260364104281,0.17692541830116668,0.0273857884803579,1.808283245905656,actual_deviations_retained,name_and_observed_behavior_only; identity_unconfirmed,85,70,15
BB9_T12,BB,BB9,12.0,3600.0,85,70,70,65|66|67|68|69|70|71|72|73|74|75|76|77|78|79,3599.0,3599,0.0,3599,3599,0.0,70.0,0,70,251930,0,0,251930,0,0.1595603140756904,1344082,0.326580535742294,0.05954727599798733,0.2440231054592727,0.0438668902585166,1.7614193223315382,actual_deviations_retained,name_and_observed_behavior_only; identity_unconfirmed,85,70,15
BB9_T2,BB,BB9,2.0,10.0,85,70,70,65|66|67|68|69|70|71|72|73|74|75|76|77|78|79,9.0,9,0.0,9,9,0.0,70.0,0,70,630,0,0,630,0,0.00039901162175078427,1595382,0.01718284037374024,0.0002466130149589707,0.01570391718517933,0.0,1.103807638077868,actual_deviations_retained,name_and_observed_behavior_only; identity_unconfirmed,85,70,15
BB9_T3,BB,BB9,3.0,30.0,85,70,70,65|66|67|68|69|70|71|72|73|74|75|76|77|78|79,29.0,29,0.0,29,29,0.0,70.0,0,70,2030,0,0,2030,0,0.00128570411453036,1593982,0.03029700699184495,0.0006846992809844228,0.026166759084464832,0.0,1.3445686465636486,actual_deviations_retained,name_and_observed_behavior_only; identity_unconfirmed,85,70,15
BB9_T4,BB,BB9,4.0,60.0,85,70,70,65|66|67|68|69|70|71|72|73|74|75|76|77|78|79,59.0,59,0.0,59,59,0.0,70.0,0,70,4130,0,0,4130,0,0.002615742853699773,1591882,0.042901608228809084,0.0013258022000102768,0.036411566843659406,0.0,1.2242687838437227,actual_deviations_retained,name_and_observed_behavior_only; identity_unconfirmed,85,70,15
BB9_T5,BB,BB9,5.0,90.0,85,70,70,65|66|67|68|69|70|71|72|73|74|75|76|77|78|79,89.0,89,0.0,89,89,0.0,70.0,0,70,6230,0,0,6230,0,0.003945781592869183,1589782,0.05250136665731153,0.001964395632842253,0.044321503052607014,0.0,1.134998323032499,actual_deviations_retained,name_and_observed_behavior_only; identity_unconfirmed,85,70,15
BB9_T6,BB,BB9,6.0,120.0,85,70,70,65|66|67|68|69|70|71|72|73|74|75|76|77|78|79,119.0,119,0.0,119,119,0.0,70.0,0,70,8330,0,0,8330,0,0.005275820332038598,1587682,0.060583839504254146,0.002589297201243633,0.05088513733148052,0.0044616206276347,1.134026221849224,actual_deviations_retained,name_and_observed_behavior_only; identity_unconfirmed,85,70,15
BB9_T7,BB,BB9,7.0,300.0,85,70,70,65|66|67|68|69|70|71|72|73|74|75|76|77|78|79,299.0,299,0.0,299,299,0.0,70.0,0,70,20930,0,0,20930,0,0.013256052767055071,1575082,0.09574027408606109,0.0061728578014299505,0.07856753656205565,0.0092215435459887,1.4007175144868451,actual_deviations_retained,name_and_observed_behavior_only; identity_unconfirmed,85,70,15
BB9_T8,BB,BB9,8.0,600.0,85,70,70,65|66|67|68|69|70|71|72|73|74|75|76|77|78|79,599.0,599,0.0,599,599,0.0,70.0,0,70,41930,0,0,41930,0,0.02655644015874919,1554082,0.135012531448497,0.011929953893637808,0.10922432830481407,0.0138215334110312,1.5545792995678518,actual_deviations_retained,name_and_observed_behavior_only; identity_unconfirmed,85,70,15
BB9_T9,BB,BB9,9.0,900.0,85,70,70,65|66|67|68|69|70|71|72|73|74|75|76|77|78|79,899.0,899,0.0,899,899,0.0,70.0,0,70,62930,0,0,62930,0,0.03985682755044331,1533082,0.16489569475230345,0.017236588014213048,0.1312881868799057,0.0177428558791193,1.7229226760152965,actual_deviations_retained,name_and_observed_behavior_only; identity_unconfirmed,85,70,15
PB1_T1,PB,PB1,1.0,15.0,85,70,70,65|66|67|68|69|70|71|72|73|74|75|76|77|78|79,5.0,5,0.0,5,5,0.0,70.0,0,70,350,0,0,350,0,0.0002216731231948686,1595662,0.0006336717340756312,0.04080238766307844,0.20199600902760045,-8.37963712215224,12.542282695450831,actual_deviations_retained,name_and_observed_behavior_only; identity_unconfirmed,85,70,15
PB1_T10,PB,PB1,10.0,4500.0,85,70,70,65|66|67|68|69|70|71|72|73|74|75|76|77|78|79,1500.0,1500,0.0,1500,1500,0.0,70.0,0,70,105000,0,0,105000,0,0.06650193695847051,1491012,0.0005503178181500328,0.00011553269152572147,0.010748613469918875,-0.08864975659749,0.083276173330632,actual_deviations_retained,name_and_observed_behavior_only; identity_unconfirmed,85,70,15
PB1_T11,PB,PB1,11.0,5400.0,85,70,70,65|66|67|68|69|70|71|72|73|74|75|76|77|78|79,1800.0,1800,0.0,1800,1800,0.0,70.0,0,70,126000,0,0,126000,0,0.07980232435016464,1470012,0.0005424722330779093,9.64540215198227e-05,0.009821100830345991,-0.0827891733785955,0.0735977983934467,actual_deviations_retained,name_and_observed_behavior_only; identity_unconfirmed,85,70,15
PB1_T12,PB,PB1,12.0,10800.0,85,70,70,65|66|67|68|69|70|71|72|73|74|75|76|77|78|79,3600.0,3600,0.0,3600,3600,0.0,70.0,0,70,252000,0,0,252000,0,0.15960464870032937,1344012,0.0005302262917565177,4.904930736439328e-05,0.007003521069033296,-0.0366354834052032,0.0396742820268674,actual_deviations_retained,name_and_observed_behavior_only; identity_unconfirmed,85,70,15
PB1_T2,PB,PB1,2.0,30.0,85,70,70,65|66|67|68|69|70|71|72|73|74|75|76|77|78|79,10.0,10,0.0,10,10,0.0,70.0,0,70,700,0,0,700,0,0.00044334624638974,1595312,0.0006323622710693625,0.020138894608984177,0.1419115732031189,-4.859086491739635,7.157910725474369,actual_deviations_retained,name_and_observed_behavior_only; identity_unconfirmed,85,70,15
PB1_T3,PB,PB1,3.0,90.0,85,70,70,65|66|67|68|69|70|71|72|73|74|75|76|77|78|79,30.0,30,0.0,30,30,0.0,70.0,0,70,2100,0,0,2100,0,0.0013300387391693173,1593912,0.0006326732354731318,0.006565441020391906,0.08102740906873368,-1.589701136186383,2.6074506717741093,actual_deviations_retained,name_and_observed_behavior_only; identity_unconfirmed,85,70,15
PB1_T4,PB,PB1,4.0,180.0,85,70,70,65|66|67|68|69|70|71|72|73|74|75|76|77|78|79,60.0,60,0.0,60,60,0.0,70.0,0,70,4200,0,0,4200,0,0.002660077478338727,1591812,0.0006339354313462975,0.0032672009355399615,0.05715943435286918,-0.9249370661377576,1.2974042433494262,actual_deviations_retained,name_and_observed_behavior_only; identity_unconfirmed,85,70,15
PB1_T5,PB,PB1,5.0,270.0,85,70,70,65|66|67|68|69|70|71|72|73|74|75|76|77|78|79,90.0,90,0.0,90,90,0.0,70.0,0,70,6300,0,0,6300,0,0.00399011621750814,1589712,0.0006401098932280028,0.0021545123256373035,0.046416724632801304,-0.7477265929758439,0.8483071697064334,actual_deviations_retained,name_and_observed_behavior_only; identity_unconfirmed,85,70,15
PB1_T6,PB,PB1,6.0,360.0,85,70,70,65|66|67|68|69|70|71|72|73|74|75|76|77|78|79,120.0,120,0.0,120,120,0.0,70.0,0,70,8400,0,0,8400,0,0.005320154956677552,1587612,0.0006458398971058823,0.001599309189738166,0.039991363939457805,-0.5402794198034799,0.7552646825819134,actual_deviations_retained,name_and_observed_behavior_only; identity_unconfirmed,85,70,15
PB1_T7,PB,PB1,7.0,900.0,85,70,70,65|66|67|68|69|70|71|72|73|74|75|76|77|78|79,300.0,300,0.0,300,300,0.0,70.0,0,70,21000,0,0,21000,0,0.013300387391694025,1575012,0.0006426581361889465,0.0006351453166252339,0.02520208952895045,-0.3277396536147479,0.337032158616749,actual_deviations_retained,name_and_observed_behavior_only; identity_unconfirmed,85,70,15
PB1_T8,PB,PB1,8.0,1800.0,85,70,70,65|66|67|68|69|70|71|72|73|74|75|76|77|78|79,600.0,600,0.0,600,600,0.0,70.0,0,70,42000,0,0,42000,0,0.026600774783388147,1554012,0.000624481234107387,0.00030500854086080575,0.017464493718994712,-0.1918138093133773,0.21580282436679,actual_deviations_retained,name_and_observed_behavior_only; identity_unconfirmed,85,70,15
PB1_T9,PB,PB1,9.0,2700.0,85,70,70,65|66|67|68|69|70|71|72|73|74|75|76|77|78|79,900.0,900,0.0,900,900,0.0,70.0,0,70,63000,0,0,63000,0,0.039901162175082265,1533012,0.0006011708482031707,0.00019981554307476387,0.014135612582225216,-0.1615967552566986,0.1476545640404342,actual_deviations_retained,name_and_observed_behavior_only; identity_unconfirmed,85,70,15
PB10_T1,PB,PB10,1.0,15.0,85,70,70,65|66|67|68|69|70|71|72|73|74|75|76|77|78|79,1.0,1,0.0,1,1,0.0,70.0,0,70,70,0,0,70,0,4.4334624638980384e-05,1595942,100.10864669515708,0.21340239531353095,0.4619549710886668,97.98784882649991,102.42950481430536,actual_deviations_retained,name_and_observed_behavior_only; identity_unconfirmed,85,70,15
PB10_T10,PB,PB10,10.0,4500.0,85,70,70,65|66|67|68|69|70|71|72|73|74|75|76|77|78|79,1.0,1,0.0,1,1,0.0,70.0,0,70,70,0,0,70,0,4.4334624638980384e-05,1595942,100.20672077670011,0.1986937011031409,0.44575071632375524,98.28020156670496,102.42950481430536,actual_deviations_retained,name_and_observed_behavior_only; identity_unconfirmed,85,70,15
PB10_T11,PB,PB10,11.0,5400.0,85,70,70,65|66|67|68|69|70|71|72|73|74|75|76|77|78|79,1.0,1,0.0,1,1,0.0,70.0,0,70,70,0,0,70,0,4.4334624638980384e-05,1595942,100.21577456998746,0.19650280373383688,0.4432863676381633,98.28020156670496,102.42950481430536,actual_deviations_retained,name_and_observed_behavior_only; identity_unconfirmed,85,70,15
PB10_T12,PB,PB10,12.0,10800.0,85,70,70,65|66|67|68|69|70|71|72|73|74|75|76|77|78|79,1.0,1,0.0,1,1,0.0,70.0,0,70,70,0,0,70,0,4.4334624638980384e-05,1595942,100.2567029510994,0.18450443159890015,0.4295397904721985,98.60503794471056,102.42950481430536,actual_deviations_retained,name_and_observed_behavior_only; identity_unconfirmed,85,70,15
PB10_T2,PB,PB10,2.0,30.0,85,70,70,65|66|67|68|69|70|71|72|73|74|75|76|77|78|79,1.0,1,0.0,1,1,0.0,70.0,0,70,70,0,0,70,0,4.4334624638980384e-05,1595942,100.11138308987793,0.2132933399743009,0.4618369192413063,97.99931363984128,102.42950481430536,actual_deviations_retained,name_and_observed_behavior_only; identity_unconfirmed,85,70,15
PB10_T3,PB,PB10,3.0,90.0,85,70,70,65|66|67|68|69|70|71|72|73|74|75|76|77|78|79,1.0,1,0.0,1,1,0.0,70.0,0,70,70,0,0,70,0,4.4334624638980384e-05,1595942,100.11810656035398,0.21293877666771566,0.4614528975612957,98.02191843014604,102.42950481430536,actual_deviations_retained,name_and_observed_behavior_only; identity_unconfirmed,85,70,15
PB10_T4,PB,PB10,4.0,180.0,85,70,70,65|66|67|68|69|70|71|72|73|74|75|76|77|78|79,1.0,1,0.0,1,1,0.0,70.0,0,70,70,0,0,70,0,4.4334624638980384e-05,1595942,100.12460316162534,0.21250285767036173,0.4609803224329231,98.03391826811,102.42950481430536,actual_deviations_retained,name_and_observed_behavior_only; identity_unconfirmed,85,70,15
PB10_T5,PB,PB10,5.0,270.0,85,70,70,65|66|67|68|69|70|71|72|73|74|75|76|77|78|79,1.0,1,0.0,1,1,0.0,70.0,0,70,70,0,0,70,0,4.4334624638980384e-05,1595942,100.1295128610577,0.21211253881938513,0.46055677046308324,98.03944048653612,102.42950481430536,actual_deviations_retained,name_and_observed_behavior_only; identity_unconfirmed,85,70,15
PB10_T6,PB,PB10,6.0,360.0,85,70,70,65|66|67|68|69|70|71|72|73|74|75|76|77|78|79,1.0,1,0.0,1,1,0.0,70.0,0,70,70,0,0,70,0,4.4334624638980384e-05,1595942,100.13362068690243,0.21176271619201878,0.46017683143767546,98.0604593109953,102.42950481430536,actual_deviations_retained,name_and_observed_behavior_only; identity_unconfirmed,85,70,15
PB10_T7,PB,PB10,7.0,900.0,85,70,70,65|66|67|68|69|70|71|72|73|74|75|76|77|78|79,1.0,1,0.0,1,1,0.0,70.0,0,70,70,0,0,70,0,4.4334624638980384e-05,1595942,100.15117771481151,0.2096825332543028,0.4579110538677821,98.11014016880792,102.42950481430536,actual_deviations_retained,name_and_observed_behavior_only; identity_unconfirmed,85,70,15
PB10_T8,PB,PB10,8.0,1800.0,85,70,70,65|66|67|68|69|70|71|72|73|74|75|76|77|78|79,1.0,1,0.0,1,1,0.0,70.0,0,70,70,0,0,70,0,4.4334624638980384e-05,1595942,100.1704105792562,0.20648745730021761,0.4544089097940506,98.17510744440902,102.42950481430536,actual_deviations_retained,name_and_observed_behavior_only; identity_unconfirmed,85,70,15
PB10_T9,PB,PB10,9.0,2700.0,85,70,70,65|66|67|68|69|70|71|72|73|74|75|76|77|78|79,1.0,1,0.0,1,1,0.0,70.0,0,70,70,0,0,70,0,4.4334624638980384e-05,1595942,100.1847438048811,0.20355959363708515,0.4511757901717302,98.2132852728358,102.42950481430536,actual_deviations_retained,name_and_observed_behavior_only; identity_unconfirmed,85,70,15
PB11_T1,PB,PB11,1.0,15.0,85,70,70,65|66|67|68|69|70|71|72|73|74|75|76|77|78|79,1.0,1,0.0,1,1,0.0,70.0,0,70,70,0,0,70,0,4.4334624638980384e-05,1595942,100.10097239955833,0.21358148067615954,0.46214876465934596,97.97829481538211,102.42089064649242,actual_deviations_retained,name_and_observed_behavior_only; identity_unconfirmed,85,70,15
PB11_T10,PB,PB11,10.0,4500.0,85,70,70,65|66|67|68|69|70|71|72|73|74|75|76|77|78|79,1.0,1,0.0,1,1,0.0,70.0,0,70,70,0,0,70,0,4.4334624638980384e-05,1595942,99.9858836233914,0.2039479825703871,0.4516060036916993,97.97829481538211,102.17761348005502,actual_deviations_retained,name_and_observed_behavior_only; identity_unconfirmed,85,70,15
PB11_T11,PB,PB11,11.0,5400.0,85,70,70,65|66|67|68|69|70|71|72|73|74|75|76|77|78|79,1.0,1,0.0,1,1,0.0,70.0,0,70,70,0,0,70,0,4.4334624638980384e-05,1595942,99.97404775747742,0.2016644109368031,0.4490706079636064,97.97829481538211,102.16470082530948,actual_deviations_retained,name_and_observed_behavior_only; identity_unconfirmed,85,70,15
PB11_T12,PB,PB11,12.0,10800.0,85,70,70,65|66|67|68|69|70|71|72|73|74|75|76|77|78|79,1.0,1,0.0,1,1,0.0,70.0,0,70,70,0,0,70,0,4.4334624638980384e-05,1595942,99.91677463462317,0.1867529692263315,0.43214924415800093,97.97829481538211,102.11141678129296,actual_deviations_retained,name_and_observed_behavior_only; identity_unconfirmed,85,70,15
PB11_T2,PB,PB11,2.0,30.0,85,70,70,65|66|67|68|69|70|71|72|73|74|75|76|77|78|79,1.0,1,0.0,1,1,0.0,70.0,0,70,70,0,0,70,0,4.4334624638980384e-05,1595942,100.09815447613312,0.2135908356368633,0.4621588857058396,97.97829481538211,102.42004814305363,actual_deviations_retained,name_and_observed_behavior_only; identity_unconfirmed,85,70,15
PB11_T3,PB,PB11,3.0,90.0,85,70,70,65|66|67|68|69|70|71|72|73|74|75|76|77|78|79,1.0,1,0.0,1,1,0.0,70.0,0,70,70,0,0,70,0,4.4334624638980384e-05,1595942,100.09109368968934,0.21352255079598445,0.4620850038639909,97.97829481538211,102.41060866574963,actual_deviations_retained,name_and_observed_behavior_only; identity_unconfirmed,85,70,15
PB11_T4,PB,PB11,4.0,180.0,85,70,70,65|66|67|68|69|70|71|72|73|74|75|76|77|78|79,1.0,1,0.0,1,1,0.0,70.0,0,70,70,0,0,70,0,4.4334624638980384e-05,1595942,100.08412126438857,0.21333818134830215,0.46188546345203607,97.97829481538211,102.39941540577716,actual_deviations_retained,name_and_observed_behavior_only; identity_unconfirmed,85,70,15
PB11_T5,PB,PB11,5.0,270.0,85,70,70,65|66|67|68|69|70|71|72|73|74|75|76|77|78|79,1.0,1,0.0,1,1,0.0,70.0,0,70,70,0,0,70,0,4.4334624638980384e-05,1595942,100.07872557862865,0.2131487855758863,0.46168039331975785,97.97829481538211,102.371045392022,actual_deviations_retained,name_and_observed_behavior_only; identity_unconfirmed,85,70,15
PB11_T6,PB,PB11,6.0,360.0,85,70,70,65|66|67|68|69|70|71|72|73|74|75|76|77|78|79,1.0,1,0.0,1,1,0.0,70.0,0,70,70,0,0,70,0,4.4334624638980384e-05,1595942,100.07413811936662,0.21298077364297002,0.4614984004771523,97.97829481538211,102.371045392022,actual_deviations_retained,name_and_observed_behavior_only; identity_unconfirmed,85,70,15
PB11_T7,PB,PB11,7.0,900.0,85,70,70,65|66|67|68|69|70|71|72|73|74|75|76|77|78|79,1.0,1,0.0,1,1,0.0,70.0,0,70,70,0,0,70,0,4.4334624638980384e-05,1595942,100.0539530122544,0.21195935269276006,0.460390435057854,97.97829481538211,102.29896836313618,actual_deviations_retained,name_and_observed_behavior_only; identity_unconfirmed,85,70,15
PB11_T8,PB,PB11,8.0,1800.0,85,70,70,65|66|67|68|69|70|71|72|73|74|75|76|77|78|79,1.0,1,0.0,1,1,0.0,70.0,0,70,70,0,0,70,0,4.4334624638980384e-05,1595942,100.03115213608774,0.21038626310976719,0.45867882348083955,97.97829481538211,102.26444291609351,actual_deviations_retained,name_and_observed_behavior_only; identity_unconfirmed,85,70,15
PB11_T9,PB,PB11,9.0,2700.0,85,70,70,65|66|67|68|69|70|71|72|73|74|75|76|77|78|79,1.0,1,0.0,1,1,0.0,70.0,0,70,70,0,0,70,0,4.4334624638980384e-05,1595942,100.01371741775515,0.20842684610674783,0.4565378912059193,97.97829481538211,102.22661623108664,actual_deviations_retained,name_and_observed_behavior_only; identity_unconfirmed,85,70,15
PB12_T1,PB,PB12,1.0,15.0,85,70,70,65|66|67|68|69|70|71|72|73|74|75|76|77|78|79,5.0,5,0.0,5,5,0.0,70.0,0,70,350,0,0,350,0,0.0002216731231948686,1595662,3.2703688911223196e-07,1.0201258369192293e-08,0.00010100127904730857,-0.0041723372251272,0.0063107167444351,actual_deviations_retained,name_and_observed_behavior_only; identity_unconfirmed,85,70,15
PB12_T10,PB,PB12,10.0,4500.0,85,70,70,65|66|67|68|69|70|71|72|73|74|75|76|77|78|79,1500.0,1500,0.0,1500,1500,0.0,70.0,0,70,105000,0,0,105000,0,0.06650193695847051,1491012,8.51553629303953e-05,2.601883329908291e-06,0.001613035439755832,-0.0131229613896686,0.0126494354869162,actual_deviations_retained,name_and_observed_behavior_only; identity_unconfirmed,85,70,15
PB12_T11,PB,PB12,11.0,5400.0,85,70,70,65|66|67|68|69|70|71|72|73|74|75|76|77|78|79,1800.0,1800,0.0,1800,1800,0.0,70.0,0,70,126000,0,0,126000,0,0.07980232435016464,1470012,0.00010078103344861182,3.127334819232508e-06,0.0017684272162666202,-0.0146832408018169,0.0134254588695603,actual_deviations_retained,name_and_observed_behavior_only; identity_unconfirmed,85,70,15
PB12_T12,PB,PB12,12.0,10800.0,85,70,70,65|66|67|68|69|70|71|72|73|74|75|76|77|78|79,3600.0,3600,0.0,3600,3600,0.0,70.0,0,70,252000,0,0,252000,0,0.15960464870032937,1344012,0.00019728045360457185,6.3661329280635435e-06,0.0025231196816765437,-0.0130170945079346,0.0144896940851342,actual_deviations_retained,name_and_observed_behavior_only; identity_unconfirmed,85,70,15
PB12_T2,PB,PB12,2.0,30.0,85,70,70,65|66|67|68|69|70|71|72|73|74|75|76|77|78|79,10.0,10,0.0,10,10,0.0,70.0,0,70,700,0,0,700,0,0.00044334624638974,1595312,6.525029112150055e-07,2.0141604959500237e-08,0.00014192112231623677,-0.0048355899419729,0.0072095157959153,actual_deviations_retained,name_and_observed_behavior_only; identity_unconfirmed,85,70,15
PB12_T3,PB,PB12,3.0,90.0,85,70,70,65|66|67|68|69|70|71|72|73|74|75|76|77|78|79,30.0,30,0.0,30,30,0.0,70.0,0,70,2100,0,0,2100,0,0.0013300387391693173,1593912,1.9571178388103556e-06,5.9100021592286217e-08,0.00024310496003225894,-0.004746467016532,0.0078840236234016,actual_deviations_retained,name_and_observed_behavior_only; identity_unconfirmed,85,70,15
PB12_T4,PB,PB12,4.0,180.0,85,70,70,65|66|67|68|69|70|71|72|73|74|75|76|77|78|79,60.0,60,0.0,60,60,0.0,70.0,0,70,4200,0,0,4200,0,0.002660077478338727,1591812,3.921258979395661e-06,1.1764411930322703e-07,0.0003429928852078816,-0.0055189940637623,0.0078454981556868,actual_deviations_retained,name_and_observed_behavior_only; identity_unconfirmed,85,70,15
PB12_T5,PB,PB12,5.0,270.0,85,70,70,65|66|67|68|69|70|71|72|73|74|75|76|77|78|79,90.0,90,0.0,90,90,0.0,70.0,0,70,6300,0,0,6300,0,0.00399011621750814,1589712,5.9355594334771685e-06,1.7455763804069276e-07,0.00041780095505000074,-0.0066845553585483,0.0076935026081619,actual_deviations_retained,name_and_observed_behavior_only; identity_unconfirmed,85,70,15
PB12_T6,PB,PB12,6.0,360.0,85,70,70,65|66|67|68|69|70|71|72|73|74|75|76|77|78|79,120.0,120,0.0,120,120,0.0,70.0,0,70,8400,0,0,8400,0,0.005320154956677552,1587612,7.980469589254832e-06,2.303585105728987e-07,0.00047995677990096013,-0.0064415899359632,0.0091460686223623,actual_deviations_retained,name_and_observed_behavior_only; identity_unconfirmed,85,70,15
PB12_T7,PB,PB12,7.0,900.0,85,70,70,65|66|67|68|69|70|71|72|73|74|75|76|77|78|79,300.0,300,0.0,300,300,0.0,70.0,0,70,21000,0,0,21000,0,0.013300387391694025,1575012,1.9851813517913312e-05,5.71747714469929e-07,0.0007561400098327882,-0.0097364588984382,0.0102142405850931,actual_deviations_retained,name_and_observed_behavior_only; identity_unconfirmed,85,70,15
PB12_T8,PB,PB12,8.0,1800.0,85,70,70,65|66|67|68|69|70|71|72|73|74|75|76|77|78|79,600.0,600,0.0,600,600,0.0,70.0,0,70,42000,0,0,42000,0,0.026600774783388147,1554012,3.856869738399248e-05,1.0987398971573647e-06,0.0010482079455706127,-0.0113778824602058,0.0131180238579264,actual_deviations_retained,name_and_observed_behavior_only; identity_unconfirmed,85,70,15
PB12_T9,PB,PB12,9.0,2700.0,85,70,70,65|66|67|68|69|70|71|72|73|74|75|76|77|78|79,900.0,900,0.0,900,900,0.0,70.0,0,70,63000,0,0,63000,0,0.039901162175082265,1533012,5.572758155759321e-05,1.6199006097578608e-06,0.0012727531613623518,-0.0143352207093757,0.0134678842759572,actual_deviations_retained,name_and_observed_behavior_only; identity_unconfirmed,85,70,15
PB13_T1,PB,PB13,1.0,15.0,85,70,70,65|66|67|68|69|70|71|72|73|74|75|76|77|78|79,1.0,1,0.0,1,1,0.0,70.0,0,70,70,0,0,70,0,4.4334624638980384e-05,1595942,3.2890519935441357e-07,1.020213723234505e-08,0.00010100562970619534,-0.0041767584223157,0.0062964892968998,actual_deviations_retained,name_and_observed_behavior_only; identity_unconfirmed,85,70,15
PB13_T10,PB,PB13,10.0,4500.0,85,70,70,65|66|67|68|69|70|71|72|73|74|75|76|77|78|79,1.0,1,0.0,1,1,0.0,70.0,0,70,70,0,0,70,0,4.4334624638980384e-05,1595942,8.961143839868216e-05,2.6226046852583493e-06,0.0016194457957148024,-0.0131622610129479,0.0125886833971157,actual_deviations_retained,name_and_observed_behavior_only; identity_unconfirmed,85,70,15
PB13_T11,PB,PB13,11.0,5400.0,85,70,70,65|66|67|68|69|70|71|72|73|74|75|76|77|78|79,1.0,1,0.0,1,1,0.0,70.0,0,70,70,0,0,70,0,4.4334624638980384e-05,1595942,0.0001064884906971588,3.1408758407443432e-06,0.0017722516301993752,-0.014738701040303,0.0133950402943959,actual_deviations_retained,name_and_observed_behavior_only; identity_unconfirmed,85,70,15
PB13_T12,PB,PB13,12.0,10800.0,85,70,70,65|66|67|68|69|70|71|72|73|74|75|76|77|78|79,1.0,1,0.0,1,1,0.0,70.0,0,70,70,0,0,70,0,4.4334624638980384e-05,1595942,0.00021122369612427164,6.235186516245499e-06,0.0024970355456511825,-0.0130931344502577,0.0144179912163919,actual_deviations_retained,name_and_observed_behavior_only; identity_unconfirmed,85,70,15
PB13_T2,PB,PB13,2.0,30.0,85,70,70,65|66|67|68|69|70|71|72|73|74|75|76|77|78|79,1.0,1,0.0,1,1,0.0,70.0,0,70,70,0,0,70,0,4.4334624638980384e-05,1595942,6.61859749372461e-07,2.0143668064825544e-08,0.00014192839062296712,-0.0048426655285291,0.0071901129995424,actual_deviations_retained,name_and_observed_behavior_only; identity_unconfirmed,85,70,15
PB13_T3,PB,PB13,3.0,90.0,85,70,70,65|66|67|68|69|70|71|72|73|74|75|76|77|78|79,1.0,1,0.0,1,1,0.0,70.0,0,70,70,0,0,70,0,4.4334624638980384e-05,1595942,2.0028500935353693e-06,5.91622979783389e-08,0.0002432330116952444,-0.0047530572369961,0.0078603177404357,actual_deviations_retained,name_and_observed_behavior_only; identity_unconfirmed,85,70,15
PB13_T4,PB,PB13,4.0,180.0,85,70,70,65|66|67|68|69|70|71|72|73|74|75|76|77|78|79,1.0,1,0.0,1,1,0.0,70.0,0,70,70,0,0,70,0,4.4334624638980384e-05,1595942,4.039381705205148e-06,1.1792236830976401e-07,0.0003433982648613182,-0.0055317707240342,0.0078223600649426,actual_deviations_retained,name_and_observed_behavior_only; identity_unconfirmed,85,70,15
PB13_T5,PB,PB13,5.0,270.0,85,70,70,65|66|67|68|69|70|71|72|73|74|75|76|77|78|79,1.0,1,0.0,1,1,0.0,70.0,0,70,70,0,0,70,0,4.4334624638980384e-05,1595942,6.081465930157728e-06,1.7536435127066976e-07,0.00041876526989552247,-0.0067036015526096,0.0076675074702468,actual_deviations_retained,name_and_observed_behavior_only; identity_unconfirmed,85,70,15
PB13_T6,PB,PB13,6.0,360.0,85,70,70,65|66|67|68|69|70|71|72|73|74|75|76|77|78|79,1.0,1,0.0,1,1,0.0,70.0,0,70,70,0,0,70,0,4.4334624638980384e-05,1595942,8.159325136882362e-06,2.3177037844970351e-07,0.00048142536124481803,-0.0064594262923995,0.0091086835928836,actual_deviations_retained,name_and_observed_behavior_only; identity_unconfirmed,85,70,15
PB13_T7,PB,PB13,7.0,900.0,85,70,70,65|66|67|68|69|70|71|72|73|74|75|76|77|78|79,1.0,1,0.0,1,1,0.0,70.0,0,70,70,0,0,70,0,4.4334624638980384e-05,1595942,2.0564134269279138e-05,5.751154595814121e-07,0.0007583636723771861,-0.0097771918048451,0.010170981082393,actual_deviations_retained,name_and_observed_behavior_only; identity_unconfirmed,85,70,15
PB13_T8,PB,PB13,8.0,1800.0,85,70,70,65|66|67|68|69|70|71|72|73|74|75|76|77|78|79,1.0,1,0.0,1,1,0.0,70.0,0,70,70,0,0,70,0,4.4334624638980384e-05,1595942,3.946549120921999e-05,1.1083687309132467e-06,0.0010527909245967343,-0.011428856009197,0.0130526651077536,actual_deviations_retained,name_and_observed_behavior_only; identity_unconfirmed,85,70,15
PB13_T9,PB,PB13,9.0,2700.0,85,70,70,65|66|67|68|69|70|71|72|73|74|75|76|77|78|79,1.0,1,0.0,1,1,0.0,70.0,0,70,70,0,0,70,0,4.4334624638980384e-05,1595942,5.705986844655025e-05,1.6289442349881335e-06,0.0012763009970176054,-0.0144164738469871,0.0134071914383334,actual_deviations_retained,name_and_observed_behavior_only; identity_unconfirmed,85,70,15
PB14_T1,PB,PB14,1.0,15.0,85,70,70,65|66|67|68|69|70|71|72|73|74|75|76|77|78|79,5.0,5,0.0,5,5,0.0,70.0,0,70,350,0,0,350,0,0.0002216731231948686,1595662,0.010959431208142915,0.3854202054255168,0.6208222011377467,-0.9999999999990652,0.9999999999994912,actual_deviations_retained,name_and_observed_behavior_only; identity_unconfirmed,85,70,15
PB14_T10,PB,PB14,10.0,4500.0,85,70,70,65|66|67|68|69|70|71|72|73|74|75|76|77|78|79,1500.0,1500,0.0,1500,1500,0.0,70.0,0,70,105000,0,0,105000,0,0.06650193695847051,1491012,0.0038660849019932133,0.0013409265333022347,0.036618663729063555,-0.1744649284281431,0.1576749339469941,actual_deviations_retained,name_and_observed_behavior_only; identity_unconfirmed,85,70,15
PB14_T11,PB,PB14,11.0,5400.0,85,70,70,65|66|67|68|69|70|71|72|73|74|75|76|77|78|79,1800.0,1800,0.0,1800,1800,0.0,70.0,0,70,126000,0,0,126000,0,0.07980232435016464,1470012,0.0037488977793481136,0.0011366272430314303,0.03371390281518042,-0.1363237821344451,0.1414289490759738,actual_deviations_retained,name_and_observed_behavior_only; identity_unconfirmed,85,70,15
PB14_T12,PB,PB14,12.0,10800.0,85,70,70,65|66|67|68|69|70|71|72|73|74|75|76|77|78|79,3600.0,3600,0.0,3600,3600,0.0,70.0,0,70,252000,0,0,252000,0,0.15960464870032937,1344012,0.003317597651151029,0.0006074447060897818,0.024646393368803105,-0.1170968229331096,0.0934739957325685,actual_deviations_retained,name_and_observed_behavior_only; identity_unconfirmed,85,70,15
PB14_T2,PB,PB14,2.0,30.0,85,70,70,65|66|67|68|69|70|71|72|73|74|75|76|77|78|79,10.0,10,0.0,10,10,0.0,70.0,0,70,700,0,0,700,0,0.00044334624638974,1595312,0.00969010251403273,0.20142220972940256,0.44880085754085025,-0.999999999998788,0.9999999999992014,actual_deviations_retained,name_and_observed_behavior_only; identity_unconfirmed,85,70,15
PB14_T3,PB,PB14,3.0,90.0,85,70,70,65|66|67|68|69|70|71|72|73|74|75|76|77|78|79,30.0,30,0.0,30,30,0.0,70.0,0,70,2100,0,0,2100,0,0.0013300387391693173,1593912,0.0076032046523071255,0.0658856802013175,0.2566820605366053,-0.9999999999962408,0.9999999999992014,actual_deviations_retained,name_and_observed_behavior_only; identity_unconfirmed,85,70,15
PB14_T4,PB,PB14,4.0,180.0,85,70,70,65|66|67|68|69|70|71|72|73|74|75|76|77|78|79,60.0,60,0.0,60,60,0.0,70.0,0,70,4200,0,0,4200,0,0.002660077478338727,1591812,0.0066849841919913115,0.03255309854074844,0.1804247725251398,-0.999999999993434,0.9999999999992014,actual_deviations_retained,name_and_observed_behavior_only; identity_unconfirmed,85,70,15
PB14_T5,PB,PB14,5.0,270.0,85,70,70,65|66|67|68|69|70|71|72|73|74|75|76|77|78|79,90.0,90,0.0,90,90,0.0,70.0,0,70,6300,0,0,6300,0,0.00399011621750814,1589712,0.006300580473210183,0.021626154015525298,0.14705833541668184,-0.999999999993434,0.9999999999992014,actual_deviations_retained,name_and_observed_behavior_only; identity_unconfirmed,85,70,15
PB14_T6,PB,PB14,6.0,360.0,85,70,70,65|66|67|68|69|70|71|72|73|74|75|76|77|78|79,120.0,120,0.0,120,120,0.0,70.0,0,70,8400,0,0,8400,0,0.005320154956677552,1587612,0.006025580535290865,0.016189905091602914,0.12723955788827196,-0.7001448575564746,0.9999999999992014,actual_deviations_retained,name_and_observed_behavior_only; identity_unconfirmed,85,70,15
PB14_T7,PB,PB14,7.0,900.0,85,70,70,65|66|67|68|69|70|71|72|73|74|75|76|77|78|79,300.0,300,0.0,300,300,0.0,70.0,0,70,21000,0,0,21000,0,0.013300387391694025,1575012,0.005192738603493219,0.006513593846036073,0.0807068389049904,-0.4492150557970349,0.3350678019548596,actual_deviations_retained,name_and_observed_behavior_only; identity_unconfirmed,85,70,15
PB14_T8,PB,PB14,8.0,1800.0,85,70,70,65|66|67|68|69|70|71|72|73|74|75|76|77|78|79,600.0,600,0.0,600,600,0.0,70.0,0,70,42000,0,0,42000,0,0.026600774783388147,1554012,0.004604994010277588,0.0032607606042145665,0.0571030700069144,-0.2866634517493924,0.2541047693509341,actual_deviations_retained,name_and_observed_behavior_only; identity_unconfirmed,85,70,15
PB14_T9,PB,PB14,9.0,2700.0,85,70,70,65|66|67|68|69|70|71|72|73|74|75|76|77|78|79,900.0,900,0.0,900,900,0.0,70.0,0,70,63000,0,0,63000,0,0.039901162175082265,1533012,0.00428020281120887,0.0021858319011151214,0.04675288120656439,-0.2433636967824955,0.2202427564604056,actual_deviations_retained,name_and_observed_behavior_only; identity_unconfirmed,85,70,15
PB15_T1,PB,PB15,1.0,15.0,85,70,70,65|66|67|68|69|70|71|72|73|74|75|76|77|78|79,4.0,4,0.0,4,4,0.0,70.0,70,70,280,35594,0,35874,0,0.02265076757135914,1560138,50.658230399243784,1911.6928900791606,43.72291035691884,0.0,100.0,actual_deviations_retained,name_and_observed_behavior_only; identity_unconfirmed,85,70,15
PB15_T10,PB,PB15,10.0,4500.0,85,70,70,65|66|67|68|69|70|71|72|73|74|75|76|77|78|79,1499.0,1499,0.0,1499,1499,0.0,70.0,0,70,104930,0,0,104930,0,0.06645760233383155,1491082,54.42808919334089,954.2214650753962,30.890475313199637,0.0,100.0,actual_deviations_retained,name_and_observed_behavior_only; identity_unconfirmed,85,70,15
PB15_T11,PB,PB15,11.0,5400.0,85,70,70,65|66|67|68|69|70|71|72|73|74|75|76|77|78|79,1799.0,1799,0.0,1799,1799,0.0,70.0,0,70,125930,0,0,125930,0,0.07975798972552567,1470082,54.63596945878388,954.5127993526266,30.895190553751675,0.0,100.0,actual_deviations_retained,name_and_observed_behavior_only; identity_unconfirmed,85,70,15
PB15_T12,PB,PB15,12.0,10800.0,85,70,70,65|66|67|68|69|70|71|72|73|74|75|76|77|78|79,3599.0,3599,0.0,3599,3599,0.0,70.0,0,70,251930,0,0,251930,0,0.1595603140756904,1344082,55.65386879661884,943.0732971809357,30.709498484686065,0.0,100.0,actual_deviations_retained,name_and_observed_behavior_only; identity_unconfirmed,85,70,15
PB15_T2,PB,PB15,2.0,30.0,85,70,70,65|66|67|68|69|70|71|72|73|74|75|76|77|78|79,9.0,9,0.0,9,9,0.0,70.0,60,70,630,2553,0,3183,0,0.002020571686474601,1592829,50.81446042020733,1546.1828957610883,39.32153221532813,0.0,100.0,actual_deviations_retained,name_and_observed_behavior_only; identity_unconfirmed,85,70,15
PB15_T3,PB,PB15,3.0,90.0,85,70,70,65|66|67|68|69|70|71|72|73|74|75|76|77|78|79,29.0,29,0.0,29,29,0.0,70.0,1,70,2030,89,0,2119,0,0.0013401783463824841,1593893,51.20632391812958,1222.0755165348007,34.95819670027046,0.0,100.0,actual_deviations_retained,name_and_observed_behavior_only; identity_unconfirmed,85,70,15
PB15_T4,PB,PB15,4.0,180.0,85,70,70,65|66|67|68|69|70|71|72|73|74|75|76|77|78|79,59.0,59,0.0,59,59,0.0,70.0,1,70,4130,59,0,4189,0,0.002651854984927586,1591823,51.5526586289451,1110.7724619611272,33.32825320896862,0.0,100.0,actual_deviations_retained,name_and_observed_behavior_only; identity_unconfirmed,85,70,15
PB15_T5,PB,PB15,5.0,270.0,85,70,70,65|66|67|68|69|70|71|72|73|74|75|76|77|78|79,89.0,89,0.0,89,89,0.0,70.0,1,70,6230,29,0,6259,0,0.003963531623472684,1589753,51.81877466027572,1062.870627422276,32.60169669545246,0.0,100.0,actual_deviations_retained,name_and_observed_behavior_only; identity_unconfirmed,85,70,15
PB15_T6,PB,PB15,6.0,360.0,85,70,70,65|66|67|68|69|70|71|72|73|74|75|76|77|78|79,119.0,119,0.0,119,119,0.0,70.0,0,70,8330,0,0,8330,0,0.005275820332038598,1587682,52.02934974566826,1036.439845348096,32.19378581882062,0.0,100.0,actual_deviations_retained,name_and_observed_behavior_only; identity_unconfirmed,85,70,15
PB15_T7,PB,PB15,7.0,900.0,85,70,70,65|66|67|68|69|70|71|72|73|74|75|76|77|78|79,299.0,299,0.0,299,299,0.0,70.0,0,70,20930,0,0,20930,0,0.013256052767055071,1575082,52.85325014099732,988.484642666403,31.440175614433247,0.0,100.0,actual_deviations_retained,name_and_observed_behavior_only; identity_unconfirmed,85,70,15
PB15_T8,PB,PB15,8.0,1800.0,85,70,70,65|66|67|68|69|70|71|72|73|74|75|76|77|78|79,599.0,599,0.0,599,599,0.0,70.0,0,70,41930,0,0,41930,0,0.02655644015874919,1554082,53.49878794228867,964.5454708730853,31.057132367188785,0.0,100.0,actual_deviations_retained,name_and_observed_behavior_only; identity_unconfirmed,85,70,15
PB15_T9,PB,PB15,9.0,2700.0,85,70,70,65|66|67|68|69|70|71|72|73|74|75|76|77|78|79,899.0,899,0.0,899,899,0.0,70.0,0,70,62930,0,0,62930,0,0.03985682755044331,1533082,53.88614017570443,963.2763370326664,31.03669339721399,0.0,100.0,actual_deviations_retained,name_and_observed_behavior_only; identity_unconfirmed,85,70,15
PB16_T1,PB,PB16,1.0,15.0,85,70,70,65|66|67|68|69|70|71|72|73|74|75|76|77|78|79,4.0,4,0.0,4,4,0.0,70.0,68,70,280,10686,0,10966,0,0.006943240924053348,1585046,50.66544012231846,1255.9790849344747,35.43979521575251,0.0,100.0,actual_deviations_retained,name_and_observed_behavior_only; identity_unconfirmed,85,70,15
PB16_T10,PB,PB16,10.0,4500.0,85,70,70,65|66|67|68|69|70|71|72|73|74|75|76|77|78|79,1499.0,1499,0.0,1499,1499,0.0,70.0,0,70,104930,0,0,104930,0,0.06645760233383155,1491082,54.428364696198265,952.554171003594,30.86347632726414,0.0,100.0,actual_deviations_retained,name_and_observed_behavior_only; identity_unconfirmed,85,70,15
PB16_T11,PB,PB16,11.0,5400.0,85,70,70,65|66|67|68|69|70|71|72|73|74|75|76|77|78|79,1799.0,1799,0.0,1799,1799,0.0,70.0,0,70,125930,0,0,125930,0,0.07975798972552567,1470082,54.63621642133617,953.133515742629,30.872860504699414,0.0,100.0,actual_deviations_retained,name_and_observed_behavior_only; identity_unconfirmed,85,70,15
PB16_T12,PB,PB16,12.0,10800.0,85,70,70,65|66|67|68|69|70|71|72|73|74|75|76|77|78|79,3599.0,3599,0.0,3599,3599,0.0,70.0,0,70,251930,0,0,251930,0,0.1595603140756904,1344082,55.65409016782118,942.4100696508459,30.69869817518075,0.0,100.0,actual_deviations_retained,name_and_observed_behavior_only; identity_unconfirmed,85,70,15
PB16_T2,PB,PB16,2.0,30.0,85,70,70,65|66|67|68|69|70|71|72|73|74|75|76|77|78|79,9.0,9,0.0,9,9,0.0,70.0,42,70,630,1166,0,1796,0,0.0011403453231833556,1594216,50.81540974980623,1232.7196477342534,35.11010748679436,0.0,100.0,actual_deviations_retained,name_and_observed_behavior_only; identity_unconfirmed,85,70,15
PB16_T3,PB,PB16,3.0,90.0,85,70,70,65|66|67|68|69|70|71|72|73|74|75|76|77|78|79,29.0,29,0.0,29,29,0.0,70.0,1,70,2030,87,0,2117,0,0.0013389542063408629,1593895,51.206685247889254,1128.867491161599,33.59862335217916,0.0,100.0,actual_deviations_retained,name_and_observed_behavior_only; identity_unconfirmed,85,70,15
PB16_T4,PB,PB16,4.0,180.0,85,70,70,65|66|67|68|69|70|71|72|73|74|75|76|77|78|79,59.0,59,0.0,59,59,0.0,70.0,1,70,4130,57,0,4187,0,0.0026506308448859643,1591825,51.552891769791884,1066.230166314421,32.65318003371832,0.0,100.0,actual_deviations_retained,name_and_observed_behavior_only; identity_unconfirmed,85,70,15
PB16_T5,PB,PB16,5.0,270.0,85,70,70,65|66|67|68|69|70|71|72|73|74|75|76|77|78|79,89.0,89,0.0,89,89,0.0,70.0,1,70,6230,27,0,6257,0,0.003962307483431063,1589755,51.81896774660832,1033.6480996457185,32.150398125773165,0.0,100.0,actual_deviations_retained,name_and_observed_behavior_only; identity_unconfirmed,85,70,15
PB16_T6,PB,PB16,6.0,360.0,85,70,70,65|66|67|68|69|70|71|72|73|74|75|76|77|78|79,119.0,119,0.0,119,119,0.0,70.0,0,70,8330,0,0,8330,0,0.005275820332038598,1587682,52.029681899496836,1014.7418801988607,31.855013423303728,0.0,100.0,actual_deviations_retained,name_and_observed_behavior_only; identity_unconfirmed,85,70,15
PB16_T7,PB,PB16,7.0,900.0,85,70,70,65|66|67|68|69|70|71|72|73|74|75|76|77|78|79,299.0,299,0.0,299,299,0.0,70.0,0,70,20930,0,0,20930,0,0.013256052767055071,1575082,52.853874373513705,980.0562594059397,31.305850242501634,0.0,100.0,actual_deviations_retained,name_and_observed_behavior_only; identity_unconfirmed,85,70,15
PB16_T8,PB,PB16,8.0,1800.0,85,70,70,65|66|67|68|69|70|71|72|73|74|75|76|77|78|79,599.0,599,0.0,599,599,0.0,70.0,0,70,41930,0,0,41930,0,0.02655644015874919,1554082,53.499097397128615,960.3684371207021,30.989811827771753,0.0,100.0,actual_deviations_retained,name_and_observed_behavior_only; identity_unconfirmed,85,70,15
PB16_T9,PB,PB16,9.0,2700.0,85,70,70,65|66|67|68|69|70|71|72|73|74|75|76|77|78|79,899.0,899,0.0,899,899,0.0,70.0,0,70,62930,0,0,62930,0,0.03985682755044331,1533082,53.88618943790657,960.4982310688157,30.991905896037043,0.0,100.0,actual_deviations_retained,name_and_observed_behavior_only; identity_unconfirmed,85,70,15
PB17_T1,PB,PB17,1.0,15.0,85,70,70,65|66|67|68|69|70|71|72|73|74|75|76|77|78|79,4.0,4,0.0,4,4,0.0,70.0,70,70,280,35594,0,35874,0,0.02265076757135914,1560138,-49.341769600756216,1911.6928900791606,43.72291035691884,-100.0,-0.0,actual_deviations_retained,name_and_observed_behavior_only; identity_unconfirmed,85,70,15
PB17_T10,PB,PB17,10.0,4500.0,85,70,70,65|66|67|68|69|70|71|72|73|74|75|76|77|78|79,1499.0,1499,0.0,1499,1499,0.0,70.0,0,70,104930,0,0,104930,0,0.06645760233383155,1491082,-45.57191080665912,954.2214650753962,30.890475313199637,-100.0,-0.0,actual_deviations_retained,name_and_observed_behavior_only; identity_unconfirmed,85,70,15
PB17_T11,PB,PB17,11.0,5400.0,85,70,70,65|66|67|68|69|70|71|72|73|74|75|76|77|78|79,1799.0,1799,0.0,1799,1799,0.0,70.0,0,70,125930,0,0,125930,0,0.07975798972552567,1470082,-45.36403054121612,954.5127993526265,30.89519055375167,-100.0,-0.0,actual_deviations_retained,name_and_observed_behavior_only; identity_unconfirmed,85,70,15
PB17_T12,PB,PB17,12.0,10800.0,85,70,70,65|66|67|68|69|70|71|72|73|74|75|76|77|78|79,3599.0,3599,0.0,3599,3599,0.0,70.0,0,70,251930,0,0,251930,0,0.1595603140756904,1344082,-44.34613120338116,943.0732971809357,30.709498484686065,-100.0,-0.0,actual_deviations_retained,name_and_observed_behavior_only; identity_unconfirmed,85,70,15
PB17_T2,PB,PB17,2.0,30.0,85,70,70,65|66|67|68|69|70|71|72|73|74|75|76|77|78|79,9.0,9,0.0,9,9,0.0,70.0,60,70,630,2553,0,3183,0,0.002020571686474601,1592829,-49.18553957979267,1546.1828957610883,39.32153221532813,-100.0,-0.0,actual_deviations_retained,name_and_observed_behavior_only; identity_unconfirmed,85,70,15
PB17_T3,PB,PB17,3.0,90.0,85,70,70,65|66|67|68|69|70|71|72|73|74|75|76|77|78|79,29.0,29,0.0,29,29,0.0,70.0,1,70,2030,89,0,2119,0,0.0013401783463824841,1593893,-48.79367608187042,1222.0755165348007,34.95819670027046,-100.0,-0.0,actual_deviations_retained,name_and_observed_behavior_only; identity_unconfirmed,85,70,15
PB17_T4,PB,PB17,4.0,180.0,85,70,70,65|66|67|68|69|70|71|72|73|74|75|76|77|78|79,59.0,59,0.0,59,59,0.0,70.0,1,70,4130,59,0,4189,0,0.002651854984927586,1591823,-48.4473413710549,1110.772461961127,33.32825320896862,-100.0,-0.0,actual_deviations_retained,name_and_observed_behavior_only; identity_unconfirmed,85,70,15
PB17_T5,PB,PB17,5.0,270.0,85,70,70,65|66|67|68|69|70|71|72|73|74|75|76|77|78|79,89.0,89,0.0,89,89,0.0,70.0,1,70,6230,29,0,6259,0,0.003963531623472684,1589753,-48.18122533972428,1062.870627422276,32.60169669545246,-100.0,-0.0,actual_deviations_retained,name_and_observed_behavior_only; identity_unconfirmed,85,70,15
PB17_T6,PB,PB17,6.0,360.0,85,70,70,65|66|67|68|69|70|71|72|73|74|75|76|77|78|79,119.0,119,0.0,119,119,0.0,70.0,0,70,8330,0,0,8330,0,0.005275820332038598,1587682,-47.97065025433174,1036.439845348096,32.19378581882062,-100.0,-0.0,actual_deviations_retained,name_and_observed_behavior_only; identity_unconfirmed,85,70,15
PB17_T7,PB,PB17,7.0,900.0,85,70,70,65|66|67|68|69|70|71|72|73|74|75|76|77|78|79,299.0,299,0.0,299,299,0.0,70.0,0,70,20930,0,0,20930,0,0.013256052767055071,1575082,-47.14674985900268,988.484642666403,31.440175614433247,-100.0,-0.0,actual_deviations_retained,name_and_observed_behavior_only; identity_unconfirmed,85,70,15
PB17_T8,PB,PB17,8.0,1800.0,85,70,70,65|66|67|68|69|70|71|72|73|74|75|76|77|78|79,599.0,599,0.0,599,599,0.0,70.0,0,70,41930,0,0,41930,0,0.02655644015874919,1554082,-46.50121205771132,964.5454708730852,31.057132367188782,-100.0,-0.0,actual_deviations_retained,name_and_observed_behavior_only; identity_unconfirmed,85,70,15
PB17_T9,PB,PB17,9.0,2700.0,85,70,70,65|66|67|68|69|70|71|72|73|74|75|76|77|78|79,899.0,899,0.0,899,899,0.0,70.0,0,70,62930,0,0,62930,0,0.03985682755044331,1533082,-46.11385982429557,963.2763370326663,31.036693397213988,-100.0,-0.0,actual_deviations_retained,name_and_observed_behavior_only; identity_unconfirmed,85,70,15
PB18_T1,PB,PB18,1.0,15.0,85,70,70,65|66|67|68|69|70|71|72|73|74|75|76|77|78|79,4.0,4,0.0,4,4,0.0,70.0,70,70,280,33817,0,34097,0,0.021519934038954486,1561915,1.157915171207971,8505.40283514783,92.22474090583194,-166.66666702193805,166.66666702193805,actual_deviations_retained,name_and_observed_behavior_only; identity_unconfirmed,85,70,15
PB18_T10,PB,PB18,10.0,4500.0,85,70,70,65|66|67|68|69|70|71|72|73|74|75|76|77|78|79,1499.0,1499,0.0,1499,1499,0.0,70.0,0,70,104930,0,0,104930,0,0.06645760233383155,1491082,7.790076274696286,13418.464323507102,115.83809530334614,-948.3900455549076,637.3759327084331,actual_deviations_retained,name_and_observed_behavior_only; identity_unconfirmed,85,70,15
PB18_T11,PB,PB18,11.0,5400.0,85,70,70,65|66|67|68|69|70|71|72|73|74|75|76|77|78|79,1799.0,1799,0.0,1799,1799,0.0,70.0,0,70,125930,0,0,125930,0,0.07975798972552567,1470082,7.903288937373574,13394.224538740775,115.73342014621694,-698.9458217468947,663.4822520150593,actual_deviations_retained,name_and_observed_behavior_only; identity_unconfirmed,85,70,15
PB18_T12,PB,PB18,12.0,10800.0,85,70,70,65|66|67|68|69|70|71|72|73|74|75|76|77|78|79,3599.0,3599,0.0,3599,3599,0.0,70.0,0,70,251930,0,0,251930,0,0.1595603140756904,1344082,8.427301163129732,13385.839599987481,115.69718924843197,-613.717250474527,969.112544592822,actual_deviations_retained,name_and_observed_behavior_only; identity_unconfirmed,85,70,15
PB18_T2,PB,PB18,2.0,30.0,85,70,70,65|66|67|68|69|70|71|72|73|74|75|76|77|78|79,9.0,9,0.0,9,9,0.0,70.0,49,70,630,1427,0,2057,0,0.0013044122888728087,1593955,1.3935935174819853,10976.411061690396,104.7683686123364,-333.33333417545805,333.3333337543957,actual_deviations_retained,name_and_observed_behavior_only; identity_unconfirmed,85,70,15
PB18_T3,PB,PB18,3.0,90.0,85,70,70,65|66|67|68|69|70|71|72|73|74|75|76|77|78|79,29.0,29,0.0,29,29,0.0,70.0,0,70,2030,0,0,2030,0,0.00128570411453036,1593982,1.8906492428608737,12737.13291759394,112.85890712564047,-1000.0000000041324,1000.000000139493,actual_deviations_retained,name_and_observed_behavior_only; identity_unconfirmed,85,70,15
PB18_T4,PB,PB18,4.0,180.0,85,70,70,65|66|67|68|69|70|71|72|73|74|75|76|77|78|79,59.0,59,0.0,59,59,0.0,70.0,1,70,4130,59,0,4189,0,0.002651854984927586,1591823,2.4163629305732552,13183.503028413817,114.81943663166885,-1999.999999985376,1392.2653876980814,actual_deviations_retained,name_and_observed_behavior_only; identity_unconfirmed,85,70,15
PB18_T5,PB,PB18,5.0,270.0,85,70,70,65|66|67|68|69|70|71|72|73|74|75|76|77|78|79,89.0,89,0.0,89,89,0.0,70.0,0,70,6230,0,0,6230,0,0.003945781592869183,1589782,2.7450975661365304,13312.95659809736,115.38178624937889,-2999.99999986912,1179.5249842615938,actual_deviations_retained,name_and_observed_behavior_only; identity_unconfirmed,85,70,15
PB18_T6,PB,PB18,6.0,360.0,85,70,70,65|66|67|68|69|70|71|72|73|74|75|76|77|78|79,119.0,119,0.0,119,119,0.0,70.0,0,70,8330,0,0,8330,0,0.005275820332038598,1587682,3.087424392156625,13448.22564961542,115.96648502742256,-2069.0393178224426,1350.1884662676753,actual_deviations_retained,name_and_observed_behavior_only; identity_unconfirmed,85,70,15
PB18_T7,PB,PB18,7.0,900.0,85,70,70,65|66|67|68|69|70|71|72|73|74|75|76|77|78|79,299.0,299,0.0,299,299,0.0,70.0,0,70,20930,0,0,20930,0,0.013256052767055071,1575082,4.65852852652448,13619.013221721227,116.70052794105615,-1214.592434513732,1282.7744330993676,actual_deviations_retained,name_and_observed_behavior_only; identity_unconfirmed,85,70,15
PB18_T8,PB,PB18,8.0,1800.0,85,70,70,65|66|67|68|69|70|71|72|73|74|75|76|77|78|79,599.0,599,0.0,599,599,0.0,70.0,0,70,41930,0,0,41930,0,0.02655644015874919,1554082,6.138080095314048,13480.641898636868,116.10616649703351,-1003.3128692580084,685.901394102315,actual_deviations_retained,name_and_observed_behavior_only; identity_unconfirmed,85,70,15
PB18_T9,PB,PB18,9.0,2700.0,85,70,70,65|66|67|68|69|70|71|72|73|74|75|76|77|78|79,899.0,899,0.0,899,899,0.0,70.0,0,70,62930,0,0,62930,0,0.03985682755044331,1533082,7.08381379385538,13544.768637376757,116.38199447241294,-1129.8714415069833,615.2498368796172,actual_deviations_retained,name_and_observed_behavior_only; identity_unconfirmed,85,70,15
PB2_T1,PB,PB2,1.0,15.0,85,70,70,65|66|67|68|69|70|71|72|73|74|75|76|77|78|79,10.0,10,0.0,10,10,0.0,70.0,0,70,700,0,0,700,0,0.00044334624638974,1595312,-7.101518242933597e-05,1.1760055922387633,1.0844379153454398,-53.00782533489103,51.30345444549093,actual_deviations_retained,name_and_observed_behavior_only; identity_unconfirmed,85,70,15
PB2_T10,PB,PB2,10.0,4500.0,85,70,70,65|66|67|68|69|70|71|72|73|74|75|76|77|78|79,3000.0,3000,0.0,3000,3000,0.0,70.0,0,70,210000,0,0,210000,0,0.13300387391694113,1386012,-8.585771976794296e-07,3.6245634631963746e-08,0.00019038286328334214,-0.0021062789962377,0.0020958953288827,actual_deviations_retained,name_and_observed_behavior_only; identity_unconfirmed,85,70,15
PB2_T11,PB,PB2,11.0,5400.0,85,70,70,65|66|67|68|69|70|71|72|73|74|75|76|77|78|79,3600.0,3600,0.0,3600,3600,0.0,70.0,0,70,252000,0,0,252000,0,0.15960464870032937,1344012,-8.465825194431531e-07,2.035047346913085e-08,0.00014265508567566336,-0.0013369948303455,0.0013623060322612,actual_deviations_retained,name_and_observed_behavior_only; identity_unconfirmed,85,70,15
PB2_T12,PB,PB2,12.0,10800.0,85,70,70,65|66|67|68|69|70|71|72|73|74|75|76|77|78|79,7200.0,7200,0.0,7200,7200,0.0,70.0,0,70,504000,0,0,504000,0,0.31920929740065873,1092012,-1.4734191314981092e-06,2.6139529414738935e-09,5.112683191313435e-05,-0.0002375183287483,0.0003331446367025,actual_deviations_retained,name_and_observed_behavior_only; identity_unconfirmed,85,70,15
PB2_T2,PB,PB2,2.0,30.0,85,70,70,65|66|67|68|69|70|71|72|73|74|75|76|77|78|79,20.0,20,0.0,20,20,0.0,70.0,0,70,1400,0,0,1400,0,0.0008866924927795728,1594612,-1.480127704023825e-05,0.1449283335191245,0.38069454096312505,-16.37945078562031,14.843014820917425,actual_deviations_retained,name_and_observed_behavior_only; identity_unconfirmed,85,70,15
PB2_T3,PB,PB2,3.0,90.0,85,70,70,65|66|67|68|69|70|71|72|73|74|75|76|77|78|79,60.0,60,0.0,60,60,0.0,70.0,0,70,4200,0,0,4200,0,0.002660077478338727,1591812,-1.1506793536855017e-05,0.00520778227679836,0.07216496571604783,-2.55584843998735,1.6562479436760005,actual_deviations_retained,name_and_observed_behavior_only; identity_unconfirmed,85,70,15
PB2_T4,PB,PB2,4.0,180.0,85,70,70,65|66|67|68|69|70|71|72|73|74|75|76|77|78|79,120.0,120,0.0,120,120,0.0,70.0,0,70,8400,0,0,8400,0,0.005320154956677552,1587612,-2.2129310283267844e-06,0.0006545091075835059,0.02558337560963185,-0.7018959739607784,0.5419338397838053,actual_deviations_retained,name_and_observed_behavior_only; identity_unconfirmed,85,70,15
PB2_T5,PB,PB2,5.0,270.0,85,70,70,65|66|67|68|69|70|71|72|73|74|75|76|77|78|79,180.0,180,0.0,180,180,0.0,70.0,0,70,12600,0,0,12600,0,0.007980232435016376,1583412,-2.7352740597524697e-06,0.00019179999285449703,0.013849187443835722,-0.3107934802477879,0.2492191936685199,actual_deviations_retained,name_and_observed_behavior_only; identity_unconfirmed,85,70,15
PB2_T6,PB,PB2,6.0,360.0,85,70,70,65|66|67|68|69|70|71|72|73|74|75|76|77|78|79,240.0,240,0.0,240,240,0.0,70.0,0,70,16800,0,0,16800,0,0.0106403099133552,1579212,-4.917391245238861e-06,7.931318753970771e-05,0.008905795166053826,-0.155877578181246,0.1426161256636308,actual_deviations_retained,name_and_observed_behavior_only; identity_unconfirmed,85,70,15
PB2_T7,PB,PB2,7.0,900.0,85,70,70,65|66|67|68|69|70|71|72|73|74|75|76|77|78|79,600.0,600,0.0,600,600,0.0,70.0,0,70,42000,0,0,42000,0,0.026600774783388147,1554012,3.0405791144320694e-06,5.1271944957979676e-06,0.0022643309157006995,-0.0317718165487944,0.0335440358813408,actual_deviations_retained,name_and_observed_behavior_only; identity_unconfirmed,85,70,15
PB2_T8,PB,PB2,8.0,1800.0,85,70,70,65|66|67|68|69|70|71|72|73|74|75|76|77|78|79,1200.0,1200,0.0,1200,1200,0.0,70.0,0,70,84000,0,0,84000,0,0.05320154956677639,1512012,1.4690327523571943e-06,6.106120523904926e-07,0.0007814166957459334,-0.0087071470666439,0.0094944378676116,actual_deviations_retained,name_and_observed_behavior_only; identity_unconfirmed,85,70,15
PB2_T9,PB,PB2,9.0,2700.0,85,70,70,65|66|67|68|69|70|71|72|73|74|75|76|77|78|79,1800.0,1800,0.0,1800,1800,0.0,70.0,0,70,126000,0,0,126000,0,0.07980232435016464,1470012,2.924476078766689e-07,1.7659518937837486e-07,0.0004202323040633298,-0.0050972806908098,0.0052405704167574,actual_deviations_retained,name_and_observed_behavior_only; identity_unconfirmed,85,70,15
PB3_T1,PB,PB3,1.0,15.0,85,70,70,65|66|67|68|69|70|71|72|73|74|75|76|77|78|79,5.0,5,0.0,5,5,0.0,70.0,0,70,350,0,0,350,0,0.0002216731231948686,1595662,50.485403067700254,475.7855925882552,21.812510002020748,0.0,99.99999999633216,actual_deviations_retained,name_and_observed_behavior_only; identity_unconfirmed,85,70,15
PB3_T10,PB,PB3,10.0,4500.0,85,70,70,65|66|67|68|69|70|71|72|73|74|75|76|77|78|79,1500.0,1500,0.0,1500,1500,0.0,70.0,0,70,105000,0,0,105000,0,0.06650193695847051,1491012,50.18625090218678,31.80251755947965,5.639372089114146,8.399483854041293,89.91592509860774,actual_deviations_retained,name_and_observed_behavior_only; identity_unconfirmed,85,70,15
PB3_T11,PB,PB3,11.0,5400.0,85,70,70,65|66|67|68|69|70|71|72|73|74|75|76|77|78|79,1800.0,1800,0.0,1800,1800,0.0,70.0,0,70,126000,0,0,126000,0,0.07980232435016464,1470012,50.18292622835834,39.163594944612555,6.258082369593145,7.912946255283018,90.03386697643484,actual_deviations_retained,name_and_observed_behavior_only; identity_unconfirmed,85,70,15
PB3_T12,PB,PB3,12.0,10800.0,85,70,70,65|66|67|68|69|70|71|72|73|74|75|76|77|78|79,3600.0,3600,0.0,3600,3600,0.0,70.0,0,70,252000,0,0,252000,0,0.15960464870032937,1344012,50.19868911498174,98.76101678320684,9.93785775623735,6.470681536125838,91.09939851352932,actual_deviations_retained,name_and_observed_behavior_only; identity_unconfirmed,85,70,15
PB3_T2,PB,PB3,2.0,30.0,85,70,70,65|66|67|68|69|70|71|72|73|74|75|76|77|78|79,10.0,10,0.0,10,10,0.0,70.0,0,70,700,0,0,700,0,0.00044334624638974,1595312,50.414782839382255,241.47452641786208,15.539450647235316,0.003012728675273,99.66183227518393,actual_deviations_retained,name_and_observed_behavior_only; identity_unconfirmed,85,70,15
PB3_T3,PB,PB3,3.0,90.0,85,70,70,65|66|67|68|69|70|71|72|73|74|75|76|77|78|79,30.0,30,0.0,30,30,0.0,70.0,0,70,2100,0,0,2100,0,0.0013300387391693173,1593912,50.33309559040404,81.30718600497214,9.017049739519692,7.751878416002754,93.2335642817904,actual_deviations_retained,name_and_observed_behavior_only; identity_unconfirmed,85,70,15
PB3_T4,PB,PB3,4.0,180.0,85,70,70,65|66|67|68|69|70|71|72|73|74|75|76|77|78|79,60.0,60,0.0,60,60,0.0,70.0,0,70,4200,0,0,4200,0,0.002660077478338727,1591812,50.2976196744572,41.291401633259696,6.4258385937758895,10.46584720999509,87.52350525989618,actual_deviations_retained,name_and_observed_behavior_only; identity_unconfirmed,85,70,15
PB3_T5,PB,PB3,5.0,270.0,85,70,70,65|66|67|68|69|70|71|72|73|74|75|76|77|78|79,90.0,90,0.0,90,90,0.0,70.0,0,70,6300,0,0,6300,0,0.00399011621750814,1589712,50.279450786087075,28.280064023034225,5.317900339704969,7.922373379494687,87.99318330657174,actual_deviations_retained,name_and_observed_behavior_only; identity_unconfirmed,85,70,15
PB3_T6,PB,PB3,6.0,360.0,85,70,70,65|66|67|68|69|70|71|72|73|74|75|76|77|78|79,120.0,120,0.0,120,120,0.0,70.0,0,70,8400,0,0,8400,0,0.005320154956677552,1587612,50.26697705745573,22.00820617403911,4.691290459355412,11.233933117886892,88.97971941198716,actual_deviations_retained,name_and_observed_behavior_only; identity_unconfirmed,85,70,15
PB3_T7,PB,PB3,7.0,900.0,85,70,70,65|66|67|68|69|70|71|72|73|74|75|76|77|78|79,300.0,300,0.0,300,300,0.0,70.0,0,70,21000,0,0,21000,0,0.013300387391694025,1575012,50.23166585392083,12.801219704539617,3.5778792188305655,10.829689054299736,89.02746078090993,actual_deviations_retained,name_and_observed_behavior_only; identity_unconfirmed,85,70,15
PB3_T8,PB,PB3,8.0,1800.0,85,70,70,65|66|67|68|69|70|71|72|73|74|75|76|77|78|79,600.0,600,0.0,600,600,0.0,70.0,0,70,42000,0,0,42000,0,0.026600774783388147,1554012,50.21118399537748,14.40477569016696,3.7953623924688618,10.411468859742996,89.2932000096137,actual_deviations_retained,name_and_observed_behavior_only; identity_unconfirmed,85,70,15
PB3_T9,PB,PB3,9.0,2700.0,85,70,70,65|66|67|68|69|70|71|72|73|74|75|76|77|78|79,900.0,900,0.0,900,900,0.0,70.0,0,70,63000,0,0,63000,0,0.039901162175082265,1533012,50.200167610560065,19.18882531305145,4.380505143593767,9.325262747833676,88.81442283883909,actual_deviations_retained,name_and_observed_behavior_only; identity_unconfirmed,85,70,15
PB4_T1,PB,PB4,1.0,15.0,85,70,70,65|66|67|68|69|70|71|72|73|74|75|76|77|78|79,5.0,5,0.0,5,5,0.0,70.0,0,70,350,0,0,350,0,0.0002216731231948686,1595662,0.0031683586703781562,1.020059691576961,1.0099800451380023,-41.8981856107612,62.71141347725416,actual_deviations_retained,name_and_observed_behavior_only; identity_unconfirmed,85,70,15
PB4_T10,PB,PB4,10.0,4500.0,85,70,70,65|66|67|68|69|70|71|72|73|74|75|76|77|78|79,1500.0,1500,0.0,1500,1500,0.0,70.0,0,70,105000,0,0,105000,0,0.06650193695847051,1491012,0.8254767272250547,259.94855593287497,16.122920204878362,-132.97463489623507,124.91425999594804,actual_deviations_retained,name_and_observed_behavior_only; identity_unconfirmed,85,70,15
PB4_T11,PB,PB4,11.0,5400.0,85,70,70,65|66|67|68|69|70|71|72|73|74|75|76|77|78|79,1800.0,1800,0.0,1800,1800,0.0,70.0,0,70,126000,0,0,126000,0,0.07980232435016464,1470012,0.9764500195402438,312.51102972422774,17.677981494622845,-149.02051208147205,132.47603710820408,actual_deviations_retained,name_and_observed_behavior_only; identity_unconfirmed,85,70,15
PB4_T12,PB,PB4,12.0,10800.0,85,70,70,65|66|67|68|69|70|71|72|73|74|75|76|77|78|79,3600.0,3600,0.0,3600,3600,0.0,70.0,0,70,252000,0,0,252000,0,0.15960464870032937,1344012,1.9088146503234849,635.6790234425428,25.212675848519982,-131.88774025873184,142.82741529672288,actual_deviations_retained,name_and_observed_behavior_only; identity_unconfirmed,85,70,15
PB4_T2,PB,PB4,2.0,30.0,85,70,70,65|66|67|68|69|70|71|72|73|74|75|76|77|78|79,10.0,10,0.0,10,10,0.0,70.0,0,70,700,0,0,700,0,0.00044334624638974,1595312,0.006323622710693626,2.013889460898419,1.4191157320311896,-48.59086491739635,71.57910725474368,actual_deviations_retained,name_and_observed_behavior_only; identity_unconfirmed,85,70,15
PB4_T3,PB,PB4,3.0,90.0,85,70,70,65|66|67|68|69|70|71|72|73|74|75|76|77|78|79,30.0,30,0.0,30,30,0.0,70.0,0,70,2100,0,0,2100,0,0.0013300387391693173,1593912,0.01898019706419398,5.908896918352722,2.430822272062012,-47.691034085591504,78.22352015322328,actual_deviations_retained,name_and_observed_behavior_only; identity_unconfirmed,85,70,15
PB4_T4,PB,PB4,4.0,180.0,85,70,70,65|66|67|68|69|70|71|72|73|74|75|76|77|78|79,60.0,60,0.0,60,60,0.0,70.0,0,70,4200,0,0,4200,0,0.002660077478338727,1591812,0.03803612588077796,11.761923367943872,3.4295660611721526,-55.49622396826546,77.84425460096557,actual_deviations_retained,name_and_observed_behavior_only; identity_unconfirmed,85,70,15
PB4_T5,PB,PB4,5.0,270.0,85,70,70,65|66|67|68|69|70|71|72|73|74|75|76|77|78|79,90.0,90,0.0,90,90,0.0,70.0,0,70,6300,0,0,6300,0,0.00399011621750814,1589712,0.057609890390520384,17.451549837662174,4.177505216952119,-67.29539336782595,76.34764527357902,actual_deviations_retained,name_and_observed_behavior_only; identity_unconfirmed,85,70,15
PB4_T6,PB,PB4,6.0,360.0,85,70,70,65|66|67|68|69|70|71|72|73|74|75|76|77|78|79,120.0,120,0.0,120,120,0.0,70.0,0,70,8400,0,0,8400,0,0.005320154956677552,1587612,0.07750078765270604,23.03005233222962,4.798963672734939,-64.83353037641758,90.63176190982962,actual_deviations_retained,name_and_observed_behavior_only; identity_unconfirmed,85,70,15
PB4_T7,PB,PB4,7.0,900.0,85,70,70,65|66|67|68|69|70|71|72|73|74|75|76|77|78|79,300.0,300,0.0,300,300,0.0,70.0,0,70,21000,0,0,21000,0,0.013300387391694025,1575012,0.1927974408566846,57.163078496271126,7.56062685868514,-98.32189608442437,101.10964758502472,actual_deviations_retained,name_and_observed_behavior_only; identity_unconfirmed,85,70,15
PB4_T8,PB,PB4,8.0,1800.0,85,70,70,65|66|67|68|69|70|71|72|73|74|75|76|77|78|79,600.0,600,0.0,600,600,0.0,70.0,0,70,42000,0,0,42000,0,0.026600774783388147,1554012,0.3746887404644338,109.80307470989054,10.47869623139685,-115.08828558802637,129.48169462007405,actual_deviations_retained,name_and_observed_behavior_only; identity_unconfirmed,85,70,15
PB4_T9,PB,PB4,9.0,2700.0,85,70,70,65|66|67|68|69|70|71|72|73|74|75|76|77|78|79,900.0,900,0.0,900,900,0.0,70.0,0,70,63000,0,0,63000,0,0.039901162175082265,1533012,0.541053763382857,161.85058989055946,12.722051324002724,-145.4370797310288,132.88910763639083,actual_deviations_retained,name_and_observed_behavior_only; identity_unconfirmed,85,70,15
PB5_T1,PB,PB5,1.0,15.0,85,70,70,65|66|67|68|69|70|71|72|73|74|75|76|77|78|79,5.0,5,0.0,5,5,0.0,70.0,0,70,350,0,0,350,0,0.0002216731231948686,1595662,3.2703688911220695e-05,0.00010201258369195685,0.010100127904732536,-0.417233722512722,0.6310716744435174,actual_deviations_retained,name_and_observed_behavior_only; identity_unconfirmed,85,70,15
PB5_T10,PB,PB5,10.0,4500.0,85,70,70,65|66|67|68|69|70|71|72|73|74|75|76|77|78|79,1500.0,1500,0.0,1500,1500,0.0,70.0,0,70,105000,0,0,105000,0,0.06650193695847051,1491012,0.008515536293039902,0.026018833299083992,0.16130354397558658,-1.312296138966862,1.2649435486916216,actual_deviations_retained,name_and_observed_behavior_only; identity_unconfirmed,85,70,15
PB5_T11,PB,PB5,11.0,5400.0,85,70,70,65|66|67|68|69|70|71|72|73|74|75|76|77|78|79,1800.0,1800,0.0,1800,1800,0.0,70.0,0,70,126000,0,0,126000,0,0.07980232435016464,1470012,0.010078103344861556,0.03127334819232624,0.1768427216266653,-1.4683240801816932,1.342545886956037,actual_deviations_retained,name_and_observed_behavior_only; identity_unconfirmed,85,70,15
PB5_T12,PB,PB5,12.0,10800.0,85,70,70,65|66|67|68|69|70|71|72|73|74|75|76|77|78|79,3600.0,3600,0.0,3600,3600,0.0,70.0,0,70,252000,0,0,252000,0,0.15960464870032937,1344012,0.01972804536045774,0.0636613292806372,0.2523119681676579,-1.3017094507934646,1.448969408513423,actual_deviations_retained,name_and_observed_behavior_only; identity_unconfirmed,85,70,15
PB5_T2,PB,PB5,2.0,30.0,85,70,70,65|66|67|68|69|70|71|72|73|74|75|76|77|78|79,10.0,10,0.0,10,10,0.0,70.0,0,70,700,0,0,700,0,0.00044334624638974,1595312,6.525029112151519e-05,0.00020141604959506444,0.014192112231625862,-0.4835589941972973,0.7209515795915333,actual_deviations_retained,name_and_observed_behavior_only; identity_unconfirmed,85,70,15
PB5_T3,PB,PB5,3.0,90.0,85,70,70,65|66|67|68|69|70|71|72|73|74|75|76|77|78|79,30.0,30,0.0,30,30,0.0,70.0,0,70,2100,0,0,2100,0,0.0013300387391693173,1593912,0.00019571178388108718,0.0005910002159229968,0.02431049600322866,-0.474646701653203,0.7884023623401681,actual_deviations_retained,name_and_observed_behavior_only; identity_unconfirmed,85,70,15
PB5_T4,PB,PB5,4.0,180.0,85,70,70,65|66|67|68|69|70|71|72|73|74|75|76|77|78|79,60.0,60,0.0,60,60,0.0,70.0,0,70,4200,0,0,4200,0,0.002660077478338727,1591812,0.0003921258979396564,0.0011764411930324764,0.034299288520791164,-0.5518994063762328,0.7845498155686803,actual_deviations_retained,name_and_observed_behavior_only; identity_unconfirmed,85,70,15
PB5_T5,PB,PB5,5.0,270.0,85,70,70,65|66|67|68|69|70|71|72|73|74|75|76|77|78|79,90.0,90,0.0,90,90,0.0,70.0,0,70,6300,0,0,6300,0,0.00399011621750814,1589712,0.0005935559433478306,0.0017455763804071856,0.04178009550500316,-0.6684555358548394,0.7693502608161928,actual_deviations_retained,name_and_observed_behavior_only; identity_unconfirmed,85,70,15
PB5_T6,PB,PB5,6.0,360.0,85,70,70,65|66|67|68|69|70|71|72|73|74|75|76|77|78|79,120.0,120,0.0,120,120,0.0,70.0,0,70,8400,0,0,8400,0,0.005320154956677552,1587612,0.0007980469589256202,0.0023035851057292864,0.047995677990099135,-0.6441589935963221,0.9146068622362336,actual_deviations_retained,name_and_observed_behavior_only; identity_unconfirmed,85,70,15
PB5_T7,PB,PB5,7.0,900.0,85,70,70,65|66|67|68|69|70|71|72|73|74|75|76|77|78|79,300.0,300,0.0,300,300,0.0,70.0,0,70,21000,0,0,21000,0,0.013300387391694025,1575012,0.0019851813517915593,0.0057174771446997785,0.07561400098328205,-0.9736458898438216,1.0214240585093126,actual_deviations_retained,name_and_observed_behavior_only; identity_unconfirmed,85,70,15
PB5_T8,PB,PB5,8.0,1800.0,85,70,70,65|66|67|68|69|70|71|72|73|74|75|76|77|78|79,600.0,600,0.0,600,600,0.0,70.0,0,70,42000,0,0,42000,0,0.026600774783388147,1554012,0.0038568697383995184,0.010987398971574339,0.10482079455706458,-1.137788246020588,1.3118023857926486,actual_deviations_retained,name_and_observed_behavior_only; identity_unconfirmed,85,70,15
PB5_T9,PB,PB5,9.0,2700.0,85,70,70,65|66|67|68|69|70|71|72|73|74|75|76|77|78|79,900.0,900,0.0,900,900,0.0,70.0,0,70,63000,0,0,63000,0,0.039901162175082265,1533012,0.005572758155759645,0.01619900609757946,0.12727531613623852,-1.4335220709375762,1.3467884275957245,actual_deviations_retained,name_and_observed_behavior_only; identity_unconfirmed,85,70,15
PB6_T1,PB,PB6,1.0,15.0,85,70,70,65|66|67|68|69|70|71|72|73|74|75|76|77|78|79,13.0,13,0.0,13,13,0.0,70.0,0,70,910,0,0,910,0,0.0005763501203067,1595102,1.1259434455164424e-06,5.50430052527826e-08,0.00023461245758224904,-0.0082670359113353,0.0124287342773508,actual_deviations_retained,name_and_observed_behavior_only; identity_unconfirmed,85,70,15
PB6_T10,PB,PB6,10.0,4500.0,85,70,70,65|66|67|68|69|70|71|72|73|74|75|76|77|78|79,4498.0,4498,0.0,4498,4498,0.0,70.0,0,70,314860,0,0,314860,0,0.19941714162613372,1281152,8.314999590140306e-07,1.5264581415666047e-10,1.2354991467284e-05,-6.034976665208724e-05,6.82552625207447e-05,actual_deviations_retained,name_and_observed_behavior_only; identity_unconfirmed,85,70,15
PB6_T11,PB,PB6,11.0,5400.0,85,70,70,65|66|67|68|69|70|71|72|73|74|75|76|77|78|79,5398.0,5398,0.0,5398,5398,0.0,70.0,0,70,377860,0,0,377860,0,0.2393183038012161,1218152,7.923374078462943e-07,1.286632373699137e-10,1.134298185531096e-05,-5.4706117011738434e-05,6.30382282309101e-05,actual_deviations_retained,name_and_observed_behavior_only; identity_unconfirmed,85,70,15
PB6_T12,PB,PB6,12.0,10800.0,85,70,70,65|66|67|68|69|70|71|72|73|74|75|76|77|78|79,10798.0,10798,0.0,10798,10798,0.0,70.0,0,70,755860,0,0,755860,0,0.47872527685171024,840152,5.522524025795504e-07,6.449821713200572e-11,8.031078204824413e-06,-4.045430730062117e-05,3.984882935507315e-05,actual_deviations_retained,name_and_observed_behavior_only; identity_unconfirmed,85,70,15
PB6_T2,PB,PB6,2.0,30.0,85,70,70,65|66|67|68|69|70|71|72|73|74|75|76|77|78|79,28.0,28,0.0,28,28,0.0,70.0,0,70,1960,0,0,1960,0,0.0012413694898914041,1594052,1.1285988249323557e-06,2.658073675774901e-08,0.0001630359983492879,-0.0041260812651289,0.0071817619718818,actual_deviations_retained,name_and_observed_behavior_only; identity_unconfirmed,85,70,15
PB6_T3,PB,PB6,3.0,90.0,85,70,70,65|66|67|68|69|70|71|72|73|74|75|76|77|78|79,88.0,88,0.0,88,88,0.0,70.0,0,70,6160,0,0,6160,0,0.003901446968230229,1589852,1.1330113291386126e-06,8.642626412152694e-09,9.296572708344024e-05,-0.0011459767402165,0.001982818985942,actual_deviations_retained,name_and_observed_behavior_only; identity_unconfirmed,85,70,15
PB6_T4,PB,PB6,4.0,180.0,85,70,70,65|66|67|68|69|70|71|72|73|74|75|76|77|78|79,178.0,178,0.0,178,178,0.0,70.0,0,70,12460,0,0,12460,0,0.007891563185738464,1583552,1.149593639550681e-06,4.239471490677919e-09,6.511122399923011e-05,-0.000731730432047,0.001027231270562,actual_deviations_retained,name_and_observed_behavior_only; identity_unconfirmed,85,70,15
PB6_T5,PB,PB6,5.0,270.0,85,70,70,65|66|67|68|69|70|71|72|73|74|75|76|77|78|79,268.0,268,0.0,268,268,0.0,70.0,0,70,18760,0,0,18760,0,0.0118816794032467,1577252,1.1290684084340795e-06,2.805202363906705e-09,5.296416112718774e-05,-0.0005646807049298,0.0007923468687266,actual_deviations_retained,name_and_observed_behavior_only; identity_unconfirmed,85,70,15
PB6_T6,PB,PB6,6.0,360.0,85,70,70,65|66|67|68|69|70|71|72|73|74|75|76|77|78|79,358.0,358,0.0,358,358,0.0,70.0,0,70,25060,0,0,25060,0,0.015871795620754935,1570952,1.1088867768803294e-06,2.0890974615337306e-09,4.570664570424886e-05,-0.0004866157584235,0.0006162392181619,actual_deviations_retained,name_and_observed_behavior_only; identity_unconfirmed,85,70,15
PB6_T7,PB,PB6,7.0,900.0,85,70,70,65|66|67|68|69|70|71|72|73|74|75|76|77|78|79,898.0,898,0.0,898,898,0.0,70.0,0,70,62860,0,0,62860,0,0.039812492925804355,1533152,1.0342910777646415e-06,7.990776358751191e-10,2.8267961296759963e-05,-0.0002875733748378,0.0002948404045798,actual_deviations_retained,name_and_observed_behavior_only; identity_unconfirmed,85,70,15
PB6_T8,PB,PB6,8.0,1800.0,85,70,70,65|66|67|68|69|70|71|72|73|74|75|76|77|78|79,1798.0,1798,0.0,1798,1798,0.0,70.0,0,70,125860,0,0,125860,0,0.07971365510088672,1470152,8.877155623503776e-07,3.7910829929003685e-10,1.9470703615689826e-05,-0.0001504177822744,0.0001363599419917,actual_deviations_retained,name_and_observed_behavior_only; identity_unconfirmed,85,70,15
PB6_T9,PB,PB6,9.0,2700.0,85,70,70,65|66|67|68|69|70|71|72|73|74|75|76|77|78|79,2698.0,2698,0.0,2698,2698,0.0,70.0,0,70,188860,0,0,188860,0,0.11961481727596908,1407152,8.431461108540426e-07,2.5229575854746767e-10,1.5883820653339917e-05,-9.80351199397974e-05,9.148645587713408e-05,actual_deviations_retained,name_and_observed_behavior_only; identity_unconfirmed,85,70,15
PB7_T1,PB,PB7,1.0,15.0,85,70,70,65|66|67|68|69|70|71|72|73|74|75|76|77|78|79,4.0,4,0.0,4,4,0.0,70.0,70,70,280,35594,0,35874,0,0.02265076757135914,1560138,0.014871064201444422,1.3438085016939016,1.1592275452618876,-2.026579971686523,2.053258806631331,actual_deviations_retained,name_and_observed_behavior_only; identity_unconfirmed,85,70,15
PB7_T10,PB,PB7,10.0,4500.0,85,70,70,65|66|67|68|69|70|71|72|73|74|75|76|77|78|79,1499.0,1499,0.0,1499,1499,0.0,70.0,0,70,104930,0,0,104930,0,0.06645760233383155,1491082,0.09775760649197024,1.9900776421425672,1.4107011172259585,-8.968885827362268,6.664574592198874,actual_deviations_retained,name_and_observed_behavior_only; identity_unconfirmed,85,70,15
PB7_T11,PB,PB7,11.0,5400.0,85,70,70,65|66|67|68|69|70|71|72|73|74|75|76|77|78|79,1799.0,1799,0.0,1799,1799,0.0,70.0,0,70,125930,0,0,125930,0,0.07975798972552567,1470082,0.09991772971505526,1.989557541125898,1.4105167638585152,-7.674142793384951,6.689371752178832,actual_deviations_retained,name_and_observed_behavior_only; identity_unconfirmed,85,70,15
PB7_T12,PB,PB7,12.0,10800.0,85,70,70,65|66|67|68|69|70|71|72|73|74|75|76|77|78|79,3599.0,3599,0.0,3599,3599,0.0,70.0,0,70,251930,0,0,251930,0,0.1595603140756904,1344082,0.10831930164708112,1.979091672924696,1.4068019309500168,-7.117466393575594,8.624602610653287,actual_deviations_retained,name_and_observed_behavior_only; identity_unconfirmed,85,70,15
PB7_T2,PB,PB7,2.0,30.0,85,70,70,65|66|67|68|69|70|71|72|73|74|75|76|77|78|79,9.0,9,0.0,9,9,0.0,70.0,60,70,630,2553,0,3183,0,0.002020571686474601,1592829,0.018022385607159817,1.5891615436826823,1.2606195078939093,-3.054368145489966,3.010760208141591,actual_deviations_retained,name_and_observed_behavior_only; identity_unconfirmed,85,70,15
PB7_T3,PB,PB7,3.0,90.0,85,70,70,65|66|67|68|69|70|71|72|73|74|75|76|77|78|79,29.0,29,0.0,29,29,0.0,70.0,1,70,2030,89,0,2119,0,0.0013401783463824841,1593893,0.024467416533758102,1.836261253548897,1.3550871756270506,-5.385164239802412,5.299332267564171,actual_deviations_retained,name_and_observed_behavior_only; identity_unconfirmed,85,70,15
PB7_T4,PB,PB7,4.0,180.0,85,70,70,65|66|67|68|69|70|71|72|73|74|75|76|77|78|79,59.0,59,0.0,59,59,0.0,70.0,1,70,4130,59,0,4189,0,0.002651854984927586,1591823,0.030932485443343306,1.912033339718122,1.382762936919457,-7.681146795386711,7.378572134420353,actual_deviations_retained,name_and_observed_behavior_only; identity_unconfirmed,85,70,15
PB7_T5,PB,PB7,5.0,270.0,85,70,70,65|66|67|68|69|70|71|72|73|74|75|76|77|78|79,89.0,89,0.0,89,89,0.0,70.0,1,70,6230,29,0,6259,0,0.003963531623472684,1589753,0.0354535213448681,1.9379101664036262,1.3920884190322202,-9.433981024878385,8.367651269373004,actual_deviations_retained,name_and_observed_behavior_only; identity_unconfirmed,85,70,15
PB7_T6,PB,PB7,6.0,360.0,85,70,70,65|66|67|68|69|70|71|72|73|74|75|76|77|78|79,119.0,119,0.0,119,119,0.0,70.0,0,70,8330,0,0,8330,0,0.005275820332038598,1587682,0.039791673928917665,1.9593231459788065,1.399758245547711,-8.12188503646907,9.521112753183411,actual_deviations_retained,name_and_observed_behavior_only; identity_unconfirmed,85,70,15
PB7_T7,PB,PB7,7.0,900.0,85,70,70,65|66|67|68|69|70|71|72|73|74|75|76|77|78|79,299.0,299,0.0,299,299,0.0,70.0,0,70,20930,0,0,20930,0,0.013256052767055071,1575082,0.05903773023079502,1.995094207858314,1.4124780380091981,-10.66772663949857,10.95847804880021,actual_deviations_retained,name_and_observed_behavior_only; identity_unconfirmed,85,70,15
PB7_T8,PB,PB7,8.0,1800.0,85,70,70,65|66|67|68|69|70|71|72|73|74|75|76|77|78|79,599.0,599,0.0,599,599,0.0,70.0,0,70,41930,0,0,41930,0,0.02655644015874919,1554082,0.07655323411919658,1.9912741852520164,1.4111251486852667,-8.95847616372369,7.77655168108493,actual_deviations_retained,name_and_observed_behavior_only; identity_unconfirmed,85,70,15
PB7_T9,PB,PB7,9.0,2700.0,85,70,70,65|66|67|68|69|70|71|72|73|74|75|76|77|78|79,899.0,899,0.0,899,899,0.0,70.0,0,70,62930,0,0,62930,0,0.03985682755044331,1533082,0.08907895428048379,1.9999234213010761,1.4141864874552705,-9.606788901701131,7.06040471955978,actual_deviations_retained,name_and_observed_behavior_only; identity_unconfirmed,85,70,15
PB8_T1,PB,PB8,1.0,15.0,85,70,70,65|66|67|68|69|70|71|72|73|74|75|76|77|78|79,4.0,4,0.0,4,4,0.0,70.0,0,70,280,0,0,280,0,0.00017733849855591143,1595732,66.73576766023366,965.9422145833674,31.07961091428539,20.0,100.0,actual_deviations_retained,name_and_observed_behavior_only; identity_unconfirmed,85,70,15
PB8_T10,PB,PB8,10.0,4500.0,85,70,70,65|66|67|68|69|70|71|72|73|74|75|76|77|78|79,1499.0,1499,0.0,1499,1499,0.0,70.0,0,70,104930,0,0,104930,0,0.06645760233383155,1491082,53.28071838660336,1248.2018166314347,35.32989975405301,0.0666666666666666,100.0,actual_deviations_retained,name_and_observed_behavior_only; identity_unconfirmed,85,70,15
PB8_T11,PB,PB8,11.0,5400.0,85,70,70,65|66|67|68|69|70|71|72|73|74|75|76|77|78|79,1799.0,1799,0.0,1799,1799,0.0,70.0,0,70,125930,0,0,125930,0,0.07975798972552567,1470082,53.36129968713761,1254.0603563776958,35.41271461463659,0.0555555555555555,100.0,actual_deviations_retained,name_and_observed_behavior_only; identity_unconfirmed,85,70,15
PB8_T12,PB,PB8,12.0,10800.0,85,70,70,65|66|67|68|69|70|71|72|73|74|75|76|77|78|79,3599.0,3599,0.0,3599,3599,0.0,70.0,0,70,251930,0,0,251930,0,0.1595603140756904,1344082,53.72169881665621,1257.0282019149283,35.45459352347631,0.0277777777777777,100.0,actual_deviations_retained,name_and_observed_behavior_only; identity_unconfirmed,85,70,15
PB8_T2,PB,PB8,2.0,30.0,85,70,70,65|66|67|68|69|70|71|72|73|74|75|76|77|78|79,9.0,9,0.0,9,9,0.0,70.0,0,70,630,0,0,630,0,0.00039901162175078427,1595382,60.308496648451595,1086.9164589552795,32.96841608199095,10.0,100.0,actual_deviations_retained,name_and_observed_behavior_only; identity_unconfirmed,85,70,15
PB8_T3,PB,PB8,3.0,90.0,85,70,70,65|66|67|68|69|70|71|72|73|74|75|76|77|78|79,29.0,29,0.0,29,29,0.0,70.0,0,70,2030,0,0,2030,0,0.00128570411453036,1593982,55.276004789681856,1165.6589454339064,34.14174783800481,3.333333333333333,100.0,actual_deviations_retained,name_and_observed_behavior_only; identity_unconfirmed,85,70,15
PB8_T4,PB,PB8,4.0,180.0,85,70,70,65|66|67|68|69|70|71|72|73|74|75|76|77|78|79,59.0,59,0.0,59,59,0.0,70.0,0,70,4130,0,0,4130,0,0.002615742853699773,1591882,53.818627888248,1186.5213875421591,34.44591975172327,1.6666666666666667,100.0,actual_deviations_retained,name_and_observed_behavior_only; identity_unconfirmed,85,70,15
PB8_T5,PB,PB8,5.0,270.0,85,70,70,65|66|67|68|69|70|71|72|73|74|75|76|77|78|79,89.0,89,0.0,89,89,0.0,70.0,0,70,6230,0,0,6230,0,0.003945781592869183,1589782,53.305388202072145,1193.1366650288796,34.54181039014718,1.1111111111111112,100.0,actual_deviations_retained,name_and_observed_behavior_only; identity_unconfirmed,85,70,15
PB8_T6,PB,PB8,6.0,360.0,85,70,70,65|66|67|68|69|70|71|72|73|74|75|76|77|78|79,119.0,119,0.0,119,119,0.0,70.0,0,70,8330,0,0,8330,0,0.005275820332038598,1587682,53.062354426138235,1197.729023040347,34.60822189943232,0.8333333333333334,100.0,actual_deviations_retained,name_and_observed_behavior_only; identity_unconfirmed,85,70,15
PB8_T7,PB,PB8,7.0,900.0,85,70,70,65|66|67|68|69|70|71|72|73|74|75|76|77|78|79,299.0,299,0.0,299,299,0.0,70.0,0,70,20930,0,0,20930,0,0.013256052767055071,1575082,52.76695774145936,1218.9739438570655,34.91380735263723,0.3333333333333333,100.0,actual_deviations_retained,name_and_observed_behavior_only; identity_unconfirmed,85,70,15
PB8_T8,PB,PB8,8.0,1800.0,85,70,70,65|66|67|68|69|70|71|72|73|74|75|76|77|78|79,599.0,599,0.0,599,599,0.0,70.0,0,70,41930,0,0,41930,0,0.02655644015874919,1554082,52.86170324345821,1230.276144979911,35.07529251453095,0.1666666666666666,100.0,actual_deviations_retained,name_and_observed_behavior_only; identity_unconfirmed,85,70,15
PB8_T9,PB,PB8,9.0,2700.0,85,70,70,65|66|67|68|69|70|71|72|73|74|75|76|77|78|79,899.0,899,0.0,899,899,0.0,70.0,0,70,62930,0,0,62930,0,0.03985682755044331,1533082,53.07421056987746,1240.1338172293708,35.21553374903426,0.1111111111111111,100.0,actual_deviations_retained,name_and_observed_behavior_only; identity_unconfirmed,85,70,15
PB9_T1,PB,PB9,1.0,15.0,85,70,70,65|66|67|68|69|70|71|72|73|74|75|76|77|78|79,1.0,1,0.0,1,1,0.0,70.0,0,70,70,0,0,70,0,4.4334624638980384e-05,1595942,100.10483226912385,0.21353052472121073,0.46209363198513215,97.97829481538211,102.42950481430536,actual_deviations_retained,name_and_observed_behavior_only; identity_unconfirmed,85,70,15
PB9_T10,PB,PB9,10.0,4500.0,85,70,70,65|66|67|68|69|70|71|72|73|74|75|76|77|78|79,1.0,1,0.0,1,1,0.0,70.0,0,70,70,0,0,70,0,4.4334624638980384e-05,1595942,100.10483226912385,0.21353052472121073,0.46209363198513215,97.97829481538211,102.42950481430536,actual_deviations_retained,name_and_observed_behavior_only; identity_unconfirmed,85,70,15
PB9_T11,PB,PB9,11.0,5400.0,85,70,70,65|66|67|68|69|70|71|72|73|74|75|76|77|78|79,1.0,1,0.0,1,1,0.0,70.0,0,70,70,0,0,70,0,4.4334624638980384e-05,1595942,100.10483226912385,0.21353052472121073,0.46209363198513215,97.97829481538211,102.42950481430536,actual_deviations_retained,name_and_observed_behavior_only; identity_unconfirmed,85,70,15
PB9_T12,PB,PB9,12.0,10800.0,85,70,70,65|66|67|68|69|70|71|72|73|74|75|76|77|78|79,1.0,1,0.0,1,1,0.0,70.0,0,70,70,0,0,70,0,4.4334624638980384e-05,1595942,100.10483226912385,0.21353052472121073,0.46209363198513215,97.97829481538211,102.42950481430536,actual_deviations_retained,name_and_observed_behavior_only; identity_unconfirmed,85,70,15
PB9_T2,PB,PB9,2.0,30.0,85,70,70,65|66|67|68|69|70|71|72|73|74|75|76|77|78|79,1.0,1,0.0,1,1,0.0,70.0,0,70,70,0,0,70,0,4.4334624638980384e-05,1595942,100.10483226912385,0.21353052472121073,0.46209363198513215,97.97829481538211,102.42950481430536,actual_deviations_retained,name_and_observed_behavior_only; identity_unconfirmed,85,70,15
PB9_T3,PB,PB9,3.0,90.0,85,70,70,65|66|67|68|69|70|71|72|73|74|75|76|77|78|79,1.0,1,0.0,1,1,0.0,70.0,0,70,70,0,0,70,0,4.4334624638980384e-05,1595942,100.10483226912385,0.21353052472121073,0.46209363198513215,97.97829481538211,102.42950481430536,actual_deviations_retained,name_and_observed_behavior_only; identity_unconfirmed,85,70,15
PB9_T4,PB,PB9,4.0,180.0,85,70,70,65|66|67|68|69|70|71|72|73|74|75|76|77|78|79,1.0,1,0.0,1,1,0.0,70.0,0,70,70,0,0,70,0,4.4334624638980384e-05,1595942,100.10483226912385,0.21353052472121073,0.46209363198513215,97.97829481538211,102.42950481430536,actual_deviations_retained,name_and_observed_behavior_only; identity_unconfirmed,85,70,15
PB9_T5,PB,PB9,5.0,270.0,85,70,70,65|66|67|68|69|70|71|72|73|74|75|76|77|78|79,1.0,1,0.0,1,1,0.0,70.0,0,70,70,0,0,70,0,4.4334624638980384e-05,1595942,100.10483226912385,0.21353052472121073,0.46209363198513215,97.97829481538211,102.42950481430536,actual_deviations_retained,name_and_observed_behavior_only; identity_unconfirmed,85,70,15
PB9_T6,PB,PB9,6.0,360.0,85,70,70,65|66|67|68|69|70|71|72|73|74|75|76|77|78|79,1.0,1,0.0,1,1,0.0,70.0,0,70,70,0,0,70,0,4.4334624638980384e-05,1595942,100.10483226912385,0.21353052472121073,0.46209363198513215,97.97829481538211,102.42950481430536,actual_deviations_retained,name_and_observed_behavior_only; identity_unconfirmed,85,70,15
PB9_T7,PB,PB9,7.0,900.0,85,70,70,65|66|67|68|69|70|71|72|73|74|75|76|77|78|79,1.0,1,0.0,1,1,0.0,70.0,0,70,70,0,0,70,0,4.4334624638980384e-05,1595942,100.10483226912385,0.21353052472121073,0.46209363198513215,97.97829481538211,102.42950481430536,actual_deviations_retained,name_and_observed_behavior_only; identity_unconfirmed,85,70,15
PB9_T8,PB,PB9,8.0,1800.0,85,70,70,65|66|67|68|69|70|71|72|73|74|75|76|77|78|79,1.0,1,0.0,1,1,0.0,70.0,0,70,70,0,0,70,0,4.4334624638980384e-05,1595942,100.10483226912385,0.21353052472121073,0.46209363198513215,97.97829481538211,102.42950481430536,actual_deviations_retained,name_and_observed_behavior_only; identity_unconfirmed,85,70,15
PB9_T9,PB,PB9,9.0,2700.0,85,70,70,65|66|67|68|69|70|71|72|73|74|75|76|77|78|79,1.0,1,0.0,1,1,0.0,70.0,0,70,70,0,0,70,0,4.4334624638980384e-05,1595942,100.10483226912385,0.21353052472121073,0.46209363198513215,97.97829481538211,102.42950481430536,actual_deviations_retained,name_and_observed_behavior_only; identity_unconfirmed,85,70,15
PV1_T1,PV,PV1,1.0,5.0,85,70,70,65|66|67|68|69|70|71|72|73|74|75|76|77|78|79,5.0,5,0.0,5,5,70.0,0.0,0,70,350,0,0,350,0,0.0002216731231948686,1595662,1415273.7369667732,4166245669621.667,2041138.3269199731,0.0,154512357.6323981,matches_actual_warmup,name_and_observed_behavior_only; identity_unconfirmed,85,70,15
PV1_T10,PV,PV1,10.0,1500.0,85,70,70,65|66|67|68|69|70|71|72|73|74|75|76|77|78|79,1500.0,1500,0.0,1500,1500,70.0,0.0,0,70,105000,0,0,105000,0,0.06650193695847051,1491012,49473.10915945721,2370110295.2018404,48683.7785633145,0.0,465203.3023456705,matches_actual_warmup,name_and_observed_behavior_only; identity_unconfirmed,85,70,15
PV1_T11,PV,PV1,11.0,1800.0,85,70,70,65|66|67|68|69|70|71|72|73|74|75|76|77|78|79,1800.0,1800,0.0,1800,1800,70.0,0.0,0,70,126000,0,0,126000,0,0.07980232435016464,1470012,45274.613115638465,1968982601.1923373,44373.21941433073,0.0,430134.599296633,matches_actual_warmup,name_and_observed_behavior_only; identity_unconfirmed,85,70,15
PV1_T12,PV,PV1,12.0,3600.0,85,70,70,65|66|67|68|69|70|71|72|73|74|75|76|77|78|79,3600.0,3600,0.0,3600,3600,70.0,0.0,0,70,252000,0,0,252000,0,0.15960464870032937,1344012,32326.193834904512,929425012.6564372,30486.4726174813,0.0,251336.5583250025,matches_actual_warmup,name_and_observed_behavior_only; identity_unconfirmed,85,70,15
PV1_T2,PV,PV1,2.0,10.0,85,70,70,65|66|67|68|69|70|71|72|73|74|75|76|77|78|79,10.0,10,0.0,10,10,70.0,0.0,0,70,700,0,0,700,0,0.00044334624638974,1595312,878928.5441404455,1275554680762.0479,1129404.5691257175,0.0,64620602.0722348,matches_actual_warmup,name_and_observed_behavior_only; identity_unconfirmed,85,70,15
PV1_T3,PV,PV1,3.0,30.0,85,70,70,65|66|67|68|69|70|71|72|73|74|75|76|77|78|79,30.0,30,0.0,30,30,70.0,0.0,0,70,2100,0,0,2100,0,0.0013300387391693173,1593912,432306.27250419196,238790838565.39905,488662.29501098103,0.0,12512974.4233763,matches_actual_warmup,name_and_observed_behavior_only; identity_unconfirmed,85,70,15
PV1_T4,PV,PV1,4.0,60.0,85,70,70,65|66|67|68|69|70|71|72|73|74|75|76|77|78|79,60.0,60,0.0,60,60,70.0,0.0,0,70,4200,0,0,4200,0,0.002660077478338727,1591812,283925.7864310946,93424672234.1989,305654.4981416091,0.0,6763706.345852196,matches_actual_warmup,name_and_observed_behavior_only; identity_unconfirmed,85,70,15
PV1_T5,PV,PV1,5.0,90.0,85,70,70,65|66|67|68|69|70|71|72|73|74|75|76|77|78|79,90.0,90,0.0,90,90,70.0,0.0,0,70,6300,0,0,6300,0,0.00399011621750814,1589712,223883.7547843015,55839812780.833244,236304.49166453278,0.0,4102059.40959351,matches_actual_warmup,name_and_observed_behavior_only; identity_unconfirmed,85,70,15
PV1_T6,PV,PV1,6.0,120.0,85,70,70,65|66|67|68|69|70|71|72|73|74|75|76|77|78|79,120.0,120,0.0,120,120,70.0,0.0,0,70,8400,0,0,8400,0,0.005320154956677552,1587612,190205.04986447364,39438533788.43412,198591.37390237805,0.0,3545287.921104607,matches_actual_warmup,name_and_observed_behavior_only; identity_unconfirmed,85,70,15
PV1_T7,PV,PV1,7.0,300.0,85,70,70,65|66|67|68|69|70|71|72|73|74|75|76|77|78|79,300.0,300,0.0,300,300,70.0,0.0,0,70,21000,0,0,21000,0,0.013300387391694025,1575012,114938.65486380782,13681092584.601118,116966.20274507128,0.0,1771160.923908431,matches_actual_warmup,name_and_observed_behavior_only; identity_unconfirmed,85,70,15
PV1_T8,PV,PV1,8.0,600.0,85,70,70,65|66|67|68|69|70|71|72|73|74|75|76|77|78|79,600.0,600,0.0,600,600,70.0,0.0,0,70,42000,0,0,42000,0,0.026600774783388147,1554012,79038.17280260341,6328977991.01489,79554.87408710348,0.0,1161111.9479567683,matches_actual_warmup,name_and_observed_behavior_only; identity_unconfirmed,85,70,15
PV1_T9,PV,PV1,9.0,900.0,85,70,70,65|66|67|68|69|70|71|72|73|74|75|76|77|78|79,900.0,900,0.0,900,900,70.0,0.0,0,70,63000,0,0,63000,0,0.039901162175082265,1533012,64245.66760458393,4089325706.4475064,63947.835823016765,0.0,702572.9113460846,matches_actual_warmup,name_and_observed_behavior_only; identity_unconfirmed,85,70,15
PV2,PV,PV2,,,85,70,70,65|66|67|68|69|70|71|72|73|74|75|76|77|78|79,0.0,0,0.0,0,0,,,0,70,0,0,0,0,0,0.0,1596012,8.100831480829678,7816.3211168447115,88.40996050697404,-477.0221952207372,470.6405022276225,unavailable,name_and_observed_behavior_only; identity_unconfirmed,85,70,15
PV3_B1_T1,PV,PV3_B1,1.0,5.0,85,70,70,65|66|67|68|69|70|71|72|73|74|75|76|77|78|79,0.0,0,0.0,0,0,0.0,70.0,0,70,0,0,0,0,0,0.0,1596012,0.10229070119507067,0.026071570895858372,0.16146693437313528,-0.2000449103842538,3.737775920088288,actual_deviations_retained,name_and_observed_behavior_only; identity_unconfirmed,85,70,15
PV3_B1_T10,PV,PV3_B1,10.0,1500.0,85,70,70,65|66|67|68|69|70|71|72|73|74|75|76|77|78|79,0.0,0,0.0,0,0,0.0,70.0,0,70,0,0,0,0,0,0.0,1596012,0.0003753505603872133,6.21982594650978e-06,0.0024939578878781774,-0.0104623735835825,1.424167346735629,actual_deviations_retained,name_and_observed_behavior_only; identity_unconfirmed,85,70,15
PV3_B1_T11,PV,PV3_B1,11.0,1800.0,85,70,70,65|66|67|68|69|70|71|72|73|74|75|76|77|78|79,0.0,0,0.0,0,0,0.0,70.0,0,70,0,0,0,0,0,0.0,1596012,0.00031764179100991194,4.770292581992885e-06,0.002184099947802958,-0.0093400213741919,1.2923440362161078,actual_deviations_retained,name_and_observed_behavior_only; identity_unconfirmed,85,70,15
PV3_B1_T12,PV,PV3_B1,12.0,3600.0,85,70,70,65|66|67|68|69|70|71|72|73|74|75|76|77|78|79,0.0,0,0.0,0,0,0.0,70.0,0,70,0,0,0,0,0,0.0,1596012,0.00017429793678460075,1.586132713870423e-06,0.001259417609004425,-0.0072838506211935,0.8370292772594468,actual_deviations_retained,name_and_observed_behavior_only; identity_unconfirmed,85,70,15
PV3_B1_T2,PV,PV3_B1,2.0,10.0,85,70,70,65|66|67|68|69|70|71|72|73|74|75|76|77|78|79,0.0,0,0.0,0,0,0.0,70.0,0,70,0,0,0,0,0,0.0,1596012,0.0515065103799283,0.008910710080468651,0.09439655756683424,-0.1730645414952756,3.486239954095637,actual_deviations_retained,name_and_observed_behavior_only; identity_unconfirmed,85,70,15
PV3_B1_T3,PV,PV3_B1,3.0,30.0,85,70,70,65|66|67|68|69|70|71|72|73|74|75|76|77|78|79,0.0,0,0.0,0,0,0.0,70.0,0,70,0,0,0,0,0,0.0,1596012,0.01731205646242467,0.001686191901325676,0.04106326705616196,-0.106934664990109,3.324259274524126,actual_deviations_retained,name_and_observed_behavior_only; identity_unconfirmed,85,70,15
PV3_B1_T4,PV,PV3_B1,4.0,60.0,85,70,70,65|66|67|68|69|70|71|72|73|74|75|76|77|78|79,0.0,0,0.0,0,0,0.0,70.0,0,70,0,0,0,0,0,0.0,1596012,0.008693589682764794,0.0006252684711001085,0.025005368845512126,-0.0897976573126083,3.265317540574651,actual_deviations_retained,name_and_observed_behavior_only; identity_unconfirmed,85,70,15
PV3_B1_T5,PV,PV3_B1,5.0,90.0,85,70,70,65|66|67|68|69|70|71|72|73|74|75|76|77|78|79,0.0,0,0.0,0,0,0.0,70.0,0,70,0,0,0,0,0,0.0,1596012,0.0058073057101900765,0.0003543451433543223,0.018824057568821932,-0.070546074302608,3.167016598459945,actual_deviations_retained,name_and_observed_behavior_only; identity_unconfirmed,85,70,15
PV3_B1_T6,PV,PV3_B1,6.0,120.0,85,70,70,65|66|67|68|69|70|71|72|73|74|75|76|77|78|79,0.0,0,0.0,0,0,0.0,70.0,0,70,0,0,0,0,0,0.0,1596012,0.004365191589951572,0.00023990450459507358,0.015488850977237581,-0.0562367276722403,3.1302789667591835,actual_deviations_retained,name_and_observed_behavior_only; identity_unconfirmed,85,70,15
PV3_B1_T7,PV,PV3_B1,7.0,300.0,85,70,70,65|66|67|68|69|70|71|72|73|74|75|76|77|78|79,0.0,0,0.0,0,0,0.0,70.0,0,70,0,0,0,0,0,0.0,1596012,0.001761110019158422,6.532445228762326e-05,0.008082354377755485,-0.0242965732031851,2.7124985514710893,actual_deviations_retained,name_and_observed_behavior_only; identity_unconfirmed,85,70,15
PV3_B1_T8,PV,PV3_B1,8.0,600.0,85,70,70,65|66|67|68|69|70|71|72|73|74|75|76|77|78|79,0.0,0,0.0,0,0,0.0,70.0,0,70,0,0,0,0,0,0.0,1596012,0.000894282075417891,2.368757318447631e-05,0.004866988101945218,-0.0173138312479767,2.0730673980393326,actual_deviations_retained,name_and_observed_behavior_only; identity_unconfirmed,85,70,15
PV3_B1_T9,PV,PV3_B1,9.0,900.0,85,70,70,65|66|67|68|69|70|71|72|73|74|75|76|77|78|79,0.0,0,0.0,0,0,0.0,70.0,0,70,0,0,0,0,0,0.0,1596012,0.0006060494575182077,1.3035540969798945e-05,0.003610476557159587,-0.0134293066318823,1.6507712000505563,actual_deviations_retained,name_and_observed_behavior_only; identity_unconfirmed,85,70,15
PV3_B2_T1,PV,PV3_B2,1.0,5.0,85,70,70,65|66|67|68|69|70|71|72|73|74|75|76|77|78|79,0.0,0,0.0,0,0,0.0,70.0,0,70,0,0,0,0,0,0.0,1596012,0.07147093644917765,0.015331620121287231,0.12382091956243593,-0.3222417497096815,2.9175986404219976,actual_deviations_retained,name_and_observed_behavior_only; identity_unconfirmed,85,70,15
PV3_B2_T10,PV,PV3_B2,10.0,1500.0,85,70,70,65|66|67|68|69|70|71|72|73|74|75|76|77|78|79,0.0,0,0.0,0,0,0.0,70.0,0,70,0,0,0,0,0,0.0,1596012,0.00026152068461755715,3.5347148285878563e-06,0.0018800837291428954,-0.0150563284800337,1.1053269652982294,actual_deviations_retained,name_and_observed_behavior_only; identity_unconfirmed,85,70,15
PV3_B2_T11,PV,PV3_B2,11.0,1800.0,85,70,70,65|66|67|68|69|70|71|72|73|74|75|76|77|78|79,0.0,0,0.0,0,0,0.0,70.0,0,70,0,0,0,0,0,0.0,1596012,0.00022116962501623986,2.7148145283471188e-06,0.0016476694232603574,-0.0134411592834955,1.0030160535180306,actual_deviations_retained,name_and_observed_behavior_only; identity_unconfirmed,85,70,15
PV3_B2_T12,PV,PV3_B2,12.0,3600.0,85,70,70,65|66|67|68|69|70|71|72|73|74|75|76|77|78|79,0.0,0,0.0,0,0,0.0,70.0,0,70,0,0,0,0,0,0.0,1596012,0.0001208942437388621,9.062061647018878e-07,0.0009519486145280573,-0.0104821383671749,0.649636458116814,actual_deviations_retained,name_and_observed_behavior_only; identity_unconfirmed,85,70,15
PV3_B2_T2,PV,PV3_B2,2.0,10.0,85,70,70,65|66|67|68|69|70|71|72|73|74|75|76|77|78|79,0.0,0,0.0,0,0,0.0,70.0,0,70,0,0,0,0,0,0.0,1596012,0.03598648992366659,0.005173795946114991,0.07192910360983926,-0.2490559684360868,2.6767837911136447,actual_deviations_retained,name_and_observed_behavior_only; identity_unconfirmed,85,70,15
PV3_B2_T3,PV,PV3_B2,3.0,30.0,85,70,70,65|66|67|68|69|70|71|72|73|74|75|76|77|78|79,0.0,0,0.0,0,0,0.0,70.0,0,70,0,0,0,0,0,0.0,1596012,0.012096332829526185,0.0009648180629538637,0.03106152061560837,-0.201686305075093,2.5365963127041087,actual_deviations_retained,name_and_observed_behavior_only; identity_unconfirmed,85,70,15
PV3_B2_T4,PV,PV3_B2,4.0,60.0,85,70,70,65|66|67|68|69|70|71|72|73|74|75|76|77|78|79,0.0,0,0.0,0,0,0.0,70.0,0,70,0,0,0,0,0,0.0,1596012,0.006073672422686306,0.00035505384592598207,0.018842872549746287,-0.1777601565387397,2.491620463152775,actual_deviations_retained,name_and_observed_behavior_only; identity_unconfirmed,85,70,15
PV3_B2_T5,PV,PV3_B2,5.0,90.0,85,70,70,65|66|67|68|69|70|71|72|73|74|75|76|77|78|79,0.0,0,0.0,0,0,0.0,70.0,0,70,0,0,0,0,0,0.0,1596012,0.004056644255025357,0.00020044819650257015,0.014157972895247757,-0.1471449911863946,2.416611329775475,actual_deviations_retained,name_and_observed_behavior_only; identity_unconfirmed,85,70,15
PV3_B2_T6,PV,PV3_B2,6.0,120.0,85,70,70,65|66|67|68|69|70|71|72|73|74|75|76|77|78|79,0.0,0,0.0,0,0,0.0,70.0,0,70,0,0,0,0,0,0.0,1596012,0.00304934669485323,0.0001355386681090496,0.011642107545846225,-0.1248693675117699,2.3885784558586325,actual_deviations_retained,name_and_observed_behavior_only; identity_unconfirmed,85,70,15
PV3_B2_T7,PV,PV3_B2,7.0,300.0,85,70,70,65|66|67|68|69|70|71|72|73|74|75|76|77|78|79,0.0,0,0.0,0,0,0.0,70.0,0,70,0,0,0,0,0,0.0,1596012,0.001229926079199096,3.678406529890501e-05,0.006064986834190575,-0.0692236715929555,2.0697885621035863,actual_deviations_retained,name_and_observed_behavior_only; identity_unconfirmed,85,70,15
PV3_B2_T8,PV,PV3_B2,8.0,600.0,85,70,70,65|66|67|68|69|70|71|72|73|74|75|76|77|78|79,0.0,0,0.0,0,0,0.0,70.0,0,70,0,0,0,0,0,0.0,1596012,0.000624263463874367,1.3327295876972098e-05,0.003650656910334371,-0.0296728189145145,1.581866720852104,actual_deviations_retained,name_and_observed_behavior_only; identity_unconfirmed,85,70,15
PV3_B2_T9,PV,PV3_B2,9.0,900.0,85,70,70,65|66|67|68|69|70|71|72|73|74|75|76|77|78|79,0.0,0,0.0,0,0,0.0,70.0,0,70,0,0,0,0,0,0.0,1596012,0.00042278092131931174,7.354535320813174e-06,0.002711924652495562,-0.0203560660786395,1.2811990986423798,actual_deviations_retained,name_and_observed_behavior_only; identity_unconfirmed,85,70,15
PV3_B3_T1,PV,PV3_B3,1.0,5.0,85,70,70,65|66|67|68|69|70|71|72|73|74|75|76|77|78|79,0.0,0,0.0,0,0,0.0,70.0,0,70,0,0,0,0,0,0.0,1596012,0.04065117170328471,0.008164766927485505,0.0903590998598675,-0.5272747738355168,2.097421360755708,actual_deviations_retained,name_and_observed_behavior_only; identity_unconfirmed,85,70,15
PV3_B3_T10,PV,PV3_B3,10.0,1500.0,85,70,70,65|66|67|68|69|70|71|72|73|74|75|76|77|78|79,0.0,0,0.0,0,0,0.0,70.0,0,70,0,0,0,0,0,0.0,1596012,0.00014769080884790442,1.6834324759979215e-06,0.0012974715704006472,-0.034423446357183,0.7864865838608169,actual_deviations_retained,name_and_observed_behavior_only; identity_unconfirmed,85,70,15
PV3_B3_T11,PV,PV3_B3,11.0,1800.0,85,70,70,65|66|67|68|69|70|71|72|73|74|75|76|77|78|79,0.0,0,0.0,0,0,0.0,70.0,0,70,0,0,0,0,0,0.0,1596012,0.0001246974590225705,1.2942762413423071e-06,0.0011376626219324897,-0.0297527879297208,0.7136880708199419,actual_deviations_retained,name_and_observed_behavior_only; identity_unconfirmed,85,70,15
PV3_B3_T12,PV,PV3_B3,12.0,3600.0,85,70,70,65|66|67|68|69|70|71|72|73|74|75|76|77|78|79,0.0,0,0.0,0,0,0.0,70.0,0,70,0,0,0,0,0,0.0,1596012,6.749055069312481e-05,4.35732561770186e-07,0.0006601004179442594,-0.0179585309762789,0.4622436389741736,actual_deviations_retained,name_and_observed_behavior_only; identity_unconfirmed,85,70,15
PV3_B3_T2,PV,PV3_B3,2.0,10.0,85,70,70,65|66|67|68|69|70|71|72|73|74|75|76|77|78|79,0.0,0,0.0,0,0,0.0,70.0,0,70,0,0,0,0,0,0.0,1596012,0.0204664694674049,0.002685279387647932,0.051819681469958224,-0.4626489522247853,1.927962848840016,actual_deviations_retained,name_and_observed_behavior_only; identity_unconfirmed,85,70,15
PV3_B3_T3,PV,PV3_B3,3.0,30.0,85,70,70,65|66|67|68|69|70|71|72|73|74|75|76|77|78|79,0.0,0,0.0,0,0,0.0,70.0,0,70,0,0,0,0,0,0.0,1596012,0.006880609196627699,0.0004840554685157689,0.02200126061196878,-0.3699255460813688,1.7489333508841107,actual_deviations_retained,name_and_observed_behavior_only; identity_unconfirmed,85,70,15
PV3_B3_T4,PV,PV3_B3,4.0,60.0,85,70,70,65|66|67|68|69|70|71|72|73|74|75|76|77|78|79,0.0,0,0.0,0,0,0.0,70.0,0,70,0,0,0,0,0,0.0,1596012,0.0034537551626078354,0.00017470914264169484,0.013217758608844951,-0.3260410911619382,1.7179233857309173,actual_deviations_retained,name_and_observed_behavior_only; identity_unconfirmed,85,70,15
PV3_B3_T5,PV,PV3_B3,5.0,90.0,85,70,70,65|66|67|68|69|70|71|72|73|74|75|76|77|78|79,0.0,0,0.0,0,0,0.0,70.0,0,70,0,0,0,0,0,0.0,1596012,0.002305982799860642,9.760506723419149e-05,0.009879527682748376,-0.2698878894999764,1.666206061091024,actual_deviations_retained,name_and_observed_behavior_only; identity_unconfirmed,85,70,15
PV3_B3_T6,PV,PV3_B3,6.0,120.0,85,70,70,65|66|67|68|69|70|71|72|73|74|75|76|77|78|79,0.0,0,0.0,0,0,0.0,70.0,0,70,0,0,0,0,0,0.0,1596012,0.0017335017997549024,6.556474904856677e-05,0.008097206249600338,-0.2424769264542949,1.646877944958098,actual_deviations_retained,name_and_observed_behavior_only; identity_unconfirmed,85,70,15
PV3_B3_T7,PV,PV3_B3,7.0,300.0,85,70,70,65|66|67|68|69|70|71|72|73|74|75|76|77|78|79,0.0,0,0.0,0,0,0.0,70.0,0,70,0,0,0,0,0,0.0,1596012,0.0006987421392397758,1.7528681808638433e-05,0.004186726861002331,-0.1547512903392613,1.4270785727360986,actual_deviations_retained,name_and_observed_behavior_only; identity_unconfirmed,85,70,15
PV3_B3_T8,PV,PV3_B3,8.0,600.0,85,70,70,65|66|67|68|69|70|71|72|73|74|75|76|77|78|79,0.0,0,0.0,0,0,0.0,70.0,0,70,0,0,0,0,0,0.0,1596012,0.00035424485233084927,6.297797616092211e-06,0.0025095413158767103,-0.0888351746076247,1.0906660436648867,actual_deviations_retained,name_and_observed_behavior_only; identity_unconfirmed,85,70,15
PV3_B3_T9,PV,PV3_B3,9.0,900.0,85,70,70,65|66|67|68|69|70|71|72|73|74|75|76|77|78|79,0.0,0,0.0,0,0,0.0,70.0,0,70,0,0,0,0,0,0.0,1596012,0.0002395123851204205,3.4782894588378967e-06,0.001865017281109721,-0.0580554350930314,0.9116269972341886,actual_deviations_retained,name_and_observed_behavior_only; identity_unconfirmed,85,70,15
PV3_B4_T1,PV,PV3_B4,1.0,5.0,85,70,70,65|66|67|68|69|70|71|72|73|74|75|76|77|78|79,0.0,0,0.0,0,0,0.0,70.0,0,70,0,0,0,0,0,0.0,1596012,0.0098314069573917,0.004571011314453217,0.06760925465092199,-1.0291963483121718,1.4063173579143124,actual_deviations_retained,name_and_observed_behavior_only; identity_unconfirmed,85,70,15
PV3_B4_T10,PV,PV3_B4,10.0,1500.0,85,70,70,65|66|67|68|69|70|71|72|73|74|75|76|77|78|79,0.0,0,0.0,0,0,0.0,70.0,0,70,0,0,0,0,0,0.0,1596012,3.38609330782537e-05,6.659788887400084e-07,0.0008160752959990937,-0.0735769925271339,0.4676462024234172,actual_deviations_retained,name_and_observed_behavior_only; identity_unconfirmed,85,70,15
PV3_B4_T11,PV,PV3_B4,11.0,1800.0,85,70,70,65|66|67|68|69|70|71|72|73|74|75|76|77|78|79,0.0,0,0.0,0,0,0.0,70.0,0,70,0,0,0,0,0,0.0,1596012,2.8225293028903027e-05,5.086777209784665e-07,0.0007132164615167449,-0.0623754627066985,0.4243600881218647,actual_deviations_retained,name_and_observed_behavior_only; identity_unconfirmed,85,70,15
PV3_B4_T12,PV,PV3_B4,12.0,3600.0,85,70,70,65|66|67|68|69|70|71|72|73|74|75|76|77|78|79,0.0,0,0.0,0,0,0.0,70.0,0,70,0,0,0,0,0,0.0,1596012,1.4086857647388428e-05,1.7471190507532633e-07,0.0004179855321363723,-0.0381863488299661,0.2748508198315407,actual_deviations_retained,name_and_observed_behavior_only; identity_unconfirmed,85,70,15
PV3_B4_T2,PV,PV3_B4,2.0,10.0,85,70,70,65|66|67|68|69|70|71|72|73|74|75|76|77|78|79,0.0,0,0.0,0,0,0.0,70.0,0,70,0,0,0,0,0,0.0,1596012,0.0049464490111432195,0.0014451604050674661,0.0380152654215049,-0.917880781147958,1.2575336692014276,actual_deviations_retained,name_and_observed_behavior_only; identity_unconfirmed,85,70,15
PV3_B4_T3,PV,PV3_B4,3.0,30.0,85,70,70,65|66|67|68|69|70|71|72|73|74|75|76|77|78|79,0.0,0,0.0,0,0,0.0,70.0,0,70,0,0,0,0,0,0.0,1596012,0.0016648855637292166,0.00024390411801139265,0.015617429942579945,-0.6973857991949205,1.0657093819383927,actual_deviations_retained,name_and_observed_behavior_only; identity_unconfirmed,85,70,15
PV3_B4_T4,PV,PV3_B4,4.0,60.0,85,70,70,65|66|67|68|69|70|71|72|73|74|75|76|77|78|79,0.0,0,0.0,0,0,0.0,70.0,0,70,0,0,0,0,0,0.0,1596012,0.000833837902529367,8.423436124724679e-05,0.0091779279386606,-0.555164145499818,0.9442263083090404,actual_deviations_retained,name_and_observed_behavior_only; identity_unconfirmed,85,70,15
PV3_B4_T5,PV,PV3_B4,5.0,90.0,85,70,70,65|66|67|68|69|70|71|72|73|74|75|76|77|78|79,0.0,0,0.0,0,0,0.0,70.0,0,70,0,0,0,0,0,0.0,1596012,0.0005553213446959337,4.5815755549186205e-05,0.006768733673973752,-0.44787902958559,0.9158007924065548,actual_deviations_retained,name_and_observed_behavior_only; identity_unconfirmed,85,70,15
PV3_B4_T6,PV,PV3_B4,6.0,120.0,85,70,70,65|66|67|68|69|70|71|72|73|74|75|76|77|78|79,0.0,0,0.0,0,0,0.0,70.0,0,70,0,0,0,0,0,0.0,1596012,0.0004176569046565758,2.9982747413625167e-05,0.005475650410099714,-0.411638077157533,0.9051774340575468,actual_deviations_retained,name_and_observed_behavior_only; identity_unconfirmed,85,70,15
PV3_B4_T7,PV,PV3_B4,7.0,300.0,85,70,70,65|66|67|68|69|70|71|72|73|74|75|76|77|78|79,0.0,0,0.0,0,0,0.0,70.0,0,70,0,0,0,0,0,0.0,1596012,0.0001675581992804609,7.5583018168234345e-06,0.002749236588004647,-0.2672605609387899,0.7843685833685956,actual_deviations_retained,name_and_observed_behavior_only; identity_unconfirmed,85,70,15
PV3_B4_T8,PV,PV3_B4,8.0,600.0,85,70,70,65|66|67|68|69|70|71|72|73|74|75|76|77|78|79,0.0,0,0.0,0,0,0.0,70.0,0,70,0,0,0,0,0,0.0,1596012,8.422624078733498e-05,2.5990784018366345e-06,0.0016121657488721917,-0.1551587001042419,0.5994653664776577,actual_deviations_retained,name_and_observed_behavior_only; identity_unconfirmed,85,70,15
PV3_B4_T9,PV,PV3_B4,9.0,900.0,85,70,70,65|66|67|68|69|70|71|72|73|74|75|76|77|78|79,0.0,0,0.0,0,0,0.0,70.0,0,70,0,0,0,0,0,0.0,1596012,5.624384892153192e-05,1.4068033838731719e-06,0.0011860874267410357,-0.1184129837728454,0.5420548958260123,actual_deviations_retained,name_and_observed_behavior_only; identity_unconfirmed,85,70,15
PV3_B5_T1,PV,PV3_B5,1.0,5.0,85,70,70,65|66|67|68|69|70|71|72|73|74|75|76|77|78|79,0.0,0,0.0,0,0,0.0,70.0,0,70,0,0,0,0,0,0.0,1596012,-0.020988357788501298,0.00455035328219036,0.0674563064671522,-1.5744159908647155,0.7212066889034872,actual_deviations_retained,name_and_observed_behavior_only; identity_unconfirmed,85,70,15
PV3_B5_T10,PV,PV3_B5,10.0,1500.0,85,70,70,65|66|67|68|69|70|71|72|73|74|75|76|77|78|79,0.0,0,0.0,0,0,0.0,70.0,0,70,0,0,0,0,0,0.0,1596012,-7.996894269139545e-05,4.823540668140956e-07,0.0006945171465227446,-0.1458069609182826,0.1488058209860173,actual_deviations_retained,name_and_observed_behavior_only; identity_unconfirmed,85,70,15
PV3_B5_T11,PV,PV3_B5,11.0,1800.0,85,70,70,65|66|67|68|69|70|71|72|73|74|75|76|77|78|79,0.0,0,0.0,0,0,0.0,70.0,0,70,0,0,0,0,0,0.0,1596012,-6.824687296476329e-05,3.5801896725558434e-07,0.0005983468619919255,-0.1236089753163177,0.1350321054237875,actual_deviations_retained,name_and_observed_behavior_only; identity_unconfirmed,85,70,15
PV3_B5_T12,PV,PV3_B5,12.0,3600.0,85,70,70,65|66|67|68|69|70|71|72|73|74|75|76|77|78|79,0.0,0,0.0,0,0,0.0,70.0,0,70,0,0,0,0,0,0.0,1596012,-3.93168353983475e-05,1.2314419461730234e-07,0.0003509190713217256,-0.0756735941525397,0.0874580006889078,actual_deviations_retained,name_and_observed_behavior_only; identity_unconfirmed,85,70,15
PV3_B5_T2,PV,PV3_B5,2.0,10.0,85,70,70,65|66|67|68|69|70|71|72|73|74|75|76|77|78|79,0.0,0,0.0,0,0,0.0,70.0,0,70,0,0,0,0,0,0.0,1596012,-0.010573571445118465,0.0014534389983735985,0.038123995047392376,-1.4027565799405792,0.64490542525514,actual_deviations_retained,name_and_observed_behavior_only; identity_unconfirmed,85,70,15
PV3_B5_T3,PV,PV3_B5,3.0,30.0,85,70,70,65|66|67|68|69|70|71|72|73|74|75|76|77|78|79,0.0,0,0.0,0,0,0.0,70.0,0,70,0,0,0,0,0,0.0,1596012,-0.0035508380691692616,0.0002443640114407355,0.01563214673167878,-1.0374890058605974,0.440017591145859,actual_deviations_retained,name_and_observed_behavior_only; identity_unconfirmed,85,70,15
PV3_B5_T4,PV,PV3_B5,4.0,60.0,85,70,70,65|66|67|68|69|70|71|72|73|74|75|76|77|78|79,0.0,0,0.0,0,0,0.0,70.0,0,70,0,0,0,0,0,0.0,1596012,-0.0017860793575490957,8.362950174263806e-05,0.009144916716003381,-0.8232925912011341,0.3395209785192746,actual_deviations_retained,name_and_observed_behavior_only; identity_unconfirmed,85,70,15
PV3_B5_T5,PV,PV3_B5,5.0,90.0,85,70,70,65|66|67|68|69|70|71|72|73|74|75|76|77|78|79,0.0,0,0.0,0,0,0.0,70.0,0,70,0,0,0,0,0,0.0,1596012,-0.00119534011046877,4.508026144755437e-05,0.006714183602460866,-0.66788799953955,0.3100368627099836,actual_deviations_retained,name_and_observed_behavior_only; identity_unconfirmed,85,70,15
PV3_B5_T6,PV,PV3_B5,6.0,120.0,85,70,70,65|66|67|68|69|70|71|72|73|74|75|76|77|78|79,0.0,0,0.0,0,0,0.0,70.0,0,70,0,0,0,0,0,0.0,1596012,-0.000898187990441745,2.879266320422488e-05,0.005365879536872299,-0.5961465649173938,0.283120164609334,actual_deviations_retained,name_and_observed_behavior_only; identity_unconfirmed,85,70,15
PV3_B5_T7,PV,PV3_B5,7.0,300.0,85,70,70,65|66|67|68|69|70|71|72|73|74|75|76|77|78|79,0.0,0,0.0,0,0,0.0,70.0,0,70,0,0,0,0,0,0.0,1596012,-0.0003636257406788504,6.872925323460044e-06,0.002621626465280675,-0.3953611016520834,0.1987267415214254,actual_deviations_retained,name_and_observed_behavior_only; identity_unconfirmed,85,70,15
PV3_B5_T8,PV,PV3_B5,8.0,600.0,85,70,70,65|66|67|68|69|70|71|72|73|74|75|76|77|78|79,0.0,0,0.0,0,0,0.0,70.0,0,70,0,0,0,0,0,0.0,1596012,-0.00018579237075617663,2.2311382342053607e-06,0.0014936995126883321,-0.2639321841998199,0.1824930997288006,actual_deviations_retained,name_and_observed_behavior_only; identity_unconfirmed,85,70,15
PV3_B5_T9,PV,PV3_B5,9.0,900.0,85,70,70,65|66|67|68|69|70|71|72|73|74|75|76|77|78|79,0.0,0,0.0,0,0,0.0,70.0,0,70,0,0,0,0,0,0.0,1596012,-0.00012702468727735438,1.1400770959189652e-06,0.0010677439280646671,-0.2012030555253475,0.1724827944178357,actual_deviations_retained,name_and_observed_behavior_only; identity_unconfirmed,85,70,15
PV3_B6_T1,PV,PV3_B6,1.0,5.0,85,70,70,65|66|67|68|69|70|71|72|73|74|75|76|77|78|79,0.0,0,0.0,0,0,0.0,70.0,0,70,0,0,0,0,0,0.0,1596012,-0.05180812253439424,0.008102792830696934,0.09001551438889262,-2.141962045653685,0.3025249417048379,actual_deviations_retained,name_and_observed_behavior_only; identity_unconfirmed,85,70,15
PV3_B6_T10,PV,PV3_B6,10.0,1500.0,85,70,70,65|66|67|68|69|70|71|72|73|74|75|76|77|78|79,0.0,0,0.0,0,0,0.0,70.0,0,70,0,0,0,0,0,0.0,1596012,-0.00019379881846104543,1.1325580102201842e-06,0.001064217087919652,-0.2180369293094314,0.0130616735884474,actual_deviations_retained,name_and_observed_behavior_only; identity_unconfirmed,85,70,15
PV3_B6_T11,PV,PV3_B6,11.0,1800.0,85,70,70,65|66|67|68|69|70|71|72|73|74|75|76|77|78|79,0.0,0,0.0,0,0,0.0,70.0,0,70,0,0,0,0,0,0.0,1596012,-0.00016471903895843,8.422999801736612e-07,0.0009177690233243118,-0.1915401017873744,0.011924633392938,actual_deviations_retained,name_and_observed_behavior_only; identity_unconfirmed,85,70,15
PV3_B6_T12,PV,PV3_B6,12.0,3600.0,85,70,70,65|66|67|68|69|70|71|72|73|74|75|76|77|78|79,0.0,0,0.0,0,0,0.0,70.0,0,70,0,0,0,0,0,0.0,1596012,-9.272052844408399e-05,2.810294303961146e-07,0.0005301220900850242,-0.1131608394751133,0.0072788338175239,actual_deviations_retained,name_and_observed_behavior_only; identity_unconfirmed,85,70,15
PV3_B6_T2,PV,PV3_B6,2.0,10.0,85,70,70,65|66|67|68|69|70|71|72|73|74|75|76|77|78|79,0.0,0,0.0,0,0,0.0,70.0,0,70,0,0,0,0,0,0.0,1596012,-0.02609359190138015,0.002710115167566328,0.05205876648141337,-1.9084227872161328,0.2026947217964415,actual_deviations_retained,name_and_observed_behavior_only; identity_unconfirmed,85,70,15
PV3_B6_T3,PV,PV3_B6,3.0,30.0,85,70,70,65|66|67|68|69|70|71|72|73|74|75|76|77|78|79,0.0,0,0.0,0,0,0.0,70.0,0,70,0,0,0,0,0,0.0,1596012,-0.008766561702067719,0.0004854351488037968,0.022032592875188266,-1.3775922125262874,0.1652761353507152,actual_deviations_retained,name_and_observed_behavior_only; identity_unconfirmed,85,70,15
PV3_B6_T4,PV,PV3_B6,4.0,60.0,85,70,70,65|66|67|68|69|70|71|72|73|74|75|76|77|78|79,0.0,0,0.0,0,0,0.0,70.0,0,70,0,0,0,0,0,0.0,1596012,-0.004405996617627557,0.00017289456412786876,0.013148937756635276,-1.091421036902463,0.1076357110431574,actual_deviations_retained,name_and_observed_behavior_only; identity_unconfirmed,85,70,15
PV3_B6_T5,PV,PV3_B6,5.0,90.0,85,70,70,65|66|67|68|69|70|71|72|73|74|75|76|77|78|79,0.0,0,0.0,0,0,0.0,70.0,0,70,0,0,0,0,0,0.0,1596012,-0.002946001565633468,9.539858492929585e-05,0.009767219918139237,-0.9212424098133378,0.0827409351714115,actual_deviations_retained,name_and_observed_behavior_only; identity_unconfirmed,85,70,15
PV3_B6_T6,PV,PV3_B6,6.0,120.0,85,70,70,65|66|67|68|69|70|71|72|73|74|75|76|77|78|79,0.0,0,0.0,0,0,0.0,70.0,0,70,0,0,0,0,0,0.0,1596012,-0.002214032885540064,6.19944964203657e-05,0.007873658388599655,-0.8494793300425415,0.0676744560552628,actual_deviations_retained,name_and_observed_behavior_only; identity_unconfirmed,85,70,15
PV3_B6_T7,PV,PV3_B6,7.0,300.0,85,70,70,65|66|67|68|69|70|71|72|73|74|75|76|77|78|79,0.0,0,0.0,0,0,0.0,70.0,0,70,0,0,0,0,0,0.0,1596012,-0.0008948096806381601,1.547255232854826e-05,0.003933516534673302,-0.5858770051826921,0.0469403544666364,actual_deviations_retained,name_and_observed_behavior_only; identity_unconfirmed,85,70,15
PV3_B6_T8,PV,PV3_B6,8.0,600.0,85,70,70,65|66|67|68|69|70|71|72|73|74|75|76|77|78|79,0.0,0,0.0,0,0,0.0,70.0,0,70,0,0,0,0,0,0.0,1596012,-0.00045581098229968795,5.193977113198387e-06,0.0022790298622875453,-0.3829359878967885,0.0269013353500784,actual_deviations_retained,name_and_observed_behavior_only; identity_unconfirmed,85,70,15
PV3_B6_T9,PV,PV3_B6,9.0,900.0,85,70,70,65|66|67|68|69|70|71|72|73|74|75|76|77|78|79,0.0,0,0.0,0,0,0.0,70.0,0,70,0,0,0,0,0,0.0,1596012,-0.00031029322347624083,2.6781105949752783e-06,0.001636493383724871,-0.3008751853692947,0.0174721271696328,actual_deviations_retained,name_and_observed_behavior_only; identity_unconfirmed,85,70,15
PV3_B7_T1,PV,PV3_B7,1.0,5.0,85,70,70,65|66|67|68|69|70|71|72|73|74|75|76|77|78|79,0.0,0,0.0,0,0,0.0,70.0,0,70,0,0,0,0,0,0.0,1596012,-0.08262788728028723,0.015228329959972933,0.12340311973355023,-2.709508100442675,0.1880334839581225,actual_deviations_retained,name_and_observed_behavior_only; identity_unconfirmed,85,70,15
PV3_B7_T10,PV,PV3_B7,10.0,1500.0,85,70,70,65|66|67|68|69|70|71|72|73|74|75|76|77|78|79,0.0,0,0.0,0,0,0.0,70.0,0,70,0,0,0,0,0,0.0,1596012,-0.0003076286942306994,2.616590718958278e-06,0.0016175879323728519,-0.4934748035757407,0.0064937798408703,actual_deviations_retained,name_and_observed_behavior_only; identity_unconfirmed,85,70,15
PV3_B7_T11,PV,PV3_B7,11.0,1800.0,85,70,70,65|66|67|68|69|70|71|72|73|74|75|76|77|78|79,0.0,0,0.0,0,0,0.0,70.0,0,70,0,0,0,0,0,0.0,1596012,-0.0002611912049521004,1.9615207597327007e-06,0.0014005430231637658,-0.4436238599723783,0.0062714259831133,actual_deviations_retained,name_and_observed_behavior_only; identity_unconfirmed,85,70,15
PV3_B7_T12,PV,PV3_B7,12.0,3600.0,85,70,70,65|66|67|68|69|70|71|72|73|74|75|76|77|78|79,0.0,0,0.0,0,0,0.0,70.0,0,70,0,0,0,0,0,0.0,1596012,-0.00014612422148982157,6.483676124117638e-07,0.0008052127746203259,-0.2873276375963653,0.0047582970439677,actual_deviations_retained,name_and_observed_behavior_only; identity_unconfirmed,85,70,15
PV3_B7_T2,PV,PV3_B7,2.0,10.0,85,70,70,65|66|67|68|69|70|71|72|73|74|75|76|77|78|79,0.0,0,0.0,0,0,0.0,70.0,0,70,0,0,0,0,0,0.0,1596012,-0.041613612357641855,0.005215188912645657,0.07221626487603507,-2.414088994491705,0.1468626608914396,actual_deviations_retained,name_and_observed_behavior_only; identity_unconfirmed,85,70,15
PV3_B7_T3,PV,PV3_B7,3.0,30.0,85,70,70,65|66|67|68|69|70|71|72|73|74|75|76|77|78|79,0.0,0,0.0,0,0,0.0,70.0,0,70,0,0,0,0,0,0.0,1596012,-0.013982285334966224,0.000967117530100577,0.031098513310133927,-1.788862157561549,0.0825766119754038,actual_deviations_retained,name_and_observed_behavior_only; identity_unconfirmed,85,70,15
PV3_B7_T4,PV,PV3_B7,4.0,60.0,85,70,70,65|66|67|68|69|70|71|72|73|74|75|76|77|78|79,0.0,0,0.0,0,0,0.0,70.0,0,70,0,0,0,0,0,0.0,1596012,-0.007025913877706034,0.00035202954840293836,0.018762450490352755,-1.6860594293936453,0.0591803905462845,actual_deviations_retained,name_and_observed_behavior_only; identity_unconfirmed,85,70,15
PV3_B7_T5,PV,PV3_B7,5.0,90.0,85,70,70,65|66|67|68|69|70|71|72|73|74|75|76|77|78|79,0.0,0,0.0,0,0,0.0,70.0,0,70,0,0,0,0,0,0.0,1596012,-0.004696663020798191,0.00019677072599441083,0.014027498921561564,-1.6215484925496102,0.04082936524039,actual_deviations_retained,name_and_observed_behavior_only; identity_unconfirmed,85,70,15
PV3_B7_T6,PV,PV3_B7,6.0,120.0,85,70,70,65|66|67|68|69|70|71|72|73|74|75|76|77|78|79,0.0,0,0.0,0,0,0.0,70.0,0,70,0,0,0,0,0,0.0,1596012,-0.0035298777806384014,0.00012958824706204777,0.011383683369720355,-1.4952328642378063,0.0343320959131622,actual_deviations_retained,name_and_observed_behavior_only; identity_unconfirmed,85,70,15
PV3_B7_T7,PV,PV3_B7,7.0,300.0,85,70,70,65|66|67|68|69|70|71|72|73|74|75|76|77|78|79,0.0,0,0.0,0,0,0.0,70.0,0,70,0,0,0,0,0,0.0,1596012,-0.0014259936205974863,3.335718283208806e-05,0.005775567749761755,-1.143761384733898,0.0114560037574304,actual_deviations_retained,name_and_observed_behavior_only; identity_unconfirmed,85,70,15
PV3_B7_T8,PV,PV3_B7,8.0,600.0,85,70,70,65|66|67|68|69|70|71|72|73|74|75|76|77|78|79,0.0,0,0.0,0,0,0.0,70.0,0,70,0,0,0,0,0,0.0,1596012,-0.0007258295938432091,1.1487595038815727e-05,0.0033893354863181848,-0.8741366650840177,0.0080780841528114,actual_deviations_retained,name_and_observed_behavior_only; identity_unconfirmed,85,70,15
PV3_B7_T9,PV,PV3_B7,9.0,900.0,85,70,70,65|66|67|68|69|70|71|72|73|74|75|76|77|78|79,0.0,0,0.0,0,0,0.0,70.0,0,70,0,0,0,0,0,0.0,1596012,-0.0004935617596751345,6.020903881042125e-06,0.002453753019568621,-0.6435590503485944,0.0070530249150723,actual_deviations_retained,name_and_observed_behavior_only; identity_unconfirmed,85,70,15
V1_T1,V,V1,1.0,5.0,85,70,70,65|66|67|68|69|70|71|72|73|74|75|76|77|78|79,1.0,1,0.0,1,1,0.0,70.0,0,70,70,0,0,70,0,4.4334624638980384e-05,1595942,1.832806458508333,584.3065597448071,24.172433881279044,6.46698346262989e-06,18248.14285714286,actual_deviations_retained,name_and_observed_behavior_only; identity_unconfirmed,85,70,15
V1_T10,V,V1,10.0,1500.0,85,70,70,65|66|67|68|69|70|71|72|73|74|75|76|77|78|79,1.0,1,0.0,1,1,0.0,70.0,0,70,70,0,0,70,0,4.4334624638980384e-05,1595942,1.0675937836299947,56.1846747224747,7.495643716351165,0.0001578280171245,5160.637337741428,actual_deviations_retained,name_and_observed_behavior_only; identity_unconfirmed,85,70,15
V1_T11,V,V1,11.0,1800.0,85,70,70,65|66|67|68|69|70|71|72|73|74|75|76|77|78|79,1.0,1,0.0,1,1,0.0,70.0,0,70,70,0,0,70,0,4.4334624638980384e-05,1595942,1.067924682455966,56.63513823668916,7.525632082203405,0.0001570176828952,5380.2692391854525,actual_deviations_retained,name_and_observed_behavior_only; identity_unconfirmed,85,70,15
V1_T12,V,V1,12.0,3600.0,85,70,70,65|66|67|68|69|70|71|72|73|74|75|76|77|78|79,1.0,1,0.0,1,1,0.0,70.0,0,70,70,0,0,70,0,4.4334624638980384e-05,1595942,1.0723006692958843,52.03701559315126,7.213668663942866,0.0001504527876644,4865.919850953368,actual_deviations_retained,name_and_observed_behavior_only; identity_unconfirmed,85,70,15
V1_T2,V,V1,2.0,10.0,85,70,70,65|66|67|68|69|70|71|72|73|74|75|76|77|78|79,1.0,1,0.0,1,1,0.0,70.0,0,70,70,0,0,70,0,4.4334624638980384e-05,1595942,1.4704005671366116,177.3861771471285,13.318640213893028,9.964794381450336e-06,8519.828319420381,actual_deviations_retained,name_and_observed_behavior_only; identity_unconfirmed,85,70,15
V1_T3,V,V1,3.0,30.0,85,70,70,65|66|67|68|69|70|71|72|73|74|75|76|77|78|79,1.0,1,0.0,1,1,0.0,70.0,0,70,70,0,0,70,0,4.4334624638980384e-05,1595942,1.2583687394683454,97.93478372652002,9.896200469196247,1.6506704473133502e-05,5835.419108921572,actual_deviations_retained,name_and_observed_behavior_only; identity_unconfirmed,85,70,15
V1_T4,V,V1,4.0,60.0,85,70,70,65|66|67|68|69|70|71|72|73|74|75|76|77|78|79,1.0,1,0.0,1,1,0.0,70.0,0,70,70,0,0,70,0,4.4334624638980384e-05,1595942,1.1854920433325906,76.21013813075224,8.729841815906646,1.0937079890811486e-05,5221.77719857129,actual_deviations_retained,name_and_observed_behavior_only; identity_unconfirmed,85,70,15
V1_T5,V,V1,5.0,90.0,85,70,70,65|66|67|68|69|70|71|72|73|74|75|76|77|78|79,1.0,1,0.0,1,1,0.0,70.0,0,70,70,0,0,70,0,4.4334624638980384e-05,1595942,1.154697786496254,75.65212372169627,8.697822930003593,1.6306728844827705e-05,5771.770305997842,actual_deviations_retained,name_and_observed_behavior_only; identity_unconfirmed,85,70,15
V1_T6,V,V1,6.0,120.0,85,70,70,65|66|67|68|69|70|71|72|73|74|75|76|77|78|79,1.0,1,0.0,1,1,0.0,70.0,0,70,70,0,0,70,0,4.4334624638980384e-05,1595942,1.1358273137189052,62.75694753522291,7.9219282712747985,2.16600359881498e-05,3731.603400996844,actual_deviations_retained,name_and_observed_behavior_only; identity_unconfirmed,85,70,15
V1_T7,V,V1,7.0,300.0,85,70,70,65|66|67|68|69|70|71|72|73|74|75|76|77|78|79,1.0,1,0.0,1,1,0.0,70.0,0,70,70,0,0,70,0,4.4334624638980384e-05,1595942,1.0907328520953488,54.86714797686395,7.407236190163235,5.149328819317261e-05,3977.976364113262,actual_deviations_retained,name_and_observed_behavior_only; identity_unconfirmed,85,70,15
V1_T8,V,V1,8.0,600.0,85,70,70,65|66|67|68|69|70|71|72|73|74|75|76|77|78|79,1.0,1,0.0,1,1,0.0,70.0,0,70,70,0,0,70,0,4.4334624638980384e-05,1595942,1.0731151729669586,55.85129235146586,7.473372220856248,9.61009444320314e-05,4831.935457937191,actual_deviations_retained,name_and_observed_behavior_only; identity_unconfirmed,85,70,15
V1_T9,V,V1,9.0,900.0,85,70,70,65|66|67|68|69|70|71|72|73|74|75|76|77|78|79,1.0,1,0.0,1,1,0.0,70.0,0,70,70,0,0,70,0,4.4334624638980384e-05,1595942,1.0688529857677138,55.874131238467406,7.474900082172832,0.0001356829397246,4989.484736834014,actual_deviations_retained,name_and_observed_behavior_only; identity_unconfirmed,85,70,15
V2_T1,V,V2,1.0,5.0,85,70,70,65|66|67|68|69|70|71|72|73|74|75|76|77|78|79,4.0,4,0.0,4,4,0.0,70.0,0,70,280,0,0,280,0,0.00017733849855591143,1595732,1.2196439848907734,0.07265087065253677,0.26953825452528396,0.001234394584932,1.6094379124341005,actual_deviations_retained,name_and_observed_behavior_only; identity_unconfirmed,85,70,15
V2_T10,V,V2,10.0,1500.0,85,70,70,65|66|67|68|69|70|71|72|73|74|75|76|77|78|79,1499.0,1499,0.0,1499,1499,0.0,70.0,0,70,104930,0,0,104930,0,0.06645760233383155,1491082,6.197429896350948,0.2970197345830576,0.544995169320846,1.880270054238168,6.979860070923111,actual_deviations_retained,name_and_observed_behavior_only; identity_unconfirmed,85,70,15
V2_T11,V,V2,11.0,1800.0,85,70,70,65|66|67|68|69|70|71|72|73|74|75|76|77|78|79,1799.0,1799,0.0,1799,1799,0.0,70.0,0,70,125930,0,0,125930,0,0.07975798972552567,1470082,6.363466288312784,0.2866074469257982,0.5353573077168166,2.16085377003705,7.13555601580401,actual_deviations_retained,name_and_observed_behavior_only; identity_unconfirmed,85,70,15
V2_T12,V,V2,12.0,3600.0,85,70,70,65|66|67|68|69|70|71|72|73|74|75|76|77|78|79,3599.0,3599,0.0,3599,3599,0.0,70.0,0,70,251930,0,0,251930,0,0.1595603140756904,1344082,6.997481335581363,0.24018956864658567,0.49009138805592745,3.631792425179744,7.775313018189717,actual_deviations_retained,name_and_observed_behavior_only; identity_unconfirmed,85,70,15
V2_T2,V,V2,2.0,10.0,85,70,70,65|66|67|68|69|70|71|72|73|74|75|76|77|78|79,9.0,9,0.0,9,9,0.0,70.0,0,70,630,0,0,630,0,0.00039901162175078427,1595382,1.8098280823050532,0.09580465592453767,0.30952327202415275,0.009391283507713,2.302585092994045,actual_deviations_retained,name_and_observed_behavior_only; identity_unconfirmed,85,70,15
V2_T3,V,V2,3.0,30.0,85,70,70,65|66|67|68|69|70|71|72|73|74|75|76|77|78|79,29.0,29,0.0,29,29,0.0,70.0,0,70,2030,0,0,2030,0,0.00128570411453036,1593982,2.7652430718684826,0.1621374677123053,0.40266297037634996,0.0439027675456945,3.401197381662155,actual_deviations_retained,name_and_observed_behavior_only; identity_unconfirmed,85,70,15
V2_T4,V,V2,4.0,60.0,85,70,70,65|66|67|68|69|70|71|72|73|74|75|76|77|78|79,59.0,59,0.0,59,59,0.0,70.0,0,70,4130,0,0,4130,0,0.002615742853699773,1591882,3.3672038366550745,0.2258025528190251,0.47518686094948487,0.0955432624474358,4.0943445622221,actual_deviations_retained,name_and_observed_behavior_only; identity_unconfirmed,85,70,15
V2_T5,V,V2,5.0,90.0,85,70,70,65|66|67|68|69|70|71|72|73|74|75|76|77|78|79,89.0,89,0.0,89,89,0.0,70.0,0,70,6230,0,0,6230,0,0.003945781592869183,1589782,3.7179289660350134,0.2649920934349344,0.5147738274571994,0.133746317591274,4.499809670330265,actual_deviations_retained,name_and_observed_behavior_only; identity_unconfirmed,85,70,15
V2_T6,V,V2,6.0,120.0,85,70,70,65|66|67|68|69|70|71|72|73|74|75|76|77|78|79,119.0,119,0.0,119,119,0.0,70.0,0,70,8330,0,0,8330,0,0.005275820332038598,1587682,3.9665630327399874,0.29055228554183654,0.5390290210571566,0.1758810701202633,4.779125929156303,actual_deviations_retained,name_and_observed_behavior_only; identity_unconfirmed,85,70,15
V2_T7,V,V2,7.0,300.0,85,70,70,65|66|67|68|69|70|71|72|73|74|75|76|77|78|79,299.0,299,0.0,299,299,0.0,70.0,0,70,20930,0,0,20930,0,0.013256052767055071,1575082,4.763226499175129,0.340265678883861,0.5833229627606485,0.3121494954082908,5.519822604310722,actual_deviations_retained,name_and_observed_behavior_only; identity_unconfirmed,85,70,15
V2_T8,V,V2,8.0,600.0,85,70,70,65|66|67|68|69|70|71|72|73|74|75|76|77|78|79,599.0,599,0.0,599,599,0.0,70.0,0,70,41930,0,0,41930,0,0.02655644015874919,1554082,5.374399062355946,0.33762307157336513,0.5810534154218225,0.8633615422178187,6.14462730187281,actual_deviations_retained,name_and_observed_behavior_only; identity_unconfirmed,85,70,15
V2_T9,V,V2,9.0,900.0,85,70,70,65|66|67|68|69|70|71|72|73|74|75|76|77|78|79,899.0,899,0.0,899,899,0.0,70.0,0,70,62930,0,0,62930,0,0.03985682755044331,1533082,5.736452249880231,0.322900012048364,0.5682429164084353,1.2009794894085255,6.528204076587405,actual_deviations_retained,name_and_observed_behavior_only; identity_unconfirmed,85,70,15
V3_T1,V,V3,1.0,5.0,85,70,70,65|66|67|68|69|70|71|72|73|74|75|76|77|78|79,0.0,0,0.0,0,0,0.0,70.0,0,70,0,0,0,0,0,0.0,1596012,-0.00981864457474568,1.01347078874764,1.006712863108265,-2.000000011823045,2.000000065654598,actual_deviations_retained,name_and_observed_behavior_only; identity_unconfirmed,85,70,15
V3_T10,V,V3,10.0,1500.0,85,70,70,65|66|67|68|69|70|71|72|73|74|75|76|77|78|79,0.0,0,0.0,0,0,0.0,70.0,0,70,0,0,0,0,0,0.0,1596012,0.009541297042802916,1.1281085104936142,1.0621245268298882,-1.9387204585197089,38.71116401772246,actual_deviations_retained,name_and_observed_behavior_only; identity_unconfirmed,85,70,15
V3_T11,V,V3,11.0,1800.0,85,70,70,65|66|67|68|69|70|71|72|73|74|75|76|77|78|79,0.0,0,0.0,0,0,0.0,70.0,0,70,0,0,0,0,0,0.0,1596012,0.009198309366475815,1.139045930139975,1.0672609475381243,-1.9387204585197089,42.40805214306849,actual_deviations_retained,name_and_observed_behavior_only; identity_unconfirmed,85,70,15
V3_T12,V,V3,12.0,3600.0,85,70,70,65|66|67|68|69|70|71|72|73|74|75|76|77|78|79,0.0,0,0.0,0,0,0.0,70.0,0,70,0,0,0,0,0,0.0,1596012,0.006844076773650968,1.2025086747655154,1.096589565318545,-1.9387204585197089,59.97520945147943,actual_deviations_retained,name_and_observed_behavior_only; identity_unconfirmed,85,70,15
V3_T2,V,V3,2.0,10.0,85,70,70,65|66|67|68|69|70|71|72|73|74|75|76|77|78|79,0.0,0,0.0,0,0,0.0,70.0,0,70,0,0,0,0,0,0.0,1596012,-0.003457975399452021,1.0251332314038328,1.0124886327282063,-2.99999999999374,2.999999855491987,actual_deviations_retained,name_and_observed_behavior_only; identity_unconfirmed,85,70,15
V3_T3,V,V3,3.0,30.0,85,70,70,65|66|67|68|69|70|71|72|73|74|75|76|77|78|79,0.0,0,0.0,0,0,0.0,70.0,0,70,0,0,0,0,0,0.0,1596012,0.003784668124209974,1.0443939670519053,1.0219559516201788,-5.385164807130918,5.385158798933649,actual_deviations_retained,name_and_observed_behavior_only; identity_unconfirmed,85,70,15
V3_T4,V,V3,4.0,60.0,85,70,70,65|66|67|68|69|70|71|72|73|74|75|76|77|78|79,0.0,0,0.0,0,0,0.0,70.0,0,70,0,0,0,0,0,0.0,1596012,0.0066449473962310775,1.0581323666587747,1.028655611299902,-7.681145747867808,7.681127245031595,actual_deviations_retained,name_and_observed_behavior_only; identity_unconfirmed,85,70,15
V3_T5,V,V3,5.0,90.0,85,70,70,65|66|67|68|69|70|71|72|73|74|75|76|77|78|79,0.0,0,0.0,0,0,0.0,70.0,0,70,0,0,0,0,0,0.0,1596012,0.0074725777866277215,1.064500075065075,1.0317461291737784,-9.433981132034516,9.433956236489871,actual_deviations_retained,name_and_observed_behavior_only; identity_unconfirmed,85,70,15
V3_T6,V,V3,6.0,120.0,85,70,70,65|66|67|68|69|70|71|72|73|74|75|76|77|78|79,0.0,0,0.0,0,0,0.0,70.0,0,70,0,0,0,0,0,0.0,1596012,0.008025612672544908,1.0677705648565792,1.0333298432042788,-7.8545826773634255,10.90848385968316,actual_deviations_retained,name_and_observed_behavior_only; identity_unconfirmed,85,70,15
V3_T7,V,V3,7.0,300.0,85,70,70,65|66|67|68|69|70|71|72|73|74|75|76|77|78|79,0.0,0,0.0,0,0,0.0,70.0,0,70,0,0,0,0,0,0.0,1596012,0.00877911743603164,1.0755635467703362,1.0370937984436779,-1.9387204585197089,17.290945059269657,actual_deviations_retained,name_and_observed_behavior_only; identity_unconfirmed,85,70,15
V3_T8,V,V3,8.0,600.0,85,70,70,65|66|67|68|69|70|71|72|73|74|75|76|77|78|79,0.0,0,0.0,0,0,0.0,70.0,0,70,0,0,0,0,0,0.0,1596012,0.00919018841794216,1.0921108296895201,1.045041066030192,-1.9387204585197089,24.47286431673838,actual_deviations_retained,name_and_observed_behavior_only; identity_unconfirmed,85,70,15
V3_T9,V,V3,9.0,900.0,85,70,70,65|66|67|68|69|70|71|72|73|74|75|76|77|78|79,0.0,0,0.0,0,0,0.0,70.0,0,70,0,0,0,0,0,0.0,1596012,0.0098170993650108,1.1061316229021938,1.051727922469587,-1.9387204585197089,29.98059394546957,actual_deviations_retained,name_and_observed_behavior_only; identity_unconfirmed,85,70,15
V4_T1,V,V4,1.0,5.0,85,70,70,65|66|67|68|69|70|71|72|73|74|75|76|77|78|79,0.0,0,0.0,0,0,0.0,70.0,0,70,0,0,0,0,0,0.0,1596012,1.0031391705135182,0.864840539772185,0.929968031586132,6.4672451586664695e-06,4.999432491986395,actual_deviations_retained,name_and_observed_behavior_only; identity_unconfirmed,85,70,15
V4_T10,V,V4,10.0,1500.0,85,70,70,65|66|67|68|69|70|71|72|73|74|75|76|77|78|79,0.0,0,0.0,0,0,0.0,70.0,0,70,0,0,0,0,0,0.0,1596012,1.0456245321295037,22.998707498811424,4.795696768855535,0.0001579068042463,1162.2058088385904,actual_deviations_retained,name_and_observed_behavior_only; identity_unconfirmed,85,70,15
V4_T11,V,V4,11.0,1800.0,85,70,70,65|66|67|68|69|70|71|72|73|74|75|76|77|78|79,0.0,0,0.0,0,0,0.0,70.0,0,70,0,0,0,0,0,0.0,1596012,1.0485814945577385,24.629567523518666,4.962818506002276,0.0001570526453554,1348.951236130711,actual_deviations_retained,name_and_observed_behavior_only; identity_unconfirmed,85,70,15
V4_T12,V,V4,12.0,3600.0,85,70,70,65|66|67|68|69|70|71|72|73|74|75|76|77|78|79,0.0,0,0.0,0,0,0.0,70.0,0,70,0,0,0,0,0,0.0,1596012,1.0608796554848037,30.768531971705766,5.546938973136965,0.0001506108525159,2069.444585844032,actual_deviations_retained,name_and_observed_behavior_only; identity_unconfirmed,85,70,15
V4_T2,V,V4,2.0,10.0,85,70,70,65|66|67|68|69|70|71|72|73|74|75|76|77|78|79,0.0,0,0.0,0,0,0.0,70.0,0,70,0,0,0,0,0,0.0,1596012,1.0101560649130954,1.3329432262380843,1.1545316046943386,9.978068206083027e-06,9.990337006145198,actual_deviations_retained,name_and_observed_behavior_only; identity_unconfirmed,85,70,15
V4_T3,V,V4,3.0,30.0,85,70,70,65|66|67|68|69|70|71|72|73|74|75|76|77|78|79,0.0,0,0.0,0,0,0.0,70.0,0,70,0,0,0,0,0,0.0,1596012,1.0179996594247915,2.474119524493502,1.5729334138778737,1.6507207046596545e-05,29.84937464763861,actual_deviations_retained,name_and_observed_behavior_only; identity_unconfirmed,85,70,15
V4_T4,V,V4,4.0,60.0,85,70,70,65|66|67|68|69|70|71|72|73|74|75|76|77|78|79,0.0,0,0.0,0,0,0.0,70.0,0,70,0,0,0,0,0,0.0,1596012,1.0215073031211803,3.794866037930394,1.948041590400573,1.0942535275998096e-05,59.33639198242694,actual_deviations_retained,name_and_observed_behavior_only; identity_unconfirmed,85,70,15
V4_T5,V,V4,5.0,90.0,85,70,70,65|66|67|68|69|70|71|72|73|74|75|76|77|78|79,0.0,0,0.0,0,0,0.0,70.0,0,70,0,0,0,0,0,0.0,1596012,1.0232284846323672,4.933566686015983,2.2211633631986603,1.6306971121441274e-05,88.62626349788206,actual_deviations_retained,name_and_observed_behavior_only; identity_unconfirmed,85,70,15
V4_T6,V,V4,6.0,120.0,85,70,70,65|66|67|68|69|70|71|72|73|74|75|76|77|78|79,0.0,0,0.0,0,0,0.0,70.0,0,70,0,0,0,0,0,0.0,1596012,1.0240764005442609,5.9544540680876725,2.4401750076762267,2.1660165007137022e-05,116.31702676796918,actual_deviations_retained,name_and_observed_behavior_only; identity_unconfirmed,85,70,15
V4_T7,V,V4,7.0,300.0,85,70,70,65|66|67|68|69|70|71|72|73|74|75|76|77|78|79,0.0,0,0.0,0,0,0.0,70.0,0,70,0,0,0,0,0,0.0,1596012,1.0267086848943858,10.563363608908217,3.25013286019329,5.1507327604116056e-05,279.08301024170646,actual_deviations_retained,name_and_observed_behavior_only; identity_unconfirmed,85,70,15
V4_T8,V,V4,8.0,600.0,85,70,70,65|66|67|68|69|70|71|72|73|74|75|76|77|78|79,0.0,0,0.0,0,0,0.0,70.0,0,70,0,0,0,0,0,0.0,1596012,1.0320364122038481,15.360487860029627,3.919245827966093,9.635283637859148e-05,533.7276500937855,actual_deviations_retained,name_and_observed_behavior_only; identity_unconfirmed,85,70,15
V4_T9,V,V4,9.0,900.0,85,70,70,65|66|67|68|69|70|71|72|73|74|75|76|77|78|79,0.0,0,0.0,0,0,0.0,70.0,0,70,0,0,0,0,0,0.0,1596012,1.037670455483134,18.581273593449218,4.310600143071637,0.0001357055876323,762.6246469094709,actual_deviations_retained,name_and_observed_behavior_only; identity_unconfirmed,85,70,15
V5,V,V5,,,85,70,70,65|66|67|68|69|70|71|72|73|74|75|76|77|78|79,0.0,0,0.0,0,0,,,0,70,0,0,0,0,0,0.0,1596012,0.18806489193147452,1.1668702986539417,1.0802177089151712,8.100445524503848e-05,563.0955852571891,unavailable,name_and_observed_behavior_only; identity_unconfirmed,85,70,15
V8_T1_T10,V,V8_T1,10.0,1500.0,85,70,70,65|66|67|68|69|70|71|72|73|74|75|76|77|78|79,0.0,0,0.0,0,0,0.0,70.0,0,70,0,0,0,0,0,0.0,1596012,0.004579037362373122,0.0004486639011105226,0.02118168787208712,2.29644392787214e-06,0.9999999999999938,actual_deviations_retained,name_and_observed_behavior_only; identity_unconfirmed,85,70,15
V8_T1_T11,V,V8_T1,11.0,1800.0,85,70,70,65|66|67|68|69|70|71|72|73|74|75|76|77|78|79,0.0,0,0.0,0,0,0.0,70.0,0,70,0,0,0,0,0,0.0,1596012,0.004041023111730764,0.0004357172983643423,0.020873842443698342,1.8372757059559648e-06,0.9999999999999938,actual_deviations_retained,name_and_observed_behavior_only; identity_unconfirmed,85,70,15
V8_T1_T12,V,V8_T1,12.0,3600.0,85,70,70,65|66|67|68|69|70|71|72|73|74|75|76|77|78|79,0.0,0,0.0,0,0,0.0,70.0,0,70,0,0,0,0,0,0.0,1596012,0.0027336402499128307,0.000410828921551823,0.020268915154783764,1.1650827609257454e-06,0.9999999999999938,actual_deviations_retained,name_and_observed_behavior_only; identity_unconfirmed,85,70,15
V8_T1_T2,V,V8_T1,2.0,10.0,85,70,70,65|66|67|68|69|70|71|72|73|74|75|76|77|78|79,0.0,0,0.0,0,0,0.0,70.0,0,70,0,0,0,0,0,0.0,1596012,0.49927316343218275,0.038586821639064975,0.19643528613531983,0.0001803891750977,0.9999999999999938,actual_deviations_retained,name_and_observed_behavior_only; identity_unconfirmed,85,70,15
V8_T1_T3,V,V8_T1,3.0,30.0,85,70,70,65|66|67|68|69|70|71|72|73|74|75|76|77|78|79,0.0,0,0.0,0,0,0.0,70.0,0,70,0,0,0,0,0,0.0,1596012,0.1683683326346028,0.013570137734070302,0.1164909341282415,7.935563226599983e-05,0.9999999999999938,actual_deviations_retained,name_and_observed_behavior_only; identity_unconfirmed,85,70,15
V8_T1_T4,V,V8_T1,4.0,60.0,85,70,70,65|66|67|68|69|70|71|72|73|74|75|76|77|78|79,0.0,0,0.0,0,0,0.0,70.0,0,70,0,0,0,0,0,0.0,1596012,0.08500198140595017,0.005908816658521873,0.07686882761251061,7.632009921612874e-05,0.9999999999999938,actual_deviations_retained,name_and_observed_behavior_only; identity_unconfirmed,85,70,15
V8_T1_T5,V,V8_T1,5.0,90.0,85,70,70,65|66|67|68|69|70|71|72|73|74|75|76|77|78|79,0.0,0,0.0,0,0,0.0,70.0,0,70,0,0,0,0,0,0.0,1596012,0.057074491844609,0.003638931550750537,0.06032355717918612,4.626019376412558e-05,0.9999999999999938,actual_deviations_retained,name_and_observed_behavior_only; identity_unconfirmed,85,70,15
V8_T1_T6,V,V8_T1,6.0,120.0,85,70,70,65|66|67|68|69|70|71|72|73|74|75|76|77|78|79,0.0,0,0.0,0,0,0.0,70.0,0,70,0,0,0,0,0,0.0,1596012,0.043079482778729056,0.0026063368831979665,0.051052295572265566,3.15519976921966e-05,0.9999999999999938,actual_deviations_retained,name_and_observed_behavior_only; identity_unconfirmed,85,70,15
V8_T1_T7,V,V8_T1,7.0,300.0,85,70,70,65|66|67|68|69|70|71|72|73|74|75|76|77|78|79,0.0,0,0.0,0,0,0.0,70.0,0,70,0,0,0,0,0,0.0,1596012,0.017857151800279136,0.0010117097930331957,0.03180738582520097,1.6951615246767043e-05,0.9999999999999938,actual_deviations_retained,name_and_observed_behavior_only; identity_unconfirmed,85,70,15
V8_T1_T8,V,V8_T1,8.0,600.0,85,70,70,65|66|67|68|69|70|71|72|73|74|75|76|77|78|79,0.0,0,0.0,0,0,0.0,70.0,0,70,0,0,0,0,0,0.0,1596012,0.009511539662640742,0.0006152566362541337,0.024804367281874653,4.976074412216757e-06,0.9999999999999938,actual_deviations_retained,name_and_observed_behavior_only; identity_unconfirmed,85,70,15
V8_T1_T9,V,V8_T1,9.0,900.0,85,70,70,65|66|67|68|69|70|71|72|73|74|75|76|77|78|79,0.0,0,0.0,0,0,0.0,70.0,0,70,0,0,0,0,0,0.0,1596012,0.006758763898373116,0.0005130285590287675,0.022650133752999506,3.928696129595898e-06,0.9999999999999938,actual_deviations_retained,name_and_observed_behavior_only; identity_unconfirmed,85,70,15
V8_T10_T11,V,V8_T10,11.0,1800.0,85,70,70,65|66|67|68|69|70|71|72|73|74|75|76|77|78|79,0.0,0,0.0,0,0,0.0,70.0,0,70,0,0,0,0,0,0.0,1596012,0.844199382258866,0.005521251474748333,0.07430512414866375,0.2352517575937672,1.0,actual_deviations_retained,name_and_observed_behavior_only; identity_unconfirmed,85,70,15
V8_T10_T12,V,V8_T10,12.0,3600.0,85,70,70,65|66|67|68|69|70|71|72|73|74|75|76|77|78|79,0.0,0,0.0,0,0,0.0,70.0,0,70,0,0,0,0,0,0.0,1596012,0.4707809299017453,0.031264070077989564,0.176816487008394,0.1697052000726857,1.0,actual_deviations_retained,name_and_observed_behavior_only; identity_unconfirmed,85,70,15
V8_T11_T12,V,V8_T11,12.0,3600.0,85,70,70,65|66|67|68|69|70|71|72|73|74|75|76|77|78|79,0.0,0,0.0,0,0,0.0,70.0,0,70,0,0,0,0,0,0.0,1596012,0.5504999534884967,0.0275179780470217,0.1658854365127382,0.2184853138261761,1.0,actual_deviations_retained,name_and_observed_behavior_only; identity_unconfirmed,85,70,15
V8_T2_T10,V,V8_T2,10.0,1500.0,85,70,70,65|66|67|68|69|70|71|72|73|74|75|76|77|78|79,0.0,0,0.0,0,0,0.0,70.0,0,70,0,0,0,0,0,0.0,1596012,0.008904373097010664,0.0008940554233228963,0.029900759577691272,7.561118138150266e-05,0.9999999999999952,actual_deviations_retained,name_and_observed_behavior_only; identity_unconfirmed,85,70,15
V8_T2_T11,V,V8_T2,11.0,1800.0,85,70,70,65|66|67|68|69|70|71|72|73|74|75|76|77|78|79,0.0,0,0.0,0,0,0.0,70.0,0,70,0,0,0,0,0,0.0,1596012,0.007829881304538834,0.0008682551203363226,0.029466169081445292,5.3602843443858016e-05,0.9999999999999952,actual_deviations_retained,name_and_observed_behavior_only; identity_unconfirmed,85,70,15
V8_T2_T12,V,V8_T2,12.0,3600.0,85,70,70,65|66|67|68|69|70|71|72|73|74|75|76|77|78|79,0.0,0,0.0,0,0,0.0,70.0,0,70,0,0,0,0,0,0.0,1596012,0.005218910894953901,0.0008198175898996913,0.028632456930897342,3.29746836865996e-05,0.9999999999999952,actual_deviations_retained,name_and_observed_behavior_only; identity_unconfirmed,85,70,15
V8_T2_T3,V,V8_T2,3.0,30.0,85,70,70,65|66|67|68|69|70|71|72|73|74|75|76|77|78|79,0.0,0,0.0,0,0,0.0,70.0,0,70,0,0,0,0,0,0.0,1596012,0.33462260885221445,0.02251137204791783,0.15003790203784453,0.00094216002931,0.9999999999999952,actual_deviations_retained,name_and_observed_behavior_only; identity_unconfirmed,85,70,15
V8_T2_T4,V,V8_T2,4.0,60.0,85,70,70,65|66|67|68|69|70|71|72|73|74|75|76|77|78|79,0.0,0,0.0,0,0,0.0,70.0,0,70,0,0,0,0,0,0.0,1596012,0.1689657988009327,0.011390018185181695,0.1067240281529033,0.000422030272542,0.9999999999999952,actual_deviations_retained,name_and_observed_behavior_only; identity_unconfirmed,85,70,15
V8_T2_T5,V,V8_T2,5.0,90.0,85,70,70,65|66|67|68|69|70|71|72|73|74|75|76|77|78|79,0.0,0,0.0,0,0,0.0,70.0,0,70,0,0,0,0,0,0.0,1596012,0.11343569747634535,0.007262847022585608,0.08522233875331989,0.0004198349666912,0.9999999999999952,actual_deviations_retained,name_and_observed_behavior_only; identity_unconfirmed,85,70,15
V8_T2_T6,V,V8_T2,6.0,120.0,85,70,70,65|66|67|68|69|70|71|72|73|74|75|76|77|78|79,0.0,0,0.0,0,0,0.0,70.0,0,70,0,0,0,0,0,0.0,1596012,0.08561898893263312,0.005275356548977408,0.07263164977458111,0.0003936452089305,0.9999999999999952,actual_deviations_retained,name_and_observed_behavior_only; identity_unconfirmed,85,70,15
V8_T2_T7,V,V8_T2,7.0,300.0,85,70,70,65|66|67|68|69|70|71|72|73|74|75|76|77|78|79,0.0,0,0.0,0,0,0.0,70.0,0,70,0,0,0,0,0,0.0,1596012,0.03539453209091819,0.00204916867769891,0.045267744340743446,0.000183894240379,0.9999999999999952,actual_deviations_retained,name_and_observed_behavior_only; identity_unconfirmed,85,70,15
V8_T2_T8,V,V8_T2,8.0,600.0,85,70,70,65|66|67|68|69|70|71|72|73|74|75|76|77|78|79,0.0,0,0.0,0,0,0.0,70.0,0,70,0,0,0,0,0,0.0,1596012,0.018751140509844107,0.001233133272056326,0.03511599738091353,0.0001495221698657,0.9999999999999952,actual_deviations_retained,name_and_observed_behavior_only; identity_unconfirmed,85,70,15
V8_T2_T9,V,V8_T2,9.0,900.0,85,70,70,65|66|67|68|69|70|71|72|73|74|75|76|77|78|79,0.0,0,0.0,0,0,0.0,70.0,0,70,0,0,0,0,0,0.0,1596012,0.013256558373856473,0.0010241051822337287,0.03200164343020103,0.0001200284638928,0.9999999999999952,actual_deviations_retained,name_and_observed_behavior_only; identity_unconfirmed,85,70,15
V8_T3_T10,V,V8_T3,10.0,1500.0,85,70,70,65|66|67|68|69|70|71|72|73|74|75|76|77|78|79,0.0,0,0.0,0,0,0.0,70.0,0,70,0,0,0,0,0,0.0,1596012,0.025419757341704503,0.0025867440923506638,0.05086004416386859,0.0008725103319016,0.9999999999999972,actual_deviations_retained,name_and_observed_behavior_only; identity_unconfirmed,85,70,15
V8_T3_T11,V,V8_T3,11.0,1800.0,85,70,70,65|66|67|68|69|70|71|72|73|74|75|76|77|78|79,0.0,0,0.0,0,0,0.0,70.0,0,70,0,0,0,0,0,0.0,1596012,0.022211667508905873,0.0025137750514021345,0.05013756128295566,0.0008380594206674,0.9999999999999972,actual_deviations_retained,name_and_observed_behavior_only; identity_unconfirmed,85,70,15
V8_T3_T12,V,V8_T3,12.0,3600.0,85,70,70,65|66|67|68|69|70|71|72|73|74|75|76|77|78|79,0.0,0,0.0,0,0,0.0,70.0,0,70,0,0,0,0,0,0.0,1596012,0.014411459089043548,0.002387188939847774,0.04885886756616217,0.0005215925763429,0.9999999999999972,actual_deviations_retained,name_and_observed_behavior_only; identity_unconfirmed,85,70,15
V8_T3_T4,V,V8_T3,4.0,60.0,85,70,70,65|66|67|68|69|70|71|72|73|74|75|76|77|78|79,0.0,0,0.0,0,0,0.0,70.0,0,70,0,0,0,0,0,0.0,1596012,0.5009938226547477,0.021509736707735205,0.14666198112576825,0.0024510744138008,0.9999999999999972,actual_deviations_retained,name_and_observed_behavior_only; identity_unconfirmed,85,70,15
V8_T3_T5,V,V8_T3,5.0,90.0,85,70,70,65|66|67|68|69|70|71|72|73|74|75|76|77|78|79,0.0,0,0.0,0,0,0.0,70.0,0,70,0,0,0,0,0,0.0,1596012,0.33603202740445814,0.017655154553220025,0.13287270055666073,0.0024382049156958,0.9999999999999972,actual_deviations_retained,name_and_observed_behavior_only; identity_unconfirmed,85,70,15
V8_T3_T6,V,V8_T3,6.0,120.0,85,70,70,65|66|67|68|69|70|71|72|73|74|75|76|77|78|79,0.0,0,0.0,0,0,0.0,70.0,0,70,0,0,0,0,0,0.0,1596012,0.25352183451059485,0.014120694467219422,0.1188305283469674,0.0020744650044884,0.9999999999999972,actual_deviations_retained,name_and_observed_behavior_only; identity_unconfirmed,85,70,15
V8_T3_T7,V,V8_T3,7.0,300.0,85,70,70,65|66|67|68|69|70|71|72|73|74|75|76|77|78|79,0.0,0,0.0,0,0,0.0,70.0,0,70,0,0,0,0,0,0.0,1596012,0.10437062916672508,0.006016619577313958,0.07756687164836518,0.0010728623547172,0.9999999999999972,actual_deviations_retained,name_and_observed_behavior_only; identity_unconfirmed,85,70,15
V8_T3_T8,V,V8_T3,8.0,600.0,85,70,70,65|66|67|68|69|70|71|72|73|74|75|76|77|78|79,0.0,0,0.0,0,0,0.0,70.0,0,70,0,0,0,0,0,0.0,1596012,0.05480902269302919,0.003596602151236922,0.05997167790913409,0.0010005649154288,0.9999999999999972,actual_deviations_retained,name_and_observed_behavior_only; identity_unconfirmed,85,70,15
V8_T3_T9,V,V8_T3,9.0,900.0,85,70,70,65|66|67|68|69|70|71|72|73|74|75|76|77|78|79,0.0,0,0.0,0,0,0.0,70.0,0,70,0,0,0,0,0,0.0,1596012,0.038416388526314287,0.0029697169109206647,0.05449510905503965,0.0009588898660372,0.9999999999999972,actual_deviations_retained,name_and_observed_behavior_only; identity_unconfirmed,85,70,15
V8_T4_T10,V,V8_T4,10.0,1500.0,85,70,70,65|66|67|68|69|70|71|72|73|74|75|76|77|78|79,0.0,0,0.0,0,0,0.0,70.0,0,70,0,0,0,0,0,0.0,1596012,0.04910097188933942,0.004938654082188714,0.07027555821328432,0.0021743212472348,0.999999999999998,actual_deviations_retained,name_and_observed_behavior_only; identity_unconfirmed,85,70,15
V8_T4_T11,V,V8_T4,11.0,1800.0,85,70,70,65|66|67|68|69|70|71|72|73|74|75|76|77|78|79,0.0,0,0.0,0,0,0.0,70.0,0,70,0,0,0,0,0,0.0,1596012,0.042715596916299094,0.0048121691501218184,0.06936979998617424,0.0020884685695709,0.999999999999998,actual_deviations_retained,name_and_observed_behavior_only; identity_unconfirmed,85,70,15
V8_T4_T12,V,V8_T4,12.0,3600.0,85,70,70,65|66|67|68|69|70|71|72|73|74|75|76|77|78|79,0.0,0,0.0,0,0,0.0,70.0,0,70,0,0,0,0,0,0.0,1596012,0.027184140829375543,0.004621320334075034,0.06798029371865816,0.0016418164198271,0.999999999999998,actual_deviations_retained,name_and_observed_behavior_only; identity_unconfirmed,85,70,15
V8_T4_T5,V,V8_T4,5.0,90.0,85,70,70,65|66|67|68|69|70|71|72|73|74|75|76|77|78|79,0.0,0,0.0,0,0,0.0,70.0,0,70,0,0,0,0,0,0.0,1596012,0.6670997782981707,0.01700142015847048,0.13038949404944586,0.0097645587866701,0.999999999999998,actual_deviations_retained,name_and_observed_behavior_only; identity_unconfirmed,85,70,15
V8_T4_T6,V,V8_T4,6.0,120.0,85,70,70,65|66|67|68|69|70|71|72|73|74|75|76|77|78|79,0.0,0,0.0,0,0,0.0,70.0,0,70,0,0,0,0,0,0.0,1596012,0.5023543080302423,0.018883217958614924,0.1374162215992527,0.0091030680798077,0.999999999999998,actual_deviations_retained,name_and_observed_behavior_only; identity_unconfirmed,85,70,15
V8_T4_T7,V,V8_T4,7.0,300.0,85,70,70,65|66|67|68|69|70|71|72|73|74|75|76|77|78|79,0.0,0,0.0,0,0,0.0,70.0,0,70,0,0,0,0,0,0.0,1596012,0.2060724009489936,0.010916144827263686,0.1044803561788707,0.0026736043436138,0.999999999999998,actual_deviations_retained,name_and_observed_behavior_only; identity_unconfirmed,85,70,15
V8_T4_T8,V,V8_T4,8.0,600.0,85,70,70,65|66|67|68|69|70|71|72|73|74|75|76|77|78|79,0.0,0,0.0,0,0,0.0,70.0,0,70,0,0,0,0,0,0.0,1596012,0.10758708583665653,0.006781595382710428,0.08235044251678571,0.0024934370119296,0.999999999999998,actual_deviations_retained,name_and_observed_behavior_only; identity_unconfirmed,85,70,15
V8_T4_T9,V,V8_T4,9.0,900.0,85,70,70,65|66|67|68|69|70|71|72|73|74|75|76|77|78|79,0.0,0,0.0,0,0,0.0,70.0,0,70,0,0,0,0,0,0.0,1596012,0.07497152745119531,0.00563334702964171,0.07505562623575737,0.0023895815708437,0.999999999999998,actual_deviations_retained,name_and_observed_behavior_only; identity_unconfirmed,85,70,15
V8_T5_T10,V,V8_T5,10.0,1500.0,85,70,70,65|66|67|68|69|70|71|72|73|74|75|76|77|78|79,0.0,0,0.0,0,0,0.0,70.0,0,70,0,0,0,0,0,0.0,1596012,0.07203637213659855,0.0070475002908933345,0.08394939124790206,0.0041560143512415,0.9999999999999986,actual_deviations_retained,name_and_observed_behavior_only; identity_unconfirmed,85,70,15
V8_T5_T11,V,V8_T5,11.0,1800.0,85,70,70,65|66|67|68|69|70|71|72|73|74|75|76|77|78|79,0.0,0,0.0,0,0,0.0,70.0,0,70,0,0,0,0,0,0.0,1596012,0.06249146718346532,0.006889357730114874,0.08300215497271667,0.0039923464489626,0.9999999999999986,actual_deviations_retained,name_and_observed_behavior_only; identity_unconfirmed,85,70,15
V8_T5_T12,V,V8_T5,12.0,3600.0,85,70,70,65|66|67|68|69|70|71|72|73|74|75|76|77|78|79,0.0,0,0.0,0,0,0.0,70.0,0,70,0,0,0,0,0,0.0,1596012,0.03927742920925295,0.006695124352026433,0.08182373953826869,0.0028560484164083,0.9999999999999986,actual_deviations_retained,name_and_observed_behavior_only; identity_unconfirmed,85,70,15
V8_T5_T6,V,V8_T5,6.0,120.0,85,70,70,65|66|67|68|69|70|71|72|73|74|75|76|77|78|79,0.0,0,0.0,0,0,0.0,70.0,0,70,0,0,0,0,0,0.0,1596012,0.750206270094127,0.013102161217276396,0.11446467235473308,0.0118187675556713,0.9999999999999986,actual_deviations_retained,name_and_observed_behavior_only; identity_unconfirmed,85,70,15
V8_T5_T7,V,V8_T5,7.0,300.0,85,70,70,65|66|67|68|69|70|71|72|73|74|75|76|77|78|79,0.0,0,0.0,0,0,0.0,70.0,0,70,0,0,0,0,0,0.0,1596012,0.30657308219648516,0.014279855563347146,0.11949834962603938,0.0051117425423321,0.9999999999999986,actual_deviations_retained,name_and_observed_behavior_only; identity_unconfirmed,85,70,15
V8_T5_T8,V,V8_T5,8.0,600.0,85,70,70,65|66|67|68|69|70|71|72|73|74|75|76|77|78|79,0.0,0,0.0,0,0,0.0,70.0,0,70,0,0,0,0,0,0.0,1596012,0.15943786509687816,0.009461794402557159,0.09727175542035395,0.0047644800325712,0.9999999999999986,actual_deviations_retained,name_and_observed_behavior_only; identity_unconfirmed,85,70,15
V8_T5_T9,V,V8_T5,9.0,900.0,85,70,70,65|66|67|68|69|70|71|72|73|74|75|76|77|78|79,0.0,0,0.0,0,0,0.0,70.0,0,70,0,0,0,0,0,0.0,1596012,0.11069538332201047,0.007956935242082828,0.0892016549290585,0.0045690864534086,0.9999999999999986,actual_deviations_retained,name_and_observed_behavior_only; identity_unconfirmed,85,70,15
V8_T6_T10,V,V8_T6,10.0,1500.0,85,70,70,65|66|67|68|69|70|71|72|73|74|75|76|77|78|79,0.0,0,0.0,0,0,0.0,70.0,0,70,0,0,0,0,0,0.0,1596012,0.09448523724341262,0.008947566412400174,0.0945915768575626,0.0061482099669683,0.9999999999999996,actual_deviations_retained,name_and_observed_behavior_only; identity_unconfirmed,85,70,15
V8_T6_T11,V,V8_T6,11.0,1800.0,85,70,70,65|66|67|68|69|70|71|72|73|74|75|76|77|78|79,0.0,0,0.0,0,0,0.0,70.0,0,70,0,0,0,0,0,0.0,1596012,0.08179608430210542,0.008780085985706896,0.09370211302690509,0.0059093549031956,0.9999999999999996,actual_deviations_retained,name_and_observed_behavior_only; identity_unconfirmed,85,70,15
V8_T6_T12,V,V8_T6,12.0,3600.0,85,70,70,65|66|67|68|69|70|71|72|73|74|75|76|77|78|79,0.0,0,0.0,0,0,0.0,70.0,0,70,0,0,0,0,0,0.0,1596012,0.05093304738635363,0.008638657008902689,0.09294437588634769,0.0046491185414062,0.9999999999999996,actual_deviations_retained,name_and_observed_behavior_only; identity_unconfirmed,85,70,15
V8_T6_T7,V,V8_T6,7.0,300.0,85,70,70,65|66|67|68|69|70|71|72|73|74|75|76|77|78|79,0.0,0,0.0,0,0,0.0,70.0,0,70,0,0,0,0,0,0.0,1596012,0.40633025248004945,0.01603215568377705,0.126618149108953,0.0081038204514382,0.9999999999999996,actual_deviations_retained,name_and_observed_behavior_only; identity_unconfirmed,85,70,15
V8_T6_T8,V,V8_T6,8.0,600.0,85,70,70,65|66|67|68|69|70|71|72|73|74|75|76|77|78|79,0.0,0,0.0,0,0,0.0,70.0,0,70,0,0,0,0,0,0.0,1596012,0.21067606248260531,0.01164547003496086,0.10791417902648781,0.0070543990906341,0.9999999999999996,actual_deviations_retained,name_and_observed_behavior_only; identity_unconfirmed,85,70,15
V8_T6_T9,V,V8_T6,9.0,900.0,85,70,70,65|66|67|68|69|70|71|72|73|74|75|76|77|78|79,0.0,0,0.0,0,0,0.0,70.0,0,70,0,0,0,0,0,0.0,1596012,0.14587977335139768,0.009973432400594515,0.0998670736559078,0.0067526669685951,0.9999999999999996,actual_deviations_retained,name_and_observed_behavior_only; identity_unconfirmed,85,70,15
V8_T7_T10,V,V8_T7,10.0,1500.0,85,70,70,65|66|67|68|69|70|71|72|73|74|75|76|77|78|79,0.0,0,0.0,0,0,0.0,70.0,0,70,0,0,0,0,0,0.0,1596012,0.22319940127475743,0.016735795317153322,0.12936690193845302,0.0253188044431427,0.9999999999999996,actual_deviations_retained,name_and_observed_behavior_only; identity_unconfirmed,85,70,15
V8_T7_T11,V,V8_T7,11.0,1800.0,85,70,70,65|66|67|68|69|70|71|72|73|74|75|76|77|78|79,0.0,0,0.0,0,0,0.0,70.0,0,70,0,0,0,0,0,0.0,1596012,0.19185541137769754,0.016908365452656914,0.13003217083728516,0.0243332830783764,0.9999999999999996,actual_deviations_retained,name_and_observed_behavior_only; identity_unconfirmed,85,70,15
V8_T7_T12,V,V8_T7,12.0,3600.0,85,70,70,65|66|67|68|69|70|71|72|73|74|75|76|77|78|79,0.0,0,0.0,0,0,0.0,70.0,0,70,0,0,0,0,0,0.0,1596012,0.11561462681780701,0.018034449637685707,0.1342924034995491,0.0191362285552883,0.9999999999999996,actual_deviations_retained,name_and_observed_behavior_only; identity_unconfirmed,85,70,15
V8_T7_T8,V,V8_T7,8.0,600.0,85,70,70,65|66|67|68|69|70|71|72|73|74|75|76|77|78|79,0.0,0,0.0,0,0,0.0,70.0,0,70,0,0,0,0,0,0.0,1596012,0.5106882017008271,0.015563651518776042,0.12475436472835746,0.0290431825326512,0.9999999999999996,actual_deviations_retained,name_and_observed_behavior_only; identity_unconfirmed,85,70,15
V8_T7_T9,V,V8_T7,9.0,900.0,85,70,70,65|66|67|68|69|70|71|72|73|74|75|76|77|78|79,0.0,0,0.0,0,0,0.0,70.0,0,70,0,0,0,0,0,0.0,1596012,0.35023335333572253,0.016517220583146943,0.12851933933516366,0.0278078587447638,0.9999999999999996,actual_deviations_retained,name_and_observed_behavior_only; identity_unconfirmed,85,70,15
V8_T8_T10,V,V8_T8,10.0,1500.0,85,70,70,65|66|67|68|69|70|71|72|73|74|75|76|77|78|79,0.0,0,0.0,0,0,0.0,70.0,0,70,0,0,0,0,0,0.0,1596012,0.42564916792785157,0.019794252302917394,0.14069204776005428,0.0861020199082644,1.0,actual_deviations_retained,name_and_observed_behavior_only; identity_unconfirmed,85,70,15
V8_T8_T11,V,V8_T8,11.0,1800.0,85,70,70,65|66|67|68|69|70|71|72|73|74|75|76|77|78|79,0.0,0,0.0,0,0,0.0,70.0,0,70,0,0,0,0,0,0.0,1596012,0.36363111163141304,0.0216939729931696,0.14728874021176772,0.0811034577065423,1.0,actual_deviations_retained,name_and_observed_behavior_only; identity_unconfirmed,85,70,15
V8_T8_T12,V,V8_T8,12.0,3600.0,85,70,70,65|66|67|68|69|70|71|72|73|74|75|76|77|78|79,0.0,0,0.0,0,0,0.0,70.0,0,70,0,0,0,0,0,0.0,1596012,0.21293001265770775,0.027749759427782846,0.16658259041023118,0.0473946590873889,1.0,actual_deviations_retained,name_and_observed_behavior_only; identity_unconfirmed,85,70,15
V8_T8_T9,V,V8_T8,9.0,900.0,85,70,70,65|66|67|68|69|70|71|72|73|74|75|76|77|78|79,0.0,0,0.0,0,0,0.0,70.0,0,70,0,0,0,0,0,0.0,1596012,0.6778983095260788,0.0120124873635975,0.10960149343689392,0.1119525594173662,1.0,actual_deviations_retained,name_and_observed_behavior_only; identity_unconfirmed,85,70,15
V8_T9_T10,V,V8_T9,10.0,1500.0,85,70,70,65|66|67|68|69|70|71|72|73|74|75|76|77|78|79,0.0,0,0.0,0,0,0.0,70.0,0,70,0,0,0,0,0,0.0,1596012,0.6202875693954053,0.01509854673118682,0.12287614386522235,0.1422440949350617,1.0,actual_deviations_retained,name_and_observed_behavior_only; identity_unconfirmed,85,70,15
V8_T9_T11,V,V8_T9,11.0,1800.0,85,70,70,65|66|67|68|69|70|71|72|73|74|75|76|77|78|79,0.0,0,0.0,0,0,0.0,70.0,0,70,0,0,0,0,0,0.0,1596012,0.5276285186017341,0.019355449394227224,0.13912386349662384,0.1251886221124392,1.0,actual_deviations_retained,name_and_observed_behavior_only; identity_unconfirmed,85,70,15
V8_T9_T12,V,V8_T9,12.0,3600.0,85,70,70,65|66|67|68|69|70|71|72|73|74|75|76|77|78|79,0.0,0,0.0,0,0,0.0,70.0,0,70,0,0,0,0,0,0.0,1596012,0.30300047036083483,0.032288621785881794,0.17969034972942147,0.0788522500591737,1.0,actual_deviations_retained,name_and_observed_behavior_only; identity_unconfirmed,85,70,15
VB1_T1,VB,VB1,1.0,5.0,85,70,70,65|66|67|68|69|70|71|72|73|74|75|76|77|78|79,5.0,5,0.0,5,5,70.0,0.0,70,70,350,35594,0,35944,0,0.022695102195998126,1560068,35.68534036575183,747.5657767097795,27.341649121985665,0.0,447.9414950501285,matches_actual_warmup,name_and_observed_behavior_only; identity_unconfirmed,85,70,15
VB1_T10,VB,VB1,10.0,1500.0,85,70,70,65|66|67|68|69|70|71|72|73|74|75|76|77|78|79,1500.0,1500,0.0,1500,1500,70.0,0.0,0,70,105000,0,0,105000,0,0.06650193695847051,1491012,39.43830498777406,16.203130810678577,4.0253112687938275,22.58212633403853,52.50087401133352,matches_actual_warmup,name_and_observed_behavior_only; identity_unconfirmed,85,70,15
VB1_T11,VB,VB1,11.0,1800.0,85,70,70,65|66|67|68|69|70|71|72|73|74|75|76|77|78|79,1800.0,1800,0.0,1800,1800,70.0,0.0,0,70,126000,0,0,126000,0,0.07980232435016464,1470012,39.631832971705315,15.413882454259511,3.926051764083035,24.194286652013982,52.03130407033042,matches_actual_warmup,name_and_observed_behavior_only; identity_unconfirmed,85,70,15
VB1_T12,VB,VB1,12.0,3600.0,85,70,70,65|66|67|68|69|70|71|72|73|74|75|76|77|78|79,3600.0,3600,0.0,3600,3600,70.0,0.0,0,70,252000,0,0,252000,0,0.15960464870032937,1344012,40.204189948296694,12.785033530580874,3.5756165245424283,26.05391222495122,51.06548252061122,matches_actual_warmup,name_and_observed_behavior_only; identity_unconfirmed,85,70,15
VB1_T2,VB,VB1,2.0,10.0,85,70,70,65|66|67|68|69|70|71|72|73|74|75|76|77|78|79,10.0,10,0.0,10,10,70.0,0.0,60,70,700,2553,0,3253,0,0.0020649063111135815,1592759,31.01728836832971,234.94844244077132,15.328028002348224,0.0,277.8874467776284,matches_actual_warmup,name_and_observed_behavior_only; identity_unconfirmed,85,70,15
VB1_T3,VB,VB1,3.0,30.0,85,70,70,65|66|67|68|69|70|71|72|73|74|75|76|77|78|79,30.0,30,0.0,30,30,70.0,0.0,1,70,2100,89,0,2189,0,0.0013845129710214415,1593823,32.32803210228476,91.00795405585968,9.53980891086712,0.0,76.52274752954861,matches_actual_warmup,name_and_observed_behavior_only; identity_unconfirmed,85,70,15
VB1_T4,VB,VB1,4.0,60.0,85,70,70,65|66|67|68|69|70|71|72|73|74|75|76|77|78|79,60.0,60,0.0,60,60,70.0,0.0,1,70,4200,59,0,4259,0,0.00269618960956654,1591753,33.92104105366297,59.16876127834942,7.692123327037173,0.0,67.53365315864235,matches_actual_warmup,name_and_observed_behavior_only; identity_unconfirmed,85,70,15
VB1_T5,VB,VB1,5.0,90.0,85,70,70,65|66|67|68|69|70|71|72|73|74|75|76|77|78|79,90.0,90,0.0,90,90,70.0,0.0,1,70,6300,29,0,6329,0,0.004007866248111641,1589683,34.841795099522315,47.61214218873888,6.900155229321937,0.0,62.18735686022384,matches_actual_warmup,name_and_observed_behavior_only; identity_unconfirmed,85,70,15
VB1_T6,VB,VB1,6.0,120.0,85,70,70,65|66|67|68|69|70|71|72|73|74|75|76|77|78|79,120.0,120,0.0,120,120,70.0,0.0,0,70,8400,0,0,8400,0,0.005320154956677552,1587612,35.447412903514184,41.21480070886146,6.419875443407096,0.0,59.75354409859832,matches_actual_warmup,name_and_observed_behavior_only; identity_unconfirmed,85,70,15
VB1_T7,VB,VB1,7.0,300.0,85,70,70,65|66|67|68|69|70|71|72|73|74|75|76|77|78|79,300.0,300,0.0,300,300,70.0,0.0,0,70,21000,0,0,21000,0,0.013300387391694025,1575012,37.146090574587106,27.586509384468556,5.252286110301737,14.030225439379942,57.73834267216289,matches_actual_warmup,name_and_observed_behavior_only; identity_unconfirmed,85,70,15
VB1_T8,VB,VB1,8.0,600.0,85,70,70,65|66|67|68|69|70|71|72|73|74|75|76|77|78|79,600.0,600,0.0,600,600,70.0,0.0,0,70,42000,0,0,42000,0,0.026600774783388147,1554012,38.251531006196075,21.38298656355383,4.624174149354004,19.001366127512547,54.186922238643895,matches_actual_warmup,name_and_observed_behavior_only; identity_unconfirmed,85,70,15
VB1_T9,VB,VB1,9.0,900.0,85,70,70,65|66|67|68|69|70|71|72|73|74|75|76|77|78|79,900.0,900,0.0,900,900,70.0,0.0,0,70,63000,0,0,63000,0,0.039901162175082265,1533012,38.82177588464724,18.73853700176141,4.328803183532536,19.850581092448223,53.30857970528496,matches_actual_warmup,name_and_observed_behavior_only; identity_unconfirmed,85,70,15
VB2_T1,VB,VB2,1.0,5.0,85,70,70,65|66|67|68|69|70|71|72|73|74|75|76|77|78|79,5.0,5,0.0,5,5,70.0,0.0,0,70,350,0,0,350,0,0.0002216731231948686,1595662,0.0026355669653540547,5.9589934394398325e-06,0.0024411049628067683,0.0,0.1403773153005389,matches_actual_warmup,name_and_observed_behavior_only; identity_unconfirmed,85,70,15
VB2_T10,VB,VB2,10.0,1500.0,85,70,70,65|66|67|68|69|70|71|72|73|74|75|76|77|78|79,1500.0,1500,0.0,1500,1500,70.0,0.0,0,70,105000,0,0,105000,0,0.06650193695847051,1491012,0.002562315481711504,2.8846908213453304e-06,0.0016984377590436837,0.0005203865627615,0.0189142691821017,matches_actual_warmup,name_and_observed_behavior_only; identity_unconfirmed,85,70,15
VB2_T11,VB,VB2,11.0,1800.0,85,70,70,65|66|67|68|69|70|71|72|73|74|75|76|77|78|79,1800.0,1800,0.0,1800,1800,70.0,0.0,0,70,126000,0,0,126000,0,0.07980232435016464,1470012,0.0025525063316619583,2.8399188472048685e-06,0.0016852058768010716,0.0005187572462174,0.0188874984898487,matches_actual_warmup,name_and_observed_behavior_only; identity_unconfirmed,85,70,15
VB2_T12,VB,VB2,12.0,3600.0,85,70,70,65|66|67|68|69|70|71|72|73|74|75|76|77|78|79,3600.0,3600,0.0,3600,3600,70.0,0.0,0,70,252000,0,0,252000,0,0.15960464870032937,1344012,0.0024980270906264698,2.5810185064993767e-06,0.0016065548563617045,0.0006449636955341,0.0181182724079973,matches_actual_warmup,name_and_observed_behavior_only; identity_unconfirmed,85,70,15
VB2_T2,VB,VB2,2.0,10.0,85,70,70,65|66|67|68|69|70|71|72|73|74|75|76|77|78|79,10.0,10,0.0,10,10,70.0,0.0,0,70,700,0,0,700,0,0.00044334624638974,1595312,0.002634548970118418,4.746327366092242e-06,0.0021786067488402403,0.0,0.089445472407151,matches_actual_warmup,name_and_observed_behavior_only; identity_unconfirmed,85,70,15
VB2_T3,VB,VB2,3.0,30.0,85,70,70,65|66|67|68|69|70|71|72|73|74|75|76|77|78|79,30.0,30,0.0,30,30,70.0,0.0,0,70,2100,0,0,2100,0,0.0013300387391693173,1593912,0.002631926724589134,3.8579181177390595e-06,0.0019641583738942894,0.0,0.0524515320883335,matches_actual_warmup,name_and_observed_behavior_only; identity_unconfirmed,85,70,15
VB2_T4,VB,VB2,4.0,60.0,85,70,70,65|66|67|68|69|70|71|72|73|74|75|76|77|78|79,60.0,60,0.0,60,60,70.0,0.0,0,70,4200,0,0,4200,0,0.002660077478338727,1591812,0.0026291593282204736,3.576873675942535e-06,0.0018912624555948163,0.0,0.0364312102194349,matches_actual_warmup,name_and_observed_behavior_only; identity_unconfirmed,85,70,15
VB2_T5,VB,VB2,5.0,90.0,85,70,70,65|66|67|68|69|70|71|72|73|74|75|76|77|78|79,90.0,90,0.0,90,90,70.0,0.0,0,70,6300,0,0,6300,0,0.00399011621750814,1589712,0.0026268579168397858,3.462980055053456e-06,0.0018609083951268144,0.0,0.0320758276159526,matches_actual_warmup,name_and_observed_behavior_only; identity_unconfirmed,85,70,15
VB2_T6,VB,VB2,6.0,120.0,85,70,70,65|66|67|68|69|70|71|72|73|74|75|76|77|78|79,120.0,120,0.0,120,120,70.0,0.0,0,70,8400,0,0,8400,0,0.005320154956677552,1587612,0.002625051815806779,3.3926328741446795e-06,0.0018419101156529542,0.0002838343053692,0.0292072817910709,matches_actual_warmup,name_and_observed_behavior_only; identity_unconfirmed,85,70,15
VB2_T7,VB,VB2,7.0,300.0,85,70,70,65|66|67|68|69|70|71|72|73|74|75|76|77|78|79,300.0,300,0.0,300,300,70.0,0.0,0,70,21000,0,0,21000,0,0.013300387391694025,1575012,0.002615972276635509,3.2160062122828746e-06,0.001793322673777052,0.0003823801347247,0.0240725635694248,matches_actual_warmup,name_and_observed_behavior_only; identity_unconfirmed,85,70,15
VB2_T8,VB,VB2,8.0,600.0,85,70,70,65|66|67|68|69|70|71|72|73|74|75|76|77|78|79,600.0,600,0.0,600,600,70.0,0.0,0,70,42000,0,0,42000,0,0.026600774783388147,1554012,0.002599928678965879,3.0895542990326175e-06,0.0017577128033420641,0.0004498525073749,0.0214952978654401,matches_actual_warmup,name_and_observed_behavior_only; identity_unconfirmed,85,70,15
VB2_T9,VB,VB2,9.0,900.0,85,70,70,65|66|67|68|69|70|71|72|73|74|75|76|77|78|79,900.0,900,0.0,900,900,70.0,0.0,0,70,63000,0,0,63000,0,0.039901162175082265,1533012,0.002585645181673781,3.0064687284881104e-06,0.0017339171630986615,0.0004724841867359,0.0201413035414902,matches_actual_warmup,name_and_observed_behavior_only; identity_unconfirmed,85,70,15
VB3_T1,VB,VB3,1.0,5.0,85,70,70,65|66|67|68|69|70|71|72|73|74|75|76|77|78|79,5.0,5,0.0,5,5,70.0,0.0,0,70,350,0,0,350,0,0.0002216731231948686,1595662,3.0845154247374856e-05,7.727037032258878e-10,2.7797548511080755e-05,0.0,0.0020000615713336,matches_actual_warmup,name_and_observed_behavior_only; identity_unconfirmed,85,70,15
VB3_T10,VB,VB3,10.0,1500.0,85,70,70,65|66|67|68|69|70|71|72|73|74|75|76|77|78|79,1500.0,1500,0.0,1500,1500,70.0,0.0,0,70,105000,0,0,105000,0,0.06650193695847051,1491012,3.85626207110904e-05,5.483345461843405e-10,2.3416544283568842e-05,1.067005837878056e-05,0.0002581690340905,matches_actual_warmup,name_and_observed_behavior_only; identity_unconfirmed,85,70,15
VB3_T11,VB,VB3,11.0,1800.0,85,70,70,65|66|67|68|69|70|71|72|73|74|75|76|77|78|79,1800.0,1800,0.0,1800,1800,70.0,0.0,0,70,126000,0,0,126000,0,0.07980232435016464,1470012,3.8499674919334117e-05,5.406624605514158e-10,2.3252149589907078e-05,1.1121412728195264e-05,0.0002576265907436,matches_actual_warmup,name_and_observed_behavior_only; identity_unconfirmed,85,70,15
VB3_T12,VB,VB3,12.0,3600.0,85,70,70,65|66|67|68|69|70|71|72|73|74|75|76|77|78|79,3600.0,3600,0.0,3600,3600,70.0,0.0,0,70,252000,0,0,252000,0,0.15960464870032937,1344012,3.804386930935496e-05,4.959252025958613e-10,2.2269378136711884e-05,1.201793851850814e-05,0.0002428977478537,matches_actual_warmup,name_and_observed_behavior_only; identity_unconfirmed,85,70,15
VB3_T2,VB,VB3,2.0,10.0,85,70,70,65|66|67|68|69|70|71|72|73|74|75|76|77|78|79,10.0,10,0.0,10,10,70.0,0.0,0,70,700,0,0,700,0,0.00044334624638974,1595312,3.444090155213936e-05,7.401965573616163e-10,2.7206553573755283e-05,0.0,0.0014182124639123,matches_actual_warmup,name_and_observed_behavior_only; identity_unconfirmed,85,70,15
VB3_T3,VB,VB3,3.0,30.0,85,70,70,65|66|67|68|69|70|71|72|73|74|75|76|77|78|79,30.0,30,0.0,30,30,70.0,0.0,0,70,2100,0,0,2100,0,0.0013300387391693173,1593912,3.706934693936594e-05,6.826974389021299e-10,2.61284794602007e-05,0.0,0.0008256416631345,matches_actual_warmup,name_and_observed_behavior_only; identity_unconfirmed,85,70,15
VB3_T4,VB,VB3,4.0,60.0,85,70,70,65|66|67|68|69|70|71|72|73|74|75|76|77|78|79,60.0,60,0.0,60,60,70.0,0.0,0,70,4200,0,0,4200,0,0.002660077478338727,1591812,3.7842874417956155e-05,6.540878812545882e-10,2.557514186186634e-05,0.0,0.0005897279169457,matches_actual_warmup,name_and_observed_behavior_only; identity_unconfirmed,85,70,15
VB3_T5,VB,VB3,5.0,90.0,85,70,70,65|66|67|68|69|70|71|72|73|74|75|76|77|78|79,90.0,90,0.0,90,90,70.0,0.0,0,70,6300,0,0,6300,0,0.00399011621750814,1589712,3.8134276463334984e-05,6.40330721566923e-10,2.5304756896024965e-05,0.0,0.0004879735903071,matches_actual_warmup,name_and_observed_behavior_only; identity_unconfirmed,85,70,15
VB3_T6,VB,VB3,6.0,120.0,85,70,70,65|66|67|68|69|70|71|72|73|74|75|76|77|78|79,120.0,120,0.0,120,120,70.0,0.0,0,70,8400,0,0,8400,0,0.005320154956677552,1587612,3.8303513249210455e-05,6.310318222998104e-10,2.5120346779051648e-05,6.787461776624928e-06,0.0004298455244757,matches_actual_warmup,name_and_observed_behavior_only; identity_unconfirmed,85,70,15
VB3_T7,VB,VB3,7.0,300.0,85,70,70,65|66|67|68|69|70|71|72|73|74|75|76|77|78|79,300.0,300,0.0,300,300,70.0,0.0,0,70,21000,0,0,21000,0,0.013300387391694025,1575012,3.866024177857618e-05,6.042537569810514e-10,2.458157352532688e-05,9.380029149411395e-06,0.0003348170666326,matches_actual_warmup,name_and_observed_behavior_only; identity_unconfirmed,85,70,15
VB3_T8,VB,VB3,8.0,600.0,85,70,70,65|66|67|68|69|70|71|72|73|74|75|76|77|78|79,600.0,600,0.0,600,600,70.0,0.0,0,70,42000,0,0,42000,0,0.026600774783388147,1554012,3.872027733499224e-05,5.833290859337584e-10,2.4152206647297437e-05,1.03371373596048e-05,0.0002944145541078,matches_actual_warmup,name_and_observed_behavior_only; identity_unconfirmed,85,70,15
VB3_T9,VB,VB3,9.0,900.0,85,70,70,65|66|67|68|69|70|71|72|73|74|75|76|77|78|79,900.0,900,0.0,900,900,70.0,0.0,0,70,63000,0,0,63000,0,0.039901162175082265,1533012,3.868064311322907e-05,5.689638697729401e-10,2.3852963542774724e-05,1.0583078805224677e-05,0.0002738652586586,matches_actual_warmup,name_and_observed_behavior_only; identity_unconfirmed,85,70,15
VB4_T1,VB,VB4,1.0,5.0,85,70,70,65|66|67|68|69|70|71|72|73|74|75|76|77|78|79,5.0,5,0.0,5,5,70.0,0.0,0,70,350,0,0,350,0,0.0002216731231948686,1595662,3.084517986953234e-05,7.727107945918097e-10,2.779767606458874e-05,0.0,0.0020000094996582,matches_actual_warmup,name_and_observed_behavior_only; identity_unconfirmed,85,70,15
VB4_T10,VB,VB4,10.0,1500.0,85,70,70,65|66|67|68|69|70|71|72|73|74|75|76|77|78|79,1500.0,1500,0.0,1500,1500,70.0,0.0,0,70,105000,0,0,105000,0,0.06650193695847051,1491012,3.856272937518275e-05,5.483350218241043e-10,2.3416554439628907e-05,1.0670037687746844e-05,0.0002581950970474,matches_actual_warmup,name_and_observed_behavior_only; identity_unconfirmed,85,70,15
VB4_T11,VB,VB4,11.0,1800.0,85,70,70,65|66|67|68|69|70|71|72|73|74|75|76|77|78|79,1800.0,1800,0.0,1800,1800,70.0,0.0,0,70,126000,0,0,126000,0,0.07980232435016464,1470012,3.849977943046695e-05,5.406617791836749e-10,2.3252134938187394e-05,1.1121388889520009e-05,0.0002576481902696,matches_actual_warmup,name_and_observed_behavior_only; identity_unconfirmed,85,70,15
VB4_T12,VB,VB4,12.0,3600.0,85,70,70,65|66|67|68|69|70|71|72|73|74|75|76|77|78|79,3600.0,3600,0.0,3600,3600,70.0,0.0,0,70,252000,0,0,252000,0,0.15960464870032937,1344012,3.804392381874851e-05,4.959136713499933e-10,2.2269119231572525e-05,1.201793317920802e-05,0.0002429087861415,matches_actual_warmup,name_and_observed_behavior_only; identity_unconfirmed,85,70,15
VB4_T2,VB,VB4,2.0,10.0,85,70,70,65|66|67|68|69|70|71|72|73|74|75|76|77|78|79,10.0,10,0.0,10,10,70.0,0.0,0,70,700,0,0,700,0,0.00044334624638974,1595312,3.4440938894118806e-05,7.402038880467182e-10,2.720668829620243e-05,0.0,0.0014181694883915,matches_actual_warmup,name_and_observed_behavior_only; identity_unconfirmed,85,70,15
VB4_T3,VB,VB4,3.0,30.0,85,70,70,65|66|67|68|69|70|71|72|73|74|75|76|77|78|79,30.0,30,0.0,30,30,70.0,0.0,0,70,2100,0,0,2100,0,0.0013300387391693173,1593912,3.7069402928468904e-05,6.827029672453432e-10,2.6128585251508417e-05,0.0,0.0008256050942268,matches_actual_warmup,name_and_observed_behavior_only; identity_unconfirmed,85,70,15
VB4_T4,VB,VB4,4.0,60.0,85,70,70,65|66|67|68|69|70|71|72|73|74|75|76|77|78|79,60.0,60,0.0,60,60,70.0,0.0,0,70,4200,0,0,4200,0,0.002660077478338727,1591812,3.784293989494039e-05,6.540922905953004e-10,2.5575228065362397e-05,0.0,0.0005897016464783,matches_actual_warmup,name_and_observed_behavior_only; identity_unconfirmed,85,70,15
VB4_T5,VB,VB4,5.0,90.0,85,70,70,65|66|67|68|69|70|71|72|73|74|75|76|77|78|79,90.0,90,0.0,90,90,70.0,0.0,0,70,6300,0,0,6300,0,0.00399011621750814,1589712,3.813434599523829e-05,6.40334590759207e-10,2.5304833347785696e-05,0.0,0.0004879526170581,matches_actual_warmup,name_and_observed_behavior_only; identity_unconfirmed,85,70,15
VB4_T6,VB,VB4,6.0,120.0,85,70,70,65|66|67|68|69|70|71|72|73|74|75|76|77|78|79,120.0,120,0.0,120,120,70.0,0.0,0,70,8400,0,0,8400,0,0.005320154956677552,1587612,3.8303585261118915e-05,6.310353565370821e-10,2.512041712506148e-05,6.787408541157989e-06,0.0004298283711638,matches_actual_warmup,name_and_observed_behavior_only; identity_unconfirmed,85,70,15
VB4_T7,VB,VB4,7.0,300.0,85,70,70,65|66|67|68|69|70|71|72|73|74|75|76|77|78|79,300.0,300,0.0,300,300,70.0,0.0,0,70,21000,0,0,21000,0,0.013300387391694025,1575012,3.866032704027094e-05,6.042564992016695e-10,2.458162930323516e-05,9.38003210943862e-06,0.0003348896404995,matches_actual_warmup,name_and_observed_behavior_only; identity_unconfirmed,85,70,15
VB4_T8,VB,VB4,8.0,600.0,85,70,70,65|66|67|68|69|70|71|72|73|74|75|76|77|78|79,600.0,600,0.0,600,600,70.0,0.0,0,70,42000,0,0,42000,0,0.026600774783388147,1554012,3.872037990992818e-05,5.833322829391053e-10,2.4152272831746194e-05,1.0337144570404907e-05,0.0002944512954259,matches_actual_warmup,name_and_observed_behavior_only; identity_unconfirmed,85,70,15
VB4_T9,VB,VB4,9.0,900.0,85,70,70,65|66|67|68|69|70|71|72|73|74|75|76|77|78|79,900.0,900,0.0,900,900,70.0,0.0,0,70,63000,0,0,63000,0,0.039901162175082265,1533012,3.868074948247122e-05,5.689658006261347e-10,2.3853004016813788e-05,1.0583052182145534e-05,0.0002738951753237,matches_actual_warmup,name_and_observed_behavior_only; identity_unconfirmed,85,70,15
VB5_T1,VB,VB5,1.0,5.0,85,70,70,65|66|67|68|69|70|71|72|73|74|75|76|77|78|79,4.0,4,0.0,4,4,0.0,70.0,0,70,280,0,0,280,0,0.00017733849855591143,1595732,7.668289536064691e-05,5.972805522771636e-09,7.728392797193759e-05,0.0,0.0065156326737273,actual_deviations_retained,name_and_observed_behavior_only; identity_unconfirmed,85,70,15
VB5_T10,VB,VB5,10.0,1500.0,85,70,70,65|66|67|68|69|70|71|72|73|74|75|76|77|78|79,1499.0,1499,0.0,1499,1499,0.0,70.0,0,70,104930,0,0,104930,0,0.06645760233383155,1491082,0.0022059970582809477,2.3592087105441897e-06,0.0015359715852007777,0.000295957382137,0.0157047018569066,actual_deviations_retained,name_and_observed_behavior_only; identity_unconfirmed,85,70,15
VB5_T11,VB,VB5,11.0,1800.0,85,70,70,65|66|67|68|69|70|71|72|73|74|75|76|77|78|79,1799.0,1799,0.0,1799,1799,0.0,70.0,0,70,125930,0,0,125930,0,0.07975798972552567,1470082,0.0024167860136361566,2.76306871948786e-06,0.0016622480920391698,0.0003120274584164,0.0165119274167195,actual_deviations_retained,name_and_observed_behavior_only; identity_unconfirmed,85,70,15
VB5_T12,VB,VB5,12.0,3600.0,85,70,70,65|66|67|68|69|70|71|72|73|74|75|76|77|78|79,3599.0,3599,0.0,3599,3599,0.0,70.0,0,70,251930,0,0,251930,0,0.1595603140756904,1344082,0.003423889900048664,5.086618898249481e-06,0.00225535338655597,0.0006590346686129,0.0164953199324843,actual_deviations_retained,name_and_observed_behavior_only; identity_unconfirmed,85,70,15
VB5_T2,VB,VB5,2.0,10.0,85,70,70,65|66|67|68|69|70|71|72|73|74|75|76|77|78|79,9.0,9,0.0,9,9,0.0,70.0,0,70,630,0,0,630,0,0.00039901162175078427,1595382,0.00013217030912408872,1.4161667769657142e-08,0.000119002805721786,0.0,0.0077434048206491,actual_deviations_retained,name_and_observed_behavior_only; identity_unconfirmed,85,70,15
VB5_T3,VB,VB5,3.0,30.0,85,70,70,65|66|67|68|69|70|71|72|73|74|75|76|77|78|79,29.0,29,0.0,29,29,0.0,70.0,0,70,2030,0,0,2030,0,0.00128570411453036,1593982,0.0002698174834926724,4.851849190757327e-08,0.0002202691351678062,0.0,0.0083940148677682,actual_deviations_retained,name_and_observed_behavior_only; identity_unconfirmed,85,70,15
VB5_T4,VB,VB5,4.0,60.0,85,70,70,65|66|67|68|69|70|71|72|73|74|75|76|77|78|79,59.0,59,0.0,59,59,0.0,70.0,0,70,4130,0,0,4130,0,0.002615742853699773,1591882,0.0004042335388200269,1.0179309442405705e-07,0.00031905030077412097,0.0,0.008408722978764,actual_deviations_retained,name_and_observed_behavior_only; identity_unconfirmed,85,70,15
VB5_T5,VB,VB5,5.0,90.0,85,70,70,65|66|67|68|69|70|71|72|73|74|75|76|77|78|79,89.0,89,0.0,89,89,0.0,70.0,0,70,6230,0,0,6230,0,0.003945781592869183,1589782,0.0005069671717819014,1.560966558102404e-07,0.0003950906931455617,0.0,0.0084249293947028,actual_deviations_retained,name_and_observed_behavior_only; identity_unconfirmed,85,70,15
VB5_T6,VB,VB5,6.0,120.0,85,70,70,65|66|67|68|69|70|71|72|73|74|75|76|77|78|79,119.0,119,0.0,119,119,0.0,70.0,0,70,8330,0,0,8330,0,0.005275820332038598,1587682,0.0005936115820587631,2.0957889813008256e-07,0.0004577978791236178,3.7705257998407895e-05,0.009063930992865,actual_deviations_retained,name_and_observed_behavior_only; identity_unconfirmed,85,70,15
VB5_T7,VB,VB5,7.0,300.0,85,70,70,65|66|67|68|69|70|71|72|73|74|75|76|77|78|79,299.0,299,0.0,299,299,0.0,70.0,0,70,20930,0,0,20930,0,0.013256052767055071,1575082,0.0009698451046764744,5.273515248876268e-07,0.0007261897306404345,9.879145124651614e-05,0.0107592174424563,actual_deviations_retained,name_and_observed_behavior_only; identity_unconfirmed,85,70,15
VB5_T8,VB,VB5,8.0,600.0,85,70,70,65|66|67|68|69|70|71|72|73|74|75|76|77|78|79,599.0,599,0.0,599,599,0.0,70.0,0,70,41930,0,0,41930,0,0.02655644015874919,1554082,0.001388774986735039,1.0398738471574004e-06,0.0010197420493229651,0.0001481798574181,0.013993810430002,actual_deviations_retained,name_and_observed_behavior_only; identity_unconfirmed,85,70,15
VB5_T9,VB,VB5,9.0,900.0,85,70,70,65|66|67|68|69|70|71|72|73|74|75|76|77|78|79,899.0,899,0.0,899,899,0.0,70.0,0,70,62930,0,0,62930,0,0.03985682755044331,1533082,0.0017071150806225901,1.5133316997898907e-06,0.001230175475202579,0.0002429986027581,0.0146089229763758,actual_deviations_retained,name_and_observed_behavior_only; identity_unconfirmed,85,70,15
VB6_T1,VB,VB6,1.0,5.0,85,70,70,65|66|67|68|69|70|71|72|73|74|75|76|77|78|79,2.0285714285714285,2,0.1678015193509294,2,3,0.0,70.0,70,70,142,18871,0,19013,0,0.012026052347909615,1576999,1.912835260983067,520.6682830161893,22.81815687158341,0.0,5000.00000125624,actual_deviations_retained,name_and_observed_behavior_only; identity_unconfirmed,85,70,15
VB6_T10,VB,VB6,10.0,1500.0,85,70,70,65|66|67|68|69|70|71|72|73|74|75|76|77|78|79,2.0285714285714285,2,0.1678015193509294,2,3,0.0,70.0,0,70,142,0,0,142,0,8.989338931957654e-05,1595870,0.9955225910569748,1.5049219712967725,1.2267526121010595,0.0,148.0387746513898,actual_deviations_retained,name_and_observed_behavior_only; identity_unconfirmed,85,70,15
VB6_T11,VB,VB6,11.0,1800.0,85,70,70,65|66|67|68|69|70|71|72|73|74|75|76|77|78|79,2.0285714285714285,2,0.1678015193509294,2,3,0.0,70.0,0,70,142,0,0,142,0,8.989338931957654e-05,1595870,0.9924937384533131,1.5015307051621398,1.2253696198136055,0.0,144.9093857645289,actual_deviations_retained,name_and_observed_behavior_only; identity_unconfirmed,85,70,15
VB6_T12,VB,VB6,12.0,3600.0,85,70,70,65|66|67|68|69|70|71|72|73|74|75|76|77|78|79,2.0285714285714285,2,0.1678015193509294,2,3,0.0,70.0,0,70,142,0,0,142,0,8.989338931957654e-05,1595870,0.9751043336780342,1.4936133619597978,1.2221347560558933,0.0,146.39186353119902,actual_deviations_retained,name_and_observed_behavior_only; identity_unconfirmed,85,70,15
VB6_T2,VB,VB6,2.0,10.0,85,70,70,65|66|67|68|69|70|71|72|73|74|75|76|77|78|79,2.0285714285714285,2,0.1678015193509294,2,3,0.0,70.0,48,70,142,1689,0,1831,0,0.0011638971660658957,1594181,1.2823867414060042,159.36095737411583,12.623824989840275,0.0,4000.000001000444,actual_deviations_retained,name_and_observed_behavior_only; identity_unconfirmed,85,70,15
VB6_T3,VB,VB6,3.0,30.0,85,70,70,65|66|67|68|69|70|71|72|73|74|75|76|77|78|79,2.0285714285714285,2,0.1678015193509294,2,3,0.0,70.0,1,70,142,88,0,230,0,0.00014375555115088865,1595782,1.0566070017254625,1.8245787475803936,1.3507696870970987,0.0,90.00000000034106,actual_deviations_retained,name_and_observed_behavior_only; identity_unconfirmed,85,70,15
VB6_T4,VB,VB6,4.0,60.0,85,70,70,65|66|67|68|69|70|71|72|73|74|75|76|77|78|79,2.0285714285714285,2,0.1678015193509294,2,3,0.0,70.0,1,70,142,58,0,200,0,0.0001253934505265772,1595812,1.0292061965145993,1.5981988415581112,1.2641988931960473,0.0,63.15789473682422,actual_deviations_retained,name_and_observed_behavior_only; identity_unconfirmed,85,70,15
VB6_T5,VB,VB6,5.0,90.0,85,70,70,65|66|67|68|69|70|71|72|73|74|75|76|77|78|79,2.0285714285714285,2,0.1678015193509294,2,3,0.0,70.0,1,70,142,28,0,170,0,0.00010703134990226577,1595842,1.0216275495268283,1.5536636588700257,1.2464604521885263,0.0,67.47891283971892,actual_deviations_retained,name_and_observed_behavior_only; identity_unconfirmed,85,70,15
VB6_T6,VB,VB6,6.0,120.0,85,70,70,65|66|67|68|69|70|71|72|73|74|75|76|77|78|79,2.0285714285714285,2,0.1678015193509294,2,3,0.0,70.0,0,70,142,0,0,142,0,8.989338931957654e-05,1595870,1.017478697749854,1.5342904916204,1.2386648019623387,0.0,77.79239348011878,actual_deviations_retained,name_and_observed_behavior_only; identity_unconfirmed,85,70,15
VB6_T7,VB,VB6,7.0,300.0,85,70,70,65|66|67|68|69|70|71|72|73|74|75|76|77|78|79,2.0285714285714285,2,0.1678015193509294,2,3,0.0,70.0,0,70,142,0,0,142,0,8.989338931957654e-05,1595870,1.008166539662957,1.5031528303091175,1.226031333330889,0.0,122.73957769355684,actual_deviations_retained,name_and_observed_behavior_only; identity_unconfirmed,85,70,15
VB6_T8,VB,VB6,8.0,600.0,85,70,70,65|66|67|68|69|70|71|72|73|74|75|76|77|78|79,2.0285714285714285,2,0.1678015193509294,2,3,0.0,70.0,0,70,142,0,0,142,0,8.989338931957654e-05,1595870,1.0039678403034684,1.502896032766978,1.2259266017045956,0.0,142.39452838747548,actual_deviations_retained,name_and_observed_behavior_only; identity_unconfirmed,85,70,15
VB6_T9,VB,VB6,9.0,900.0,85,70,70,65|66|67|68|69|70|71|72|73|74|75|76|77|78|79,2.0285714285714285,2,0.1678015193509294,2,3,0.0,70.0,0,70,142,0,0,142,0,8.989338931957654e-05,1595870,1.0012677673936567,1.5055651527924665,1.227014732100828,0.0,145.3308640216655,actual_deviations_retained,name_and_observed_behavior_only; identity_unconfirmed,85,70,15
